customerID,gender,SeniorCitizen,Partner,Dependents,tenure,PhoneService,MultipleLines,InternetService,OnlineSecurity,OnlineBackup,DeviceProtection,TechSupport,StreamingTV,StreamingMovies,Contract,PaperlessBilling,PaymentMethod,MonthlyCharges,TotalCharges,Churn,RecordDate
9925-ITHIN,Male,0,No,No,60,Yes,Yes,No,No internet service,No internet service,No internet service,No internet service,No internet service,No internet service,Month-to-month,No,Electronic check,73.77,4448.47,Yes,2024-09-01
7856-JDDOU,Female,0,No,No,65,Yes,Yes,DSL,No,No,No,No,Yes,No,Month-to-month,Yes,Mailed check,124.07,7997.57,Yes,2024-09-01
7044-KUVHI,Male,0,No,Yes,29,Yes,No,Fiber optic,No,No,No,No,Yes,Yes,One year,Yes,Mailed check,126.72,3585.01,Yes,2024-09-01
3424-FKJLS,Male,0,No,No,49,Yes,No,Fiber optic,Yes,No,No,No,Yes,Yes,Two year,Yes,Bank transfer (automatic),115.55,5609.2,No,2024-09-01
2450-PYHGB,Male,1,Yes,No,29,Yes,Yes,DSL,Yes,No,No,No,Yes,Yes,Month-to-month,No,Electronic check,130.41,3849.6,Yes,2024-09-01
4182-PPNTL,Male,1,Yes,No,7,Yes,No,DSL,No,No,No,Yes,Yes,Yes,Month-to-month,Yes,Bank transfer (automatic),117.31,802.76,Yes,2024-09-01
2639-NZXQG,Male,1,Yes,No,8,Yes,Yes,Fiber optic,Yes,No,Yes,No,No,Yes,Month-to-month,No,Electronic check,175.94,1410.75,Yes,2024-09-01
2962-QHXDN,Female,1,No,No,22,No,No phone service,Fiber optic,No,No,No,No,Yes,Yes,Month-to-month,Yes,Credit card (automatic),122.56,2704.49,Yes,2024-09-01
5159-RSAXQ,Female,0,Yes,No,26,No,No phone service,DSL,Yes,No,Yes,Yes,Yes,No,Month-to-month,Yes,Bank transfer (automatic),101.5,2716.57,Yes,2024-09-01
5829-IWDJC,Male,1,Yes,Yes,18,No,No phone service,DSL,No,No,No,No,No,No,Month-to-month,Yes,Credit card (automatic),77.12,1373.15,Yes,2024-09-01
1079-YBLVI,Male,0,Yes,No,23,No,No phone service,DSL,No,No,No,No,No,No,Month-to-month,Yes,Mailed check,71.59,1668.92,Yes,2024-09-01
5022-MJZSY,Female,0,No,No,20,Yes,No,DSL,No,No,Yes,Yes,No,Yes,One year,Yes,Bank transfer (automatic),113.03,2305.23,Yes,2024-09-01
2006-MFXGG,Female,0,No,No,53,Yes,No,DSL,Yes,Yes,Yes,No,No,Yes,Month-to-month,No,Electronic check,134.01,6978.61,Yes,2024-09-01
5576-VUBFP,Male,0,No,Yes,42,Yes,Yes,Fiber optic,Yes,No,Yes,No,No,No,One year,No,Bank transfer (automatic),165.67,6798.31,Yes,2024-09-01
5059-DEVWH,Male,0,No,Yes,2,Yes,Yes,Fiber optic,Yes,No,Yes,No,Yes,Yes,Month-to-month,Yes,Credit card (automatic),185.66,377.49,Yes,2024-09-01
1465-TDYQR,Female,0,Yes,No,19,Yes,No,DSL,No,Yes,Yes,No,Yes,No,Month-to-month,Yes,Electronic check,126.8,2470.24,Yes,2024-09-01
4803-RKYAO,Female,0,No,No,8,Yes,No,Fiber optic,Yes,No,No,No,No,No,Month-to-month,No,Bank transfer (automatic),126.98,989.92,Yes,2024-09-01
6071-MSZFT,Female,0,Yes,Yes,15,Yes,Yes,DSL,No,Yes,Yes,Yes,No,No,Month-to-month,No,Electronic check,136.42,2055.04,Yes,2024-09-01
5112-PGMWC,Female,0,Yes,No,21,Yes,No,No,No internet service,No internet service,No internet service,No internet service,No internet service,No internet service,One year,No,Electronic check,39.85,846.04,Yes,2024-09-01
2834-LYACP,Male,0,Yes,No,59,Yes,Yes,Fiber optic,No,No,Yes,No,Yes,Yes,Month-to-month,No,Electronic check,170.78,10042.04,Yes,2024-09-01
8648-CYHNK,Female,0,No,No,12,Yes,Yes,DSL,No,Yes,Yes,No,Yes,Yes,One year,Yes,Mailed check,137.96,1686.88,Yes,2024-09-01
9008-SHOUT,Male,0,No,Yes,29,Yes,Yes,Fiber optic,No,Yes,Yes,No,No,Yes,One year,Yes,Electronic check,155.89,4569.02,Yes,2024-09-01
9529-NRYCV,Male,0,No,No,8,Yes,No,Fiber optic,No,No,No,Yes,No,Yes,Month-to-month,No,Mailed check,142.57,1157.67,Yes,2024-09-01
9140-YJWHO,Female,0,Yes,No,34,Yes,No,No,No internet service,No internet service,No internet service,No internet service,No internet service,No internet service,Month-to-month,No,Mailed check,44.18,1520.68,Yes,2024-09-01
6471-MJIEH,Male,0,No,No,5,Yes,Yes,DSL,No,Yes,No,No,No,No,Month-to-month,No,Electronic check,127.01,632.66,Yes,2024-09-01
2598-POIJQ,Female,0,Yes,No,26,Yes,No,DSL,No,No,No,No,No,No,Two year,No,Credit card (automatic),93.78,2462.37,No,2024-09-01
8167-LIZOF,Female,1,No,Yes,22,Yes,No,Fiber optic,No,Yes,Yes,No,No,No,Two year,Yes,Electronic check,131.49,2922.76,No,2024-09-01
5578-XLUJX,Female,0,Yes,No,45,No,No phone service,Fiber optic,Yes,Yes,No,No,No,Yes,One year,Yes,Mailed check,117.99,5309.76,No,2024-09-01
5982-SPOFX,Male,0,Yes,No,22,Yes,Yes,No,No internet service,No internet service,No internet service,No internet service,No internet service,No internet service,Month-to-month,Yes,Electronic check,55.63,1200.36,Yes,2024-09-01
8935-TQURQ,Female,0,Yes,No,29,Yes,No,DSL,Yes,No,No,Yes,Yes,No,Month-to-month,No,Electronic check,118.77,3396.5,Yes,2024-09-01
7708-AAGYL,Male,0,No,No,6,Yes,Yes,Fiber optic,No,No,Yes,No,No,No,Month-to-month,Yes,Electronic check,142.15,867.57,Yes,2024-09-01
4149-ZTRVX,Female,0,Yes,Yes,10,Yes,Yes,DSL,No,No,Yes,Yes,Yes,Yes,One year,No,Mailed check,133.94,1332.86,No,2024-09-01
9354-EKLYN,Female,0,No,No,5,Yes,Yes,No,No internet service,No internet service,No internet service,No internet service,No internet service,No internet service,Two year,Yes,Bank transfer (automatic),65.6,332.1,No,2024-09-01
3162-SKETZ,Female,0,Yes,No,15,Yes,Yes,DSL,No,No,No,No,No,Yes,Month-to-month,Yes,Electronic check,125.1,1929.67,Yes,2024-09-01
9991-IQHPN,Male,0,No,No,26,Yes,No,DSL,No,Yes,No,No,Yes,No,Two year,No,Bank transfer (automatic),89.64,2302.99,No,2024-09-01
2432-LVEAS,Male,0,No,No,54,Yes,Yes,DSL,No,No,No,Yes,Yes,Yes,Month-to-month,No,Mailed check,132.49,7190.57,Yes,2024-09-01
6441-NLTTY,Female,0,Yes,No,33,Yes,Yes,DSL,Yes,No,No,No,No,No,One year,No,Bank transfer (automatic),107.42,3476.5,No,2024-09-01
3381-BLLGE,Female,0,No,Yes,7,Yes,No,No,No internet service,No internet service,No internet service,No internet service,No internet service,No internet service,One year,No,Mailed check,44.57,314.79,No,2024-09-01
2945-IHGTT,Female,0,Yes,Yes,4,Yes,Yes,DSL,Yes,Yes,Yes,No,No,Yes,Two year,No,Electronic check,131.06,518.66,Yes,2024-09-01
9452-VSQKQ,Female,0,No,No,40,Yes,Yes,No,No internet service,No internet service,No internet service,No internet service,No internet service,No internet service,Month-to-month,No,Mailed check,65.69,2654.34,No,2024-09-01
2526-WHAPC,Male,0,No,No,28,Yes,No,DSL,Yes,No,Yes,Yes,Yes,Yes,Month-to-month,No,Mailed check,129.03,3658.66,Yes,2024-09-01
8552-EQBFX,Male,0,No,Yes,3,Yes,No,Fiber optic,Yes,No,No,No,Yes,No,Month-to-month,Yes,Bank transfer (automatic),132.92,409.89,Yes,2024-09-01
9710-ICKEX,Male,0,Yes,No,30,Yes,No,No,No internet service,No internet service,No internet service,No internet service,No internet service,No internet service,Month-to-month,Yes,Mailed check,42.71,1256.77,Yes,2024-09-02
1934-IVAXR,Female,0,Yes,No,46,Yes,Yes,No,No internet service,No internet service,No internet service,No internet service,No internet service,No internet service,Month-to-month,Yes,Electronic check,73.56,3482.82,Yes,2024-09-02
4729-YDJYH,Female,0,No,Yes,10,Yes,No,DSL,No,No,No,No,No,Yes,Month-to-month,Yes,Bank transfer (automatic),102.99,1034.82,Yes,2024-09-02
2686-LCKLV,Male,0,No,No,43,Yes,Yes,Fiber optic,No,No,No,No,Yes,Yes,One year,No,Electronic check,153.16,6514.43,No,2024-09-02
6293-YFONC,Male,0,No,No,19,Yes,No,DSL,No,No,No,No,Yes,No,One year,No,Electronic check,107.17,2031.16,Yes,2024-09-02
5164-HPQBV,Female,1,No,No,46,Yes,No,Fiber optic,No,No,No,No,Yes,Yes,Month-to-month,Yes,Mailed check,136.05,6420.58,Yes,2024-09-02
3519-KYYVI,Female,0,No,No,16,Yes,Yes,No,No internet service,No internet service,No internet service,No internet service,No internet service,No internet service,Month-to-month,No,Electronic check,58.79,947.0,Yes,2024-09-02
6668-TAMZV,Female,0,Yes,Yes,10,Yes,No,No,No internet service,No internet service,No internet service,No internet service,No internet service,No internet service,Month-to-month,Yes,Mailed check,44.1,440.53,Yes,2024-09-02
8753-ADDYR,Female,0,Yes,No,27,Yes,Yes,DSL,Yes,No,Yes,Yes,No,Yes,One year,No,Electronic check,131.94,3515.57,No,2024-09-02
6690-QEESY,Male,0,No,Yes,19,No,No phone service,Fiber optic,Yes,No,Yes,No,No,No,One year,Yes,Electronic check,110.47,2097.49,Yes,2024-09-02
3851-ARGTP,Female,0,Yes,No,8,Yes,Yes,Fiber optic,Yes,No,No,No,Yes,Yes,Month-to-month,Yes,Bank transfer (automatic),175.02,1369.58,Yes,2024-09-02
1669-ONXTA,Female,0,Yes,No,13,Yes,Yes,DSL,No,No,No,No,Yes,No,Month-to-month,Yes,Credit card (automatic),119.23,1578.09,No,2024-09-02
6279-TOYTW,Female,0,Yes,No,17,Yes,No,Fiber optic,No,Yes,No,Yes,No,No,One year,No,Electronic check,132.3,2288.06,Yes,2024-09-02
5464-RWRRC,Female,1,Yes,No,11,Yes,No,Fiber optic,Yes,Yes,Yes,No,Yes,Yes,Month-to-month,Yes,Credit card (automatic),170.76,1829.97,Yes,2024-09-02
7841-EAVWP,Female,1,Yes,No,35,Yes,No,No,No internet service,No internet service,No internet service,No internet service,No internet service,No internet service,One year,Yes,Bank transfer (automatic),33.41,1181.53,Yes,2024-09-02
7806-OAZIJ,Male,0,Yes,No,25,Yes,Yes,Fiber optic,No,Yes,No,No,Yes,No,Month-to-month,Yes,Electronic check,162.31,4083.73,Yes,2024-09-02
1050-KKRAX,Male,0,Yes,No,15,Yes,Yes,Fiber optic,No,No,No,No,Yes,Yes,Month-to-month,No,Electronic check,165.01,2537.71,Yes,2024-09-02
9836-YLFCZ,Female,0,Yes,Yes,52,Yes,Yes,DSL,Yes,Yes,No,No,No,No,Month-to-month,Yes,Electronic check,122.64,6528.1,Yes,2024-09-02
4798-GKZGM,Male,0,Yes,No,37,Yes,Yes,Fiber optic,No,Yes,Yes,No,Yes,Yes,Month-to-month,No,Bank transfer (automatic),169.57,6106.81,Yes,2024-09-02
2239-SYULO,Female,0,No,Yes,34,Yes,No,Fiber optic,No,No,No,Yes,Yes,Yes,Two year,Yes,Electronic check,130.27,4426.2,Yes,2024-09-02
1526-VZGZO,Female,0,Yes,No,21,No,No phone service,No,No internet service,No internet service,No internet service,No internet service,No internet service,No internet service,Month-to-month,No,Electronic check,28.07,595.44,Yes,2024-09-02
8119-EEVFT,Male,0,No,No,34,Yes,No,Fiber optic,Yes,Yes,Yes,No,No,No,One year,Yes,Credit card (automatic),142.84,4844.14,No,2024-09-02
9279-WMUXL,Female,0,No,No,32,Yes,No,DSL,No,Yes,Yes,No,Yes,Yes,Month-to-month,Yes,Bank transfer (automatic),143.71,4641.96,Yes,2024-09-02
1466-WVNDR,Female,1,No,No,46,Yes,Yes,DSL,Yes,Yes,Yes,No,Yes,No,Two year,No,Electronic check,124.92,5631.71,Yes,2024-09-02
3014-SXMUJ,Male,0,No,No,23,Yes,Yes,Fiber optic,No,Yes,Yes,No,Yes,Yes,Month-to-month,Yes,Credit card (automatic),181.67,4252.61,Yes,2024-09-02
9055-GXAIG,Male,1,No,No,36,Yes,No,No,No internet service,No internet service,No internet service,No internet service,No internet service,No internet service,Month-to-month,Yes,Electronic check,45.77,1612.4,Yes,2024-09-02
7356-EYPDR,Female,0,Yes,Yes,29,Yes,No,DSL,No,Yes,No,Yes,No,Yes,Month-to-month,No,Bank transfer (automatic),123.27,3650.07,Yes,2024-09-02
3470-GHYNW,Male,0,No,No,13,Yes,Yes,DSL,No,Yes,No,No,Yes,Yes,Month-to-month,No,Electronic check,134.05,1713.69,Yes,2024-09-02
9971-CNSNH,Male,0,Yes,No,2,Yes,No,Fiber optic,Yes,Yes,Yes,No,Yes,Yes,Month-to-month,No,Bank transfer (automatic),173.0,352.6,Yes,2024-09-02
4307-OTTMW,Female,0,Yes,No,42,No,No phone service,DSL,No,Yes,Yes,No,No,Yes,Month-to-month,Yes,Bank transfer (automatic),100.74,4224.63,Yes,2024-09-02
7634-NDKYI,Female,0,Yes,No,46,Yes,No,DSL,No,Yes,No,No,Yes,No,Month-to-month,Yes,Electronic check,117.3,5428.05,Yes,2024-09-02
4030-MITSS,Female,0,Yes,Yes,45,No,No phone service,DSL,Yes,No,No,No,Yes,No,Month-to-month,Yes,Bank transfer (automatic),79.71,3481.48,No,2024-09-02
1545-FELAU,Male,0,Yes,No,38,Yes,Yes,No,No internet service,No internet service,No internet service,No internet service,No internet service,No internet service,Two year,No,Bank transfer (automatic),66.72,2556.84,No,2024-09-02
4469-BYMKJ,Male,1,No,No,53,Yes,No,Fiber optic,Yes,Yes,Yes,No,Yes,No,Month-to-month,Yes,Electronic check,165.06,8787.54,Yes,2024-09-02
3078-LQGZV,Female,0,No,Yes,23,Yes,Yes,DSL,Yes,No,Yes,No,Yes,Yes,Month-to-month,No,Credit card (automatic),144.02,3235.11,Yes,2024-09-02
9752-MLOFU,Female,1,No,No,13,Yes,Yes,DSL,Yes,No,No,Yes,No,Yes,Month-to-month,No,Electronic check,128.93,1650.23,Yes,2024-09-02
4913-DBKEK,Male,0,No,No,51,No,No phone service,Fiber optic,Yes,No,No,Yes,No,Yes,Month-to-month,Yes,Bank transfer (automatic),121.26,6093.81,Yes,2024-09-02
1021-FBXUM,Female,0,Yes,Yes,28,No,No phone service,Fiber optic,Yes,No,Yes,Yes,No,No,Month-to-month,No,Bank transfer (automatic),123.06,3454.39,Yes,2024-09-02
1429-LBSYO,Female,0,No,No,41,Yes,Yes,No,No internet service,No internet service,No internet service,No internet service,No internet service,No internet service,Month-to-month,Yes,Electronic check,69.02,2840.03,Yes,2024-09-02
5350-PECAL,Female,1,No,No,4,Yes,Yes,DSL,No,Yes,No,Yes,Yes,No,Two year,Yes,Credit card (automatic),116.27,455.36,No,2024-09-02
2857-TPKBC,Female,0,No,No,3,Yes,No,No,No internet service,No internet service,No internet service,No internet service,No internet service,No internet service,Month-to-month,Yes,Bank transfer (automatic),38.74,117.88,Yes,2024-09-02
1258-KLNRP,Female,0,Yes,No,36,Yes,Yes,DSL,No,Yes,Yes,No,Yes,No,Month-to-month,No,Electronic check,136.0,4900.48,Yes,2024-09-02
1718-QLOXX,Female,0,No,No,7,Yes,No,Fiber optic,No,No,Yes,No,Yes,No,Month-to-month,Yes,Electronic check,140.77,986.46,Yes,2024-09-02
4105-IPIBY,Female,0,No,Yes,11,Yes,No,No,No internet service,No internet service,No internet service,No internet service,No internet service,No internet service,Month-to-month,No,Electronic check,52.51,569.51,Yes,2024-09-02
9451-CZJEL,Male,0,No,No,9,Yes,Yes,Fiber optic,No,No,Yes,Yes,No,Yes,Month-to-month,No,Electronic check,173.05,1588.4,Yes,2024-09-03
7377-DTRLV,Female,1,No,Yes,17,Yes,Yes,Fiber optic,No,No,No,No,No,Yes,Month-to-month,Yes,Bank transfer (automatic),155.71,2705.15,No,2024-09-03
7167-YNFSG,Male,0,Yes,No,46,Yes,No,Fiber optic,No,No,No,Yes,No,No,Month-to-month,No,Credit card (automatic),135.66,6076.02,Yes,2024-09-03
9471-AEJAK,Male,0,Yes,Yes,25,Yes,Yes,DSL,Yes,Yes,Yes,No,Yes,No,Month-to-month,Yes,Electronic check,144.3,3641.03,Yes,2024-09-03
1738-GBYVV,Male,0,No,No,11,Yes,No,No,No internet service,No internet service,No internet service,No internet service,No internet service,No internet service,One year,Yes,Electronic check,53.56,573.97,Yes,2024-09-03
9335-RLGGX,Female,1,Yes,No,24,Yes,No,DSL,No,No,No,No,No,No,One year,No,Mailed check,82.17,1975.06,Yes,2024-09-03
6038-BDFWS,Female,0,Yes,No,26,Yes,No,DSL,No,Yes,Yes,Yes,Yes,Yes,Month-to-month,Yes,Mailed check,134.43,3461.12,Yes,2024-09-03
1420-XSQRE,Male,0,No,Yes,38,Yes,No,Fiber optic,No,Yes,No,Yes,No,Yes,One year,No,Electronic check,147.73,5656.2,Yes,2024-09-03
7378-WZAER,Female,1,No,Yes,48,Yes,No,Fiber optic,No,Yes,No,No,No,Yes,Month-to-month,Yes,Mailed check,145.28,6896.45,Yes,2024-09-03
9244-QUBDU,Female,1,Yes,No,21,Yes,No,Fiber optic,No,Yes,No,Yes,No,Yes,Month-to-month,Yes,Credit card (automatic),157.74,3357.18,Yes,2024-09-03
9542-DCBGJ,Female,1,Yes,Yes,29,Yes,Yes,No,No internet service,No internet service,No internet service,No internet service,No internet service,No internet service,Two year,Yes,Electronic check,45.48,1340.7,Yes,2024-09-03
3772-RIXKJ,Female,0,Yes,No,32,Yes,Yes,Fiber optic,Yes,No,No,No,Yes,Yes,Month-to-month,Yes,Mailed check,173.47,5705.55,Yes,2024-09-03
6857-TVEBV,Female,1,Yes,No,38,Yes,Yes,Fiber optic,No,No,No,No,Yes,Yes,Two year,Yes,Electronic check,134.68,5200.7,Yes,2024-09-03
3500-YJZHZ,Male,0,No,No,35,Yes,Yes,Fiber optic,Yes,No,Yes,Yes,Yes,Yes,Month-to-month,Yes,Mailed check,197.52,6861.7,Yes,2024-09-03
9119-BHSOW,Female,0,Yes,Yes,21,No,No phone service,DSL,No,Yes,No,No,Yes,Yes,Two year,No,Mailed check,71.01,1488.34,Yes,2024-09-03
6595-AVUCA,Female,0,No,No,35,Yes,No,Fiber optic,Yes,No,No,Yes,No,No,Month-to-month,No,Electronic check,141.44,4951.29,Yes,2024-09-03
5853-DGRRD,Male,0,Yes,No,36,Yes,No,Fiber optic,Yes,Yes,Yes,No,No,Yes,One year,Yes,Mailed check,153.5,5456.73,Yes,2024-09-03
6200-COFTG,Male,0,Yes,No,50,Yes,No,DSL,No,Yes,No,No,No,Yes,Month-to-month,Yes,Mailed check,113.77,5580.27,Yes,2024-09-03
3774-LACUY,Male,0,Yes,No,33,No,No phone service,DSL,Yes,Yes,Yes,Yes,No,No,Month-to-month,Yes,Electronic check,109.13,3603.16,Yes,2024-09-03
5390-HROBQ,Female,0,Yes,No,52,Yes,No,Fiber optic,No,No,No,No,Yes,Yes,Two year,Yes,Mailed check,130.46,6603.77,No,2024-09-03
7649-PTNAN,Male,0,No,No,16,Yes,Yes,DSL,No,No,No,No,No,Yes,One year,Yes,Credit card (automatic),108.34,1732.03,No,2024-09-03
2868-PTHUW,Male,0,No,No,33,Yes,No,DSL,Yes,Yes,No,Yes,No,Yes,Month-to-month,Yes,Electronic check,124.23,4197.88,Yes,2024-09-03
6759-LAINF,Female,0,Yes,Yes,38,Yes,No,Fiber optic,Yes,No,Yes,No,Yes,Yes,One year,Yes,Electronic check,148.48,5710.87,Yes,2024-09-03
7592-VCOFD,Female,1,No,No,23,Yes,Yes,DSL,No,No,No,Yes,Yes,No,One year,Yes,Electronic check,110.32,2594.06,Yes,2024-09-03
8419-DVOPR,Male,0,Yes,No,45,No,No phone service,No,No internet service,No internet service,No internet service,No internet service,No internet service,No internet service,Month-to-month,No,Bank transfer (automatic),21.84,977.12,Yes,2024-09-03
7783-KBHFA,Female,0,Yes,No,2,Yes,No,DSL,Yes,Yes,Yes,No,Yes,Yes,Month-to-month,No,Electronic check,130.23,257.39,Yes,2024-09-03
6945-JQPMD,Female,0,Yes,No,32,Yes,Yes,DSL,No,Yes,Yes,No,Yes,No,Two year,Yes,Credit card (automatic),118.2,3775.48,Yes,2024-09-03
7326-YGKQS,Female,0,Yes,No,25,Yes,No,Fiber optic,No,No,No,No,No,No,Month-to-month,No,Credit card (automatic),125.11,3210.13,Yes,2024-09-03
7199-TKEOP,Female,1,No,No,24,Yes,No,Fiber optic,No,Yes,No,No,Yes,No,Month-to-month,No,Electronic check,146.83,3577.71,Yes,2024-09-03
7314-GMISE,Female,1,Yes,No,46,Yes,No,Fiber optic,No,Yes,Yes,No,Yes,No,One year,No,Credit card (automatic),142.99,6539.23,No,2024-09-03
2199-HVHED,Female,0,Yes,No,25,Yes,No,No,No internet service,No internet service,No internet service,No internet service,No internet service,No internet service,Month-to-month,Yes,Electronic check,49.56,1241.39,Yes,2024-09-03
5075-ZAOKF,Female,0,No,No,26,Yes,No,DSL,No,No,Yes,Yes,Yes,No,Two year,Yes,Electronic check,109.57,2933.39,No,2024-09-03
9915-JMMJC,Male,0,Yes,No,46,Yes,Yes,Fiber optic,No,Yes,No,Yes,Yes,Yes,Month-to-month,Yes,Electronic check,185.6,8424.18,Yes,2024-09-03
7370-IEQBH,Female,0,Yes,No,14,Yes,Yes,DSL,No,No,Yes,Yes,Yes,No,Two year,Yes,Mailed check,120.58,1722.7,No,2024-09-03
3287-EUXVV,Male,0,No,No,49,Yes,No,No,No internet service,No internet service,No internet service,No internet service,No internet service,No internet service,Month-to-month,Yes,Mailed check,50.82,2475.69,No,2024-09-03
3364-AFSSS,Male,1,Yes,No,35,Yes,No,No,No internet service,No internet service,No internet service,No internet service,No internet service,No internet service,Month-to-month,No,Credit card (automatic),44.48,1552.15,Yes,2024-09-03
9469-DKXNZ,Female,1,Yes,No,11,Yes,Yes,DSL,No,No,No,Yes,No,Yes,One year,Yes,Mailed check,122.04,1352.37,Yes,2024-09-03
5063-HCWGK,Female,0,No,No,30,No,No phone service,Fiber optic,No,Yes,No,Yes,Yes,Yes,One year,No,Mailed check,122.64,3715.97,Yes,2024-09-03
2973-TOVFS,Female,0,Yes,Yes,26,Yes,Yes,DSL,No,Yes,No,No,No,Yes,Month-to-month,No,Bank transfer (automatic),133.97,3532.72,Yes,2024-09-03
4146-JQEMI,Male,1,Yes,No,18,Yes,Yes,Fiber optic,No,Yes,Yes,No,Yes,Yes,Month-to-month,Yes,Bank transfer (automatic),169.14,3116.43,Yes,2024-09-03
3977-HKPAI,Female,1,No,No,7,Yes,No,DSL,No,No,No,No,No,Yes,Two year,Yes,Mailed check,89.95,643.57,Yes,2024-09-04
4926-IUSSV,Male,1,Yes,Yes,34,Yes,No,DSL,No,No,No,No,No,No,Month-to-month,Yes,Mailed check,96.75,3233.72,Yes,2024-09-04
6462-EGBIN,Male,0,Yes,No,50,Yes,Yes,DSL,No,No,No,Yes,No,Yes,Month-to-month,Yes,Electronic check,126.48,6145.18,Yes,2024-09-04
5910-QOFPJ,Male,0,Yes,No,21,Yes,Yes,DSL,No,No,No,Yes,No,Yes,Month-to-month,No,Electronic check,130.74,2761.36,Yes,2024-09-04
6329-NZKDP,Male,0,No,No,32,No,No phone service,Fiber optic,No,Yes,No,Yes,No,No,Month-to-month,No,Credit card (automatic),112.49,3527.96,Yes,2024-09-04
5220-GIFRJ,Female,0,No,No,33,Yes,No,DSL,No,No,Yes,No,No,No,Two year,No,Electronic check,87.24,2958.97,No,2024-09-04
5018-GXRVP,Male,1,No,No,20,Yes,Yes,DSL,No,No,No,Yes,Yes,No,Two year,Yes,Credit card (automatic),109.5,2235.51,No,2024-09-04
2140-SZQDL,Male,1,Yes,Yes,8,Yes,No,No,No internet service,No internet service,No internet service,No internet service,No internet service,No internet service,Two year,No,Electronic check,45.11,355.9,Yes,2024-09-04
6614-APLLO,Male,1,Yes,No,10,Yes,No,DSL,No,No,No,Yes,Yes,Yes,Month-to-month,Yes,Credit card (automatic),115.52,1177.1,Yes,2024-09-04
5446-URMWK,Male,1,Yes,No,1,Yes,No,DSL,Yes,Yes,No,No,Yes,Yes,Month-to-month,No,Electronic check,117.09,118.33,Yes,2024-09-04
8209-FBRLB,Male,0,Yes,Yes,33,Yes,Yes,Fiber optic,No,Yes,No,No,Yes,No,Month-to-month,No,Bank transfer (automatic),165.13,5576.03,Yes,2024-09-04
8218-JGFDN,Female,1,Yes,Yes,16,No,No phone service,No,No internet service,No internet service,No internet service,No internet service,No internet service,No internet service,One year,No,Bank transfer (automatic),20.91,325.96,Yes,2024-09-04
1550-BRHOL,Female,1,Yes,No,43,Yes,No,DSL,No,No,No,No,No,Yes,Month-to-month,Yes,Bank transfer (automatic),105.21,4410.6,No,2024-09-04
9793-OZXWB,Female,0,Yes,Yes,28,No,No phone service,Fiber optic,Yes,Yes,No,No,Yes,No,Month-to-month,No,Electronic check,132.24,3652.59,Yes,2024-09-04
5135-VIHBP,Male,0,No,No,41,Yes,Yes,No,No internet service,No internet service,No internet service,No internet service,No internet service,No internet service,One year,Yes,Electronic check,60.2,2425.95,No,2024-09-04
5449-WYJVG,Male,0,Yes,No,25,Yes,No,DSL,No,No,No,Yes,Yes,Yes,Month-to-month,Yes,Mailed check,115.19,2895.12,Yes,2024-09-04
2166-ABAYI,Male,0,Yes,No,15,No,No phone service,No,No internet service,No internet service,No internet service,No internet service,No internet service,No internet service,Month-to-month,Yes,Electronic check,30.15,448.18,Yes,2024-09-04
6430-FZQTM,Male,0,Yes,No,50,Yes,Yes,No,No internet service,No internet service,No internet service,No internet service,No internet service,No internet service,Month-to-month,No,Bank transfer (automatic),61.15,3121.52,No,2024-09-04
4532-EBJUR,Male,0,Yes,No,38,Yes,No,DSL,No,No,No,No,Yes,No,Month-to-month,No,Electronic check,116.91,4383.19,Yes,2024-09-04
2142-ITRCV,Male,0,Yes,Yes,47,Yes,No,Fiber optic,Yes,Yes,No,Yes,No,Yes,One year,No,Bank transfer (automatic),148.02,6807.15,No,2024-09-04
4697-NSHGZ,Male,0,Yes,No,9,Yes,No,Fiber optic,No,No,No,No,No,Yes,Month-to-month,Yes,Credit card (automatic),139.75,1247.07,Yes,2024-09-04
8980-TDQFA,Female,0,No,No,17,Yes,No,DSL,Yes,Yes,Yes,No,Yes,Yes,Month-to-month,No,Electronic check,147.34,2492.84,Yes,2024-09-04
6592-RAGAY,Male,0,Yes,No,16,Yes,No,DSL,Yes,No,Yes,No,Yes,Yes,Month-to-month,Yes,Electronic check,126.06,2003.39,Yes,2024-09-04
1574-SQAPT,Male,0,Yes,No,29,Yes,No,Fiber optic,Yes,Yes,No,Yes,Yes,Yes,Two year,No,Electronic check,148.24,4345.08,Yes,2024-09-04
5018-XMQAU,Female,0,Yes,No,40,Yes,No,No,No internet service,No internet service,No internet service,No internet service,No internet service,No internet service,Two year,Yes,Electronic check,41.35,1653.44,Yes,2024-09-04
5493-HNVFK,Female,0,Yes,No,4,Yes,No,DSL,No,Yes,No,No,Yes,Yes,Two year,Yes,Mailed check,113.44,445.05,No,2024-09-04
4241-GPNGW,Female,1,No,No,21,Yes,Yes,DSL,Yes,No,No,No,Yes,No,One year,Yes,Credit card (automatic),115.52,2449.86,No,2024-09-04
7903-UXEGU,Male,1,Yes,Yes,11,Yes,Yes,DSL,No,No,No,No,Yes,Yes,One year,Yes,Electronic check,114.35,1231.88,Yes,2024-09-04
8957-SGXWX,Male,0,Yes,No,35,Yes,Yes,Fiber optic,Yes,No,No,No,No,Yes,Month-to-month,No,Bank transfer (automatic),170.28,5855.43,Yes,2024-09-04
1982-SPAOB,Male,0,No,No,20,Yes,No,DSL,No,No,Yes,Yes,Yes,Yes,Two year,Yes,Mailed check,116.14,2359.36,No,2024-09-04
9518-QREKA,Male,1,Yes,No,28,No,No phone service,Fiber optic,No,No,No,No,No,Yes,Month-to-month,Yes,Bank transfer (automatic),103.24,2919.42,Yes,2024-09-04
9555-WYFTQ,Female,0,No,No,25,Yes,Yes,Fiber optic,Yes,Yes,No,No,Yes,No,Two year,Yes,Mailed check,148.19,3792.42,Yes,2024-09-04
3796-MBVSR,Female,0,No,No,28,Yes,No,DSL,No,No,No,No,Yes,Yes,Month-to-month,Yes,Mailed check,125.89,3504.87,No,2024-09-04
5135-EVMZE,Male,0,Yes,No,15,Yes,Yes,No,No internet service,No internet service,No internet service,No internet service,No internet service,No internet service,Month-to-month,No,Bank transfer (automatic),57.08,844.11,No,2024-09-04
4931-ZLUUQ,Female,0,Yes,No,27,Yes,No,DSL,No,Yes,No,No,No,No,One year,Yes,Credit card (automatic),102.79,2713.44,No,2024-09-04
7449-TBFIK,Male,0,No,No,25,Yes,No,No,No internet service,No internet service,No internet service,No internet service,No internet service,No internet service,One year,No,Credit card (automatic),48.83,1231.27,No,2024-09-04
1180-RLXGD,Female,0,No,No,33,Yes,No,DSL,Yes,No,Yes,No,Yes,No,Two year,No,Bank transfer (automatic),99.22,3178.14,No,2024-09-04
7298-WPMZD,Female,1,No,No,19,Yes,No,Fiber optic,No,Yes,No,No,No,No,Two year,Yes,Mailed check,113.04,2160.03,Yes,2024-09-04
9604-JFFXM,Male,0,Yes,No,20,Yes,No,Fiber optic,No,No,No,No,Yes,No,Month-to-month,Yes,Mailed check,134.47,2714.82,No,2024-09-04
3096-VUHEX,Male,0,Yes,No,39,Yes,No,DSL,No,No,No,No,No,No,Month-to-month,Yes,Bank transfer (automatic),88.15,3355.1,Yes,2024-09-04
9841-EJAWM,Female,0,Yes,No,25,Yes,Yes,DSL,Yes,No,No,No,No,No,One year,Yes,Bank transfer (automatic),120.92,3015.52,No,2024-09-04
3220-UAZDX,Female,1,Yes,No,12,Yes,Yes,No,No internet service,No internet service,No internet service,No internet service,No internet service,No internet service,One year,No,Electronic check,60.39,731.66,No,2024-09-04
4287-OBECB,Male,0,No,No,39,Yes,No,DSL,No,Yes,No,No,No,Yes,Month-to-month,Yes,Bank transfer (automatic),109.43,4282.76,Yes,2024-09-04
6072-JNFVU,Male,0,Yes,Yes,32,Yes,Yes,DSL,No,No,Yes,Yes,No,Yes,Two year,Yes,Bank transfer (automatic),119.69,3784.21,No,2024-09-05
7465-BBNOZ,Female,0,Yes,No,53,Yes,No,DSL,Yes,No,No,Yes,Yes,No,One year,Yes,Bank transfer (automatic),114.72,6024.88,No,2024-09-05
5119-PPKHY,Female,0,No,No,17,No,No phone service,Fiber optic,Yes,No,Yes,No,Yes,No,One year,No,Credit card (automatic),111.71,1914.23,Yes,2024-09-05
4463-WUTWB,Male,1,Yes,No,20,Yes,No,No,No internet service,No internet service,No internet service,No internet service,No internet service,No internet service,One year,Yes,Electronic check,41.82,821.9,Yes,2024-09-05
1544-HLUNQ,Female,1,Yes,No,52,Yes,Yes,Fiber optic,Yes,No,No,No,No,Yes,Month-to-month,No,Credit card (automatic),147.49,7649.5,Yes,2024-09-05
7541-HHDTW,Female,0,Yes,No,47,Yes,Yes,No,No internet service,No internet service,No internet service,No internet service,No internet service,No internet service,Month-to-month,Yes,Electronic check,73.66,3390.61,Yes,2024-09-05
1782-GQCLP,Female,0,Yes,Yes,14,Yes,No,Fiber optic,No,No,No,No,Yes,Yes,Month-to-month,Yes,Bank transfer (automatic),148.05,2052.56,Yes,2024-09-05
1641-TRIQZ,Female,0,No,Yes,39,Yes,No,Fiber optic,No,Yes,No,Yes,Yes,No,Month-to-month,Yes,Bank transfer (automatic),150.25,5690.26,Yes,2024-09-05
6081-WIPGI,Female,0,Yes,No,20,Yes,No,DSL,No,Yes,Yes,No,Yes,Yes,Two year,Yes,Electronic check,118.82,2431.2,Yes,2024-09-05
6851-BNLUG,Male,0,Yes,No,27,Yes,Yes,Fiber optic,No,No,Yes,No,No,Yes,Month-to-month,No,Credit card (automatic),166.78,4481.72,No,2024-09-05
3260-NMQUH,Male,0,Yes,No,53,Yes,Yes,Fiber optic,Yes,No,No,No,Yes,Yes,Month-to-month,Yes,Electronic check,169.41,9048.4,Yes,2024-09-05
6742-RWQML,Male,0,No,No,27,Yes,No,DSL,Yes,No,No,Yes,No,Yes,Two year,Yes,Credit card (automatic),105.71,2916.35,No,2024-09-05
3051-KCCOG,Male,0,Yes,Yes,20,Yes,Yes,No,No internet service,No internet service,No internet service,No internet service,No internet service,No internet service,Month-to-month,No,Credit card (automatic),53.01,1048.39,No,2024-09-05
3681-COOXB,Female,1,No,No,35,Yes,No,Fiber optic,Yes,No,No,Yes,No,No,Month-to-month,Yes,Credit card (automatic),144.54,5093.42,Yes,2024-09-05
4744-CBJPD,Male,0,Yes,No,46,No,No phone service,Fiber optic,Yes,Yes,No,No,Yes,No,Two year,No,Credit card (automatic),108.23,5032.96,No,2024-09-05
5489-TLCKT,Male,0,Yes,No,30,Yes,Yes,Fiber optic,No,Yes,No,No,No,Yes,Month-to-month,No,Credit card (automatic),163.34,4945.89,Yes,2024-09-05
7758-NIKRK,Female,0,Yes,No,28,Yes,Yes,Fiber optic,No,Yes,No,No,Yes,Yes,One year,No,Electronic check,163.33,4483.85,No,2024-09-05
7122-KCDND,Male,0,Yes,No,48,Yes,No,Fiber optic,No,No,No,No,Yes,No,Month-to-month,Yes,Electronic check,143.82,7063.58,Yes,2024-09-05
4180-BFSBA,Female,0,No,No,51,Yes,No,No,No internet service,No internet service,No internet service,No internet service,No internet service,No internet service,Month-to-month,Yes,Credit card (automatic),34.21,1791.66,Yes,2024-09-05
3007-FIGEN,Male,0,No,No,21,No,No phone service,Fiber optic,Yes,Yes,No,Yes,Yes,Yes,Two year,Yes,Bank transfer (automatic),125.26,2680.83,Yes,2024-09-05
5334-PSWXO,Male,1,No,Yes,24,Yes,No,DSL,No,No,No,No,Yes,Yes,One year,No,Electronic check,99.37,2370.19,Yes,2024-09-05
2311-BQQSC,Female,0,No,Yes,33,Yes,No,Fiber optic,No,No,No,No,Yes,No,Month-to-month,Yes,Bank transfer (automatic),125.41,4199.67,No,2024-09-05
9105-GLOUZ,Male,0,No,No,29,Yes,No,Fiber optic,Yes,No,Yes,No,No,Yes,Month-to-month,Yes,Bank transfer (automatic),145.48,4306.59,Yes,2024-09-05
6570-CFDKY,Female,0,Yes,Yes,46,Yes,No,DSL,No,No,No,Yes,Yes,Yes,Two year,No,Electronic check,103.21,4881.26,No,2024-09-05
7194-XFFUB,Female,0,Yes,Yes,32,Yes,No,No,No internet service,No internet service,No internet service,No internet service,No internet service,No internet service,Month-to-month,No,Electronic check,46.65,1508.45,Yes,2024-09-05
6927-QTAQJ,Male,0,No,No,21,Yes,No,Fiber optic,No,Yes,No,No,Yes,Yes,Month-to-month,No,Electronic check,147.23,3100.77,Yes,2024-09-05
5020-VGTFZ,Female,0,No,Yes,4,Yes,Yes,DSL,No,No,No,Yes,Yes,Yes,Two year,Yes,Bank transfer (automatic),114.12,443.06,Yes,2024-09-05
2622-VBQID,Male,0,No,No,25,Yes,Yes,Fiber optic,Yes,No,No,No,Yes,No,Two year,No,Credit card (automatic),133.75,3299.1,No,2024-09-05
6145-RRDXN,Female,0,No,Yes,41,Yes,Yes,DSL,No,Yes,Yes,Yes,No,No,Month-to-month,No,Bank transfer (automatic),135.79,5715.79,Yes,2024-09-05
4970-HBPJE,Female,1,No,No,19,Yes,No,Fiber optic,Yes,No,No,No,No,Yes,Two year,Yes,Electronic check,127.48,2420.05,Yes,2024-09-05
3005-XIUWA,Female,0,Yes,No,53,Yes,Yes,DSL,No,No,No,Yes,Yes,Yes,Two year,Yes,Mailed check,119.38,6250.18,Yes,2024-09-05
1088-IPDLN,Male,0,Yes,No,14,Yes,Yes,Fiber optic,Yes,No,No,No,No,Yes,Month-to-month,Yes,Electronic check,163.53,2289.64,Yes,2024-09-05
1136-GZUQO,Male,1,No,Yes,10,Yes,Yes,DSL,No,No,Yes,Yes,No,Yes,Month-to-month,Yes,Mailed check,141.98,1434.3,No,2024-09-05
4673-HDWGP,Male,1,Yes,No,24,Yes,No,Fiber optic,No,No,No,No,No,Yes,Month-to-month,Yes,Mailed check,144.91,3559.43,No,2024-09-05
3529-JFWQL,Male,0,Yes,Yes,3,Yes,No,Fiber optic,Yes,No,No,No,No,Yes,Month-to-month,No,Credit card (automatic),147.51,437.07,Yes,2024-09-05
9309-BCYKE,Male,0,No,No,56,Yes,Yes,DSL,No,No,No,No,Yes,Yes,Month-to-month,Yes,Mailed check,135.67,7707.84,Yes,2024-09-05
3761-SZOJP,Male,0,No,No,35,Yes,Yes,DSL,No,Yes,No,No,Yes,Yes,Month-to-month,No,Credit card (automatic),123.12,4407.54,Yes,2024-09-05
1147-ZCYDP,Male,0,Yes,Yes,20,Yes,Yes,Fiber optic,Yes,No,No,No,No,Yes,Month-to-month,Yes,Credit card (automatic),163.81,3271.08,Yes,2024-09-05
3876-FFIGX,Female,0,Yes,No,21,Yes,Yes,No,No internet service,No internet service,No internet service,No internet service,No internet service,No internet service,Month-to-month,Yes,Bank transfer (automatic),60.27,1285.86,Yes,2024-09-05
3711-JSVLZ,Male,1,Yes,No,57,Yes,Yes,DSL,Yes,No,Yes,No,Yes,Yes,Month-to-month,Yes,Electronic check,145.03,8155.6,Yes,2024-09-06
6548-UWYIS,Female,0,No,Yes,26,Yes,No,DSL,Yes,No,Yes,No,Yes,Yes,Month-to-month,Yes,Credit card (automatic),120.91,3173.51,Yes,2024-09-06
2391-YTRJY,Male,0,Yes,No,17,Yes,Yes,DSL,No,No,No,Yes,Yes,Yes,Month-to-month,No,Bank transfer (automatic),146.32,2452.08,Yes,2024-09-06
1520-TFEJX,Female,0,Yes,Yes,30,Yes,No,No,No internet service,No internet service,No internet service,No internet service,No internet service,No internet service,Two year,No,Electronic check,43.5,1343.67,Yes,2024-09-06
7994-QDBBH,Female,1,Yes,Yes,11,Yes,Yes,DSL,No,No,Yes,No,No,Yes,One year,Yes,Mailed check,124.44,1373.15,Yes,2024-09-06
4624-ELXUJ,Male,0,No,No,13,Yes,No,No,No internet service,No internet service,No internet service,No internet service,No internet service,No internet service,One year,Yes,Bank transfer (automatic),41.39,537.73,No,2024-09-06
5417-KALDW,Male,1,Yes,Yes,28,Yes,Yes,Fiber optic,No,No,No,No,Yes,No,Month-to-month,Yes,Electronic check,148.08,4211.63,Yes,2024-09-06
4489-GLUBH,Female,0,Yes,Yes,37,Yes,No,DSL,Yes,No,No,Yes,Yes,Yes,Month-to-month,Yes,Credit card (automatic),124.78,4656.44,Yes,2024-09-06
5589-TBLNZ,Female,0,No,No,12,Yes,No,Fiber optic,Yes,No,Yes,No,Yes,Yes,Month-to-month,Yes,Credit card (automatic),158.24,1914.07,Yes,2024-09-06
5553-DZEPD,Female,0,Yes,Yes,11,Yes,No,DSL,No,No,No,Yes,No,No,Month-to-month,No,Mailed check,100.94,1080.36,Yes,2024-09-06
1620-IBKDX,Male,0,Yes,No,49,Yes,No,DSL,Yes,No,No,Yes,Yes,Yes,Month-to-month,No,Credit card (automatic),125.93,6318.26,No,2024-09-06
7881-WEHHE,Male,1,No,Yes,28,Yes,Yes,DSL,No,No,No,No,Yes,No,Month-to-month,Yes,Electronic check,117.41,3265.4,Yes,2024-09-06
6298-OVNZA,Male,0,Yes,No,38,Yes,No,DSL,No,No,No,No,No,Yes,Month-to-month,Yes,Credit card (automatic),111.96,4209.98,Yes,2024-09-06
8530-QOQXL,Female,0,Yes,No,37,Yes,No,No,No internet service,No internet service,No internet service,No internet service,No internet service,No internet service,One year,Yes,Credit card (automatic),48.25,1795.62,No,2024-09-06
3739-YRYOY,Female,0,No,No,11,Yes,No,DSL,No,No,Yes,No,Yes,Yes,One year,No,Credit card (automatic),111.86,1217.99,No,2024-09-06
4376-SQOZF,Male,0,No,No,61,Yes,No,No,No internet service,No internet service,No internet service,No internet service,No internet service,No internet service,Month-to-month,No,Electronic check,45.06,2676.35,No,2024-09-06
9678-HJMTS,Female,1,Yes,No,23,Yes,No,No,No internet service,No internet service,No internet service,No internet service,No internet service,No internet service,Two year,Yes,Credit card (automatic),35.08,784.51,Yes,2024-09-06
9456-ELCLP,Female,0,Yes,No,29,Yes,No,DSL,No,Yes,Yes,Yes,Yes,Yes,Month-to-month,No,Bank transfer (automatic),136.15,4059.74,Yes,2024-09-06
4140-KJBWV,Male,0,No,Yes,28,Yes,Yes,Fiber optic,Yes,Yes,Yes,Yes,Yes,Yes,Month-to-month,Yes,Mailed check,192.83,5247.8,Yes,2024-09-06
2285-FJCPL,Male,0,Yes,No,20,Yes,No,No,No internet service,No internet service,No internet service,No internet service,No internet service,No internet service,Two year,No,Credit card (automatic),40.75,791.11,Yes,2024-09-06
7103-TVHUD,Male,0,Yes,No,42,Yes,Yes,Fiber optic,No,No,No,No,No,No,One year,No,Mailed check,132.34,5712.36,Yes,2024-09-06
1879-ZSCNH,Female,0,No,Yes,3,No,No phone service,No,No internet service,No internet service,No internet service,No internet service,No internet service,No internet service,Month-to-month,Yes,Credit card (automatic),18.5,56.26,Yes,2024-09-06
1640-LQEJH,Male,0,No,No,11,Yes,Yes,DSL,No,Yes,Yes,No,Yes,No,One year,Yes,Electronic check,136.3,1508.49,Yes,2024-09-06
7266-CVQRM,Male,0,Yes,Yes,9,Yes,No,No,No internet service,No internet service,No internet service,No internet service,No internet service,No internet service,One year,Yes,Bank transfer (automatic),41.54,380.47,Yes,2024-09-06
5547-PKAXQ,Female,0,No,No,57,Yes,Yes,DSL,No,No,No,No,Yes,No,Month-to-month,No,Bank transfer (automatic),116.03,6584.88,Yes,2024-09-06
8930-ONFBK,Male,0,No,No,42,Yes,Yes,No,No internet service,No internet service,No internet service,No internet service,No internet service,No internet service,One year,No,Electronic check,54.78,2314.51,No,2024-09-06
1689-BFXTM,Male,0,No,No,36,No,No phone service,No,No internet service,No internet service,No internet service,No internet service,No internet service,No internet service,Month-to-month,Yes,Bank transfer (automatic),22.91,801.54,No,2024-09-06
9536-VLPEM,Male,0,Yes,No,39,Yes,No,DSL,No,No,No,No,No,No,Two year,No,Mailed check,77.33,2953.19,No,2024-09-06
1778-KBQGZ,Male,0,Yes,Yes,24,No,No phone service,Fiber optic,Yes,No,Yes,Yes,No,Yes,Two year,Yes,Bank transfer (automatic),125.51,3022.05,Yes,2024-09-06
4987-ASVLI,Female,1,Yes,No,60,Yes,No,Fiber optic,No,No,No,No,Yes,Yes,One year,No,Credit card (automatic),140.09,8259.68,Yes,2024-09-06
2903-DUHOH,Male,1,No,No,33,Yes,Yes,Fiber optic,Yes,Yes,Yes,Yes,No,Yes,Month-to-month,Yes,Credit card (automatic),196.03,6319.96,Yes,2024-09-06
2661-EAJIE,Male,0,Yes,No,24,Yes,Yes,DSL,Yes,No,No,No,Yes,No,Two year,No,Electronic check,119.19,2835.38,No,2024-09-06
1291-UDIHC,Female,0,Yes,No,15,Yes,No,Fiber optic,No,Yes,Yes,No,Yes,No,Month-to-month,Yes,Mailed check,152.46,2306.49,Yes,2024-09-06
1794-PGZCQ,Male,0,No,Yes,14,Yes,No,Fiber optic,No,No,No,No,Yes,Yes,Month-to-month,Yes,Mailed check,148.62,2061.51,Yes,2024-09-06
6314-TVHXT,Male,1,No,No,22,Yes,Yes,Fiber optic,Yes,Yes,No,No,No,No,One year,No,Bank transfer (automatic),157.19,3433.62,Yes,2024-09-06
8378-OBQEX,Female,0,Yes,No,49,Yes,Yes,DSL,Yes,No,Yes,No,No,Yes,One year,No,Credit card (automatic),132.13,6629.31,No,2024-09-06
9473-GKMEF,Female,0,Yes,No,34,No,No phone service,Fiber optic,No,Yes,Yes,No,Yes,Yes,Month-to-month,No,Bank transfer (automatic),135.59,4515.39,No,2024-09-06
7248-WWSCU,Female,0,No,No,41,Yes,Yes,Fiber optic,No,Yes,No,No,Yes,Yes,One year,No,Mailed check,152.32,6395.8,Yes,2024-09-06
5352-RDWPX,Male,0,No,Yes,37,No,No phone service,Fiber optic,No,No,Yes,No,Yes,Yes,Month-to-month,Yes,Credit card (automatic),126.52,4558.44,Yes,2024-09-06
1002-CAHAG,Female,1,Yes,Yes,20,Yes,No,DSL,No,No,No,No,Yes,No,Month-to-month,Yes,Electronic check,111.39,2251.22,Yes,2024-09-06
4707-WDNSC,Male,0,No,No,55,Yes,No,Fiber optic,No,No,No,Yes,No,No,Month-to-month,No,Electronic check,141.62,7851.29,Yes,2024-09-06
3250-CXIEJ,Male,1,No,No,24,Yes,No,Fiber optic,Yes,No,Yes,Yes,Yes,Yes,One year,Yes,Credit card (automatic),151.88,3567.96,Yes,2024-09-06
5604-KOPWZ,Male,0,Yes,Yes,6,Yes,No,Fiber optic,Yes,No,No,No,Yes,Yes,One year,Yes,Electronic check,151.78,919.76,Yes,2024-09-06
7870-IPOTA,Female,0,No,Yes,56,Yes,No,DSL,No,Yes,Yes,No,No,Yes,Month-to-month,Yes,Mailed check,121.38,6927.45,Yes,2024-09-06
8533-TQEJX,Female,0,Yes,No,38,Yes,No,No,No internet service,No internet service,No internet service,No internet service,No internet service,No internet service,Month-to-month,No,Electronic check,49.38,1903.03,Yes,2024-09-06
5986-JMBWA,Male,1,No,No,12,Yes,Yes,Fiber optic,No,No,No,Yes,Yes,Yes,Month-to-month,No,Electronic check,175.84,2062.64,Yes,2024-09-07
2060-KCZON,Male,0,No,No,11,Yes,Yes,DSL,Yes,No,No,No,Yes,Yes,Two year,No,Electronic check,121.83,1324.35,No,2024-09-07
3236-KIAXR,Male,0,Yes,No,37,Yes,No,No,No internet service,No internet service,No internet service,No internet service,No internet service,No internet service,Month-to-month,No,Credit card (automatic),35.43,1277.84,Yes,2024-09-07
4314-DWEWU,Male,0,No,No,14,Yes,No,No,No internet service,No internet service,No internet service,No internet service,No internet service,No internet service,Month-to-month,No,Electronic check,41.28,588.96,Yes,2024-09-07
4280-VLTUL,Male,0,Yes,Yes,42,Yes,No,DSL,No,No,No,Yes,Yes,Yes,Two year,Yes,Mailed check,98.91,4187.23,No,2024-09-07
8877-MGEBK,Male,0,Yes,Yes,28,Yes,No,Fiber optic,No,No,No,Yes,Yes,Yes,Month-to-month,Yes,Credit card (automatic),156.12,4430.17,Yes,2024-09-07
7008-ABNNC,Male,1,Yes,Yes,30,Yes,No,No,No internet service,No internet service,No internet service,No internet service,No internet service,No internet service,Month-to-month,Yes,Credit card (automatic),47.23,1449.04,Yes,2024-09-07
6177-NGMLP,Male,0,No,Yes,16,Yes,No,Fiber optic,No,No,No,No,Yes,Yes,Month-to-month,Yes,Mailed check,151.88,2424.38,Yes,2024-09-07
2641-SBNQF,Male,0,No,No,24,Yes,No,Fiber optic,Yes,No,No,Yes,No,Yes,One year,Yes,Electronic check,144.44,3400.1,No,2024-09-07
4364-BFXFK,Male,0,No,No,14,No,No phone service,DSL,No,No,No,No,Yes,Yes,Two year,No,Credit card (automatic),74.05,1032.84,Yes,2024-09-07
7819-KHJMI,Female,1,No,No,49,Yes,Yes,Fiber optic,Yes,Yes,Yes,Yes,No,Yes,One year,Yes,Electronic check,182.39,8966.9,Yes,2024-09-07
7407-GIKOA,Female,1,Yes,No,47,Yes,Yes,Fiber optic,Yes,Yes,No,Yes,Yes,No,One year,Yes,Electronic check,165.4,7847.36,Yes,2024-09-07
1997-WDIFU,Male,0,No,No,33,No,No phone service,Fiber optic,No,Yes,No,No,No,Yes,Month-to-month,Yes,Credit card (automatic),119.96,3875.8,Yes,2024-09-07
7551-PTIFX,Female,0,Yes,No,11,Yes,Yes,Fiber optic,No,No,Yes,Yes,Yes,No,Month-to-month,No,Mailed check,176.8,1972.37,Yes,2024-09-07
1819-XNRVQ,Female,0,Yes,No,23,Yes,No,No,No internet service,No internet service,No internet service,No internet service,No internet service,No internet service,Two year,No,Bank transfer (automatic),38.3,905.61,No,2024-09-07
5295-BRBPI,Male,1,Yes,No,23,Yes,No,No,No internet service,No internet service,No internet service,No internet service,No internet service,No internet service,Two year,No,Electronic check,42.18,996.2,Yes,2024-09-07
7059-EJIYH,Female,0,Yes,No,25,Yes,No,DSL,No,Yes,No,No,Yes,Yes,Month-to-month,Yes,Electronic check,111.08,2700.21,Yes,2024-09-07
6569-OCBCQ,Female,1,Yes,No,21,Yes,No,Fiber optic,Yes,No,No,No,No,Yes,One year,No,Mailed check,136.48,2947.53,No,2024-09-07
6228-QAQZX,Male,1,Yes,No,55,Yes,No,No,No internet service,No internet service,No internet service,No internet service,No internet service,No internet service,One year,No,Bank transfer (automatic),46.4,2598.36,No,2024-09-07
1725-OEROD,Female,1,Yes,No,17,No,No phone service,Fiber optic,No,Yes,No,No,Yes,Yes,Month-to-month,Yes,Electronic check,117.57,1996.49,Yes,2024-09-07
5888-URYVL,Male,1,Yes,No,40,Yes,Yes,DSL,No,No,Yes,No,Yes,Yes,Two year,Yes,Mailed check,118.08,4756.87,Yes,2024-09-07
4785-HRFIF,Female,0,Yes,No,56,Yes,No,Fiber optic,No,No,No,Yes,Yes,No,Month-to-month,No,Credit card (automatic),137.99,7807.06,Yes,2024-09-07
7063-DSTJJ,Female,0,No,Yes,26,Yes,No,Fiber optic,Yes,No,No,No,Yes,Yes,Month-to-month,Yes,Credit card (automatic),154.31,3904.06,Yes,2024-09-07
4014-PVITX,Male,0,Yes,No,22,Yes,Yes,Fiber optic,No,Yes,No,Yes,Yes,Yes,Two year,Yes,Credit card (automatic),160.35,3583.63,Yes,2024-09-07
2651-TRKMI,Female,0,Yes,No,14,Yes,Yes,No,No internet service,No internet service,No internet service,No internet service,No internet service,No internet service,Two year,Yes,Mailed check,54.41,767.19,No,2024-09-07
4804-IADMQ,Female,0,No,No,10,Yes,Yes,DSL,No,Yes,No,No,Yes,No,Month-to-month,No,Credit card (automatic),129.42,1256.76,Yes,2024-09-07
1056-RUHGP,Female,0,Yes,No,37,Yes,No,Fiber optic,Yes,No,No,Yes,No,No,Two year,No,Electronic check,125.61,4695.92,Yes,2024-09-07
7268-BVBSZ,Male,0,Yes,No,31,Yes,No,No,No internet service,No internet service,No internet service,No internet service,No internet service,No internet service,Month-to-month,No,Electronic check,50.44,1546.86,Yes,2024-09-07
9143-XHFLX,Male,0,Yes,No,9,Yes,No,DSL,No,Yes,No,No,Yes,Yes,Month-to-month,No,Electronic check,107.9,953.8,Yes,2024-09-07
1071-ZTKLU,Female,0,No,No,35,Yes,No,DSL,No,Yes,No,No,Yes,No,One year,Yes,Mailed check,103.74,3552.77,No,2024-09-08
5041-WKXBJ,Male,0,No,No,7,Yes,Yes,DSL,Yes,Yes,Yes,No,Yes,Yes,Two year,Yes,Bank transfer (automatic),139.57,964.47,No,2024-09-08
7321-NDOKV,Female,0,Yes,No,27,Yes,No,Fiber optic,Yes,No,No,Yes,No,Yes,Two year,Yes,Bank transfer (automatic),130.75,3509.25,Yes,2024-09-08
8182-LBQYY,Female,0,Yes,No,33,Yes,No,Fiber optic,Yes,Yes,No,No,No,Yes,Two year,Yes,Electronic check,127.39,4233.11,Yes,2024-09-08
2289-JTLLK,Female,0,Yes,No,37,Yes,No,Fiber optic,No,No,Yes,Yes,No,No,Month-to-month,Yes,Credit card (automatic),135.39,5121.3,Yes,2024-09-08
5501-GTABH,Female,0,No,No,39,Yes,No,DSL,Yes,No,Yes,No,No,Yes,Month-to-month,No,Bank transfer (automatic),111.75,4470.91,Yes,2024-09-08
5151-ZRAOM,Female,0,Yes,No,27,Yes,Yes,DSL,Yes,Yes,Yes,No,Yes,Yes,One year,Yes,Electronic check,152.77,4118.88,Yes,2024-09-08
2037-KRQTT,Female,0,Yes,Yes,46,No,No phone service,Fiber optic,No,No,No,Yes,No,No,Month-to-month,No,Electronic check,109.53,5183.81,Yes,2024-09-08
5196-KCJCZ,Male,1,No,No,47,Yes,No,Fiber optic,Yes,Yes,No,No,Yes,Yes,Two year,Yes,Electronic check,138.05,6345.01,Yes,2024-09-08
4500-TKHLY,Male,0,Yes,No,33,Yes,No,DSL,No,Yes,Yes,No,Yes,Yes,Month-to-month,No,Bank transfer (automatic),127.67,4130.79,Yes,2024-09-08
6116-GDHBO,Female,0,No,No,32,Yes,No,DSL,Yes,Yes,Yes,Yes,Yes,No,Month-to-month,Yes,Credit card (automatic),138.85,4556.87,Yes,2024-09-08
1317-HBDHP,Male,0,Yes,No,33,Yes,Yes,DSL,No,Yes,No,Yes,No,No,Month-to-month,Yes,Electronic check,124.57,4173.1,Yes,2024-09-08
5988-LNLEP,Female,0,Yes,Yes,18,Yes,No,DSL,Yes,No,No,Yes,Yes,No,Two year,Yes,Bank transfer (automatic),112.41,2022.1,No,2024-09-08
3679-EZUDT,Male,0,No,No,35,Yes,No,Fiber optic,Yes,Yes,Yes,Yes,No,No,One year,Yes,Bank transfer (automatic),139.67,4936.24,Yes,2024-09-08
7653-CAKPF,Male,0,No,Yes,39,Yes,Yes,Fiber optic,No,No,Yes,No,No,Yes,One year,No,Bank transfer (automatic),161.26,6192.24,Yes,2024-09-08
2916-SOYOG,Female,0,No,No,35,Yes,Yes,Fiber optic,No,No,Yes,No,No,Yes,Month-to-month,No,Credit card (automatic),168.32,5750.01,Yes,2024-09-08
9784-ROZNK,Female,0,Yes,No,52,Yes,No,Fiber optic,No,No,No,No,Yes,Yes,One year,Yes,Credit card (automatic),135.13,7052.75,Yes,2024-09-08
9523-MPOQX,Male,0,No,Yes,14,Yes,Yes,Fiber optic,No,No,No,No,Yes,Yes,Month-to-month,No,Credit card (automatic),164.34,2313.8,Yes,2024-09-08
9681-EGYHE,Male,0,No,Yes,36,Yes,No,Fiber optic,No,Yes,Yes,No,Yes,Yes,Month-to-month,No,Bank transfer (automatic),158.73,5867.78,Yes,2024-09-08
4953-YXCUI,Male,0,Yes,No,42,No,No phone service,DSL,No,No,Yes,No,No,Yes,Two year,Yes,Mailed check,70.57,2910.81,No,2024-09-08
3318-GWQMA,Male,0,No,No,33,Yes,Yes,DSL,Yes,Yes,Yes,No,No,Yes,Month-to-month,Yes,Credit card (automatic),157.86,5117.51,Yes,2024-09-08
5600-YWWAH,Female,0,Yes,No,17,Yes,Yes,Fiber optic,No,Yes,Yes,Yes,No,No,Month-to-month,No,Bank transfer (automatic),168.61,2928.94,Yes,2024-09-08
7725-ITQUW,Male,0,Yes,No,26,Yes,Yes,No,No internet service,No internet service,No internet service,No internet service,No internet service,No internet service,One year,Yes,Bank transfer (automatic),67.41,1788.3,No,2024-09-08
1538-FLMCH,Female,0,No,Yes,34,Yes,No,No,No internet service,No internet service,No internet service,No internet service,No internet service,No internet service,One year,No,Mailed check,45.83,1566.69,No,2024-09-08
4914-XZFZH,Female,0,No,No,20,Yes,Yes,No,No internet service,No internet service,No internet service,No internet service,No internet service,No internet service,One year,No,Bank transfer (automatic),49.75,974.05,No,2024-09-08
3948-UPNMZ,Male,0,Yes,No,23,Yes,Yes,No,No internet service,No internet service,No internet service,No internet service,No internet service,No internet service,Month-to-month,Yes,Electronic check,66.69,1511.89,Yes,2024-09-08
4006-COOMG,Male,0,Yes,No,36,Yes,Yes,No,No internet service,No internet service,No internet service,No internet service,No internet service,No internet service,Month-to-month,No,Electronic check,70.76,2563.0,Yes,2024-09-08
5467-NAOAM,Male,0,Yes,No,9,Yes,No,Fiber optic,Yes,No,No,No,No,No,One year,Yes,Credit card (automatic),116.15,1056.08,Yes,2024-09-08
5334-IYSQI,Male,0,No,No,42,Yes,Yes,Fiber optic,No,No,Yes,No,No,Yes,Month-to-month,Yes,Mailed check,162.1,6966.59,Yes,2024-09-08
3804-SNXAP,Male,0,No,Yes,31,Yes,No,No,No internet service,No internet service,No internet service,No internet service,No internet service,No internet service,Month-to-month,Yes,Electronic check,44.58,1361.06,Yes,2024-09-08
5965-YPRPF,Female,0,No,Yes,17,Yes,Yes,No,No internet service,No internet service,No internet service,No internet service,No internet service,No internet service,One year,Yes,Electronic check,56.39,954.37,Yes,2024-09-08
3304-ICYCT,Female,0,No,No,41,Yes,Yes,No,No internet service,No internet service,No internet service,No internet service,No internet service,No internet service,Month-to-month,Yes,Credit card (automatic),66.55,2672.8,No,2024-09-08
2903-NJEHR,Male,1,No,No,50,Yes,No,Fiber optic,No,Yes,No,Yes,No,Yes,Two year,No,Credit card (automatic),138.51,6725.77,No,2024-09-08
1521-YWISM,Male,0,No,No,50,Yes,Yes,DSL,No,No,Yes,No,Yes,No,Month-to-month,Yes,Mailed check,127.49,6237.92,Yes,2024-09-08
9180-LBVEW,Female,1,Yes,No,51,Yes,No,DSL,Yes,Yes,No,No,Yes,Yes,Month-to-month,Yes,Mailed check,124.03,6242.77,Yes,2024-09-08
1641-FRBUO,Male,1,Yes,No,8,Yes,No,No,No internet service,No internet service,No internet service,No internet service,No internet service,No internet service,Two year,No,Bank transfer (automatic),35.04,278.58,Yes,2024-09-08
4955-MHKVH,Male,0,Yes,No,21,Yes,Yes,Fiber optic,No,No,No,Yes,Yes,Yes,Month-to-month,Yes,Electronic check,174.85,3653.64,Yes,2024-09-08
5690-VPCSK,Female,0,No,Yes,44,Yes,Yes,No,No internet service,No internet service,No internet service,No internet service,No internet service,No internet service,One year,No,Bank transfer (automatic),56.94,2511.91,Yes,2024-09-08
6346-YUINV,Male,0,Yes,No,7,No,No phone service,Fiber optic,No,No,Yes,Yes,Yes,Yes,Month-to-month,No,Mailed check,125.6,905.2,Yes,2024-09-08
7897-LIVSE,Male,0,Yes,No,37,Yes,Yes,DSL,No,No,No,No,Yes,Yes,Month-to-month,No,Bank transfer (automatic),128.87,4672.81,Yes,2024-09-09
9510-ZXXXA,Male,0,Yes,No,38,Yes,No,No,No internet service,No internet service,No internet service,No internet service,No internet service,No internet service,Two year,No,Electronic check,38.27,1464.49,No,2024-09-09
9089-WJYGJ,Female,1,No,No,38,Yes,No,No,No internet service,No internet service,No internet service,No internet service,No internet service,No internet service,Month-to-month,Yes,Credit card (automatic),45.53,1733.68,No,2024-09-09
1217-DBQCB,Female,1,No,Yes,58,Yes,Yes,DSL,Yes,No,No,No,Yes,Yes,Month-to-month,No,Electronic check,135.57,8080.9,Yes,2024-09-09
9713-LNVJV,Female,0,Yes,No,29,Yes,No,Fiber optic,Yes,Yes,No,No,No,Yes,One year,Yes,Bank transfer (automatic),149.25,4428.51,No,2024-09-09
2092-NXRNA,Female,0,No,No,18,Yes,No,No,No internet service,No internet service,No internet service,No internet service,No internet service,No internet service,Month-to-month,Yes,Electronic check,45.15,793.7,Yes,2024-09-09
6395-GANND,Female,0,Yes,No,15,Yes,Yes,Fiber optic,Yes,No,No,Yes,Yes,No,Month-to-month,No,Electronic check,175.12,2606.33,Yes,2024-09-09
6681-FXTIS,Female,0,No,Yes,13,Yes,Yes,Fiber optic,No,No,No,Yes,No,Yes,One year,Yes,Mailed check,150.91,1974.85,No,2024-09-09
5000-DKVCF,Male,0,Yes,Yes,7,Yes,No,Fiber optic,Yes,No,Yes,Yes,No,Yes,Month-to-month,No,Electronic check,164.52,1134.03,Yes,2024-09-09
8474-QICDS,Male,0,No,No,18,Yes,No,Fiber optic,No,No,Yes,No,Yes,Yes,Month-to-month,Yes,Bank transfer (automatic),162.28,2863.79,Yes,2024-09-09
5755-NCLFB,Female,0,Yes,No,52,No,No phone service,DSL,No,Yes,No,No,Yes,No,One year,Yes,Electronic check,76.83,3914.62,Yes,2024-09-09
2111-ZJRLD,Female,0,Yes,No,4,No,No phone service,DSL,Yes,No,Yes,Yes,No,No,Month-to-month,Yes,Electronic check,91.5,365.6,Yes,2024-09-09
4235-ZDYNO,Male,0,Yes,Yes,40,Yes,No,Fiber optic,No,Yes,No,No,Yes,Yes,Month-to-month,No,Electronic check,159.01,6463.57,Yes,2024-09-09
3204-TUKXV,Male,0,No,No,6,Yes,No,Fiber optic,No,No,Yes,No,No,No,Month-to-month,Yes,Electronic check,135.96,798.09,Yes,2024-09-09
7777-NYOSR,Male,0,No,No,25,Yes,Yes,DSL,No,Yes,Yes,Yes,Yes,Yes,One year,No,Electronic check,152.27,3817.39,No,2024-09-09
3153-RHDWQ,Female,0,Yes,Yes,35,Yes,Yes,Fiber optic,No,No,No,No,Yes,Yes,Month-to-month,Yes,Mailed check,165.88,5792.38,Yes,2024-09-09
8939-FRAVK,Male,1,No,No,24,Yes,No,DSL,No,Yes,Yes,No,Yes,No,One year,Yes,Electronic check,118.2,2918.97,Yes,2024-09-09
6401-PDFGU,Male,0,No,Yes,26,Yes,No,DSL,Yes,Yes,No,No,No,No,Two year,No,Credit card (automatic),96.21,2434.29,Yes,2024-09-09
9786-XJKGF,Male,0,Yes,No,24,Yes,No,Fiber optic,Yes,Yes,Yes,Yes,No,Yes,Two year,Yes,Mailed check,153.57,3608.45,Yes,2024-09-09
9424-OKGRV,Female,1,Yes,No,18,Yes,Yes,Fiber optic,No,Yes,No,Yes,Yes,Yes,Month-to-month,No,Credit card (automatic),175.27,3095.77,Yes,2024-09-09
3447-VVORK,Female,0,Yes,Yes,54,Yes,Yes,DSL,Yes,No,No,No,Yes,No,Month-to-month,Yes,Bank transfer (automatic),132.57,6978.72,Yes,2024-09-09
2387-LMZWH,Female,0,Yes,No,27,Yes,No,Fiber optic,Yes,No,Yes,Yes,Yes,No,Two year,No,Bank transfer (automatic),140.92,3775.43,No,2024-09-09
6821-AWICE,Female,0,Yes,No,54,No,No phone service,DSL,No,No,No,No,Yes,Yes,One year,No,Mailed check,75.94,4221.4,No,2024-09-09
1480-JELME,Male,0,Yes,No,26,No,No phone service,No,No internet service,No internet service,No internet service,No internet service,No internet service,No internet service,Month-to-month,Yes,Electronic check,18.5,488.86,Yes,2024-09-09
2062-EGRXD,Male,0,Yes,Yes,28,Yes,No,No,No internet service,No internet service,No internet service,No internet service,No internet service,No internet service,Two year,No,Mailed check,42.16,1145.9,No,2024-09-09
1480-UPYXX,Male,1,No,No,23,No,No phone service,No,No internet service,No internet service,No internet service,No internet service,No internet service,No internet service,One year,Yes,Bank transfer (automatic),18.5,413.08,Yes,2024-09-09
8960-DWCIO,Male,0,No,No,51,Yes,Yes,Fiber optic,Yes,Yes,Yes,No,No,No,Two year,No,Credit card (automatic),144.35,7143.93,No,2024-09-09
5138-RQWEJ,Male,0,Yes,Yes,29,Yes,Yes,No,No internet service,No internet service,No internet service,No internet service,No internet service,No internet service,Two year,Yes,Electronic check,59.53,1687.82,Yes,2024-09-09
8469-GWEDO,Female,0,Yes,Yes,22,Yes,No,Fiber optic,No,No,Yes,No,No,Yes,One year,Yes,Credit card (automatic),129.25,2908.5,No,2024-09-09
9647-PJVNB,Male,1,Yes,No,30,Yes,Yes,No,No internet service,No internet service,No internet service,No internet service,No internet service,No internet service,Month-to-month,No,Electronic check,62.57,1930.48,Yes,2024-09-09
5833-TIDGQ,Female,0,No,Yes,35,Yes,Yes,DSL,No,Yes,Yes,No,No,Yes,One year,No,Electronic check,125.01,4394.11,Yes,2024-09-09
5635-OWBOB,Male,0,Yes,No,20,Yes,No,No,No internet service,No internet service,No internet service,No internet service,No internet service,No internet service,One year,Yes,Electronic check,33.94,663.76,Yes,2024-09-09
1237-YQIOC,Female,0,Yes,No,53,Yes,Yes,Fiber optic,Yes,No,Yes,Yes,Yes,Yes,Month-to-month,Yes,Credit card (automatic),185.83,9867.01,Yes,2024-09-09
9705-ZSMUH,Female,0,No,No,25,Yes,Yes,DSL,Yes,Yes,Yes,Yes,Yes,Yes,One year,Yes,Credit card (automatic),145.59,3621.45,Yes,2024-09-09
8592-LBZPJ,Male,0,Yes,No,12,Yes,Yes,Fiber optic,Yes,Yes,No,No,Yes,No,One year,Yes,Electronic check,166.98,2059.36,No,2024-09-09
4712-ECLIA,Female,0,No,Yes,8,Yes,No,Fiber optic,Yes,Yes,Yes,No,No,Yes,Month-to-month,Yes,Bank transfer (automatic),165.88,1336.68,Yes,2024-09-10
8625-GRDJQ,Male,0,Yes,No,21,Yes,Yes,DSL,Yes,Yes,Yes,Yes,No,No,Month-to-month,Yes,Bank transfer (automatic),145.35,2976.91,Yes,2024-09-10
1714-ERSHV,Female,0,Yes,No,34,Yes,No,No,No internet service,No internet service,No internet service,No internet service,No internet service,No internet service,Month-to-month,Yes,Mailed check,40.73,1393.01,Yes,2024-09-10
9144-NXIGW,Male,0,No,No,48,Yes,No,Fiber optic,No,No,No,No,No,No,Two year,Yes,Bank transfer (automatic),111.68,5465.0,No,2024-09-10
5724-RBQBS,Female,0,Yes,No,48,Yes,No,No,No internet service,No internet service,No internet service,No internet service,No internet service,No internet service,One year,No,Electronic check,49.06,2353.58,Yes,2024-09-10
9444-ZPTDA,Male,1,Yes,No,8,Yes,No,Fiber optic,No,No,No,Yes,No,Yes,One year,No,Bank transfer (automatic),139.44,1092.83,Yes,2024-09-10
2003-AMXLG,Male,1,Yes,Yes,36,Yes,No,DSL,Yes,No,No,Yes,No,No,Month-to-month,No,Credit card (automatic),114.2,4117.88,No,2024-09-10
8233-EGDCJ,Male,0,Yes,Yes,12,Yes,Yes,No,No internet service,No internet service,No internet service,No internet service,No internet service,No internet service,Two year,No,Credit card (automatic),53.01,625.24,No,2024-09-10
3884-WQQND,Female,0,Yes,Yes,49,Yes,Yes,DSL,Yes,No,Yes,No,Yes,No,Two year,Yes,Credit card (automatic),120.31,5937.43,No,2024-09-10
6654-ZQULF,Female,0,No,No,52,Yes,No,Fiber optic,Yes,Yes,No,No,Yes,No,Two year,Yes,Electronic check,141.43,7420.2,Yes,2024-09-10
8786-WOCMD,Male,0,Yes,No,40,Yes,No,DSL,No,No,No,Yes,No,No,Month-to-month,Yes,Credit card (automatic),96.91,3989.6,Yes,2024-09-10
9284-DQTBB,Female,0,Yes,No,35,Yes,No,DSL,No,No,No,No,Yes,Yes,Month-to-month,Yes,Bank transfer (automatic),99.81,3389.23,Yes,2024-09-10
5205-CFSLW,Male,0,No,Yes,13,No,No phone service,DSL,No,Yes,No,No,No,No,One year,Yes,Electronic check,82.7,1069.9,Yes,2024-09-10
3791-WRBLY,Male,0,Yes,No,5,Yes,Yes,Fiber optic,Yes,No,Yes,No,Yes,Yes,Two year,No,Mailed check,152.92,763.6,Yes,2024-09-10
8743-FPUKC,Female,0,No,No,25,Yes,Yes,DSL,Yes,Yes,No,Yes,No,No,Month-to-month,Yes,Bank transfer (automatic),140.8,3451.06,Yes,2024-09-10
7831-WMVZC,Female,0,Yes,No,30,Yes,No,No,No internet service,No internet service,No internet service,No internet service,No internet service,No internet service,One year,No,Electronic check,46.91,1432.88,No,2024-09-10
5638-RUZEQ,Male,0,No,Yes,55,Yes,No,DSL,No,Yes,No,No,No,Yes,Month-to-month,Yes,Bank transfer (automatic),102.14,5566.68,Yes,2024-09-10
2746-FHRRU,Female,0,No,No,19,Yes,No,DSL,Yes,Yes,Yes,No,Yes,No,Month-to-month,Yes,Mailed check,125.36,2310.44,Yes,2024-09-10
4899-MPOPG,Male,0,Yes,No,17,Yes,Yes,Fiber optic,Yes,No,No,No,Yes,Yes,One year,No,Mailed check,157.28,2680.76,No,2024-09-10
9682-ZWJJW,Male,0,No,No,38,Yes,Yes,Fiber optic,Yes,No,No,Yes,Yes,Yes,Two year,Yes,Electronic check,147.86,5732.67,No,2024-09-10
5267-URFLJ,Female,0,No,Yes,25,Yes,No,Fiber optic,No,Yes,No,Yes,No,Yes,One year,Yes,Mailed check,148.39,3750.12,Yes,2024-09-10
6422-ROHOW,Male,1,No,No,31,Yes,Yes,Fiber optic,Yes,Yes,No,No,No,Yes,Month-to-month,No,Mailed check,172.77,5300.31,Yes,2024-09-10
2449-PYDGG,Male,1,Yes,Yes,36,Yes,Yes,Fiber optic,No,No,Yes,Yes,Yes,Yes,Month-to-month,Yes,Mailed check,164.24,5992.94,No,2024-09-10
7077-TKWMZ,Female,0,No,Yes,20,Yes,Yes,DSL,No,No,No,No,Yes,No,One year,Yes,Electronic check,119.38,2451.71,No,2024-09-10
5797-PPHXP,Male,0,No,No,25,Yes,No,Fiber optic,No,No,No,Yes,Yes,Yes,Month-to-month,No,Mailed check,147.55,3588.48,Yes,2024-09-10
8395-ATPIS,Male,0,Yes,No,17,Yes,Yes,DSL,No,Yes,No,No,No,Yes,Month-to-month,No,Electronic check,140.04,2337.02,Yes,2024-09-10
6410-YVBVU,Male,0,Yes,No,9,Yes,No,Fiber optic,Yes,No,Yes,No,Yes,Yes,Month-to-month,No,Bank transfer (automatic),164.99,1523.09,Yes,2024-09-10
6779-UJOYO,Male,0,Yes,No,25,Yes,Yes,DSL,Yes,No,No,Yes,No,Yes,One year,Yes,Mailed check,127.4,3209.42,No,2024-09-10
6686-KEIQK,Male,0,Yes,No,11,Yes,No,Fiber optic,No,No,No,No,No,Yes,Month-to-month,No,Electronic check,127.39,1370.6,Yes,2024-09-10
8628-XVIHY,Female,0,Yes,No,36,Yes,No,DSL,Yes,Yes,Yes,No,Yes,No,One year,Yes,Electronic check,120.3,4387.32,Yes,2024-09-10
7117-EWGAA,Female,0,Yes,Yes,19,Yes,Yes,Fiber optic,No,No,No,No,No,Yes,Month-to-month,Yes,Credit card (automatic),161.09,3148.73,Yes,2024-09-10
5974-ZQDAR,Female,0,Yes,Yes,54,Yes,Yes,DSL,No,No,No,No,Yes,Yes,Two year,No,Electronic check,106.21,5666.54,Yes,2024-09-11
1795-YLNEW,Male,0,No,Yes,23,Yes,No,Fiber optic,Yes,No,No,No,Yes,Yes,Month-to-month,Yes,Bank transfer (automatic),144.85,3414.63,Yes,2024-09-11
1317-NNFXZ,Male,0,No,No,45,Yes,Yes,DSL,No,Yes,Yes,No,Yes,Yes,Month-to-month,Yes,Credit card (automatic),145.52,6733.57,Yes,2024-09-11
9989-YZRZD,Male,1,Yes,No,15,Yes,No,DSL,No,No,No,No,Yes,Yes,Two year,Yes,Bank transfer (automatic),106.87,1618.03,No,2024-09-11
3888-GQQVG,Female,0,No,No,29,Yes,Yes,DSL,No,No,Yes,No,Yes,Yes,One year,Yes,Mailed check,127.51,3693.21,Yes,2024-09-11
6042-EJYZI,Male,1,No,No,20,Yes,No,DSL,Yes,No,Yes,No,Yes,No,One year,Yes,Electronic check,102.63,2082.18,Yes,2024-09-11
3679-PYDWE,Male,0,No,No,46,Yes,No,No,No internet service,No internet service,No internet service,No internet service,No internet service,No internet service,Month-to-month,No,Credit card (automatic),51.74,2440.69,Yes,2024-09-11
7014-VVRER,Male,0,No,Yes,50,Yes,No,Fiber optic,Yes,No,No,No,No,Yes,One year,No,Electronic check,141.58,6974.23,Yes,2024-09-11
8155-WZQMJ,Male,1,No,No,41,Yes,No,Fiber optic,No,Yes,No,No,No,No,Month-to-month,Yes,Bank transfer (automatic),137.59,5514.32,Yes,2024-09-11
5397-CUKJF,Female,1,No,No,18,Yes,No,No,No internet service,No internet service,No internet service,No internet service,No internet service,No internet service,Two year,No,Credit card (automatic),43.26,760.89,No,2024-09-11
6008-HSWCK,Male,0,Yes,No,34,No,No phone service,Fiber optic,No,No,No,Yes,Yes,Yes,Month-to-month,Yes,Electronic check,125.95,4353.24,Yes,2024-09-11
3759-QQRSI,Female,0,No,No,46,No,No phone service,Fiber optic,Yes,Yes,No,Yes,No,Yes,Month-to-month,No,Bank transfer (automatic),132.42,5980.45,Yes,2024-09-11
6266-JDRYU,Male,0,Yes,No,32,Yes,Yes,No,No internet service,No internet service,No internet service,No internet service,No internet service,No internet service,Month-to-month,Yes,Electronic check,65.2,2070.79,Yes,2024-09-11
4404-WEMMP,Male,0,Yes,Yes,38,Yes,No,DSL,No,No,No,Yes,Yes,Yes,Two year,Yes,Bank transfer (automatic),97.07,3651.39,No,2024-09-11
1046-XBHTQ,Female,0,No,No,25,Yes,No,Fiber optic,Yes,No,No,No,Yes,No,Month-to-month,Yes,Mailed check,145.42,3703.35,Yes,2024-09-11
9665-OJPLX,Male,0,No,No,17,Yes,No,Fiber optic,No,Yes,No,Yes,No,No,Month-to-month,Yes,Electronic check,144.73,2518.84,Yes,2024-09-11
7167-GTEET,Female,0,No,No,16,Yes,No,Fiber optic,Yes,Yes,Yes,Yes,Yes,No,One year,Yes,Electronic check,158.46,2562.25,No,2024-09-11
3659-MXNIH,Male,1,No,No,33,Yes,Yes,No,No internet service,No internet service,No internet service,No internet service,No internet service,No internet service,One year,No,Electronic check,50.8,1706.07,No,2024-09-11
4059-KXJJP,Female,0,Yes,No,7,No,No phone service,Fiber optic,Yes,No,No,Yes,No,No,Month-to-month,Yes,Bank transfer (automatic),123.37,875.04,Yes,2024-09-11
1231-UKQZU,Female,1,Yes,No,44,Yes,No,DSL,No,No,No,No,Yes,Yes,One year,Yes,Bank transfer (automatic),102.82,4541.64,Yes,2024-09-11
1475-UWWQM,Female,0,Yes,Yes,37,Yes,Yes,No,No internet service,No internet service,No internet service,No internet service,No internet service,No internet service,Month-to-month,No,Electronic check,65.37,2464.06,Yes,2024-09-11
5060-PRLTA,Male,0,Yes,No,45,Yes,No,Fiber optic,Yes,No,Yes,No,No,No,Month-to-month,Yes,Mailed check,155.87,6865.92,Yes,2024-09-11
4135-YRXNW,Male,1,No,No,38,Yes,No,Fiber optic,Yes,No,No,Yes,Yes,No,Month-to-month,Yes,Electronic check,145.72,5646.74,Yes,2024-09-11
2218-DVQBK,Male,0,No,Yes,18,Yes,No,DSL,No,No,No,Yes,Yes,No,One year,No,Mailed check,102.36,1800.14,No,2024-09-11
1611-DKRXT,Male,0,Yes,No,8,Yes,Yes,Fiber optic,Yes,No,Yes,No,Yes,Yes,Month-to-month,Yes,Electronic check,170.12,1378.2,Yes,2024-09-11
8957-YSGRQ,Male,1,Yes,No,32,No,No phone service,Fiber optic,No,Yes,No,Yes,No,Yes,One year,No,Electronic check,116.06,3777.48,Yes,2024-09-11
1542-VSLXJ,Female,0,No,No,5,Yes,No,No,No internet service,No internet service,No internet service,No internet service,No internet service,No internet service,Two year,No,Electronic check,39.01,190.44,Yes,2024-09-11
6507-OCCPN,Female,0,No,No,19,Yes,No,Fiber optic,No,No,No,No,Yes,No,One year,Yes,Electronic check,137.19,2676.18,Yes,2024-09-11
7099-TJJZH,Female,0,No,Yes,4,Yes,Yes,Fiber optic,Yes,No,Yes,No,Yes,No,Month-to-month,Yes,Electronic check,178.54,704.1,Yes,2024-09-11
7511-HAOZT,Female,0,Yes,Yes,31,Yes,No,Fiber optic,No,No,No,No,No,No,Two year,No,Electronic check,112.89,3401.58,Yes,2024-09-12
4157-HJXOJ,Female,0,Yes,No,36,Yes,Yes,Fiber optic,No,No,No,Yes,Yes,Yes,Month-to-month,Yes,Credit card (automatic),178.77,6570.67,Yes,2024-09-12
1226-IUWJJ,Male,0,No,No,8,Yes,No,No,No internet service,No internet service,No internet service,No internet service,No internet service,No internet service,Month-to-month,No,Mailed check,50.13,393.04,No,2024-09-12
3806-HHRXF,Female,0,Yes,No,66,Yes,No,DSL,Yes,Yes,No,Yes,Yes,No,Month-to-month,Yes,Credit card (automatic),128.64,8728.02,No,2024-09-12
7724-DVIZB,Female,0,Yes,No,26,Yes,Yes,DSL,No,Yes,No,No,No,Yes,Two year,No,Bank transfer (automatic),109.0,2840.62,No,2024-09-12
3274-OGJBH,Male,0,No,No,24,Yes,Yes,Fiber optic,Yes,No,Yes,No,Yes,No,Two year,Yes,Mailed check,150.54,3545.3,No,2024-09-12
9992-MIULZ,Male,0,No,Yes,54,Yes,Yes,DSL,Yes,Yes,Yes,No,Yes,No,Month-to-month,No,Electronic check,150.17,8306.33,Yes,2024-09-12
5528-BSIBK,Male,0,No,Yes,13,Yes,Yes,Fiber optic,Yes,No,Yes,Yes,Yes,No,Month-to-month,No,Bank transfer (automatic),176.29,2357.17,Yes,2024-09-12
7632-HHHHV,Female,0,Yes,No,57,Yes,No,DSL,Yes,Yes,Yes,Yes,No,Yes,Month-to-month,Yes,Electronic check,133.21,7671.93,Yes,2024-09-12
4382-VHAOO,Female,0,No,No,23,Yes,Yes,No,No internet service,No internet service,No internet service,No internet service,No internet service,No internet service,Month-to-month,Yes,Credit card (automatic),67.22,1500.66,No,2024-09-12
6284-GNTMJ,Female,0,Yes,No,10,Yes,No,Fiber optic,No,No,Yes,Yes,Yes,Yes,Two year,No,Credit card (automatic),141.29,1387.48,Yes,2024-09-12
6554-KXHCM,Male,1,No,No,37,Yes,No,Fiber optic,No,No,No,Yes,No,No,Month-to-month,Yes,Electronic check,140.66,5065.14,Yes,2024-09-12
1281-RSQHN,Female,0,Yes,No,31,Yes,No,Fiber optic,Yes,No,No,No,No,Yes,Month-to-month,No,Mailed check,154.68,4829.37,Yes,2024-09-12
6118-SWDGV,Male,0,Yes,No,26,Yes,No,Fiber optic,No,No,No,Yes,Yes,No,One year,Yes,Electronic check,134.88,3480.24,Yes,2024-09-12
2229-TBUKL,Female,0,No,No,7,Yes,No,Fiber optic,Yes,No,Yes,Yes,No,Yes,One year,No,Mailed check,153.36,1090.14,No,2024-09-12
3327-XDBIG,Female,0,No,No,46,Yes,Yes,DSL,Yes,No,Yes,No,Yes,Yes,Two year,No,Mailed check,127.31,5736.63,Yes,2024-09-12
2595-BCEID,Female,0,Yes,No,56,Yes,No,Fiber optic,Yes,No,No,No,Yes,No,Month-to-month,No,Electronic check,154.45,8725.7,Yes,2024-09-12
4335-YTLSM,Female,0,No,No,40,Yes,Yes,DSL,No,No,No,No,Yes,No,Month-to-month,No,Electronic check,123.19,4860.96,Yes,2024-09-12
3539-YPLBL,Male,0,No,No,26,No,No phone service,Fiber optic,No,Yes,No,No,Yes,Yes,One year,Yes,Electronic check,125.74,3222.99,No,2024-09-12
8535-LEOYI,Female,0,No,Yes,7,Yes,Yes,No,No internet service,No internet service,No internet service,No internet service,No internet service,No internet service,Two year,No,Credit card (automatic),61.9,440.64,No,2024-09-12
9844-QRFEL,Male,0,Yes,No,30,No,No phone service,DSL,No,No,Yes,Yes,Yes,No,One year,No,Credit card (automatic),97.11,2984.94,No,2024-09-12
6708-OSYMQ,Female,1,No,Yes,27,Yes,No,DSL,No,Yes,No,Yes,No,Yes,Month-to-month,Yes,Mailed check,125.77,3445.58,No,2024-09-12
6762-NMBHI,Male,0,No,Yes,18,Yes,No,Fiber optic,No,Yes,No,Yes,Yes,Yes,Month-to-month,Yes,Credit card (automatic),161.66,2955.27,No,2024-09-12
1805-TNDCI,Male,1,Yes,Yes,12,Yes,No,DSL,No,No,No,No,Yes,No,Month-to-month,Yes,Mailed check,103.15,1217.36,Yes,2024-09-12
3099-OUNAB,Male,0,Yes,No,27,Yes,No,Fiber optic,Yes,No,Yes,No,No,No,One year,No,Bank transfer (automatic),128.81,3529.8,Yes,2024-09-12
1700-AQIYX,Male,1,Yes,No,43,Yes,Yes,DSL,Yes,Yes,No,Yes,Yes,No,Month-to-month,No,Electronic check,142.33,6267.03,Yes,2024-09-12
6428-ZPCVM,Female,0,Yes,No,36,Yes,Yes,DSL,No,Yes,No,Yes,Yes,Yes,One year,Yes,Bank transfer (automatic),119.29,4297.89,Yes,2024-09-12
1615-KOGSL,Female,0,Yes,No,30,Yes,Yes,DSL,Yes,Yes,No,Yes,Yes,Yes,One year,No,Electronic check,139.95,4164.77,Yes,2024-09-12
1002-BOGVZ,Female,0,No,No,30,Yes,Yes,No,No internet service,No internet service,No internet service,No internet service,No internet service,No internet service,Month-to-month,Yes,Credit card (automatic),56.55,1746.64,Yes,2024-09-12
9110-HWNSV,Female,0,No,No,13,Yes,Yes,Fiber optic,No,Yes,No,No,Yes,Yes,Month-to-month,No,Credit card (automatic),181.88,2402.0,Yes,2024-09-12
8823-RHCOI,Female,0,No,No,35,Yes,No,No,No internet service,No internet service,No internet service,No internet service,No internet service,No internet service,Month-to-month,No,Electronic check,50.27,1802.71,Yes,2024-09-12
8265-UTMSI,Male,0,No,No,3,Yes,Yes,DSL,No,Yes,No,Yes,Yes,No,Month-to-month,Yes,Credit card (automatic),143.9,434.39,Yes,2024-09-12
7309-RIMVH,Female,0,Yes,Yes,44,Yes,Yes,Fiber optic,Yes,No,Yes,Yes,No,No,One year,Yes,Mailed check,170.77,7370.17,Yes,2024-09-12
1756-NDFHH,Male,0,Yes,Yes,64,Yes,Yes,No,No internet service,No internet service,No internet service,No internet service,No internet service,No internet service,One year,No,Bank transfer (automatic),73.99,4776.81,Yes,2024-09-12
7958-KFJVE,Male,0,No,Yes,11,Yes,No,DSL,No,No,No,No,No,Yes,Month-to-month,Yes,Credit card (automatic),115.46,1236.61,Yes,2024-09-12
9938-MNJIT,Female,0,No,No,39,Yes,Yes,Fiber optic,No,Yes,No,No,Yes,Yes,Two year,No,Credit card (automatic),148.72,5637.84,Yes,2024-09-12
1876-BWKJZ,Female,0,No,Yes,53,Yes,Yes,Fiber optic,No,Yes,Yes,Yes,Yes,Yes,Month-to-month,Yes,Bank transfer (automatic),183.4,9446.22,Yes,2024-09-12
8827-MCFZK,Male,0,No,Yes,54,Yes,No,DSL,No,Yes,No,No,No,Yes,One year,Yes,Credit card (automatic),113.15,6181.47,Yes,2024-09-12
3171-TDOVE,Male,0,Yes,No,45,Yes,Yes,DSL,Yes,No,Yes,No,No,Yes,Month-to-month,No,Electronic check,134.61,5961.6,Yes,2024-09-12
3920-VWXOS,Female,0,No,No,46,Yes,No,Fiber optic,No,Yes,No,Yes,Yes,Yes,One year,No,Electronic check,138.4,6379.25,No,2024-09-12
7460-PWWUG,Female,0,No,No,19,Yes,Yes,No,No internet service,No internet service,No internet service,No internet service,No internet service,No internet service,Month-to-month,No,Bank transfer (automatic),47.9,893.68,No,2024-09-12
5722-ZOWPP,Male,0,Yes,No,52,Yes,Yes,Fiber optic,No,Yes,Yes,Yes,Yes,Yes,Month-to-month,Yes,Credit card (automatic),187.25,9551.9,Yes,2024-09-12
3560-WMIGO,Male,0,Yes,No,18,Yes,No,Fiber optic,No,No,No,Yes,No,Yes,Month-to-month,Yes,Credit card (automatic),145.04,2549.72,No,2024-09-12
6900-MPBHC,Male,0,No,No,15,Yes,Yes,No,No internet service,No internet service,No internet service,No internet service,No internet service,No internet service,Two year,Yes,Electronic check,53.01,791.87,No,2024-09-13
5205-YUIJO,Male,0,Yes,No,20,Yes,No,DSL,Yes,No,No,No,Yes,No,One year,No,Bank transfer (automatic),105.44,2055.64,No,2024-09-13
2532-RRLBG,Male,0,Yes,No,54,Yes,Yes,DSL,Yes,No,No,No,No,Yes,Month-to-month,Yes,Credit card (automatic),124.97,6852.9,Yes,2024-09-13
8188-KSOGZ,Female,0,Yes,No,17,Yes,No,Fiber optic,No,Yes,Yes,No,Yes,Yes,Month-to-month,Yes,Bank transfer (automatic),164.21,2822.48,Yes,2024-09-13
6078-MJQHZ,Female,0,No,No,35,Yes,No,DSL,Yes,Yes,No,No,No,Yes,Month-to-month,Yes,Electronic check,118.93,4089.46,Yes,2024-09-13
8509-SROBI,Female,0,No,Yes,12,Yes,No,Fiber optic,Yes,No,No,No,Yes,Yes,One year,Yes,Mailed check,136.43,1625.43,No,2024-09-13
9437-ACVHN,Female,0,Yes,No,35,Yes,Yes,DSL,No,No,No,No,Yes,Yes,Month-to-month,No,Mailed check,138.89,4883.2,No,2024-09-13
1704-WERPV,Male,1,Yes,No,7,Yes,Yes,DSL,No,No,No,Yes,Yes,Yes,Two year,Yes,Credit card (automatic),117.97,839.44,Yes,2024-09-13
2461-OMSKR,Female,1,No,No,35,Yes,Yes,Fiber optic,No,No,Yes,Yes,Yes,Yes,Month-to-month,Yes,Mailed check,176.89,6012.17,Yes,2024-09-13
5079-KDGKR,Male,0,Yes,No,52,Yes,No,DSL,No,No,No,No,Yes,No,One year,Yes,Credit card (automatic),104.28,5477.28,Yes,2024-09-13
2690-TDKDD,Female,0,Yes,No,9,Yes,Yes,DSL,No,Yes,No,Yes,Yes,No,One year,Yes,Bank transfer (automatic),118.1,1043.29,No,2024-09-13
4192-IKDQC,Male,0,Yes,No,42,Yes,No,DSL,No,No,No,Yes,Yes,No,Month-to-month,No,Electronic check,118.25,4986.17,Yes,2024-09-13
7627-MSSUV,Male,0,Yes,Yes,24,No,No phone service,Fiber optic,Yes,No,No,No,Yes,Yes,Two year,Yes,Electronic check,108.5,2581.91,Yes,2024-09-13
7899-MQAZP,Male,0,No,No,27,Yes,No,DSL,Yes,No,No,No,Yes,Yes,Two year,No,Mailed check,99.19,2738.85,Yes,2024-09-13
9300-CUBNV,Male,0,Yes,No,4,Yes,No,No,No internet service,No internet service,No internet service,No internet service,No internet service,No internet service,Month-to-month,Yes,Electronic check,48.78,191.3,Yes,2024-09-13
2824-AIEHD,Male,0,No,No,9,Yes,Yes,No,No internet service,No internet service,No internet service,No internet service,No internet service,No internet service,One year,Yes,Electronic check,60.73,540.34,No,2024-09-13
6844-CPQEQ,Female,0,No,Yes,15,Yes,No,DSL,Yes,No,No,Yes,Yes,No,One year,Yes,Electronic check,106.68,1613.35,Yes,2024-09-13
8126-EFRBE,Female,0,Yes,Yes,54,Yes,Yes,No,No internet service,No internet service,No internet service,No internet service,No internet service,No internet service,Two year,Yes,Bank transfer (automatic),55.79,2935.51,No,2024-09-13
6873-SLPZH,Female,0,Yes,No,40,Yes,Yes,Fiber optic,No,Yes,Yes,No,Yes,No,Two year,Yes,Credit card (automatic),147.83,5907.71,Yes,2024-09-13
3519-SJHJJ,Male,1,No,No,42,No,No phone service,No,No internet service,No internet service,No internet service,No internet service,No internet service,No internet service,Month-to-month,Yes,Mailed check,19.96,851.74,Yes,2024-09-13
5034-KOMYN,Male,0,No,No,63,Yes,No,DSL,No,No,No,No,No,No,Month-to-month,No,Bank transfer (automatic),90.45,5695.77,No,2024-09-13
8279-NWGIA,Male,0,No,Yes,28,Yes,No,Fiber optic,No,No,Yes,No,Yes,No,Month-to-month,Yes,Electronic check,147.95,4068.67,Yes,2024-09-13
6676-UGHYS,Male,0,No,No,18,Yes,No,Fiber optic,No,No,No,No,No,Yes,Month-to-month,Yes,Mailed check,127.5,2279.7,No,2024-09-13
9564-HLYUQ,Male,0,No,Yes,11,Yes,Yes,Fiber optic,Yes,Yes,Yes,No,Yes,Yes,One year,Yes,Electronic check,175.69,1957.53,Yes,2024-09-13
5654-VVVWQ,Male,0,Yes,Yes,41,Yes,No,DSL,No,No,Yes,No,No,Yes,One year,No,Credit card (automatic),115.12,4679.22,No,2024-09-13
5403-PPTGX,Female,0,No,No,59,Yes,No,Fiber optic,No,No,No,No,No,Yes,One year,No,Electronic check,130.05,7558.27,No,2024-09-13
5650-TGCFP,Female,0,Yes,No,37,Yes,No,DSL,No,Yes,No,Yes,Yes,Yes,Month-to-month,Yes,Mailed check,125.72,4519.45,Yes,2024-09-13
8197-IQQCW,Male,0,No,No,19,Yes,No,Fiber optic,Yes,Yes,No,Yes,No,No,Two year,Yes,Electronic check,131.04,2507.03,Yes,2024-09-13
1778-TVIDF,Male,0,No,No,25,Yes,Yes,Fiber optic,Yes,Yes,No,No,No,Yes,Two year,Yes,Mailed check,157.84,3883.36,No,2024-09-13
9085-KCLCS,Male,0,No,Yes,33,Yes,Yes,Fiber optic,Yes,No,No,No,Yes,Yes,One year,Yes,Mailed check,158.41,5220.98,Yes,2024-09-13
3733-ASNRD,Female,0,Yes,No,7,Yes,Yes,No,No internet service,No internet service,No internet service,No internet service,No internet service,No internet service,Month-to-month,No,Mailed check,62.02,437.77,Yes,2024-09-13
4811-CRQKG,Female,0,Yes,No,51,Yes,Yes,DSL,No,No,Yes,Yes,Yes,Yes,One year,Yes,Bank transfer (automatic),134.7,6964.58,No,2024-09-13
9518-MDLVB,Male,0,Yes,No,46,Yes,No,Fiber optic,Yes,Yes,No,Yes,Yes,Yes,Month-to-month,Yes,Bank transfer (automatic),166.99,7621.93,Yes,2024-09-13
2857-ISTCU,Male,0,Yes,No,41,Yes,No,No,No internet service,No internet service,No internet service,No internet service,No internet service,No internet service,Month-to-month,Yes,Bank transfer (automatic),40.67,1673.5,Yes,2024-09-13
9189-ZBHQB,Male,0,Yes,Yes,34,Yes,Yes,No,No internet service,No internet service,No internet service,No internet service,No internet service,No internet service,Two year,Yes,Bank transfer (automatic),56.54,1915.29,No,2024-09-13
4377-MIHRE,Male,0,Yes,No,21,No,No phone service,DSL,Yes,No,Yes,No,No,Yes,One year,Yes,Electronic check,95.09,2038.22,Yes,2024-09-13
8163-EXNAU,Male,0,No,No,51,Yes,Yes,No,No internet service,No internet service,No internet service,No internet service,No internet service,No internet service,Month-to-month,No,Bank transfer (automatic),67.02,3458.55,Yes,2024-09-13
2177-EFTDA,Female,0,No,Yes,24,Yes,No,Fiber optic,Yes,No,No,No,No,Yes,One year,Yes,Mailed check,133.11,3203.05,No,2024-09-13
3331-QUXKJ,Male,0,Yes,Yes,36,Yes,Yes,Fiber optic,No,No,Yes,Yes,Yes,Yes,One year,No,Electronic check,174.73,6158.72,Yes,2024-09-13
1071-JXIKY,Female,0,No,No,24,Yes,Yes,Fiber optic,No,Yes,No,Yes,No,No,Month-to-month,Yes,Credit card (automatic),155.73,3714.5,Yes,2024-09-13
9854-MLMIK,Male,0,No,No,58,Yes,No,Fiber optic,No,No,No,No,Yes,No,Month-to-month,No,Credit card (automatic),142.87,8265.75,Yes,2024-09-13
8189-DGNNE,Female,0,No,No,8,Yes,Yes,Fiber optic,No,No,No,No,No,No,Two year,Yes,Bank transfer (automatic),117.57,915.49,Yes,2024-09-13
2671-PHAGZ,Male,0,No,No,11,Yes,No,Fiber optic,No,No,Yes,Yes,No,No,Two year,Yes,Bank transfer (automatic),136.2,1509.47,Yes,2024-09-13
9797-JQRUS,Male,0,Yes,No,67,Yes,Yes,Fiber optic,No,No,No,No,No,No,One year,Yes,Electronic check,121.68,8274.41,Yes,2024-09-13
4953-KJUDW,Female,0,Yes,No,28,Yes,No,Fiber optic,No,Yes,No,No,Yes,Yes,One year,Yes,Mailed check,145.12,4125.61,No,2024-09-13
7609-UBMYA,Male,0,No,Yes,30,Yes,No,Fiber optic,No,No,No,No,Yes,Yes,Month-to-month,Yes,Credit card (automatic),151.44,4641.74,Yes,2024-09-13
4349-WJIUQ,Male,0,Yes,No,49,Yes,Yes,DSL,No,Yes,Yes,No,No,No,Month-to-month,Yes,Bank transfer (automatic),126.43,6081.28,Yes,2024-09-13
2372-IZBGX,Male,0,No,Yes,27,Yes,No,Fiber optic,No,Yes,No,Yes,No,Yes,One year,No,Bank transfer (automatic),153.79,4244.36,No,2024-09-13
1194-LAULZ,Female,0,Yes,Yes,35,Yes,No,No,No internet service,No internet service,No internet service,No internet service,No internet service,No internet service,Two year,Yes,Mailed check,34.4,1224.7,Yes,2024-09-13
6929-CFUIG,Male,0,Yes,Yes,63,Yes,No,No,No internet service,No internet service,No internet service,No internet service,No internet service,No internet service,Month-to-month,Yes,Credit card (automatic),56.53,3661.23,Yes,2024-09-13
4544-MMIGT,Male,0,Yes,Yes,11,Yes,Yes,Fiber optic,No,No,No,Yes,Yes,No,One year,No,Bank transfer (automatic),158.69,1778.79,No,2024-09-13
5529-GAYCH,Female,1,Yes,No,20,Yes,No,Fiber optic,No,No,No,Yes,Yes,No,One year,No,Bank transfer (automatic),139.28,2751.88,Yes,2024-09-13
1300-AWXFS,Male,0,Yes,No,16,Yes,Yes,No,No internet service,No internet service,No internet service,No internet service,No internet service,No internet service,Month-to-month,Yes,Credit card (automatic),61.75,1002.05,Yes,2024-09-13
9330-ODATU,Female,1,Yes,Yes,14,Yes,No,DSL,No,No,No,Yes,Yes,Yes,Month-to-month,No,Bank transfer (automatic),108.93,1520.55,Yes,2024-09-13
8952-SRZTA,Female,0,No,No,14,Yes,Yes,DSL,Yes,No,No,No,Yes,No,Month-to-month,No,Credit card (automatic),123.59,1746.0,No,2024-09-13
7435-BFWFH,Male,0,No,No,37,Yes,No,Fiber optic,Yes,Yes,No,Yes,No,Yes,One year,No,Mailed check,148.28,5516.31,Yes,2024-09-13
4711-DTHVN,Female,1,No,Yes,9,Yes,No,DSL,Yes,Yes,Yes,No,Yes,No,Month-to-month,Yes,Mailed check,129.51,1198.06,No,2024-09-13
7867-COLZK,Male,0,Yes,No,16,Yes,No,No,No internet service,No internet service,No internet service,No internet service,No internet service,No internet service,Month-to-month,No,Mailed check,35.08,576.83,Yes,2024-09-13
7879-OCBPC,Male,0,Yes,Yes,47,Yes,Yes,DSL,No,Yes,No,No,Yes,No,Month-to-month,Yes,Electronic check,136.73,6550.51,Yes,2024-09-13
6294-SQQHP,Male,0,No,No,25,Yes,No,Fiber optic,No,Yes,No,No,Yes,Yes,One year,No,Electronic check,145.3,3694.97,No,2024-09-14
7368-YHHQL,Female,0,Yes,No,22,Yes,Yes,Fiber optic,No,No,Yes,No,Yes,Yes,Month-to-month,Yes,Bank transfer (automatic),170.7,3715.94,Yes,2024-09-14
6243-XQSFH,Female,0,No,No,9,Yes,Yes,Fiber optic,Yes,Yes,No,No,Yes,Yes,Two year,Yes,Mailed check,154.68,1426.48,Yes,2024-09-14
7249-YVVKE,Female,0,Yes,No,48,Yes,Yes,DSL,No,No,No,Yes,Yes,Yes,Month-to-month,Yes,Mailed check,139.36,6658.38,Yes,2024-09-14
1356-XAAMC,Female,1,No,Yes,50,No,No phone service,No,No internet service,No internet service,No internet service,No internet service,No internet service,No internet service,One year,Yes,Electronic check,18.5,916.36,Yes,2024-09-14
9076-WGZXM,Male,0,Yes,No,31,Yes,Yes,No,No internet service,No internet service,No internet service,No internet service,No internet service,No internet service,Two year,No,Credit card (automatic),48.57,1526.44,No,2024-09-14
9996-BHGLP,Female,1,No,No,36,Yes,Yes,DSL,No,No,Yes,Yes,Yes,No,Month-to-month,Yes,Credit card (automatic),137.21,5026.11,No,2024-09-14
8912-ZHYBQ,Male,0,Yes,No,37,Yes,Yes,Fiber optic,No,Yes,No,No,No,Yes,Month-to-month,No,Bank transfer (automatic),171.43,6178.41,Yes,2024-09-14
3236-SVDQU,Male,0,No,No,25,Yes,No,No,No internet service,No internet service,No internet service,No internet service,No internet service,No internet service,Month-to-month,No,Bank transfer (automatic),42.56,1034.73,Yes,2024-09-14
6438-LOHPZ,Female,0,Yes,Yes,24,Yes,Yes,Fiber optic,No,No,No,No,Yes,No,Month-to-month,Yes,Bank transfer (automatic),157.43,3774.33,Yes,2024-09-14
7581-NGRUD,Female,0,Yes,Yes,15,No,No phone service,Fiber optic,No,No,No,Yes,Yes,Yes,Month-to-month,Yes,Credit card (automatic),132.49,1935.51,Yes,2024-09-14
4989-FEWWK,Female,0,No,Yes,2,Yes,Yes,Fiber optic,No,Yes,No,Yes,Yes,Yes,One year,Yes,Electronic check,166.7,335.31,Yes,2024-09-14
2252-UEZMM,Female,0,No,No,34,Yes,Yes,No,No internet service,No internet service,No internet service,No internet service,No internet service,No internet service,One year,Yes,Bank transfer (automatic),57.39,1938.66,No,2024-09-14
4866-WMNTW,Female,0,Yes,No,45,Yes,Yes,No,No internet service,No internet service,No internet service,No internet service,No internet service,No internet service,One year,Yes,Credit card (automatic),54.43,2471.16,No,2024-09-14
9190-EVPNC,Female,0,Yes,No,33,Yes,No,No,No internet service,No internet service,No internet service,No internet service,No internet service,No internet service,Month-to-month,Yes,Credit card (automatic),44.77,1495.1,Yes,2024-09-14
2262-GMRNJ,Male,0,Yes,No,24,Yes,No,DSL,Yes,No,Yes,Yes,No,No,Month-to-month,No,Electronic check,130.83,3049.81,Yes,2024-09-14
8075-RMBEA,Male,0,No,No,45,Yes,Yes,Fiber optic,Yes,No,Yes,No,No,Yes,One year,No,Bank transfer (automatic),159.73,7164.07,No,2024-09-14
3923-NKFHH,Female,0,Yes,No,22,Yes,No,No,No internet service,No internet service,No internet service,No internet service,No internet service,No internet service,Month-to-month,Yes,Bank transfer (automatic),37.08,809.37,Yes,2024-09-14
3216-NBCXB,Male,0,No,No,55,Yes,No,DSL,Yes,No,Yes,No,Yes,Yes,Month-to-month,No,Credit card (automatic),122.13,6582.65,No,2024-09-14
4138-NMKMJ,Male,1,Yes,Yes,6,Yes,No,Fiber optic,No,Yes,No,No,Yes,No,Month-to-month,Yes,Electronic check,137.88,815.32,Yes,2024-09-14
6480-XCXLT,Female,0,Yes,No,23,Yes,No,Fiber optic,Yes,Yes,No,No,Yes,No,Month-to-month,Yes,Bank transfer (automatic),137.06,3078.29,Yes,2024-09-14
5190-UTEAE,Female,0,No,No,45,Yes,Yes,DSL,No,Yes,Yes,No,Yes,Yes,Month-to-month,Yes,Bank transfer (automatic),140.94,6487.69,Yes,2024-09-14
2546-LIIEN,Female,0,Yes,No,8,Yes,Yes,Fiber optic,No,Yes,Yes,No,Yes,Yes,Month-to-month,No,Credit card (automatic),173.19,1365.83,Yes,2024-09-14
1982-CNEZJ,Female,0,No,No,33,Yes,Yes,Fiber optic,Yes,Yes,Yes,No,Yes,Yes,Month-to-month,Yes,Electronic check,186.11,6073.85,Yes,2024-09-14
2121-KSOZE,Female,0,No,Yes,7,Yes,No,DSL,Yes,Yes,No,Yes,No,Yes,Month-to-month,Yes,Bank transfer (automatic),130.45,893.45,Yes,2024-09-14
3352-PHDCO,Male,0,Yes,No,0,Yes,Yes,DSL,Yes,No,No,No,Yes,Yes,Month-to-month,No,Bank transfer (automatic),136.43,0.0,Yes,2024-09-14
1263-CNDVW,Female,0,Yes,Yes,16,Yes,No,Fiber optic,No,Yes,Yes,No,Yes,No,Month-to-month,Yes,Bank transfer (automatic),158.0,2497.46,Yes,2024-09-14
5647-JKKNC,Male,0,No,No,19,Yes,No,DSL,No,No,No,No,No,No,One year,Yes,Mailed check,91.22,1713.79,No,2024-09-14
9623-SUITV,Female,0,No,No,42,Yes,Yes,DSL,Yes,Yes,Yes,No,No,Yes,One year,No,Mailed check,140.52,5816.7,No,2024-09-14
7521-ZBXIP,Male,1,Yes,No,19,Yes,Yes,No,No internet service,No internet service,No internet service,No internet service,No internet service,No internet service,One year,Yes,Bank transfer (automatic),62.32,1199.37,Yes,2024-09-14
9782-DGMFK,Male,0,No,Yes,15,Yes,Yes,DSL,No,Yes,Yes,No,Yes,No,One year,Yes,Electronic check,133.3,2022.32,No,2024-09-14
8732-ZBWSA,Female,0,Yes,Yes,59,Yes,No,DSL,No,No,No,No,Yes,No,Two year,Yes,Electronic check,90.08,5386.08,No,2024-09-14
6913-VYIFX,Female,0,No,No,21,Yes,Yes,Fiber optic,No,Yes,Yes,No,Yes,No,Month-to-month,No,Credit card (automatic),176.96,3749.56,Yes,2024-09-14
1520-ETZHF,Male,0,No,No,49,Yes,Yes,DSL,Yes,No,No,No,Yes,No,One year,Yes,Bank transfer (automatic),120.75,5759.59,No,2024-09-14
7627-YMAMA,Female,0,No,No,35,Yes,No,DSL,No,No,No,No,Yes,No,Month-to-month,Yes,Credit card (automatic),102.89,3683.48,Yes,2024-09-14
5751-HGRMR,Female,0,No,No,44,Yes,No,Fiber optic,No,No,Yes,No,No,Yes,Month-to-month,No,Electronic check,136.08,5921.18,Yes,2024-09-14
6441-QGALX,Male,0,Yes,Yes,45,Yes,No,Fiber optic,No,No,No,No,No,No,One year,No,Electronic check,127.15,5557.31,No,2024-09-14
6628-OPINO,Male,0,Yes,No,63,Yes,No,Fiber optic,No,No,Yes,Yes,Yes,No,Month-to-month,No,Credit card (automatic),158.02,10195.5,No,2024-09-14
5110-TUSEX,Female,0,No,No,16,Yes,Yes,Fiber optic,No,Yes,No,No,Yes,No,Month-to-month,No,Electronic check,166.56,2740.23,Yes,2024-09-14
4196-KQSGA,Male,0,No,No,37,Yes,No,Fiber optic,No,Yes,No,Yes,No,Yes,One year,Yes,Electronic check,148.4,5346.68,No,2024-09-14
8736-ZDTYY,Female,0,Yes,Yes,32,No,No phone service,DSL,Yes,No,No,No,No,Yes,Month-to-month,No,Credit card (automatic),89.65,2872.21,No,2024-09-14
7398-FBSBG,Female,0,No,No,53,Yes,Yes,Fiber optic,Yes,Yes,No,No,Yes,No,One year,Yes,Credit card (automatic),156.48,8252.78,Yes,2024-09-14
1171-XOGLG,Male,0,Yes,No,26,Yes,Yes,Fiber optic,Yes,No,No,No,Yes,Yes,Month-to-month,Yes,Mailed check,178.62,4527.22,Yes,2024-09-14
5249-YXUUE,Male,0,Yes,No,5,Yes,No,DSL,No,Yes,Yes,No,Yes,No,Month-to-month,No,Mailed check,112.73,574.15,Yes,2024-09-14
8888-POWBF,Female,1,No,Yes,27,No,No phone service,DSL,No,Yes,Yes,No,Yes,No,Month-to-month,Yes,Electronic check,83.38,2315.63,Yes,2024-09-14
1657-NZWDK,Male,0,Yes,No,59,Yes,No,No,No internet service,No internet service,No internet service,No internet service,No internet service,No internet service,Two year,No,Bank transfer (automatic),32.35,1923.61,Yes,2024-09-14
8728-FJAKS,Male,0,Yes,No,55,Yes,No,DSL,No,Yes,Yes,No,No,Yes,Month-to-month,Yes,Electronic check,121.05,6805.3,Yes,2024-09-14
6917-GIFKH,Female,0,No,Yes,35,Yes,No,Fiber optic,No,Yes,Yes,No,Yes,No,Month-to-month,No,Bank transfer (automatic),157.56,5448.81,Yes,2024-09-14
7384-MQVEA,Female,1,No,No,37,No,No phone service,DSL,No,No,No,Yes,No,No,Month-to-month,No,Mailed check,72.53,2668.73,Yes,2024-09-14
6296-CBORH,Female,0,Yes,No,29,Yes,No,No,No internet service,No internet service,No internet service,No internet service,No internet service,No internet service,Month-to-month,No,Electronic check,49.43,1392.72,Yes,2024-09-14
7927-XIWZQ,Female,0,No,Yes,54,Yes,No,DSL,No,Yes,No,Yes,Yes,Yes,One year,Yes,Credit card (automatic),122.13,6406.42,Yes,2024-09-14
8572-FWEZW,Female,1,Yes,No,30,Yes,Yes,No,No internet service,No internet service,No internet service,No internet service,No internet service,No internet service,Month-to-month,Yes,Mailed check,72.46,2175.24,No,2024-09-15
5930-MSBMT,Male,0,No,No,36,Yes,Yes,DSL,No,No,Yes,Yes,Yes,Yes,One year,Yes,Credit card (automatic),131.03,4581.48,No,2024-09-15
9468-MXENU,Female,1,No,Yes,35,Yes,No,DSL,No,No,No,No,Yes,Yes,Month-to-month,Yes,Mailed check,111.51,3879.7,Yes,2024-09-15
4121-DNIYL,Male,0,Yes,No,45,Yes,Yes,No,No internet service,No internet service,No internet service,No internet service,No internet service,No internet service,Two year,Yes,Mailed check,46.16,2123.72,No,2024-09-15
2259-FJZGE,Male,0,No,No,35,No,No phone service,Fiber optic,Yes,No,No,No,No,Yes,One year,No,Credit card (automatic),109.91,3860.25,No,2024-09-15
9682-VSOPH,Female,0,Yes,No,20,Yes,No,No,No internet service,No internet service,No internet service,No internet service,No internet service,No internet service,Month-to-month,No,Electronic check,39.57,786.96,Yes,2024-09-15
4542-VSFXA,Male,1,No,No,59,Yes,Yes,No,No internet service,No internet service,No internet service,No internet service,No internet service,No internet service,Month-to-month,Yes,Mailed check,59.18,3522.13,No,2024-09-15
4483-TBKCI,Female,0,Yes,No,30,Yes,No,Fiber optic,No,No,Yes,Yes,Yes,No,Month-to-month,Yes,Mailed check,154.19,4528.27,Yes,2024-09-15
7025-CTVEK,Male,1,No,Yes,11,Yes,No,DSL,No,Yes,No,No,Yes,No,One year,No,Mailed check,109.56,1230.8,Yes,2024-09-15
6543-GTTXE,Female,0,No,Yes,30,Yes,Yes,Fiber optic,No,No,No,No,Yes,No,One year,No,Mailed check,153.31,4516.06,No,2024-09-15
2505-MYXTH,Female,1,No,Yes,60,Yes,No,No,No internet service,No internet service,No internet service,No internet service,No internet service,No internet service,Month-to-month,Yes,Bank transfer (automatic),35.52,2147.65,Yes,2024-09-15
8908-FOMIH,Male,0,No,No,57,No,No phone service,No,No internet service,No internet service,No internet service,No internet service,No internet service,No internet service,Month-to-month,Yes,Electronic check,20.34,1193.64,Yes,2024-09-15
6575-LYHPR,Male,0,Yes,No,49,Yes,Yes,Fiber optic,No,No,No,No,Yes,Yes,Two year,Yes,Electronic check,145.89,7061.81,Yes,2024-09-15
3248-XSKBU,Female,0,No,No,46,Yes,No,No,No internet service,No internet service,No internet service,No internet service,No internet service,No internet service,Month-to-month,No,Bank transfer (automatic),46.51,2130.28,Yes,2024-09-15
3367-PFMZY,Male,0,Yes,No,12,Yes,No,DSL,No,No,Yes,No,No,Yes,Month-to-month,No,Credit card (automatic),118.89,1390.41,Yes,2024-09-15
6777-AIDCO,Female,0,Yes,No,25,Yes,No,Fiber optic,Yes,Yes,Yes,No,No,Yes,Month-to-month,No,Electronic check,157.19,3879.0,Yes,2024-09-15
5598-XGQKO,Female,0,No,No,36,Yes,Yes,DSL,No,No,Yes,Yes,Yes,Yes,One year,No,Credit card (automatic),146.92,5320.35,No,2024-09-15
1204-BDMJD,Male,0,No,No,63,Yes,Yes,DSL,Yes,Yes,No,Yes,No,No,One year,Yes,Mailed check,130.38,8078.47,Yes,2024-09-15
1892-ZHBTZ,Male,0,No,Yes,43,No,No phone service,DSL,Yes,No,No,No,No,Yes,Month-to-month,Yes,Bank transfer (automatic),88.59,3922.46,Yes,2024-09-15
5036-BMZKJ,Female,0,No,Yes,18,Yes,No,No,No internet service,No internet service,No internet service,No internet service,No internet service,No internet service,Month-to-month,Yes,Bank transfer (automatic),54.93,998.58,Yes,2024-09-15
7214-SOUGF,Male,0,No,Yes,34,No,No phone service,Fiber optic,Yes,Yes,Yes,No,Yes,No,Month-to-month,Yes,Mailed check,130.78,4442.64,Yes,2024-09-15
6714-UQEYR,Male,0,No,No,14,Yes,No,Fiber optic,Yes,Yes,No,Yes,Yes,Yes,Two year,No,Credit card (automatic),158.62,2195.25,No,2024-09-15
6941-UMRQB,Female,0,Yes,No,38,Yes,No,Fiber optic,No,No,No,No,No,Yes,Month-to-month,Yes,Credit card (automatic),141.02,5460.89,Yes,2024-09-15
7907-CXHAD,Male,0,No,Yes,12,Yes,No,DSL,No,Yes,No,Yes,Yes,Yes,One year,Yes,Electronic check,125.9,1512.61,Yes,2024-09-15
9598-RCMXK,Female,0,Yes,No,30,Yes,Yes,DSL,Yes,No,No,No,Yes,Yes,One year,Yes,Mailed check,130.63,3890.33,Yes,2024-09-15
3757-TDCRV,Female,0,Yes,No,24,Yes,Yes,No,No internet service,No internet service,No internet service,No internet service,No internet service,No internet service,Month-to-month,No,Mailed check,60.76,1441.27,Yes,2024-09-15
3822-RXWDN,Female,0,No,No,38,No,No phone service,Fiber optic,No,Yes,No,Yes,Yes,Yes,One year,Yes,Bank transfer (automatic),130.17,5035.87,No,2024-09-15
7064-TSAUJ,Female,0,Yes,Yes,26,Yes,No,No,No internet service,No internet service,No internet service,No internet service,No internet service,No internet service,One year,No,Bank transfer (automatic),31.85,851.51,Yes,2024-09-15
8142-PFWYR,Male,0,Yes,Yes,33,Yes,Yes,Fiber optic,Yes,No,No,Yes,Yes,Yes,Two year,No,Mailed check,153.69,5164.04,No,2024-09-15
7386-PUHJM,Male,0,No,Yes,40,No,No phone service,Fiber optic,No,No,Yes,No,No,No,Month-to-month,Yes,Electronic check,105.32,4257.94,Yes,2024-09-15
1570-XXLHJ,Female,0,Yes,No,39,Yes,Yes,Fiber optic,Yes,Yes,Yes,No,Yes,No,Month-to-month,No,Bank transfer (automatic),177.54,6772.04,Yes,2024-09-15
8065-DUDMT,Female,0,No,Yes,52,Yes,No,DSL,No,No,No,No,No,No,Month-to-month,No,Credit card (automatic),85.94,4499.54,No,2024-09-15
3917-AZTYY,Female,0,No,No,43,Yes,No,No,No internet service,No internet service,No internet service,No internet service,No internet service,No internet service,One year,Yes,Electronic check,43.1,1891.63,No,2024-09-15
6212-KTSNB,Female,0,Yes,Yes,21,Yes,Yes,No,No internet service,No internet service,No internet service,No internet service,No internet service,No internet service,One year,No,Mailed check,57.35,1207.25,No,2024-09-15
4245-AANSL,Male,0,Yes,No,41,No,No phone service,Fiber optic,Yes,Yes,No,No,Yes,Yes,Month-to-month,No,Electronic check,139.53,5664.12,Yes,2024-09-15
7556-BPXHT,Female,1,No,No,37,Yes,Yes,DSL,No,Yes,Yes,No,No,No,Month-to-month,Yes,Electronic check,128.27,4610.82,Yes,2024-09-15
8456-JETAA,Male,0,No,No,48,Yes,Yes,Fiber optic,No,No,No,Yes,Yes,Yes,One year,Yes,Electronic check,149.18,7330.5,No,2024-09-15
7483-NRDPC,Female,0,No,No,31,Yes,No,Fiber optic,Yes,No,No,Yes,No,No,Month-to-month,Yes,Bank transfer (automatic),146.12,4584.14,Yes,2024-09-15
5858-KOGWT,Female,0,No,Yes,36,Yes,No,No,No internet service,No internet service,No internet service,No internet service,No internet service,No internet service,Month-to-month,Yes,Electronic check,51.47,1868.76,Yes,2024-09-15
3503-TYNBN,Male,0,No,No,4,Yes,No,Fiber optic,No,Yes,No,No,Yes,Yes,Two year,Yes,Bank transfer (automatic),129.96,519.57,Yes,2024-09-15
6350-PIDKY,Male,0,No,No,43,No,No phone service,DSL,Yes,Yes,No,No,Yes,No,Month-to-month,No,Mailed check,92.91,4075.63,Yes,2024-09-16
2042-RNZFC,Male,0,No,Yes,10,Yes,No,DSL,No,Yes,No,Yes,Yes,No,One year,Yes,Mailed check,111.95,1146.11,Yes,2024-09-16
6610-WFHYD,Female,0,Yes,No,32,Yes,No,Fiber optic,No,Yes,No,Yes,Yes,Yes,Month-to-month,No,Bank transfer (automatic),171.76,5628.26,Yes,2024-09-16
1254-MYZAK,Female,0,Yes,Yes,59,Yes,No,DSL,No,Yes,Yes,No,Yes,No,One year,Yes,Mailed check,113.25,6536.99,No,2024-09-16
9497-IMQOK,Female,0,No,Yes,35,Yes,Yes,DSL,No,No,No,Yes,No,Yes,Month-to-month,Yes,Electronic check,127.49,4487.43,Yes,2024-09-16
3096-GZMAM,Male,0,No,Yes,37,Yes,Yes,Fiber optic,No,Yes,No,No,Yes,Yes,Two year,Yes,Bank transfer (automatic),162.65,6193.55,Yes,2024-09-16
3090-GAEGY,Male,1,No,Yes,41,No,No phone service,DSL,Yes,No,Yes,No,Yes,Yes,Two year,Yes,Mailed check,92.48,3848.84,No,2024-09-16
3484-LOIIB,Male,0,No,Yes,22,Yes,No,DSL,Yes,Yes,Yes,No,Yes,Yes,Month-to-month,Yes,Mailed check,139.35,3089.75,No,2024-09-16
8640-RWKTO,Male,0,Yes,Yes,26,Yes,Yes,Fiber optic,No,No,No,No,No,Yes,Month-to-month,Yes,Bank transfer (automatic),153.34,3936.75,Yes,2024-09-16
4724-GJMVI,Male,0,Yes,No,29,Yes,No,DSL,No,No,No,No,Yes,Yes,Month-to-month,No,Mailed check,116.94,3325.1,No,2024-09-16
9477-RRBPG,Male,0,Yes,Yes,24,Yes,No,Fiber optic,No,No,No,Yes,Yes,No,Two year,Yes,Electronic check,123.17,2877.22,Yes,2024-09-16
2745-WIABQ,Male,0,No,No,42,Yes,No,DSL,No,Yes,Yes,Yes,No,Yes,Month-to-month,Yes,Mailed check,120.28,4964.35,Yes,2024-09-16
9694-YSMKP,Female,0,Yes,No,58,Yes,Yes,Fiber optic,No,No,No,No,No,No,One year,No,Mailed check,131.92,7601.49,Yes,2024-09-16
1691-XUYCV,Male,0,Yes,No,42,Yes,Yes,No,No internet service,No internet service,No internet service,No internet service,No internet service,No internet service,Month-to-month,Yes,Electronic check,59.16,2491.49,Yes,2024-09-16
9827-TGKAB,Male,0,No,No,43,Yes,No,Fiber optic,No,No,No,No,Yes,Yes,One year,Yes,Electronic check,139.55,6034.93,No,2024-09-16
8328-OOQBA,Female,0,No,No,20,Yes,No,No,No internet service,No internet service,No internet service,No internet service,No internet service,No internet service,Month-to-month,Yes,Bank transfer (automatic),39.67,793.74,Yes,2024-09-16
7356-DHKNC,Male,0,Yes,No,19,Yes,Yes,No,No internet service,No internet service,No internet service,No internet service,No internet service,No internet service,Month-to-month,No,Mailed check,55.51,1043.63,No,2024-09-16
7754-DYKEI,Male,0,Yes,Yes,2,Yes,Yes,Fiber optic,No,Yes,No,Yes,No,No,One year,Yes,Electronic check,148.81,292.13,Yes,2024-09-16
6117-BTJDI,Male,0,No,No,5,Yes,Yes,Fiber optic,Yes,No,No,No,Yes,Yes,One year,Yes,Mailed check,155.3,756.2,No,2024-09-16
8009-CCZLY,Female,0,Yes,No,59,Yes,No,Fiber optic,Yes,No,No,Yes,No,Yes,Two year,Yes,Electronic check,138.69,8020.35,Yes,2024-09-16
7633-ZYXDO,Male,0,Yes,No,38,Yes,No,Fiber optic,Yes,Yes,No,Yes,Yes,Yes,Month-to-month,Yes,Electronic check,168.89,6359.39,Yes,2024-09-16
4263-QYGAA,Male,0,Yes,Yes,39,Yes,Yes,No,No internet service,No internet service,No internet service,No internet service,No internet service,No internet service,Month-to-month,No,Bank transfer (automatic),57.27,2296.48,Yes,2024-09-16
1467-EZXQL,Male,0,Yes,No,43,Yes,Yes,Fiber optic,No,No,Yes,No,Yes,No,One year,Yes,Electronic check,157.81,6603.39,Yes,2024-09-16
3401-RHAJJ,Female,0,No,Yes,61,No,No phone service,Fiber optic,Yes,Yes,No,Yes,No,No,Month-to-month,Yes,Bank transfer (automatic),121.97,7301.58,No,2024-09-16
7651-TFTMC,Male,1,Yes,Yes,48,Yes,No,DSL,No,No,No,Yes,No,No,Month-to-month,Yes,Electronic check,106.34,5160.27,Yes,2024-09-16
3474-INPQY,Male,0,No,No,25,Yes,No,Fiber optic,No,No,Yes,No,Yes,Yes,Month-to-month,Yes,Electronic check,143.55,3607.34,Yes,2024-09-16
8353-MSIZA,Female,0,Yes,Yes,25,Yes,No,DSL,Yes,No,Yes,Yes,No,Yes,Month-to-month,Yes,Electronic check,130.14,3278.27,Yes,2024-09-16
1094-ZJGZI,Male,0,No,No,11,Yes,No,DSL,No,Yes,Yes,No,Yes,No,Month-to-month,No,Mailed check,113.1,1232.65,Yes,2024-09-16
3910-IGYYZ,Female,0,Yes,No,11,Yes,No,Fiber optic,No,No,No,No,No,Yes,One year,Yes,Mailed check,121.72,1310.14,No,2024-09-16
7986-MOKOH,Male,0,Yes,No,14,Yes,No,Fiber optic,No,No,Yes,Yes,Yes,Yes,One year,No,Electronic check,147.83,2028.17,No,2024-09-16
7898-TPKAY,Female,0,No,No,11,Yes,Yes,DSL,No,Yes,Yes,Yes,No,Yes,One year,Yes,Electronic check,134.15,1445.74,Yes,2024-09-16
9162-XEMPZ,Male,0,Yes,No,13,Yes,Yes,Fiber optic,Yes,Yes,No,No,Yes,Yes,One year,Yes,Credit card (automatic),161.09,2056.54,No,2024-09-16
3041-SHUBO,Male,0,Yes,Yes,11,Yes,Yes,Fiber optic,No,No,No,No,No,No,One year,Yes,Mailed check,136.11,1504.41,Yes,2024-09-16
6475-UNEHN,Male,1,No,No,18,Yes,No,DSL,Yes,No,Yes,No,No,Yes,Two year,No,Bank transfer (automatic),110.04,1931.72,Yes,2024-09-16
3835-RKBYF,Female,0,No,Yes,23,Yes,No,DSL,No,No,Yes,Yes,No,No,Month-to-month,Yes,Electronic check,121.35,2761.67,Yes,2024-09-16
6453-LSVTK,Female,0,Yes,No,58,Yes,Yes,Fiber optic,Yes,Yes,No,Yes,Yes,No,One year,No,Bank transfer (automatic),163.47,9409.89,No,2024-09-16
4345-XAESI,Male,0,No,Yes,20,Yes,Yes,Fiber optic,Yes,Yes,No,No,No,Yes,One year,No,Bank transfer (automatic),155.75,3181.26,No,2024-09-16
9049-WEVTI,Male,0,Yes,No,40,Yes,Yes,DSL,No,No,No,No,Yes,No,Month-to-month,Yes,Credit card (automatic),128.58,5053.78,No,2024-09-16
7491-VUGAA,Female,1,No,No,35,Yes,No,Fiber optic,Yes,Yes,No,No,No,Yes,One year,Yes,Credit card (automatic),138.11,4824.7,Yes,2024-09-16
4867-XADYC,Female,1,No,No,27,Yes,No,Fiber optic,No,No,No,Yes,No,Yes,One year,No,Electronic check,130.39,3466.92,No,2024-09-16
6279-TBRCA,Female,0,No,No,20,Yes,Yes,No,No internet service,No internet service,No internet service,No internet service,No internet service,No internet service,Month-to-month,Yes,Mailed check,71.27,1456.9,No,2024-09-16
6987-OSXPP,Male,0,No,Yes,47,Yes,Yes,No,No internet service,No internet service,No internet service,No internet service,No internet service,No internet service,One year,No,Credit card (automatic),59.79,2802.15,No,2024-09-17
6922-LCOSA,Female,0,No,No,55,Yes,Yes,DSL,Yes,No,No,No,Yes,No,Month-to-month,No,Electronic check,131.85,7233.42,Yes,2024-09-17
5893-QEOMG,Female,0,No,No,28,Yes,Yes,No,No internet service,No internet service,No internet service,No internet service,No internet service,No internet service,Two year,No,Bank transfer (automatic),60.6,1738.71,Yes,2024-09-17
1350-RHCSS,Female,0,Yes,No,29,Yes,No,Fiber optic,No,No,No,Yes,No,Yes,Month-to-month,Yes,Mailed check,143.82,4089.48,Yes,2024-09-17
4708-KNGXB,Female,1,No,Yes,34,Yes,Yes,Fiber optic,No,No,No,No,Yes,No,One year,Yes,Bank transfer (automatic),142.29,4697.88,Yes,2024-09-17
7548-RFUUV,Male,1,No,No,31,Yes,Yes,Fiber optic,No,No,Yes,Yes,Yes,Yes,Month-to-month,Yes,Electronic check,182.43,5769.01,Yes,2024-09-17
6253-ZMTBS,Female,0,Yes,No,16,Yes,No,DSL,No,No,Yes,No,No,Yes,Two year,No,Bank transfer (automatic),77.73,1242.7,No,2024-09-17
8767-LYTDW,Male,0,Yes,No,4,Yes,Yes,DSL,Yes,No,No,No,Yes,No,One year,Yes,Mailed check,115.23,472.83,No,2024-09-17
5551-GWLJR,Female,1,No,No,39,Yes,Yes,Fiber optic,Yes,No,Yes,No,Yes,Yes,Month-to-month,Yes,Bank transfer (automatic),172.54,6768.98,Yes,2024-09-17
1815-SQSRS,Male,0,Yes,No,28,Yes,Yes,No,No internet service,No internet service,No internet service,No internet service,No internet service,No internet service,Month-to-month,Yes,Credit card (automatic),60.19,1655.65,Yes,2024-09-17
1979-FLKPQ,Female,0,Yes,No,48,Yes,Yes,Fiber optic,No,Yes,Yes,No,Yes,No,Two year,Yes,Credit card (automatic),144.94,6993.13,No,2024-09-17
6510-RVGWY,Male,0,Yes,No,39,Yes,No,DSL,No,Yes,No,No,Yes,Yes,Month-to-month,Yes,Mailed check,120.7,4733.62,Yes,2024-09-17
9329-UBQEX,Male,0,Yes,No,33,Yes,No,DSL,Yes,No,No,No,Yes,Yes,One year,Yes,Mailed check,107.66,3612.34,Yes,2024-09-17
7843-FYYZA,Male,0,No,No,37,Yes,Yes,Fiber optic,No,Yes,No,No,Yes,No,One year,Yes,Electronic check,150.84,5518.23,Yes,2024-09-17
2093-BLLQN,Male,0,Yes,No,32,Yes,No,Fiber optic,Yes,Yes,No,No,Yes,No,Month-to-month,No,Credit card (automatic),146.09,4649.64,Yes,2024-09-17
5623-UFVEB,Male,1,Yes,Yes,13,Yes,Yes,Fiber optic,No,Yes,No,No,Yes,Yes,Month-to-month,No,Credit card (automatic),169.1,2136.24,Yes,2024-09-17
5774-RXCUQ,Female,0,Yes,No,27,Yes,No,No,No internet service,No internet service,No internet service,No internet service,No internet service,No internet service,Month-to-month,Yes,Credit card (automatic),39.1,1036.28,Yes,2024-09-17
2848-HNPLT,Male,0,Yes,No,23,Yes,No,DSL,No,Yes,No,Yes,Yes,Yes,Month-to-month,No,Credit card (automatic),120.71,2750.14,No,2024-09-17
9157-XCQBG,Female,0,Yes,Yes,20,Yes,No,No,No internet service,No internet service,No internet service,No internet service,No internet service,No internet service,One year,Yes,Credit card (automatic),38.03,750.7,No,2024-09-17
8478-DQNWL,Male,1,No,No,17,Yes,Yes,DSL,Yes,No,No,No,No,Yes,Month-to-month,Yes,Mailed check,149.8,2482.73,Yes,2024-09-17
8981-RPHMB,Male,0,Yes,Yes,10,Yes,No,Fiber optic,No,Yes,No,Yes,Yes,Yes,One year,Yes,Credit card (automatic),158.02,1607.58,No,2024-09-17
5830-PALZY,Female,0,Yes,No,17,Yes,Yes,Fiber optic,Yes,No,Yes,No,Yes,Yes,Month-to-month,Yes,Electronic check,178.11,2976.45,Yes,2024-09-17
5791-QLIHZ,Female,0,Yes,No,12,Yes,Yes,No,No internet service,No internet service,No internet service,No internet service,No internet service,No internet service,Month-to-month,No,Mailed check,57.22,690.36,Yes,2024-09-17
5491-EFZPG,Female,1,No,Yes,46,Yes,No,DSL,No,No,Yes,No,Yes,No,Month-to-month,Yes,Credit card (automatic),108.47,5100.43,Yes,2024-09-17
4688-IMSEH,Female,0,Yes,No,36,Yes,Yes,No,No internet service,No internet service,No internet service,No internet service,No internet service,No internet service,One year,No,Credit card (automatic),65.51,2358.3,No,2024-09-17
7632-XNBEK,Male,1,Yes,Yes,17,Yes,No,Fiber optic,Yes,Yes,Yes,Yes,No,Yes,One year,Yes,Electronic check,163.83,2726.87,No,2024-09-17
2209-PHVOH,Male,1,No,No,27,Yes,No,No,No internet service,No internet service,No internet service,No internet service,No internet service,No internet service,Month-to-month,No,Bank transfer (automatic),35.08,970.09,Yes,2024-09-17
2121-RREZM,Male,0,No,Yes,42,Yes,Yes,Fiber optic,Yes,Yes,Yes,Yes,Yes,Yes,Two year,No,Credit card (automatic),166.82,6825.48,No,2024-09-17
7981-PCDGN,Male,0,Yes,Yes,48,Yes,Yes,DSL,Yes,Yes,No,Yes,Yes,No,Month-to-month,Yes,Electronic check,149.13,6996.83,Yes,2024-09-17
7364-ULQKZ,Male,0,No,Yes,4,Yes,Yes,No,No internet service,No internet service,No internet service,No internet service,No internet service,No internet service,Month-to-month,Yes,Credit card (automatic),69.26,281.04,No,2024-09-17
4819-CKYOU,Female,0,No,Yes,48,No,No phone service,Fiber optic,Yes,Yes,No,No,No,Yes,Month-to-month,No,Mailed check,135.66,6334.73,Yes,2024-09-17
1107-QJPHD,Male,1,Yes,Yes,37,No,No phone service,Fiber optic,No,Yes,No,No,Yes,Yes,Month-to-month,Yes,Mailed check,134.02,4881.66,Yes,2024-09-17
8036-FXOEO,Female,0,Yes,No,59,Yes,No,DSL,No,No,No,No,Yes,Yes,Month-to-month,Yes,Bank transfer (automatic),107.02,6440.56,No,2024-09-17
6610-XKZMY,Female,0,Yes,No,53,Yes,Yes,Fiber optic,Yes,Yes,Yes,Yes,Yes,No,Month-to-month,No,Electronic check,188.06,10146.24,Yes,2024-09-17
9340-NBXPU,Female,0,No,Yes,18,Yes,No,No,No internet service,No internet service,No internet service,No internet service,No internet service,No internet service,One year,No,Mailed check,34.41,617.09,No,2024-09-17
1628-UGYQM,Female,0,No,No,14,Yes,No,DSL,Yes,No,Yes,No,No,No,Two year,No,Bank transfer (automatic),91.21,1259.05,Yes,2024-09-17
2094-WSYJG,Female,0,No,No,47,No,No phone service,No,No internet service,No internet service,No internet service,No internet service,No internet service,No internet service,One year,No,Bank transfer (automatic),24.04,1118.88,Yes,2024-09-17
3778-QPBIO,Male,0,Yes,No,30,No,No phone service,Fiber optic,Yes,Yes,Yes,No,No,Yes,Month-to-month,No,Credit card (automatic),134.05,4137.19,No,2024-09-17
4191-EGBXM,Female,0,Yes,Yes,13,No,No phone service,DSL,Yes,Yes,Yes,No,Yes,No,Month-to-month,No,Electronic check,110.92,1413.15,Yes,2024-09-17
4187-EORSW,Male,0,No,No,12,Yes,No,Fiber optic,Yes,Yes,No,No,No,Yes,Month-to-month,Yes,Electronic check,158.54,1941.4,Yes,2024-09-17
1166-UCKPJ,Female,1,Yes,Yes,17,Yes,No,DSL,No,Yes,Yes,No,No,No,Two year,Yes,Electronic check,85.66,1487.22,Yes,2024-09-17
1308-SYQYK,Male,0,No,No,24,Yes,No,DSL,No,No,No,Yes,Yes,No,Two year,Yes,Credit card (automatic),103.08,2419.89,No,2024-09-17
8786-XHRNN,Female,0,No,Yes,15,Yes,Yes,Fiber optic,No,Yes,Yes,No,Yes,No,Two year,No,Bank transfer (automatic),150.7,2203.39,Yes,2024-09-18
2474-VMNDQ,Male,0,No,No,17,Yes,No,DSL,Yes,No,No,No,Yes,No,One year,Yes,Electronic check,105.23,1761.2,Yes,2024-09-18
8523-AZFRI,Female,0,No,No,19,Yes,Yes,DSL,Yes,Yes,Yes,No,Yes,No,One year,No,Bank transfer (automatic),131.12,2518.44,Yes,2024-09-18
5254-TFYPN,Male,0,Yes,No,20,Yes,Yes,Fiber optic,Yes,No,No,No,Yes,Yes,One year,No,Bank transfer (automatic),158.11,3253.73,Yes,2024-09-18
3540-VUGSP,Male,0,Yes,No,8,Yes,No,No,No internet service,No internet service,No internet service,No internet service,No internet service,No internet service,One year,Yes,Mailed check,41.77,343.02,Yes,2024-09-18
1475-UJDFH,Female,0,Yes,No,5,Yes,No,No,No internet service,No internet service,No internet service,No internet service,No internet service,No internet service,Two year,No,Bank transfer (automatic),31.19,160.58,No,2024-09-18
5366-WNOYQ,Female,0,Yes,No,17,Yes,No,DSL,No,No,Yes,No,Yes,Yes,Month-to-month,No,Mailed check,123.9,2046.61,Yes,2024-09-18
9762-PWDVK,Male,0,No,No,39,Yes,Yes,Fiber optic,Yes,No,Yes,No,Yes,No,Month-to-month,Yes,Electronic check,173.41,6684.83,Yes,2024-09-18
9573-YSAUG,Male,0,No,No,40,Yes,No,Fiber optic,Yes,Yes,No,Yes,Yes,Yes,Month-to-month,No,Bank transfer (automatic),171.8,7040.88,Yes,2024-09-18
8680-ZPOEZ,Female,0,No,No,38,Yes,Yes,DSL,No,No,No,Yes,Yes,Yes,One year,Yes,Electronic check,124.03,4764.47,Yes,2024-09-18
5879-XPRGU,Female,0,No,Yes,15,Yes,Yes,No,No internet service,No internet service,No internet service,No internet service,No internet service,No internet service,Two year,Yes,Mailed check,53.03,810.85,No,2024-09-18
2368-WRSZY,Female,0,Yes,Yes,21,Yes,No,Fiber optic,Yes,Yes,Yes,No,No,Yes,One year,No,Electronic check,143.32,2990.33,Yes,2024-09-18
7415-WWPLZ,Female,0,Yes,Yes,32,Yes,No,DSL,Yes,No,No,No,Yes,Yes,One year,Yes,Bank transfer (automatic),108.41,3466.35,No,2024-09-18
5979-CJYIB,Female,0,Yes,No,47,Yes,No,Fiber optic,No,Yes,Yes,Yes,No,Yes,Month-to-month,Yes,Mailed check,159.16,7597.62,Yes,2024-09-18
1403-TMJJV,Female,0,Yes,No,60,Yes,Yes,DSL,No,No,No,Yes,Yes,Yes,Month-to-month,No,Electronic check,128.02,7471.9,Yes,2024-09-18
4129-KYKGM,Female,0,Yes,No,50,Yes,No,DSL,No,No,No,Yes,Yes,Yes,Month-to-month,Yes,Bank transfer (automatic),103.93,5249.41,No,2024-09-18
8795-MRSDA,Female,0,Yes,No,50,Yes,No,DSL,No,Yes,Yes,No,Yes,No,One year,Yes,Credit card (automatic),117.4,5809.38,No,2024-09-18
5909-JNDJK,Female,0,Yes,No,36,No,No phone service,DSL,No,No,Yes,No,Yes,No,Month-to-month,Yes,Electronic check,81.37,2875.88,Yes,2024-09-18
3032-ZGGHQ,Male,0,Yes,No,60,Yes,No,Fiber optic,No,No,Yes,Yes,No,Yes,Month-to-month,Yes,Credit card (automatic),151.91,9229.63,No,2024-09-18
4142-OKXCE,Male,0,No,No,6,Yes,No,Fiber optic,No,Yes,No,No,Yes,Yes,Month-to-month,Yes,Mailed check,163.1,978.55,Yes,2024-09-18
2222-VEZTP,Male,1,No,No,43,Yes,No,DSL,No,Yes,No,No,Yes,Yes,One year,Yes,Mailed check,100.17,4339.33,No,2024-09-18
6159-ZDCXU,Male,0,Yes,No,22,Yes,Yes,DSL,Yes,Yes,No,No,Yes,Yes,Month-to-month,Yes,Credit card (automatic),137.25,3082.81,Yes,2024-09-18
6328-JTSLV,Male,0,No,No,51,Yes,No,Fiber optic,Yes,No,No,Yes,No,Yes,Month-to-month,Yes,Credit card (automatic),149.82,7522.32,Yes,2024-09-18
5201-DMBDC,Male,0,No,No,30,Yes,Yes,No,No internet service,No internet service,No internet service,No internet service,No internet service,No internet service,Two year,Yes,Mailed check,58.26,1729.1,No,2024-09-18
2118-NYJYH,Female,0,No,No,23,No,No phone service,DSL,Yes,No,Yes,No,Yes,No,Month-to-month,No,Electronic check,97.94,2314.36,Yes,2024-09-18
2946-RJSTX,Male,0,No,No,28,Yes,No,Fiber optic,No,Yes,No,No,No,Yes,Month-to-month,Yes,Mailed check,133.14,3757.09,Yes,2024-09-18
4445-XTPKQ,Male,0,Yes,Yes,9,Yes,Yes,Fiber optic,Yes,No,No,No,Yes,No,Month-to-month,Yes,Electronic check,176.03,1618.77,Yes,2024-09-18
5178-YEGED,Female,0,Yes,No,37,Yes,No,Fiber optic,No,Yes,Yes,Yes,No,No,Month-to-month,Yes,Electronic check,149.46,5489.53,Yes,2024-09-18
3477-PRTEE,Male,0,No,No,20,Yes,Yes,Fiber optic,Yes,No,No,No,Yes,Yes,Two year,Yes,Credit card (automatic),151.98,3119.89,No,2024-09-18
7495-SVXBZ,Female,0,Yes,No,14,Yes,No,DSL,Yes,No,No,No,No,Yes,One year,No,Mailed check,93.93,1336.92,No,2024-09-18
9192-VAGSG,Male,0,No,Yes,6,Yes,Yes,Fiber optic,No,Yes,No,Yes,No,No,Month-to-month,Yes,Electronic check,154.15,913.18,Yes,2024-09-18
4863-TVCAG,Male,1,Yes,No,6,Yes,Yes,No,No internet service,No internet service,No internet service,No internet service,No internet service,No internet service,Month-to-month,No,Credit card (automatic),61.43,368.48,Yes,2024-09-18
7933-DXOHJ,Male,1,Yes,Yes,45,Yes,Yes,Fiber optic,No,No,Yes,Yes,Yes,Yes,Month-to-month,No,Credit card (automatic),188.0,8521.46,Yes,2024-09-18
5102-CMBZM,Male,1,No,No,29,Yes,No,DSL,No,Yes,No,Yes,Yes,Yes,One year,Yes,Mailed check,116.22,3361.32,No,2024-09-18
9523-DTMLT,Female,0,No,No,34,Yes,No,DSL,No,Yes,No,No,Yes,Yes,Two year,No,Electronic check,111.68,3719.44,No,2024-09-18
3660-EDJOT,Male,0,Yes,Yes,9,Yes,Yes,DSL,Yes,Yes,Yes,Yes,Yes,No,Month-to-month,Yes,Mailed check,159.23,1406.06,Yes,2024-09-18
7045-ZZEXM,Male,0,Yes,Yes,54,No,No phone service,No,No internet service,No internet service,No internet service,No internet service,No internet service,No internet service,One year,Yes,Bank transfer (automatic),21.96,1175.01,Yes,2024-09-18
9946-DQPDQ,Female,0,No,No,53,Yes,Yes,Fiber optic,Yes,Yes,Yes,No,No,No,Two year,No,Electronic check,144.01,7702.22,No,2024-09-18
4601-FMSBR,Female,0,Yes,No,55,Yes,No,DSL,Yes,No,Yes,No,No,Yes,Month-to-month,Yes,Bank transfer (automatic),113.66,6364.28,Yes,2024-09-18
7669-BSWJE,Female,1,No,No,14,No,No phone service,DSL,No,Yes,No,No,Yes,Yes,One year,Yes,Bank transfer (automatic),94.43,1308.38,Yes,2024-09-19
1436-IOVMZ,Female,1,Yes,Yes,23,No,No phone service,DSL,Yes,No,Yes,Yes,Yes,Yes,Two year,No,Bank transfer (automatic),90.12,2082.89,Yes,2024-09-19
8410-LEJQE,Female,1,No,Yes,41,Yes,No,Fiber optic,No,No,No,No,Yes,Yes,Month-to-month,Yes,Electronic check,142.84,5929.61,Yes,2024-09-19
7149-OWBVR,Female,0,No,Yes,14,Yes,Yes,DSL,No,Yes,No,No,Yes,Yes,Two year,Yes,Electronic check,121.72,1715.14,No,2024-09-19
2846-WEEYK,Male,0,Yes,No,43,Yes,No,DSL,Yes,No,No,No,No,No,One year,No,Electronic check,92.38,3879.86,No,2024-09-19
9269-JQIVG,Female,0,Yes,Yes,33,Yes,No,DSL,No,No,Yes,No,Yes,No,One year,No,Electronic check,103.05,3359.85,No,2024-09-19
1708-HIXAY,Female,0,Yes,No,40,Yes,No,DSL,No,No,No,Yes,Yes,No,Month-to-month,No,Bank transfer (automatic),110.58,4432.67,Yes,2024-09-19
8593-GHXGM,Female,0,No,No,51,Yes,No,DSL,No,No,No,Yes,No,No,Month-to-month,No,Electronic check,104.8,5394.3,Yes,2024-09-19
4223-UTZMX,Male,0,No,No,24,Yes,Yes,No,No internet service,No internet service,No internet service,No internet service,No internet service,No internet service,One year,No,Credit card (automatic),59.63,1412.53,No,2024-09-19
7426-ZHEAU,Male,0,Yes,No,45,Yes,Yes,DSL,No,Yes,No,Yes,Yes,Yes,Two year,Yes,Credit card (automatic),132.15,5896.35,No,2024-09-19
5982-PXLCP,Male,0,No,Yes,37,Yes,Yes,DSL,No,Yes,No,No,No,Yes,Two year,No,Mailed check,102.4,3735.19,No,2024-09-19
9303-EPZVS,Male,0,Yes,No,7,Yes,Yes,DSL,Yes,No,Yes,Yes,Yes,Yes,One year,Yes,Bank transfer (automatic),158.23,1115.67,No,2024-09-19
1797-LHTTF,Male,1,No,No,41,No,No phone service,DSL,No,No,No,No,Yes,Yes,One year,Yes,Credit card (automatic),89.93,3648.51,No,2024-09-19
4115-APAGD,Male,1,No,No,12,Yes,Yes,No,No internet service,No internet service,No internet service,No internet service,No internet service,No internet service,One year,No,Mailed check,55.19,673.86,No,2024-09-19
2471-ZZCVZ,Female,0,No,No,18,Yes,Yes,Fiber optic,Yes,Yes,Yes,Yes,Yes,Yes,One year,Yes,Electronic check,186.63,3381.82,Yes,2024-09-19
4504-LNLQM,Male,0,Yes,Yes,54,Yes,Yes,Fiber optic,No,Yes,No,No,No,Yes,Month-to-month,No,Bank transfer (automatic),161.99,8987.26,Yes,2024-09-19
2658-BXBKE,Male,0,Yes,No,42,Yes,No,DSL,No,Yes,No,No,Yes,Yes,Month-to-month,No,Electronic check,126.43,5277.36,Yes,2024-09-19
8929-UVZRW,Female,0,No,No,23,Yes,Yes,DSL,Yes,No,Yes,No,Yes,Yes,Month-to-month,No,Bank transfer (automatic),148.61,3460.44,No,2024-09-19
8362-PRNQJ,Male,0,No,No,23,Yes,No,Fiber optic,No,Yes,Yes,No,Yes,Yes,One year,No,Bank transfer (automatic),161.65,3620.27,No,2024-09-19
8420-TQPOI,Female,0,Yes,No,16,Yes,Yes,Fiber optic,No,No,No,No,No,No,Month-to-month,Yes,Credit card (automatic),153.55,2402.87,Yes,2024-09-19
6648-SRYBC,Female,0,Yes,Yes,30,Yes,No,Fiber optic,No,Yes,No,Yes,No,Yes,Two year,Yes,Electronic check,140.07,4199.8,Yes,2024-09-19
3486-TGGSO,Female,0,Yes,No,32,Yes,Yes,DSL,No,Yes,No,No,Yes,Yes,Two year,Yes,Mailed check,126.55,4013.63,No,2024-09-19
3734-NXZQR,Male,0,No,No,25,Yes,No,DSL,Yes,Yes,No,No,Yes,Yes,Month-to-month,Yes,Bank transfer (automatic),133.63,3334.96,Yes,2024-09-19
3780-YJUXX,Female,0,Yes,Yes,22,Yes,No,DSL,No,No,Yes,No,Yes,Yes,One year,Yes,Mailed check,113.56,2444.07,No,2024-09-19
2477-ASLOY,Male,0,No,No,27,No,No phone service,DSL,No,No,No,No,Yes,No,One year,Yes,Electronic check,85.23,2301.63,Yes,2024-09-19
1638-KNHJG,Female,0,Yes,No,55,Yes,No,No,No internet service,No internet service,No internet service,No internet service,No internet service,No internet service,Month-to-month,No,Electronic check,43.39,2341.57,Yes,2024-09-19
4796-SCEAM,Female,0,Yes,No,19,Yes,No,Fiber optic,Yes,Yes,Yes,No,Yes,Yes,Two year,No,Electronic check,151.24,2816.32,Yes,2024-09-19
5215-TAWKN,Male,0,No,No,23,Yes,No,DSL,No,No,No,No,Yes,Yes,Month-to-month,Yes,Mailed check,107.6,2434.19,Yes,2024-09-19
5509-GUYPL,Female,0,Yes,No,10,Yes,Yes,DSL,No,No,No,No,Yes,Yes,Month-to-month,No,Electronic check,126.87,1239.27,Yes,2024-09-19
6653-PVYAL,Female,0,Yes,No,17,Yes,Yes,No,No internet service,No internet service,No internet service,No internet service,No internet service,No internet service,Month-to-month,Yes,Bank transfer (automatic),62.18,1044.66,Yes,2024-09-19
8651-IUPUM,Female,0,Yes,No,8,Yes,No,No,No internet service,No internet service,No internet service,No internet service,No internet service,No internet service,Two year,No,Bank transfer (automatic),46.79,377.67,Yes,2024-09-19
9230-QHUEG,Male,0,Yes,Yes,60,Yes,No,DSL,No,No,Yes,Yes,Yes,Yes,Month-to-month,No,Mailed check,140.13,8510.62,Yes,2024-09-19
9541-UNWPF,Male,1,No,Yes,31,Yes,No,Fiber optic,No,Yes,No,No,No,No,Two year,No,Bank transfer (automatic),129.96,4144.33,No,2024-09-19
6790-AKDRG,Male,1,No,No,5,Yes,No,DSL,No,No,Yes,No,Yes,Yes,Month-to-month,Yes,Mailed check,129.27,662.19,Yes,2024-09-19
1337-OCLOP,Male,1,Yes,No,30,No,No phone service,Fiber optic,No,Yes,Yes,No,Yes,Yes,One year,Yes,Mailed check,131.34,4052.75,No,2024-09-19
3536-FYBNQ,Female,0,Yes,No,20,Yes,Yes,No,No internet service,No internet service,No internet service,No internet service,No internet service,No internet service,Two year,Yes,Credit card (automatic),58.79,1198.98,Yes,2024-09-19
7182-ZXGDK,Male,1,No,No,14,Yes,No,No,No internet service,No internet service,No internet service,No internet service,No internet service,No internet service,Two year,Yes,Mailed check,43.95,617.32,No,2024-09-19
8570-ROUWJ,Female,1,No,Yes,10,Yes,Yes,DSL,No,No,No,No,No,Yes,Month-to-month,No,Electronic check,125.68,1253.39,Yes,2024-09-19
1665-ZUMAI,Female,0,Yes,No,10,Yes,No,DSL,No,Yes,No,No,Yes,Yes,Month-to-month,No,Electronic check,119.95,1181.17,Yes,2024-09-19
8879-ZKFZE,Female,0,No,No,10,Yes,Yes,Fiber optic,No,No,Yes,No,No,No,Two year,No,Bank transfer (automatic),147.56,1508.34,Yes,2024-09-19
5725-JCEAK,Male,1,Yes,No,29,Yes,No,DSL,Yes,Yes,No,No,Yes,Yes,Month-to-month,No,Credit card (automatic),135.43,4022.29,Yes,2024-09-19
1137-PUJHC,Male,1,Yes,No,41,Yes,No,No,No internet service,No internet service,No internet service,No internet service,No internet service,No internet service,Month-to-month,Yes,Bank transfer (automatic),39.28,1619.18,Yes,2024-09-19
7102-RWSMU,Female,0,No,No,26,Yes,Yes,DSL,No,Yes,No,No,No,No,One year,Yes,Mailed check,107.27,2778.44,No,2024-09-20
8329-XIIPS,Female,1,Yes,No,32,Yes,Yes,DSL,No,Yes,No,No,No,No,Month-to-month,Yes,Electronic check,117.43,3785.74,Yes,2024-09-20
6730-OBDRT,Male,0,No,No,30,Yes,No,Fiber optic,Yes,No,Yes,Yes,No,Yes,Month-to-month,Yes,Electronic check,155.55,4662.28,Yes,2024-09-20
6642-EORUA,Female,0,Yes,No,19,Yes,No,DSL,No,Yes,Yes,No,No,Yes,Month-to-month,No,Bank transfer (automatic),125.45,2333.02,Yes,2024-09-20
6706-GHKFG,Male,0,No,No,54,No,No phone service,Fiber optic,Yes,No,No,Yes,No,No,Month-to-month,No,Credit card (automatic),121.0,6727.82,Yes,2024-09-20
7364-NQOEH,Male,0,Yes,No,19,Yes,No,Fiber optic,No,Yes,Yes,No,No,No,Month-to-month,No,Electronic check,149.49,2804.97,Yes,2024-09-20
2481-OQKEG,Male,0,No,No,59,Yes,Yes,DSL,No,Yes,No,No,Yes,Yes,Two year,Yes,Bank transfer (automatic),124.51,7155.32,No,2024-09-20
5595-TQGID,Female,0,No,No,25,Yes,Yes,Fiber optic,No,No,No,No,No,No,One year,No,Bank transfer (automatic),136.41,3459.0,Yes,2024-09-20
7603-WFOZU,Female,0,No,No,50,Yes,No,No,No internet service,No internet service,No internet service,No internet service,No internet service,No internet service,Month-to-month,No,Mailed check,50.13,2530.41,Yes,2024-09-20
3125-KBRTV,Male,0,No,No,15,Yes,No,DSL,Yes,Yes,No,No,Yes,Yes,Two year,No,Bank transfer (automatic),117.79,1714.31,Yes,2024-09-20
9783-EXIDC,Male,1,No,No,26,Yes,No,Fiber optic,No,No,No,No,Yes,No,Two year,Yes,Credit card (automatic),113.29,2929.7,No,2024-09-20
7759-GBANB,Male,0,No,No,38,Yes,Yes,Fiber optic,No,No,Yes,No,Yes,Yes,Month-to-month,Yes,Electronic check,167.65,6187.07,Yes,2024-09-20
4686-BDQLU,Female,1,Yes,No,53,Yes,No,DSL,Yes,No,Yes,No,Yes,Yes,Two year,Yes,Electronic check,106.55,5709.73,No,2024-09-20
6636-BSRDD,Female,0,Yes,Yes,50,Yes,Yes,Fiber optic,Yes,No,No,No,No,Yes,Month-to-month,No,Credit card (automatic),151.9,7590.59,Yes,2024-09-20
7322-FYRSX,Female,0,No,No,36,Yes,No,No,No internet service,No internet service,No internet service,No internet service,No internet service,No internet service,One year,Yes,Mailed check,47.41,1743.12,Yes,2024-09-20
6500-HIHED,Male,0,Yes,No,33,Yes,No,Fiber optic,Yes,No,No,No,Yes,Yes,Month-to-month,Yes,Bank transfer (automatic),158.32,5070.22,Yes,2024-09-20
2651-AKCEQ,Female,0,No,Yes,22,Yes,No,DSL,Yes,Yes,Yes,No,Yes,Yes,Two year,No,Electronic check,115.61,2488.28,Yes,2024-09-20
9691-VIGON,Female,0,No,No,44,Yes,Yes,Fiber optic,No,No,Yes,No,Yes,No,Month-to-month,Yes,Mailed check,147.28,6338.79,Yes,2024-09-20
9744-LVRXB,Male,0,Yes,No,41,Yes,Yes,No,No internet service,No internet service,No internet service,No internet service,No internet service,No internet service,Month-to-month,Yes,Mailed check,60.86,2518.15,Yes,2024-09-20
2996-GXLQW,Female,0,No,No,39,Yes,Yes,Fiber optic,No,Yes,Yes,Yes,Yes,No,Month-to-month,Yes,Electronic check,179.77,7119.29,Yes,2024-09-20
8440-BYVFM,Male,1,No,No,35,Yes,No,Fiber optic,Yes,Yes,No,No,Yes,Yes,One year,Yes,Electronic check,157.32,5660.27,Yes,2024-09-20
1788-YJVUJ,Female,0,No,No,22,Yes,No,No,No internet service,No internet service,No internet service,No internet service,No internet service,No internet service,Two year,No,Credit card (automatic),32.75,715.23,No,2024-09-20
8769-BWHVZ,Female,0,Yes,Yes,48,Yes,Yes,DSL,No,No,No,No,Yes,Yes,One year,No,Mailed check,123.3,5890.96,Yes,2024-09-20
3083-JUDEH,Female,1,No,No,25,No,No phone service,Fiber optic,Yes,No,Yes,Yes,Yes,Yes,Month-to-month,No,Mailed check,139.73,3503.28,Yes,2024-09-20
7467-LQHAX,Male,0,Yes,No,14,Yes,Yes,Fiber optic,Yes,Yes,No,No,Yes,Yes,Month-to-month,No,Credit card (automatic),175.83,2455.77,Yes,2024-09-20
9309-KQYGX,Male,0,Yes,No,38,Yes,No,DSL,No,No,No,Yes,Yes,Yes,Two year,No,Electronic check,111.49,4155.36,Yes,2024-09-20
3519-PFYQA,Female,0,Yes,Yes,54,Yes,Yes,Fiber optic,No,No,No,Yes,No,Yes,Month-to-month,No,Mailed check,162.66,8545.23,Yes,2024-09-20
2973-QCLLD,Male,0,Yes,No,18,Yes,Yes,No,No internet service,No internet service,No internet service,No internet service,No internet service,No internet service,One year,No,Bank transfer (automatic),53.19,963.53,No,2024-09-20
8587-VPXDA,Male,0,Yes,No,14,Yes,No,No,No internet service,No internet service,No internet service,No internet service,No internet service,No internet service,One year,Yes,Electronic check,40.87,569.99,Yes,2024-09-20
8692-TUBPP,Male,1,Yes,No,30,Yes,Yes,Fiber optic,No,No,No,No,Yes,Yes,One year,No,Credit card (automatic),153.58,4600.65,No,2024-09-20
7417-AODVL,Male,0,Yes,Yes,61,Yes,No,No,No internet service,No internet service,No internet service,No internet service,No internet service,No internet service,Two year,Yes,Credit card (automatic),38.88,2332.61,No,2024-09-20
6357-DHFSS,Male,0,Yes,No,46,No,No phone service,Fiber optic,No,Yes,Yes,No,No,No,Month-to-month,Yes,Credit card (automatic),134.71,6230.48,Yes,2024-09-20
5373-KQEZZ,Female,1,No,No,27,Yes,No,No,No internet service,No internet service,No internet service,No internet service,No internet service,No internet service,One year,Yes,Electronic check,42.14,1166.0,Yes,2024-09-20
7134-FPKVE,Female,0,No,No,57,Yes,Yes,Fiber optic,Yes,No,Yes,No,Yes,No,One year,Yes,Electronic check,156.94,8785.32,Yes,2024-09-20
9889-LWWUA,Male,0,No,Yes,12,Yes,Yes,DSL,No,Yes,No,No,Yes,Yes,Month-to-month,Yes,Electronic check,136.81,1624.53,Yes,2024-09-20
7217-DBPJG,Female,0,Yes,Yes,19,Yes,Yes,Fiber optic,No,No,Yes,No,Yes,No,Month-to-month,Yes,Mailed check,169.27,3135.81,Yes,2024-09-20
4220-FKWOC,Male,0,No,No,58,Yes,Yes,DSL,No,No,No,No,No,Yes,Two year,No,Mailed check,114.53,6830.79,Yes,2024-09-20
3563-NIIZD,Male,0,Yes,Yes,53,Yes,No,Fiber optic,Yes,No,No,Yes,No,Yes,Month-to-month,Yes,Mailed check,148.85,7781.13,Yes,2024-09-20
7154-JZQGH,Female,0,No,Yes,44,Yes,No,DSL,No,Yes,No,Yes,Yes,No,Month-to-month,No,Electronic check,116.39,5191.52,Yes,2024-09-20
7388-BXUNV,Female,0,Yes,No,28,Yes,Yes,Fiber optic,No,No,No,No,No,No,Month-to-month,Yes,Credit card (automatic),135.77,3886.82,Yes,2024-09-20
2798-FSVEG,Male,0,No,No,22,No,No phone service,Fiber optic,No,No,Yes,Yes,Yes,Yes,Month-to-month,Yes,Mailed check,136.9,2953.52,Yes,2024-09-20
1644-WZUBH,Female,1,Yes,No,18,Yes,Yes,Fiber optic,No,No,Yes,Yes,No,Yes,One year,Yes,Mailed check,159.05,2785.27,Yes,2024-09-20
7925-FNJUV,Female,0,No,No,61,Yes,No,Fiber optic,No,Yes,No,No,Yes,Yes,Month-to-month,Yes,Bank transfer (automatic),156.12,9368.78,Yes,2024-09-20
8107-TZRCA,Male,0,Yes,No,42,Yes,No,Fiber optic,Yes,Yes,Yes,No,Yes,Yes,Month-to-month,Yes,Electronic check,168.62,7039.09,Yes,2024-09-21
7806-QBHTM,Female,0,No,No,13,Yes,No,DSL,No,No,Yes,No,Yes,No,Two year,No,Electronic check,88.41,1124.71,Yes,2024-09-21
4408-OEWGS,Female,0,No,No,22,Yes,Yes,Fiber optic,No,Yes,Yes,Yes,No,No,Month-to-month,No,Electronic check,164.47,3532.68,Yes,2024-09-21
5549-SJZZE,Male,0,Yes,No,62,Yes,No,DSL,No,Yes,No,Yes,No,Yes,One year,Yes,Bank transfer (automatic),104.33,6579.78,No,2024-09-21
2315-ORKNE,Female,0,Yes,No,43,Yes,Yes,Fiber optic,Yes,Yes,No,Yes,Yes,Yes,Month-to-month,No,Electronic check,190.65,8436.06,Yes,2024-09-21
7103-ZSGKE,Female,0,Yes,No,2,Yes,No,No,No internet service,No internet service,No internet service,No internet service,No internet service,No internet service,Month-to-month,No,Mailed check,44.7,91.36,Yes,2024-09-21
2150-OQBOU,Female,0,Yes,Yes,12,Yes,Yes,Fiber optic,No,No,No,No,No,No,One year,No,Bank transfer (automatic),132.73,1559.52,Yes,2024-09-21
5075-AWXMI,Female,0,No,No,36,Yes,No,Fiber optic,Yes,Yes,No,No,Yes,Yes,One year,Yes,Electronic check,160.08,5792.53,Yes,2024-09-21
6049-OJRIQ,Male,0,Yes,No,30,Yes,Yes,DSL,Yes,Yes,No,No,Yes,Yes,One year,Yes,Credit card (automatic),125.16,3743.8,Yes,2024-09-21
9469-BXGMY,Male,1,Yes,No,33,Yes,Yes,DSL,Yes,Yes,Yes,No,Yes,No,Month-to-month,Yes,Bank transfer (automatic),142.38,4755.4,Yes,2024-09-21
9511-QPKLS,Female,1,Yes,No,17,Yes,Yes,Fiber optic,No,No,No,No,No,Yes,Month-to-month,No,Credit card (automatic),163.49,2706.09,Yes,2024-09-21
2881-KPEZZ,Female,0,No,No,48,Yes,Yes,DSL,No,No,Yes,No,No,No,Month-to-month,No,Credit card (automatic),119.76,5896.75,No,2024-09-21
8995-BJSUX,Female,0,No,No,46,Yes,No,DSL,No,No,Yes,No,No,No,Two year,Yes,Bank transfer (automatic),91.41,4190.08,No,2024-09-21
1166-JSVSD,Male,0,No,No,52,Yes,No,DSL,No,Yes,No,Yes,Yes,Yes,Month-to-month,No,Mailed check,125.79,6355.93,No,2024-09-21
6512-QPZWI,Male,0,No,No,41,Yes,Yes,DSL,No,No,Yes,No,No,Yes,Two year,Yes,Electronic check,117.01,4679.06,No,2024-09-21
6227-CIGEN,Female,0,Yes,Yes,52,Yes,No,No,No internet service,No internet service,No internet service,No internet service,No internet service,No internet service,Month-to-month,No,Bank transfer (automatic),41.04,2106.67,No,2024-09-21
9452-PWUEA,Female,1,No,No,29,Yes,Yes,DSL,No,Yes,No,No,Yes,Yes,Two year,Yes,Credit card (automatic),127.46,3624.83,Yes,2024-09-21
8585-CUOOD,Male,0,Yes,Yes,22,Yes,No,Fiber optic,No,No,Yes,No,Yes,Yes,Two year,Yes,Electronic check,127.91,2756.99,Yes,2024-09-21
1234-QNXEL,Female,0,Yes,No,27,Yes,No,Fiber optic,No,No,No,Yes,Yes,No,Month-to-month,Yes,Bank transfer (automatic),144.85,3799.15,Yes,2024-09-21
2072-SGIRD,Female,0,No,Yes,1,No,No phone service,DSL,Yes,No,No,No,No,No,Month-to-month,Yes,Credit card (automatic),82.55,82.42,Yes,2024-09-21
4435-CMPLC,Female,0,Yes,Yes,15,Yes,Yes,Fiber optic,No,No,Yes,Yes,Yes,No,One year,No,Mailed check,163.99,2423.29,Yes,2024-09-21
2134-DIOZX,Male,0,Yes,No,34,Yes,Yes,Fiber optic,No,Yes,Yes,Yes,Yes,Yes,One year,Yes,Bank transfer (automatic),182.44,6035.61,Yes,2024-09-21
7297-MRNYE,Male,0,No,Yes,27,No,No phone service,DSL,Yes,Yes,No,Yes,Yes,No,Month-to-month,No,Credit card (automatic),107.19,2968.85,Yes,2024-09-21
5995-DZBGY,Female,0,Yes,No,52,Yes,No,DSL,No,Yes,No,Yes,Yes,Yes,Two year,Yes,Mailed check,115.2,6139.38,No,2024-09-21
7408-XEOWQ,Male,0,No,No,5,Yes,Yes,Fiber optic,Yes,No,No,No,No,Yes,Month-to-month,No,Credit card (automatic),157.55,810.25,Yes,2024-09-21
9591-TCFCC,Female,1,No,No,47,Yes,No,Fiber optic,No,No,Yes,No,Yes,No,Month-to-month,No,Mailed check,133.17,6126.91,Yes,2024-09-21
9589-ITHOQ,Female,0,Yes,No,41,Yes,No,Fiber optic,No,Yes,No,No,No,Yes,Month-to-month,No,Electronic check,145.28,6111.93,Yes,2024-09-21
2852-FAGNG,Female,1,No,Yes,43,Yes,No,No,No internet service,No internet service,No internet service,No internet service,No internet service,No internet service,Month-to-month,No,Credit card (automatic),45.49,1989.96,Yes,2024-09-21
2513-ARIUH,Female,0,Yes,No,17,Yes,Yes,No,No internet service,No internet service,No internet service,No internet service,No internet service,No internet service,Two year,Yes,Bank transfer (automatic),52.98,920.83,Yes,2024-09-21
3845-PDVDE,Male,0,Yes,Yes,49,No,No phone service,DSL,Yes,No,No,No,Yes,No,Two year,Yes,Credit card (automatic),78.91,3951.9,No,2024-09-22
8378-PYLVT,Male,0,Yes,No,25,Yes,No,Fiber optic,Yes,No,No,No,Yes,Yes,Month-to-month,Yes,Credit card (automatic),148.7,3695.81,No,2024-09-22
5916-KXZHR,Male,1,No,No,19,Yes,Yes,Fiber optic,No,Yes,Yes,No,Yes,Yes,One year,Yes,Bank transfer (automatic),165.66,3124.63,No,2024-09-22
3633-TTGGY,Female,0,Yes,No,50,Yes,No,No,No internet service,No internet service,No internet service,No internet service,No internet service,No internet service,One year,No,Electronic check,36.26,1834.96,Yes,2024-09-22
3336-TPHAB,Female,0,No,No,21,No,No phone service,No,No internet service,No internet service,No internet service,No internet service,No internet service,No internet service,Month-to-month,Yes,Credit card (automatic),25.1,513.05,Yes,2024-09-22
1375-BJXNT,Female,0,Yes,Yes,15,Yes,No,DSL,No,No,Yes,No,Yes,No,One year,No,Electronic check,104.47,1581.12,Yes,2024-09-22
3328-QWNCM,Male,0,No,No,64,Yes,No,DSL,No,No,Yes,No,No,Yes,Two year,No,Bank transfer (automatic),101.75,6611.03,Yes,2024-09-22
7324-KJUML,Male,0,Yes,Yes,22,Yes,No,Fiber optic,No,Yes,No,No,Yes,Yes,Month-to-month,Yes,Bank transfer (automatic),151.98,3360.45,Yes,2024-09-22
3644-VENWR,Female,0,No,No,32,Yes,Yes,Fiber optic,No,No,Yes,No,No,Yes,One year,Yes,Electronic check,155.45,4896.53,Yes,2024-09-22
4606-AUIPE,Male,0,Yes,No,45,Yes,Yes,Fiber optic,Yes,No,No,No,Yes,No,Month-to-month,No,Bank transfer (automatic),172.47,7740.49,Yes,2024-09-22
1404-KEEUU,Female,1,No,No,46,Yes,No,Fiber optic,Yes,Yes,Yes,No,No,Yes,Month-to-month,Yes,Electronic check,162.48,7350.5,Yes,2024-09-22
8742-NJOAO,Male,0,Yes,Yes,31,Yes,No,DSL,No,Yes,No,No,Yes,Yes,Month-to-month,No,Bank transfer (automatic),121.98,3819.54,Yes,2024-09-22
6196-LLJPB,Female,0,No,No,38,Yes,Yes,No,No internet service,No internet service,No internet service,No internet service,No internet service,No internet service,Month-to-month,Yes,Bank transfer (automatic),54.98,2132.71,Yes,2024-09-22
9508-MLTSU,Male,0,Yes,No,31,Yes,Yes,No,No internet service,No internet service,No internet service,No internet service,No internet service,No internet service,Month-to-month,Yes,Electronic check,68.68,2130.78,Yes,2024-09-22
9706-HULJW,Male,1,No,Yes,11,Yes,Yes,DSL,No,No,Yes,No,No,Yes,Two year,No,Bank transfer (automatic),116.35,1272.57,Yes,2024-09-22
9806-BWVIQ,Male,1,Yes,No,15,Yes,Yes,Fiber optic,Yes,No,Yes,No,No,No,Month-to-month,Yes,Bank transfer (automatic),165.15,2525.7,Yes,2024-09-22
6998-NIXWJ,Male,1,No,No,25,Yes,Yes,No,No internet service,No internet service,No internet service,No internet service,No internet service,No internet service,One year,No,Credit card (automatic),71.29,1785.09,No,2024-09-22
1938-TRNWF,Male,0,No,No,15,Yes,Yes,No,No internet service,No internet service,No internet service,No internet service,No internet service,No internet service,Two year,Yes,Credit card (automatic),48.63,717.45,Yes,2024-09-22
8271-XWXCL,Female,0,Yes,Yes,20,Yes,No,DSL,No,No,Yes,No,No,No,Month-to-month,No,Electronic check,92.24,1841.99,Yes,2024-09-22
8552-GLVGS,Male,0,Yes,No,19,Yes,No,No,No internet service,No internet service,No internet service,No internet service,No internet service,No internet service,Month-to-month,Yes,Mailed check,36.77,691.31,Yes,2024-09-22
2550-YXSDJ,Female,1,Yes,No,57,Yes,No,Fiber optic,No,Yes,No,Yes,Yes,Yes,Month-to-month,Yes,Mailed check,171.09,9745.0,Yes,2024-09-22
3018-ZJNFI,Male,0,Yes,No,18,Yes,Yes,Fiber optic,No,Yes,No,Yes,No,Yes,Month-to-month,Yes,Credit card (automatic),170.4,3137.11,Yes,2024-09-22
2083-STDKE,Male,1,Yes,Yes,38,Yes,No,DSL,Yes,Yes,No,No,No,Yes,One year,No,Mailed check,131.34,4935.21,Yes,2024-09-22
3506-OTQLX,Male,1,No,No,65,Yes,No,DSL,No,No,No,No,Yes,No,Two year,No,Credit card (automatic),94.61,6303.85,No,2024-09-22
8233-VGYPV,Male,0,Yes,Yes,15,Yes,Yes,DSL,No,Yes,Yes,No,No,No,Month-to-month,Yes,Mailed check,125.55,1903.97,Yes,2024-09-22
7675-FUVBG,Male,0,No,No,21,Yes,No,No,No internet service,No internet service,No internet service,No internet service,No internet service,No internet service,Month-to-month,Yes,Mailed check,47.41,982.56,Yes,2024-09-22
4444-UVHDP,Male,0,Yes,Yes,6,Yes,No,DSL,No,No,No,No,No,Yes,Two year,Yes,Electronic check,94.19,566.15,No,2024-09-22
9313-IQIIG,Male,0,Yes,Yes,36,Yes,No,DSL,No,Yes,Yes,No,No,Yes,Month-to-month,Yes,Mailed check,127.09,4532.69,Yes,2024-09-22
1158-YWIZW,Female,0,No,Yes,17,No,No phone service,DSL,No,No,Yes,No,No,Yes,Month-to-month,No,Credit card (automatic),89.39,1560.6,Yes,2024-09-22
3152-TZYCO,Female,0,Yes,Yes,18,Yes,Yes,DSL,Yes,Yes,No,No,Yes,No,Month-to-month,No,Bank transfer (automatic),143.16,2630.96,Yes,2024-09-22
5626-OAYJZ,Male,0,No,No,56,Yes,No,No,No internet service,No internet service,No internet service,No internet service,No internet service,No internet service,One year,Yes,Bank transfer (automatic),52.66,2996.3,No,2024-09-22
7542-UBVHI,Male,1,No,No,39,Yes,Yes,Fiber optic,No,Yes,Yes,Yes,No,Yes,One year,Yes,Bank transfer (automatic),171.49,6766.51,No,2024-09-22
9792-LSEQG,Male,0,No,No,29,Yes,Yes,DSL,No,Yes,Yes,No,Yes,Yes,Two year,Yes,Credit card (automatic),144.79,4188.76,Yes,2024-09-22
3247-OXSMQ,Female,1,Yes,Yes,39,Yes,No,DSL,No,No,No,Yes,No,Yes,One year,Yes,Mailed check,107.75,4175.13,Yes,2024-09-22
1460-XKTVX,Male,0,No,No,48,Yes,Yes,DSL,No,No,No,No,Yes,No,One year,Yes,Electronic check,105.23,4915.27,No,2024-09-22
2628-SFSOC,Female,1,No,Yes,41,Yes,No,No,No internet service,No internet service,No internet service,No internet service,No internet service,No internet service,One year,Yes,Credit card (automatic),42.38,1753.59,No,2024-09-22
9862-BTKVS,Female,0,No,No,20,Yes,No,DSL,Yes,Yes,Yes,No,No,No,One year,No,Mailed check,118.93,2400.07,No,2024-09-22
2471-ATHBL,Female,1,Yes,No,17,Yes,No,Fiber optic,No,Yes,Yes,Yes,Yes,Yes,Two year,Yes,Electronic check,154.08,2584.05,Yes,2024-09-22
3332-NBQRZ,Female,0,Yes,No,18,Yes,No,DSL,Yes,No,Yes,No,Yes,No,Two year,No,Bank transfer (automatic),108.83,1959.14,No,2024-09-22
9789-RPUNP,Male,0,No,Yes,32,Yes,Yes,No,No internet service,No internet service,No internet service,No internet service,No internet service,No internet service,One year,No,Electronic check,63.14,1979.85,Yes,2024-09-22
6087-PQTUQ,Female,0,No,No,35,Yes,Yes,DSL,No,Yes,Yes,No,Yes,Yes,Two year,No,Electronic check,122.79,4388.73,Yes,2024-09-22
9639-ROPAQ,Male,0,Yes,No,23,Yes,Yes,Fiber optic,Yes,Yes,No,No,No,Yes,One year,Yes,Bank transfer (automatic),151.66,3562.1,Yes,2024-09-23
6731-IXZYC,Female,0,No,Yes,19,Yes,No,No,No internet service,No internet service,No internet service,No internet service,No internet service,No internet service,Month-to-month,Yes,Credit card (automatic),35.19,666.63,Yes,2024-09-23
9907-PSPFV,Female,0,No,Yes,31,Yes,No,Fiber optic,No,No,Yes,No,Yes,Yes,One year,No,Mailed check,165.28,5190.24,Yes,2024-09-23
1478-ITNZS,Male,0,No,No,26,Yes,No,Fiber optic,Yes,No,Yes,Yes,No,Yes,One year,Yes,Mailed check,148.99,3837.42,No,2024-09-23
1354-AIZPA,Male,0,No,Yes,15,Yes,No,No,No internet service,No internet service,No internet service,No internet service,No internet service,No internet service,Two year,Yes,Electronic check,34.64,521.28,No,2024-09-23
2733-EFAXC,Female,0,No,Yes,18,Yes,No,DSL,Yes,No,No,No,Yes,No,Two year,Yes,Electronic check,103.24,1912.33,No,2024-09-23
5421-CIIUG,Male,1,No,No,23,Yes,Yes,Fiber optic,No,Yes,Yes,No,Yes,No,One year,Yes,Electronic check,151.34,3414.34,Yes,2024-09-23
2357-FWOSQ,Male,0,No,No,34,Yes,Yes,No,No internet service,No internet service,No internet service,No internet service,No internet service,No internet service,Month-to-month,Yes,Electronic check,65.85,2283.78,Yes,2024-09-23
5250-TNMWC,Male,0,No,No,21,Yes,Yes,DSL,No,Yes,No,Yes,No,Yes,One year,Yes,Electronic check,125.57,2579.83,No,2024-09-23
8084-UEJGB,Female,1,Yes,No,9,Yes,No,No,No internet service,No internet service,No internet service,No internet service,No internet service,No internet service,Month-to-month,Yes,Bank transfer (automatic),41.5,367.94,Yes,2024-09-23
3388-VRXMZ,Female,1,Yes,Yes,46,Yes,Yes,Fiber optic,Yes,No,No,No,Yes,No,Month-to-month,Yes,Mailed check,177.3,8247.45,Yes,2024-09-23
5501-BBYFZ,Female,0,Yes,Yes,10,Yes,Yes,Fiber optic,Yes,Yes,No,No,No,Yes,One year,Yes,Electronic check,174.24,1771.71,Yes,2024-09-23
8128-XZJVA,Male,1,No,Yes,7,Yes,No,DSL,Yes,No,No,No,Yes,Yes,One year,Yes,Credit card (automatic),118.27,809.34,No,2024-09-23
4698-QATVF,Female,1,No,No,52,Yes,No,Fiber optic,No,Yes,Yes,No,Yes,Yes,One year,Yes,Electronic check,148.1,7639.49,Yes,2024-09-23
8652-RTKCA,Male,0,Yes,No,21,Yes,Yes,No,No internet service,No internet service,No internet service,No internet service,No internet service,No internet service,Two year,Yes,Credit card (automatic),54.8,1125.38,No,2024-09-23
8604-BZCLW,Male,0,No,No,17,Yes,Yes,Fiber optic,No,No,Yes,Yes,Yes,No,Month-to-month,Yes,Bank transfer (automatic),177.3,2947.37,Yes,2024-09-23
4231-CXQGI,Female,0,Yes,No,66,No,No phone service,Fiber optic,Yes,No,No,No,Yes,Yes,Two year,Yes,Electronic check,113.33,7264.02,Yes,2024-09-23
5785-HDJAK,Female,0,Yes,No,43,Yes,No,Fiber optic,Yes,Yes,No,Yes,Yes,Yes,Month-to-month,No,Mailed check,167.36,7116.7,Yes,2024-09-23
3191-EAGRC,Male,0,Yes,Yes,47,Yes,No,DSL,Yes,No,No,No,Yes,Yes,One year,No,Electronic check,117.79,5403.49,Yes,2024-09-23
1824-VWUWR,Female,0,Yes,No,27,Yes,No,Fiber optic,No,Yes,No,No,Yes,Yes,Two year,No,Bank transfer (automatic),137.27,3655.92,No,2024-09-23
3141-ODHZT,Female,0,Yes,No,5,Yes,No,DSL,No,No,Yes,No,Yes,No,Two year,Yes,Credit card (automatic),97.36,488.67,Yes,2024-09-23
2387-BGWLT,Male,0,Yes,No,38,Yes,Yes,No,No internet service,No internet service,No internet service,No internet service,No internet service,No internet service,One year,No,Bank transfer (automatic),52.66,1974.1,No,2024-09-23
6150-ZZVAU,Female,0,No,No,32,Yes,No,Fiber optic,No,Yes,No,Yes,Yes,Yes,One year,Yes,Electronic check,152.45,4739.73,Yes,2024-09-23
7801-ZPBOC,Male,0,No,No,23,Yes,No,No,No internet service,No internet service,No internet service,No internet service,No internet service,No internet service,Month-to-month,Yes,Credit card (automatic),54.27,1228.82,Yes,2024-09-23
6236-USFHK,Female,0,Yes,No,22,Yes,No,Fiber optic,No,No,Yes,No,Yes,Yes,Month-to-month,No,Mailed check,157.78,3484.6,Yes,2024-09-23
6955-MYJQQ,Male,0,Yes,No,24,Yes,No,DSL,Yes,No,No,Yes,Yes,Yes,One year,Yes,Credit card (automatic),116.58,2812.35,No,2024-09-23
5944-FXTOY,Male,0,No,No,26,Yes,Yes,DSL,No,Yes,Yes,No,Yes,Yes,Month-to-month,Yes,Electronic check,139.69,3678.54,Yes,2024-09-23
1483-HQSJT,Female,0,Yes,Yes,45,Yes,Yes,DSL,Yes,No,No,Yes,Yes,Yes,One year,Yes,Credit card (automatic),141.57,6263.53,No,2024-09-23
3624-EYPAE,Male,0,No,No,8,Yes,Yes,No,No internet service,No internet service,No internet service,No internet service,No internet service,No internet service,Two year,Yes,Bank transfer (automatic),50.98,408.15,Yes,2024-09-23
5521-UQDQT,Male,0,Yes,No,22,Yes,No,Fiber optic,Yes,No,Yes,Yes,Yes,Yes,One year,No,Credit card (automatic),158.07,3576.8,No,2024-09-23
8310-DGFIG,Female,0,No,Yes,7,Yes,Yes,DSL,No,Yes,No,Yes,No,Yes,Month-to-month,Yes,Bank transfer (automatic),144.81,984.89,Yes,2024-09-23
4257-MPWPG,Female,0,Yes,Yes,42,Yes,No,No,No internet service,No internet service,No internet service,No internet service,No internet service,No internet service,Month-to-month,Yes,Credit card (automatic),40.48,1723.81,Yes,2024-09-23
3607-BPUQM,Male,1,Yes,No,54,Yes,No,Fiber optic,Yes,No,No,No,Yes,No,Month-to-month,No,Credit card (automatic),143.59,7664.18,Yes,2024-09-23
6643-IQMOR,Male,0,Yes,No,7,Yes,Yes,Fiber optic,No,No,Yes,No,Yes,No,Two year,No,Electronic check,143.26,984.13,No,2024-09-23
5535-PTASI,Male,0,No,No,28,No,No phone service,No,No internet service,No internet service,No internet service,No internet service,No internet service,No internet service,Month-to-month,Yes,Electronic check,20.81,598.41,Yes,2024-09-23
6112-KMKHH,Female,0,Yes,No,60,Yes,Yes,Fiber optic,Yes,No,Yes,No,Yes,Yes,Two year,Yes,Credit card (automatic),157.59,9698.16,No,2024-09-23
8616-FGQPO,Female,0,Yes,No,21,Yes,Yes,DSL,No,Yes,No,No,Yes,Yes,Month-to-month,Yes,Mailed check,147.44,3165.11,No,2024-09-24
9786-VIRQQ,Female,1,No,No,43,No,No phone service,Fiber optic,No,No,Yes,Yes,Yes,No,Month-to-month,Yes,Credit card (automatic),131.78,5588.38,Yes,2024-09-24
8896-MJRIO,Female,0,Yes,No,20,Yes,No,No,No internet service,No internet service,No internet service,No internet service,No internet service,No internet service,Month-to-month,No,Bank transfer (automatic),43.61,872.07,Yes,2024-09-24
4495-WLMVB,Female,0,No,Yes,10,Yes,Yes,DSL,No,No,Yes,No,Yes,No,Month-to-month,Yes,Electronic check,136.35,1326.81,Yes,2024-09-24
7014-TVPZN,Female,0,Yes,Yes,53,Yes,No,No,No internet service,No internet service,No internet service,No internet service,No internet service,No internet service,Month-to-month,Yes,Mailed check,42.66,2211.48,Yes,2024-09-24
1223-GRATF,Male,0,Yes,No,31,Yes,Yes,Fiber optic,No,Yes,Yes,Yes,No,Yes,Month-to-month,Yes,Electronic check,175.36,5498.08,Yes,2024-09-24
5642-LNZUA,Female,0,No,Yes,38,Yes,Yes,No,No internet service,No internet service,No internet service,No internet service,No internet service,No internet service,One year,No,Electronic check,59.55,2210.1,Yes,2024-09-24
1169-FWOTR,Male,0,No,No,42,Yes,No,DSL,Yes,Yes,No,Yes,Yes,Yes,Month-to-month,No,Electronic check,136.84,5756.2,Yes,2024-09-24
3051-NNJVT,Female,0,No,No,42,Yes,Yes,DSL,Yes,No,No,No,Yes,No,One year,Yes,Mailed check,129.02,5517.71,No,2024-09-24
5450-ICPUJ,Female,0,No,Yes,34,Yes,No,No,No internet service,No internet service,No internet service,No internet service,No internet service,No internet service,Month-to-month,No,Electronic check,40.65,1383.79,Yes,2024-09-24
4823-PTOHX,Female,0,Yes,No,11,Yes,Yes,DSL,No,Yes,Yes,No,Yes,Yes,Two year,No,Bank transfer (automatic),132.67,1482.74,Yes,2024-09-24
3138-LZGYB,Male,0,No,No,29,Yes,Yes,DSL,Yes,No,No,No,Yes,No,Two year,No,Credit card (automatic),119.49,3390.5,No,2024-09-24
3255-JYQTT,Female,0,Yes,No,30,Yes,Yes,No,No internet service,No internet service,No internet service,No internet service,No internet service,No internet service,Two year,Yes,Electronic check,54.0,1576.12,No,2024-09-24
7065-VOXOW,Male,0,Yes,No,40,Yes,No,No,No internet service,No internet service,No internet service,No internet service,No internet service,No internet service,One year,No,Mailed check,34.8,1430.42,No,2024-09-24
4481-EIUJQ,Female,0,Yes,Yes,9,Yes,No,DSL,No,No,No,No,Yes,Yes,Month-to-month,No,Bank transfer (automatic),112.37,1003.57,Yes,2024-09-24
2755-IVFDU,Male,0,No,No,42,Yes,No,Fiber optic,No,Yes,Yes,No,Yes,No,Month-to-month,Yes,Mailed check,155.66,6664.32,Yes,2024-09-24
4599-QUXQZ,Female,0,No,No,26,Yes,No,Fiber optic,No,No,Yes,Yes,Yes,No,Month-to-month,No,Bank transfer (automatic),152.85,3948.31,Yes,2024-09-24
4036-TEZPR,Female,0,Yes,Yes,52,Yes,Yes,Fiber optic,No,No,No,No,No,No,Month-to-month,Yes,Credit card (automatic),138.14,7057.73,Yes,2024-09-24
2888-QDJVC,Male,0,No,No,32,Yes,No,DSL,No,Yes,Yes,No,No,Yes,Month-to-month,No,Bank transfer (automatic),119.65,3914.13,No,2024-09-24
6563-WEAYV,Male,0,Yes,No,33,Yes,Yes,No,No internet service,No internet service,No internet service,No internet service,No internet service,No internet service,One year,Yes,Credit card (automatic),52.24,1713.42,No,2024-09-24
3450-UMQGK,Female,0,Yes,No,9,Yes,No,Fiber optic,Yes,Yes,Yes,Yes,No,Yes,Month-to-month,Yes,Electronic check,169.06,1517.62,Yes,2024-09-24
2063-YIDPI,Female,0,No,Yes,29,Yes,No,Fiber optic,No,No,No,No,Yes,No,One year,No,Bank transfer (automatic),136.33,4067.15,No,2024-09-24
7470-EVDAM,Male,0,No,No,39,No,No phone service,Fiber optic,No,No,No,No,Yes,No,Month-to-month,Yes,Credit card (automatic),115.38,4496.53,Yes,2024-09-24
2019-PHOCE,Male,1,No,No,28,Yes,No,Fiber optic,Yes,Yes,Yes,No,No,Yes,Two year,No,Electronic check,146.18,4080.65,No,2024-09-24
3076-DRQEU,Male,1,No,Yes,25,Yes,Yes,Fiber optic,No,Yes,No,No,Yes,Yes,Month-to-month,Yes,Credit card (automatic),159.99,4037.31,Yes,2024-09-24
1850-MKVZJ,Female,0,Yes,Yes,18,Yes,Yes,Fiber optic,Yes,No,Yes,Yes,Yes,Yes,One year,No,Electronic check,173.28,3201.89,No,2024-09-24
6568-DZUIO,Female,0,Yes,No,38,Yes,Yes,DSL,Yes,Yes,Yes,Yes,Yes,No,One year,No,Electronic check,138.57,5275.9,Yes,2024-09-24
4768-YRTEE,Female,0,Yes,Yes,7,Yes,Yes,DSL,No,No,No,No,No,No,Month-to-month,No,Electronic check,118.2,822.81,Yes,2024-09-24
3544-ZKRQA,Male,0,No,No,37,Yes,No,Fiber optic,No,No,No,No,Yes,Yes,One year,Yes,Bank transfer (automatic),129.63,4938.16,No,2024-09-24
1618-MGLHL,Male,0,No,No,33,Yes,No,Fiber optic,No,Yes,Yes,No,Yes,Yes,Two year,No,Electronic check,143.3,4610.15,Yes,2024-09-24
3254-JWMMH,Female,0,Yes,Yes,32,Yes,Yes,Fiber optic,No,Yes,No,Yes,Yes,No,One year,Yes,Credit card (automatic),161.34,5072.51,No,2024-09-24
8434-NMJZD,Female,0,No,No,22,Yes,No,DSL,No,No,Yes,No,Yes,Yes,Two year,No,Mailed check,106.69,2308.81,Yes,2024-09-24
2686-OGMCL,Female,0,Yes,Yes,22,Yes,No,DSL,Yes,No,No,No,Yes,No,Month-to-month,Yes,Electronic check,124.12,2810.34,Yes,2024-09-24
6298-VVAXR,Male,0,No,No,33,Yes,Yes,No,No internet service,No internet service,No internet service,No internet service,No internet service,No internet service,Month-to-month,Yes,Credit card (automatic),69.0,2211.6,No,2024-09-24
6526-OBBIR,Male,0,Yes,Yes,47,Yes,No,Fiber optic,No,No,Yes,No,No,No,Month-to-month,No,Mailed check,136.49,6400.37,Yes,2024-09-24
5575-NCKIF,Female,0,No,Yes,35,Yes,Yes,DSL,No,Yes,No,No,Yes,Yes,Month-to-month,Yes,Bank transfer (automatic),143.58,4943.35,Yes,2024-09-24
2011-GBWNU,Male,0,No,Yes,5,Yes,Yes,No,No internet service,No internet service,No internet service,No internet service,No internet service,No internet service,Two year,No,Bank transfer (automatic),50.41,250.24,No,2024-09-24
5501-UNJSA,Male,0,Yes,No,7,Yes,No,Fiber optic,Yes,No,No,Yes,Yes,No,One year,Yes,Bank transfer (automatic),143.47,989.21,No,2024-09-24
7636-ZYLIF,Male,0,No,No,10,Yes,No,No,No internet service,No internet service,No internet service,No internet service,No internet service,No internet service,One year,No,Bank transfer (automatic),40.02,401.65,No,2024-09-24
8952-ZSMID,Female,0,No,Yes,32,Yes,No,Fiber optic,Yes,No,Yes,Yes,No,Yes,Month-to-month,Yes,Bank transfer (automatic),162.38,5236.2,Yes,2024-09-24
1093-IVXAQ,Female,0,Yes,No,17,Yes,Yes,DSL,No,No,No,Yes,Yes,Yes,Month-to-month,No,Bank transfer (automatic),134.63,2318.53,Yes,2024-09-24
4804-JRMOL,Male,0,Yes,No,48,Yes,Yes,DSL,No,No,Yes,No,No,Yes,One year,No,Bank transfer (automatic),106.62,5041.67,No,2024-09-24
9993-DPREQ,Female,0,No,No,49,Yes,No,Fiber optic,No,Yes,No,No,No,Yes,Month-to-month,Yes,Credit card (automatic),150.91,7607.84,Yes,2024-09-24
8631-LRRZP,Female,0,Yes,No,18,Yes,No,Fiber optic,Yes,Yes,No,No,No,No,One year,No,Mailed check,142.16,2570.17,No,2024-09-24
4967-IDQCE,Female,0,No,No,35,Yes,Yes,Fiber optic,Yes,No,No,No,Yes,Yes,Month-to-month,Yes,Mailed check,173.89,6250.95,No,2024-09-24
8955-KNNQX,Male,0,Yes,No,3,Yes,Yes,DSL,No,Yes,Yes,No,No,Yes,Month-to-month,Yes,Credit card (automatic),144.71,424.99,Yes,2024-09-24
7969-DODWL,Female,0,Yes,No,16,Yes,Yes,DSL,Yes,No,No,No,Yes,Yes,Month-to-month,Yes,Credit card (automatic),136.94,2204.65,No,2024-09-24
2639-FIMLJ,Male,1,No,No,28,Yes,Yes,Fiber optic,Yes,Yes,No,No,Yes,Yes,Two year,Yes,Mailed check,153.0,4317.6,No,2024-09-24
1540-HRWVY,Female,0,Yes,No,42,Yes,Yes,Fiber optic,Yes,Yes,No,No,No,No,Two year,Yes,Electronic check,146.27,6142.51,No,2024-09-25
5617-WNWCU,Female,1,No,No,41,Yes,No,Fiber optic,No,No,No,No,Yes,Yes,Month-to-month,Yes,Bank transfer (automatic),146.26,5927.01,Yes,2024-09-25
8556-OTIWN,Male,1,Yes,No,52,Yes,Yes,Fiber optic,Yes,No,No,No,Yes,Yes,Month-to-month,No,Credit card (automatic),171.86,8794.49,Yes,2024-09-25
6563-PNHST,Female,0,Yes,Yes,40,Yes,No,DSL,Yes,No,No,Yes,Yes,No,One year,No,Bank transfer (automatic),109.91,4477.17,Yes,2024-09-25
7481-BATYE,Female,0,Yes,No,30,Yes,No,Fiber optic,No,No,Yes,No,No,Yes,Month-to-month,No,Electronic check,145.11,4321.87,Yes,2024-09-25
4118-OMCJA,Male,0,Yes,Yes,39,Yes,Yes,DSL,No,Yes,No,No,Yes,Yes,One year,Yes,Credit card (automatic),119.71,4721.89,Yes,2024-09-25
5057-YXSOR,Male,0,Yes,No,31,Yes,Yes,Fiber optic,No,No,No,No,No,No,Two year,No,Mailed check,131.1,4185.65,Yes,2024-09-25
9800-CMUDH,Male,0,Yes,No,46,Yes,No,Fiber optic,No,Yes,No,Yes,Yes,No,Month-to-month,Yes,Mailed check,155.4,7249.59,Yes,2024-09-25
8468-HRHNC,Male,0,Yes,No,48,Yes,No,Fiber optic,No,No,No,No,Yes,Yes,Two year,Yes,Electronic check,119.59,5634.62,Yes,2024-09-25
7894-XPVQM,Female,0,Yes,Yes,43,Yes,Yes,No,No internet service,No internet service,No internet service,No internet service,No internet service,No internet service,One year,Yes,Mailed check,58.67,2453.1,Yes,2024-09-25
3484-KHTKH,Male,0,Yes,No,17,Yes,No,DSL,Yes,Yes,No,No,Yes,No,One year,Yes,Bank transfer (automatic),105.44,1823.99,No,2024-09-25
9055-YGCUW,Female,1,Yes,No,16,Yes,No,Fiber optic,Yes,Yes,Yes,Yes,Yes,No,One year,Yes,Electronic check,159.01,2539.0,No,2024-09-25
5410-HKZFX,Female,0,No,Yes,11,Yes,No,Fiber optic,Yes,No,No,No,No,Yes,Two year,No,Credit card (automatic),122.21,1339.73,Yes,2024-09-25
8087-GFVJM,Female,0,Yes,No,46,Yes,No,Fiber optic,Yes,No,No,No,Yes,Yes,One year,Yes,Credit card (automatic),143.29,6635.48,Yes,2024-09-25
8920-ZJQFN,Male,0,Yes,No,53,Yes,No,DSL,Yes,No,No,No,Yes,Yes,One year,Yes,Electronic check,104.45,5674.47,No,2024-09-25
2411-FJXRM,Female,0,No,No,39,Yes,Yes,Fiber optic,Yes,No,Yes,No,Yes,No,One year,No,Credit card (automatic),174.5,6873.42,No,2024-09-25
9645-OOPPX,Female,0,No,No,45,Yes,Yes,Fiber optic,No,No,No,No,Yes,Yes,Month-to-month,No,Electronic check,154.05,6932.61,Yes,2024-09-25
2236-SNRRP,Female,0,No,Yes,10,Yes,No,Fiber optic,No,Yes,No,No,No,Yes,Month-to-month,Yes,Mailed check,147.9,1474.01,Yes,2024-09-25
1850-KKROG,Female,1,Yes,No,29,Yes,Yes,No,No internet service,No internet service,No internet service,No internet service,No internet service,No internet service,Month-to-month,Yes,Credit card (automatic),63.43,1822.72,No,2024-09-25
7655-ZAOUC,Female,0,Yes,No,5,Yes,No,No,No internet service,No internet service,No internet service,No internet service,No internet service,No internet service,Month-to-month,No,Bank transfer (automatic),43.47,216.2,Yes,2024-09-25
7370-MUEXE,Male,0,No,No,15,Yes,Yes,Fiber optic,Yes,No,No,No,No,Yes,One year,Yes,Electronic check,161.14,2400.79,No,2024-09-25
7001-RAMFY,Male,0,Yes,Yes,24,Yes,No,Fiber optic,Yes,Yes,No,No,Yes,Yes,One year,Yes,Credit card (automatic),159.74,3900.94,Yes,2024-09-25
2403-EDZLG,Female,0,Yes,No,48,Yes,Yes,No,No internet service,No internet service,No internet service,No internet service,No internet service,No internet service,One year,No,Credit card (automatic),53.81,2600.56,No,2024-09-25
8485-YGWYK,Male,0,Yes,No,46,Yes,No,Fiber optic,Yes,Yes,Yes,No,Yes,Yes,One year,Yes,Mailed check,166.42,7576.12,No,2024-09-25
3573-LJVBF,Female,0,No,No,46,Yes,No,Fiber optic,Yes,Yes,No,No,Yes,No,One year,No,Mailed check,143.93,6681.3,Yes,2024-09-25
7785-WLFCY,Female,0,Yes,No,22,Yes,No,DSL,No,No,Yes,Yes,Yes,Yes,Month-to-month,Yes,Electronic check,128.84,2853.63,Yes,2024-09-25
2601-PXALY,Male,0,Yes,Yes,32,Yes,Yes,Fiber optic,No,No,No,Yes,Yes,Yes,Month-to-month,Yes,Bank transfer (automatic),172.5,5413.5,Yes,2024-09-25
6720-BTMGK,Female,0,No,Yes,28,Yes,No,No,No internet service,No internet service,No internet service,No internet service,No internet service,No internet service,Month-to-month,Yes,Credit card (automatic),50.92,1465.99,No,2024-09-25
8556-IORKB,Female,0,No,No,36,Yes,Yes,Fiber optic,Yes,Yes,No,Yes,Yes,No,Two year,Yes,Electronic check,163.61,6022.46,Yes,2024-09-25
2733-DSEDK,Male,0,No,No,37,Yes,Yes,DSL,Yes,No,No,No,Yes,Yes,Month-to-month,Yes,Mailed check,143.34,5201.37,Yes,2024-09-25
6637-ERRZJ,Female,0,No,No,12,Yes,No,Fiber optic,Yes,Yes,Yes,Yes,No,Yes,Month-to-month,No,Bank transfer (automatic),183.87,2225.66,Yes,2024-09-25
5516-NPOIR,Female,0,Yes,No,23,Yes,Yes,Fiber optic,No,No,No,No,No,No,Two year,No,Credit card (automatic),128.67,2890.28,Yes,2024-09-25
5733-AIAFI,Female,0,Yes,No,50,Yes,Yes,DSL,No,Yes,Yes,Yes,No,Yes,One year,Yes,Electronic check,137.24,6910.17,No,2024-09-25
8587-ICDUO,Female,0,No,No,16,No,No phone service,DSL,Yes,Yes,No,No,Yes,Yes,One year,No,Credit card (automatic),97.71,1596.28,No,2024-09-25
6422-ILZRH,Female,0,Yes,No,17,Yes,No,DSL,No,No,No,Yes,Yes,Yes,Month-to-month,Yes,Electronic check,133.73,2251.11,Yes,2024-09-25
4056-KWXEQ,Male,0,No,No,35,No,No phone service,Fiber optic,No,Yes,No,No,No,Yes,One year,No,Electronic check,110.53,3893.52,No,2024-09-25
6191-OOJBD,Male,0,No,Yes,21,Yes,No,Fiber optic,No,Yes,Yes,No,Yes,No,Two year,Yes,Mailed check,143.99,3016.47,Yes,2024-09-25
1547-MNXSL,Female,0,Yes,Yes,6,Yes,No,Fiber optic,No,No,No,No,No,No,Two year,Yes,Bank transfer (automatic),112.35,654.85,Yes,2024-09-25
7439-NGBSR,Male,1,Yes,No,29,Yes,Yes,DSL,No,No,No,No,No,Yes,Month-to-month,No,Electronic check,129.63,3780.54,Yes,2024-09-25
7227-XQLDX,Male,0,No,No,59,Yes,No,No,No internet service,No internet service,No internet service,No internet service,No internet service,No internet service,Month-to-month,No,Bank transfer (automatic),54.02,3243.76,No,2024-09-26
4053-ZQVVW,Male,0,Yes,No,16,Yes,Yes,Fiber optic,No,No,No,No,No,No,Two year,Yes,Bank transfer (automatic),131.66,2055.98,Yes,2024-09-26
8084-OMADJ,Female,0,Yes,No,40,Yes,No,Fiber optic,Yes,Yes,Yes,No,Yes,No,Month-to-month,No,Mailed check,157.49,6342.89,Yes,2024-09-26
3089-FPXHX,Male,0,Yes,No,23,Yes,No,DSL,Yes,No,No,Yes,No,Yes,Month-to-month,No,Mailed check,121.94,2851.64,Yes,2024-09-26
9475-GAQMT,Male,0,No,Yes,25,Yes,No,Fiber optic,No,Yes,No,No,Yes,Yes,Two year,No,Electronic check,130.69,3340.74,Yes,2024-09-26
9958-SLEJV,Female,0,No,No,39,Yes,No,No,No internet service,No internet service,No internet service,No internet service,No internet service,No internet service,Month-to-month,Yes,Electronic check,46.2,1843.8,Yes,2024-09-26
1243-XISCB,Female,0,Yes,No,4,Yes,Yes,Fiber optic,Yes,No,Yes,No,No,Yes,Two year,Yes,Mailed check,159.68,623.77,Yes,2024-09-26
8974-HYGHK,Female,0,Yes,No,51,Yes,Yes,Fiber optic,No,Yes,No,No,No,Yes,One year,No,Electronic check,144.93,7181.6,Yes,2024-09-26
7608-SJGGK,Male,0,Yes,Yes,45,Yes,No,DSL,Yes,Yes,No,Yes,No,Yes,Month-to-month,Yes,Mailed check,130.29,6036.09,Yes,2024-09-26
3462-NVXCU,Female,0,Yes,Yes,56,Yes,Yes,DSL,No,No,Yes,Yes,Yes,Yes,One year,Yes,Credit card (automatic),128.22,7343.28,Yes,2024-09-26
1272-DUEMS,Male,0,No,No,31,Yes,No,Fiber optic,Yes,No,No,Yes,Yes,Yes,Month-to-month,No,Electronic check,167.05,5156.81,Yes,2024-09-26
9223-VETSA,Female,1,No,No,23,Yes,Yes,Fiber optic,No,No,Yes,No,Yes,No,Month-to-month,Yes,Credit card (automatic),166.84,3771.53,Yes,2024-09-26
6581-XLFYK,Male,0,No,No,24,Yes,No,Fiber optic,No,Yes,Yes,No,No,No,Month-to-month,Yes,Credit card (automatic),144.71,3468.11,Yes,2024-09-26
5440-RWZIM,Female,1,Yes,No,33,Yes,No,Fiber optic,Yes,No,Yes,No,Yes,Yes,Two year,Yes,Bank transfer (automatic),143.31,4655.64,Yes,2024-09-26
5711-SACUL,Male,0,No,No,40,Yes,No,No,No internet service,No internet service,No internet service,No internet service,No internet service,No internet service,One year,Yes,Electronic check,54.04,2113.75,Yes,2024-09-26
1396-IJGMI,Male,1,Yes,Yes,52,Yes,No,Fiber optic,No,Yes,No,No,Yes,Yes,One year,No,Electronic check,140.57,7450.14,No,2024-09-26
1035-QSXTE,Female,0,Yes,No,44,Yes,Yes,Fiber optic,No,No,No,No,No,Yes,Month-to-month,No,Electronic check,165.14,7362.43,Yes,2024-09-26
5976-TQWDC,Female,0,Yes,No,34,Yes,No,DSL,Yes,Yes,No,Yes,Yes,Yes,Two year,Yes,Mailed check,118.76,4124.77,No,2024-09-26
4157-EIUJN,Female,0,Yes,No,10,Yes,No,Fiber optic,No,No,No,No,No,Yes,Month-to-month,No,Bank transfer (automatic),137.49,1415.27,Yes,2024-09-26
5417-LMPPE,Male,0,Yes,No,12,Yes,No,Fiber optic,No,Yes,Yes,Yes,No,No,One year,Yes,Mailed check,150.62,1859.23,Yes,2024-09-26
7246-GPHGQ,Male,0,Yes,No,47,Yes,No,DSL,No,No,No,No,Yes,Yes,Month-to-month,Yes,Credit card (automatic),106.33,5022.19,Yes,2024-09-26
2887-EZWCW,Female,0,Yes,No,37,Yes,No,Fiber optic,Yes,No,Yes,No,Yes,Yes,One year,No,Electronic check,149.23,5672.63,Yes,2024-09-26
4301-FOFRT,Male,0,Yes,No,22,Yes,Yes,Fiber optic,No,No,No,Yes,Yes,Yes,One year,Yes,Electronic check,168.79,3624.26,No,2024-09-26
7213-ROBBI,Female,0,No,No,52,Yes,Yes,DSL,No,Yes,Yes,Yes,Yes,Yes,Month-to-month,No,Mailed check,162.17,8398.15,Yes,2024-09-26
8315-DEZLC,Male,1,No,No,20,No,No phone service,No,No internet service,No internet service,No internet service,No internet service,No internet service,No internet service,One year,No,Mailed check,20.52,399.83,No,2024-09-26
9096-DZFST,Male,0,Yes,No,49,Yes,No,Fiber optic,No,Yes,Yes,Yes,Yes,Yes,Month-to-month,No,Mailed check,165.73,8228.26,Yes,2024-09-26
4529-LSFJT,Female,0,Yes,No,54,Yes,No,Fiber optic,Yes,Yes,No,Yes,Yes,No,Month-to-month,Yes,Bank transfer (automatic),156.16,8246.44,Yes,2024-09-26
1746-HGXCH,Male,0,No,No,11,Yes,No,DSL,No,Yes,Yes,Yes,Yes,No,Month-to-month,Yes,Bank transfer (automatic),130.96,1473.62,Yes,2024-09-26
7231-DSOKG,Male,1,Yes,No,6,Yes,No,Fiber optic,No,Yes,No,No,Yes,Yes,One year,Yes,Bank transfer (automatic),145.29,869.58,No,2024-09-26
1013-BKMEP,Male,0,Yes,No,48,Yes,No,No,No internet service,No internet service,No internet service,No internet service,No internet service,No internet service,Month-to-month,No,Mailed check,42.41,2034.47,Yes,2024-09-26
6165-CDLKQ,Male,0,Yes,No,16,Yes,Yes,Fiber optic,Yes,No,No,No,No,Yes,Month-to-month,Yes,Bank transfer (automatic),171.06,2734.79,Yes,2024-09-26
2314-DGSHW,Female,0,Yes,No,25,Yes,No,Fiber optic,No,Yes,No,No,Yes,No,Month-to-month,Yes,Credit card (automatic),154.19,3824.9,Yes,2024-09-26
3171-ZRKDZ,Female,0,No,No,22,Yes,No,DSL,No,Yes,No,No,Yes,No,Month-to-month,No,Mailed check,112.18,2471.13,Yes,2024-09-26
4423-ZKYHX,Male,0,Yes,No,46,Yes,No,No,No internet service,No internet service,No internet service,No internet service,No internet service,No internet service,Two year,Yes,Electronic check,40.53,1879.43,Yes,2024-09-26
6867-OOFFQ,Male,0,No,No,42,No,No phone service,No,No internet service,No internet service,No internet service,No internet service,No internet service,No internet service,Month-to-month,Yes,Bank transfer (automatic),18.5,773.51,No,2024-09-26
1391-CLWKY,Male,0,No,No,41,Yes,No,DSL,No,Yes,No,No,Yes,Yes,Month-to-month,No,Credit card (automatic),127.77,5272.84,Yes,2024-09-26
5676-YIIIL,Female,1,Yes,No,19,Yes,Yes,No,No internet service,No internet service,No internet service,No internet service,No internet service,No internet service,Month-to-month,Yes,Electronic check,74.7,1456.75,Yes,2024-09-27
3268-YACGY,Male,0,No,No,21,Yes,Yes,Fiber optic,No,No,No,Yes,Yes,Yes,Two year,Yes,Mailed check,154.51,3307.36,No,2024-09-27
7729-REISP,Female,0,Yes,No,25,Yes,No,No,No internet service,No internet service,No internet service,No internet service,No internet service,No internet service,Month-to-month,Yes,Bank transfer (automatic),53.49,1297.87,Yes,2024-09-27
2342-SZOXF,Female,0,No,Yes,34,Yes,Yes,DSL,Yes,No,Yes,No,No,Yes,Two year,Yes,Mailed check,125.89,4330.32,Yes,2024-09-27
8462-RBRMB,Male,0,Yes,No,42,Yes,No,DSL,No,Yes,No,No,Yes,No,One year,No,Electronic check,111.75,4574.66,Yes,2024-09-27
8086-XNILC,Male,0,Yes,Yes,34,Yes,Yes,Fiber optic,No,No,Yes,Yes,Yes,Yes,One year,Yes,Credit card (automatic),177.16,6000.13,No,2024-09-27
5272-AOIKW,Female,0,No,No,42,Yes,Yes,Fiber optic,No,No,Yes,No,Yes,Yes,Two year,Yes,Bank transfer (automatic),157.28,6582.33,No,2024-09-27
3016-WLLJO,Male,0,No,No,10,Yes,Yes,Fiber optic,No,No,No,Yes,Yes,Yes,Month-to-month,Yes,Credit card (automatic),164.84,1628.7,Yes,2024-09-27
8897-SJZAM,Female,0,Yes,No,56,Yes,No,No,No internet service,No internet service,No internet service,No internet service,No internet service,No internet service,Two year,No,Electronic check,33.74,1920.37,Yes,2024-09-27
1158-PKYQN,Female,0,No,No,26,Yes,No,DSL,Yes,No,No,No,Yes,No,Month-to-month,Yes,Bank transfer (automatic),113.43,2881.69,Yes,2024-09-27
4371-REVOM,Female,0,Yes,Yes,26,Yes,No,Fiber optic,Yes,No,No,Yes,Yes,Yes,Month-to-month,No,Credit card (automatic),168.95,4511.0,Yes,2024-09-27
6634-TFUTJ,Female,1,No,No,40,Yes,Yes,Fiber optic,No,No,No,No,No,Yes,Month-to-month,Yes,Electronic check,164.73,6476.87,Yes,2024-09-27
9844-AOVOO,Female,0,Yes,No,18,Yes,No,DSL,Yes,No,Yes,No,Yes,No,Month-to-month,Yes,Bank transfer (automatic),130.32,2315.12,Yes,2024-09-27
6413-TYQHG,Female,0,Yes,Yes,35,No,No phone service,Fiber optic,Yes,No,Yes,Yes,No,Yes,Month-to-month,Yes,Bank transfer (automatic),131.46,4528.04,Yes,2024-09-27
9378-VPVKD,Male,0,No,No,9,Yes,No,Fiber optic,Yes,Yes,No,No,No,Yes,Two year,No,Bank transfer (automatic),131.53,1149.83,Yes,2024-09-27
1856-EUCCS,Female,0,Yes,Yes,42,Yes,Yes,No,No internet service,No internet service,No internet service,No internet service,No internet service,No internet service,Month-to-month,No,Bank transfer (automatic),70.05,2945.55,Yes,2024-09-27
6374-EKABS,Male,1,No,No,44,Yes,Yes,Fiber optic,No,Yes,No,No,Yes,Yes,One year,No,Mailed check,151.48,6711.43,No,2024-09-27
5351-QUOQF,Female,0,No,No,14,Yes,Yes,DSL,No,No,No,Yes,Yes,Yes,Month-to-month,Yes,Credit card (automatic),142.89,2002.33,No,2024-09-27
5592-QEBGK,Male,0,No,No,17,Yes,No,DSL,No,Yes,No,Yes,Yes,No,Month-to-month,No,Electronic check,120.15,2014.09,Yes,2024-09-27
8009-POZZB,Male,0,No,No,34,Yes,No,Fiber optic,No,Yes,No,No,No,Yes,Month-to-month,Yes,Mailed check,155.22,5184.03,Yes,2024-09-27
4328-WJCPG,Male,0,Yes,No,51,Yes,Yes,Fiber optic,Yes,No,No,No,Yes,Yes,Month-to-month,No,Electronic check,174.45,8712.27,Yes,2024-09-27
8993-QGBVA,Female,0,Yes,No,23,Yes,No,Fiber optic,No,No,Yes,No,Yes,No,Month-to-month,No,Mailed check,146.44,3406.45,Yes,2024-09-27
9684-HKDOR,Female,0,Yes,Yes,16,Yes,No,Fiber optic,No,No,No,Yes,Yes,Yes,Month-to-month,Yes,Bank transfer (automatic),147.24,2405.34,Yes,2024-09-27
8879-XJIOK,Male,0,Yes,Yes,32,Yes,Yes,Fiber optic,No,No,No,No,Yes,No,One year,No,Credit card (automatic),152.71,4830.39,No,2024-09-27
8609-TFLBX,Male,0,Yes,Yes,20,Yes,Yes,DSL,No,No,Yes,No,No,No,Month-to-month,No,Electronic check,127.29,2512.78,Yes,2024-09-27
6092-HZCKB,Male,1,No,No,24,Yes,No,No,No internet service,No internet service,No internet service,No internet service,No internet service,No internet service,One year,Yes,Electronic check,45.98,1104.18,Yes,2024-09-27
1627-EWCAW,Male,1,No,No,39,Yes,Yes,Fiber optic,No,No,No,Yes,Yes,No,Two year,Yes,Mailed check,143.07,5579.16,No,2024-09-27
9531-HTBDU,Male,0,Yes,Yes,18,Yes,No,No,No internet service,No internet service,No internet service,No internet service,No internet service,No internet service,Month-to-month,No,Credit card (automatic),38.63,694.45,Yes,2024-09-27
4578-NBJNF,Female,1,Yes,No,36,Yes,No,Fiber optic,No,No,No,No,Yes,Yes,Month-to-month,Yes,Bank transfer (automatic),152.36,5337.77,Yes,2024-09-27
9428-DQMSG,Male,0,Yes,No,27,Yes,Yes,DSL,Yes,No,Yes,No,Yes,No,Two year,Yes,Credit card (automatic),126.28,3353.57,No,2024-09-27
2206-OHURP,Female,0,No,No,26,Yes,Yes,DSL,Yes,No,Yes,Yes,No,Yes,Month-to-month,Yes,Mailed check,142.22,3600.25,Yes,2024-09-27
6829-PSETT,Male,0,No,Yes,43,No,No phone service,DSL,No,No,Yes,Yes,Yes,No,Month-to-month,No,Electronic check,82.55,3538.31,Yes,2024-09-27
6094-LAIGE,Female,0,Yes,No,29,Yes,No,Fiber optic,No,Yes,Yes,Yes,Yes,No,Month-to-month,Yes,Credit card (automatic),159.87,4627.5,Yes,2024-09-27
8809-GLYVM,Female,1,Yes,No,24,Yes,No,DSL,No,No,No,No,Yes,Yes,Month-to-month,No,Electronic check,112.15,2738.91,Yes,2024-09-27
6434-GXGGM,Female,0,Yes,No,29,Yes,No,DSL,Yes,Yes,No,No,Yes,No,One year,Yes,Bank transfer (automatic),118.25,3503.68,No,2024-09-27
3813-NJKOM,Female,0,No,No,31,Yes,Yes,Fiber optic,No,No,No,No,No,No,Month-to-month,Yes,Credit card (automatic),151.19,4705.96,Yes,2024-09-27
8475-TJSAE,Female,0,Yes,Yes,56,Yes,No,No,No internet service,No internet service,No internet service,No internet service,No internet service,No internet service,One year,Yes,Electronic check,40.14,2242.89,Yes,2024-09-27
2525-RCQGA,Female,0,No,No,51,Yes,Yes,Fiber optic,No,No,Yes,No,Yes,Yes,Month-to-month,No,Credit card (automatic),174.02,8937.63,Yes,2024-09-27
6804-ZIGJN,Male,0,Yes,Yes,27,Yes,No,Fiber optic,No,Yes,Yes,Yes,Yes,Yes,Month-to-month,Yes,Electronic check,177.76,4894.59,Yes,2024-09-27
7493-DOLRR,Female,0,Yes,No,42,Yes,No,Fiber optic,No,Yes,Yes,Yes,Yes,Yes,Month-to-month,Yes,Electronic check,168.57,6982.92,Yes,2024-09-27
4943-SJUUI,Male,0,No,No,34,Yes,No,DSL,Yes,Yes,Yes,No,Yes,Yes,One year,Yes,Bank transfer (automatic),130.23,4515.4,Yes,2024-09-27
5040-NZLFV,Male,1,Yes,Yes,42,Yes,No,DSL,No,No,Yes,Yes,Yes,Yes,One year,Yes,Bank transfer (automatic),124.49,5323.16,Yes,2024-09-27
8934-HOVYL,Female,0,Yes,No,18,Yes,No,DSL,Yes,Yes,No,No,Yes,Yes,One year,Yes,Bank transfer (automatic),123.7,2166.33,Yes,2024-09-27
3355-WFHPV,Male,0,Yes,Yes,30,Yes,No,Fiber optic,Yes,No,Yes,Yes,Yes,Yes,One year,Yes,Electronic check,164.28,4931.16,Yes,2024-09-27
1291-VAAPE,Female,0,Yes,No,10,Yes,Yes,Fiber optic,No,Yes,No,No,No,No,Month-to-month,No,Credit card (automatic),161.97,1646.01,Yes,2024-09-27
8559-NDBVE,Male,0,Yes,No,27,Yes,Yes,Fiber optic,No,Yes,No,No,No,Yes,Month-to-month,Yes,Bank transfer (automatic),167.71,4626.37,Yes,2024-09-27
8535-LYTVC,Female,0,Yes,Yes,39,Yes,No,Fiber optic,No,No,No,Yes,Yes,Yes,Two year,Yes,Electronic check,133.58,5077.91,Yes,2024-09-27
5230-ATPCE,Male,0,No,No,10,Yes,Yes,No,No internet service,No internet service,No internet service,No internet service,No internet service,No internet service,Two year,Yes,Credit card (automatic),48.38,469.54,Yes,2024-09-28
2792-BZAAF,Male,1,Yes,Yes,30,Yes,No,DSL,Yes,Yes,No,No,Yes,Yes,Two year,Yes,Bank transfer (automatic),110.74,3366.65,No,2024-09-28
9498-OMHDI,Female,0,Yes,Yes,48,No,No phone service,No,No internet service,No internet service,No internet service,No internet service,No internet service,No internet service,One year,Yes,Electronic check,22.59,1103.32,Yes,2024-09-28
1976-XBTDL,Female,0,Yes,Yes,38,Yes,Yes,DSL,Yes,No,Yes,No,No,Yes,Month-to-month,No,Mailed check,143.05,5315.31,Yes,2024-09-28
5700-FPQUI,Female,0,Yes,No,25,Yes,Yes,Fiber optic,Yes,Yes,Yes,Yes,Yes,Yes,Month-to-month,Yes,Mailed check,198.89,5088.99,Yes,2024-09-28
9743-KPBWX,Female,0,Yes,No,40,Yes,No,Fiber optic,No,Yes,No,No,Yes,Yes,One year,Yes,Bank transfer (automatic),143.79,5684.82,Yes,2024-09-28
8476-NXDEJ,Male,0,Yes,No,34,Yes,Yes,DSL,No,No,No,Yes,Yes,No,Month-to-month,Yes,Electronic check,135.41,4560.51,Yes,2024-09-28
8622-HTLFO,Female,1,Yes,No,13,No,No phone service,DSL,No,Yes,Yes,Yes,Yes,Yes,One year,No,Mailed check,107.0,1365.78,Yes,2024-09-28
9814-WYFQD,Male,0,Yes,No,19,Yes,Yes,Fiber optic,No,Yes,Yes,No,Yes,Yes,Month-to-month,Yes,Bank transfer (automatic),188.65,3505.22,Yes,2024-09-28
7052-OOFPS,Female,0,No,Yes,33,Yes,No,No,No internet service,No internet service,No internet service,No internet service,No internet service,No internet service,Two year,Yes,Mailed check,44.64,1437.99,Yes,2024-09-28
7623-QITZY,Male,0,No,Yes,45,Yes,Yes,DSL,No,Yes,No,No,Yes,Yes,One year,Yes,Credit card (automatic),136.12,6053.74,Yes,2024-09-28
3541-HQYVK,Male,0,Yes,Yes,52,Yes,No,DSL,Yes,No,Yes,No,Yes,Yes,Month-to-month,Yes,Electronic check,130.13,6963.6,Yes,2024-09-28
1123-BEQQW,Male,1,No,No,11,Yes,No,Fiber optic,No,Yes,No,No,Yes,Yes,Two year,No,Electronic check,135.76,1475.86,Yes,2024-09-28
8205-QLAXA,Female,0,Yes,No,28,Yes,Yes,DSL,No,Yes,No,Yes,Yes,Yes,Month-to-month,Yes,Mailed check,141.05,3974.51,Yes,2024-09-28
4066-LNECB,Female,0,Yes,Yes,49,Yes,Yes,No,No internet service,No internet service,No internet service,No internet service,No internet service,No internet service,Month-to-month,Yes,Credit card (automatic),64.17,3160.03,No,2024-09-28
1239-EHLBU,Female,0,Yes,No,24,Yes,No,Fiber optic,No,Yes,No,Yes,Yes,No,Month-to-month,No,Mailed check,158.15,3712.71,No,2024-09-28
4040-JUXSR,Male,0,Yes,No,44,Yes,No,DSL,Yes,Yes,Yes,No,No,Yes,One year,No,Credit card (automatic),119.96,5134.46,Yes,2024-09-28
5445-IQDRJ,Male,0,No,No,8,Yes,No,Fiber optic,No,No,Yes,No,Yes,No,Month-to-month,Yes,Bank transfer (automatic),153.45,1231.25,Yes,2024-09-28
7783-BQUFE,Female,0,Yes,No,14,Yes,No,Fiber optic,Yes,No,Yes,No,Yes,Yes,Month-to-month,Yes,Bank transfer (automatic),149.16,2026.59,Yes,2024-09-28
1307-WZYPQ,Male,0,No,No,20,Yes,No,No,No internet service,No internet service,No internet service,No internet service,No internet service,No internet service,Two year,Yes,Bank transfer (automatic),41.07,839.8,No,2024-09-28
7278-HQEPX,Male,0,No,No,13,Yes,No,Fiber optic,No,Yes,Yes,No,No,Yes,Month-to-month,Yes,Electronic check,147.02,1922.26,Yes,2024-09-28
1080-LPUPY,Male,1,No,No,43,Yes,Yes,DSL,No,No,Yes,Yes,Yes,Yes,Month-to-month,Yes,Mailed check,146.09,6192.24,Yes,2024-09-28
4303-DEKRG,Male,0,Yes,No,42,Yes,No,DSL,No,No,Yes,No,Yes,Yes,Month-to-month,Yes,Credit card (automatic),127.86,5324.61,Yes,2024-09-28
1597-MHMWH,Female,0,Yes,Yes,3,Yes,No,DSL,No,No,No,No,No,Yes,Month-to-month,Yes,Bank transfer (automatic),101.63,311.53,Yes,2024-09-28
7808-CXURD,Male,0,No,No,48,Yes,Yes,Fiber optic,No,No,No,Yes,No,No,Month-to-month,No,Bank transfer (automatic),162.88,7987.17,Yes,2024-09-28
8045-FGVQE,Male,0,No,No,30,Yes,Yes,Fiber optic,No,No,No,No,Yes,Yes,One year,Yes,Electronic check,158.63,4831.64,Yes,2024-09-28
6827-AYNOK,Female,0,Yes,Yes,14,Yes,No,DSL,No,No,Yes,No,Yes,Yes,Month-to-month,Yes,Bank transfer (automatic),114.37,1579.55,Yes,2024-09-28
5033-JMEPP,Male,0,Yes,No,36,Yes,No,DSL,No,Yes,Yes,Yes,Yes,Yes,Two year,Yes,Mailed check,120.23,4446.89,Yes,2024-09-28
7085-UUXRL,Male,0,No,No,12,Yes,No,Fiber optic,No,Yes,No,Yes,No,No,Month-to-month,Yes,Mailed check,140.96,1655.69,Yes,2024-09-28
1041-FJDFW,Male,0,Yes,No,16,Yes,Yes,Fiber optic,Yes,No,Yes,No,No,Yes,Two year,No,Mailed check,145.71,2382.31,No,2024-09-29
6361-ZRAEE,Male,0,Yes,No,46,Yes,Yes,Fiber optic,No,Yes,No,Yes,Yes,Yes,One year,Yes,Bank transfer (automatic),167.97,7602.61,No,2024-09-29
5512-SKKXK,Female,0,Yes,No,15,Yes,Yes,DSL,Yes,No,No,Yes,Yes,Yes,One year,No,Electronic check,150.2,2257.35,Yes,2024-09-29
8140-ECVCV,Female,0,Yes,Yes,36,Yes,No,Fiber optic,No,No,No,Yes,Yes,No,One year,Yes,Credit card (automatic),139.33,4988.94,Yes,2024-09-29
5142-SPFLP,Male,0,No,Yes,35,Yes,Yes,DSL,Yes,No,Yes,No,Yes,Yes,One year,No,Mailed check,136.15,4674.27,No,2024-09-29
4864-XSVPF,Female,0,Yes,No,24,Yes,No,Fiber optic,No,Yes,Yes,No,No,Yes,Two year,Yes,Mailed check,133.92,3299.87,No,2024-09-29
5755-IGOTW,Male,0,Yes,No,13,Yes,Yes,Fiber optic,No,No,No,No,No,Yes,Month-to-month,Yes,Electronic check,157.13,2012.72,Yes,2024-09-29
7354-YTFUW,Female,0,No,Yes,40,Yes,Yes,Fiber optic,No,No,No,No,Yes,Yes,Month-to-month,Yes,Credit card (automatic),160.72,6342.86,Yes,2024-09-29
1783-BOEHY,Male,0,Yes,Yes,25,Yes,Yes,DSL,Yes,No,No,No,Yes,Yes,Month-to-month,Yes,Bank transfer (automatic),136.53,3448.06,Yes,2024-09-29
8630-BKGVO,Female,0,No,Yes,9,Yes,Yes,DSL,No,Yes,Yes,Yes,No,No,Month-to-month,Yes,Mailed check,143.15,1303.44,Yes,2024-09-29
7369-YQTAY,Male,0,Yes,Yes,35,Yes,No,Fiber optic,No,Yes,No,No,Yes,Yes,One year,Yes,Credit card (automatic),150.76,5318.31,Yes,2024-09-29
8232-XOLPX,Female,0,No,No,22,Yes,No,Fiber optic,No,Yes,Yes,No,No,Yes,One year,No,Electronic check,154.52,3408.5,No,2024-09-29
7849-LSLEH,Female,1,Yes,Yes,30,Yes,No,Fiber optic,No,No,No,Yes,Yes,Yes,One year,No,Electronic check,158.23,4852.81,No,2024-09-29
7680-FJKHS,Male,0,Yes,No,37,Yes,No,DSL,No,Yes,No,Yes,Yes,No,One year,No,Mailed check,107.03,3893.43,Yes,2024-09-29
7978-CSUTN,Female,0,Yes,Yes,37,Yes,Yes,DSL,Yes,Yes,No,No,Yes,Yes,Two year,Yes,Bank transfer (automatic),135.11,4857.17,No,2024-09-29
3864-FRWQG,Male,0,No,Yes,47,Yes,No,DSL,No,No,Yes,No,Yes,Yes,One year,Yes,Mailed check,109.22,5039.03,Yes,2024-09-29
9707-XXRXI,Male,0,No,Yes,14,Yes,Yes,DSL,Yes,Yes,No,No,Yes,Yes,One year,Yes,Electronic check,137.54,1919.21,No,2024-09-29
4792-WNQAM,Male,0,Yes,No,35,Yes,Yes,DSL,No,No,Yes,No,No,Yes,One year,Yes,Bank transfer (automatic),125.82,4290.57,No,2024-09-29
3941-VYNLJ,Female,0,Yes,No,45,Yes,No,DSL,Yes,Yes,Yes,No,Yes,Yes,Two year,No,Mailed check,124.91,5600.84,Yes,2024-09-29
5459-PRBDT,Male,0,Yes,No,57,Yes,Yes,DSL,Yes,Yes,Yes,Yes,No,No,One year,Yes,Electronic check,145.13,8298.46,Yes,2024-09-29
5365-OWEIB,Female,1,No,Yes,22,Yes,No,No,No internet service,No internet service,No internet service,No internet service,No internet service,No internet service,Month-to-month,No,Electronic check,39.33,851.18,Yes,2024-09-29
3770-BSOIG,Female,0,No,No,31,Yes,Yes,No,No internet service,No internet service,No internet service,No internet service,No internet service,No internet service,Two year,Yes,Credit card (automatic),45.84,1434.57,No,2024-09-29
7891-GHNUE,Male,0,No,No,33,Yes,No,No,No internet service,No internet service,No internet service,No internet service,No internet service,No internet service,Two year,Yes,Credit card (automatic),28.41,945.03,Yes,2024-09-29
6980-QHYWN,Male,0,Yes,No,41,Yes,No,No,No internet service,No internet service,No internet service,No internet service,No internet service,No internet service,Month-to-month,No,Electronic check,43.97,1752.18,No,2024-09-29
4033-LZKXA,Female,1,Yes,No,33,Yes,No,DSL,Yes,No,No,Yes,Yes,Yes,Month-to-month,Yes,Credit card (automatic),135.86,4391.76,Yes,2024-09-29
3673-JNRNS,Female,1,No,No,21,Yes,No,Fiber optic,No,Yes,No,Yes,Yes,Yes,Month-to-month,No,Mailed check,163.79,3532.52,Yes,2024-09-29
7175-SWALZ,Female,0,Yes,No,45,Yes,Yes,Fiber optic,No,No,No,No,Yes,No,Month-to-month,No,Electronic check,148.99,6616.8,Yes,2024-09-29
5143-SRTUA,Male,0,No,No,35,Yes,No,DSL,Yes,No,Yes,Yes,Yes,Yes,One year,No,Credit card (automatic),129.49,4573.11,No,2024-09-29
2746-IZEWX,Female,0,Yes,No,47,No,No phone service,DSL,No,No,Yes,Yes,Yes,No,Month-to-month,Yes,Mailed check,91.27,4386.8,Yes,2024-09-29
6762-XBTQG,Female,0,Yes,No,42,Yes,Yes,DSL,No,Yes,No,Yes,Yes,Yes,Month-to-month,Yes,Credit card (automatic),153.64,6589.55,Yes,2024-09-29
8401-QZGLL,Female,1,Yes,No,18,Yes,No,Fiber optic,No,Yes,No,No,No,No,One year,No,Credit card (automatic),132.09,2326.56,No,2024-09-29
8053-XHUNV,Male,0,Yes,No,49,Yes,No,DSL,No,No,No,No,Yes,No,One year,No,Credit card (automatic),98.64,4865.56,No,2024-09-29
1405-IFOUX,Female,0,Yes,Yes,49,Yes,No,No,No internet service,No internet service,No internet service,No internet service,No internet service,No internet service,Month-to-month,Yes,Credit card (automatic),39.58,1951.3,Yes,2024-09-29
1198-SZZGH,Female,0,Yes,No,29,Yes,Yes,Fiber optic,No,No,No,Yes,Yes,Yes,Two year,No,Electronic check,148.32,4300.28,Yes,2024-09-29
2495-ZMUHT,Male,0,No,No,34,No,No phone service,DSL,No,No,No,No,Yes,No,Month-to-month,Yes,Credit card (automatic),71.77,2410.81,No,2024-09-29
7599-UGWPN,Male,0,No,No,24,Yes,No,DSL,Yes,Yes,Yes,No,Yes,Yes,Month-to-month,Yes,Electronic check,139.35,3391.51,Yes,2024-09-29
1669-FARBA,Female,0,Yes,No,61,Yes,No,Fiber optic,Yes,No,Yes,No,Yes,Yes,Month-to-month,No,Bank transfer (automatic),161.98,9979.9,No,2024-09-29
3701-JYDDO,Female,0,Yes,Yes,34,Yes,Yes,DSL,Yes,No,No,No,Yes,Yes,One year,Yes,Bank transfer (automatic),128.22,4276.23,No,2024-09-29
7436-EXTXI,Male,0,No,Yes,20,Yes,Yes,No,No internet service,No internet service,No internet service,No internet service,No internet service,No internet service,Month-to-month,Yes,Mailed check,64.84,1286.5,Yes,2024-09-29
3664-YRLFA,Female,0,Yes,Yes,7,Yes,Yes,Fiber optic,No,No,Yes,No,Yes,Yes,One year,No,Bank transfer (automatic),162.98,1134.3,Yes,2024-09-29
3660-HFGLK,Female,0,Yes,No,55,Yes,Yes,No,No internet service,No internet service,No internet service,No internet service,No internet service,No internet service,One year,Yes,Bank transfer (automatic),57.44,3167.36,No,2024-09-29
1879-QTRWX,Male,0,No,No,30,Yes,No,No,No internet service,No internet service,No internet service,No internet service,No internet service,No internet service,Two year,Yes,Electronic check,43.79,1295.01,Yes,2024-09-29
2678-NPOCN,Male,0,Yes,No,13,Yes,No,DSL,Yes,Yes,No,No,Yes,Yes,Month-to-month,No,Bank transfer (automatic),127.44,1637.19,Yes,2024-09-29
5554-UZXCV,Female,0,Yes,No,24,Yes,Yes,Fiber optic,No,No,Yes,No,No,Yes,Month-to-month,Yes,Mailed check,166.83,4100.59,No,2024-09-30
7538-PTSIU,Male,0,Yes,Yes,23,Yes,Yes,No,No internet service,No internet service,No internet service,No internet service,No internet service,No internet service,Month-to-month,Yes,Electronic check,53.07,1200.84,Yes,2024-09-30
7483-UMDGO,Male,0,Yes,No,41,Yes,No,DSL,No,No,No,No,Yes,Yes,One year,No,Credit card (automatic),96.64,4023.22,No,2024-09-30
1384-YWTPG,Male,0,Yes,Yes,44,Yes,Yes,DSL,No,No,No,No,Yes,Yes,Month-to-month,Yes,Credit card (automatic),138.25,6141.47,Yes,2024-09-30
4126-BNGNO,Female,0,No,No,21,Yes,No,DSL,Yes,Yes,No,Yes,Yes,No,One year,Yes,Mailed check,116.77,2382.82,Yes,2024-09-30
3851-ZVWLN,Male,0,No,Yes,11,Yes,Yes,Fiber optic,No,Yes,Yes,No,Yes,No,Month-to-month,Yes,Bank transfer (automatic),167.51,1841.2,Yes,2024-09-30
4966-DHPWA,Male,0,Yes,No,41,Yes,Yes,DSL,No,No,Yes,No,Yes,Yes,One year,Yes,Bank transfer (automatic),133.73,5355.86,No,2024-09-30
3049-JNQXH,Female,0,No,Yes,33,Yes,No,No,No internet service,No internet service,No internet service,No internet service,No internet service,No internet service,One year,No,Credit card (automatic),48.56,1646.98,No,2024-09-30
7729-YODIN,Male,0,Yes,No,56,Yes,No,Fiber optic,No,No,No,No,Yes,No,Month-to-month,Yes,Credit card (automatic),142.26,7856.11,Yes,2024-09-30
8839-CKOSV,Male,0,Yes,No,44,Yes,No,Fiber optic,Yes,Yes,No,No,Yes,Yes,Month-to-month,No,Bank transfer (automatic),162.09,7112.86,Yes,2024-09-30
6498-GHLWD,Male,0,No,Yes,17,Yes,No,No,No internet service,No internet service,No internet service,No internet service,No internet service,No internet service,One year,Yes,Mailed check,45.22,759.03,No,2024-09-30
6047-LUROJ,Female,0,Yes,Yes,34,Yes,Yes,Fiber optic,No,No,Yes,No,Yes,Yes,One year,Yes,Electronic check,169.3,5795.6,No,2024-09-30
8832-BLIVS,Female,1,No,No,22,Yes,Yes,DSL,Yes,No,Yes,Yes,Yes,Yes,Month-to-month,Yes,Mailed check,155.37,3396.01,Yes,2024-09-30
6604-QZCWA,Male,1,No,No,18,Yes,No,Fiber optic,Yes,No,No,Yes,No,Yes,Month-to-month,No,Mailed check,151.37,2735.48,Yes,2024-09-30
1885-JSCHE,Female,0,Yes,No,23,Yes,No,DSL,No,No,No,No,Yes,Yes,One year,Yes,Electronic check,120.46,2695.76,Yes,2024-09-30
7214-YTBEK,Female,0,Yes,No,42,Yes,No,Fiber optic,No,Yes,No,No,Yes,No,Two year,Yes,Credit card (automatic),128.18,5449.8,Yes,2024-09-30
9356-ULNSN,Female,0,No,No,54,Yes,Yes,DSL,No,Yes,No,Yes,Yes,No,Two year,Yes,Electronic check,129.65,7029.46,Yes,2024-09-30
4007-ADXKG,Male,0,Yes,Yes,46,Yes,Yes,Fiber optic,Yes,Yes,Yes,No,No,Yes,Month-to-month,No,Electronic check,174.56,8223.95,Yes,2024-09-30
8210-HMVZG,Female,0,No,Yes,30,Yes,Yes,Fiber optic,No,No,No,Yes,Yes,Yes,Month-to-month,Yes,Electronic check,175.57,5263.2,Yes,2024-09-30
8798-MEEDY,Female,0,Yes,Yes,16,Yes,No,Fiber optic,Yes,Yes,No,No,Yes,Yes,Two year,No,Mailed check,156.29,2559.07,No,2024-09-30
6339-NTEGR,Male,0,Yes,Yes,44,Yes,No,DSL,Yes,No,Yes,No,Yes,No,Month-to-month,No,Electronic check,130.4,5653.33,Yes,2024-09-30
5404-RDDII,Male,0,Yes,No,29,Yes,Yes,Fiber optic,No,Yes,No,Yes,Yes,No,Month-to-month,No,Credit card (automatic),177.71,5005.96,Yes,2024-09-30
4630-OLQCR,Male,0,Yes,No,42,Yes,Yes,No,No internet service,No internet service,No internet service,No internet service,No internet service,No internet service,One year,No,Mailed check,57.34,2418.46,No,2024-09-30
1476-JWISW,Male,0,Yes,No,26,Yes,No,DSL,No,Yes,No,No,Yes,No,Month-to-month,Yes,Bank transfer (automatic),118.81,3065.9,Yes,2024-09-30
5470-PNVIO,Male,0,Yes,Yes,10,Yes,No,Fiber optic,Yes,Yes,No,No,Yes,Yes,Month-to-month,Yes,Credit card (automatic),166.04,1619.37,No,2024-09-30
8934-OSXMT,Male,0,No,No,43,Yes,No,DSL,No,No,Yes,No,Yes,Yes,One year,Yes,Electronic check,131.05,5642.08,Yes,2024-09-30
1978-SRHWL,Male,0,No,Yes,54,Yes,Yes,DSL,No,No,Yes,Yes,No,Yes,Month-to-month,Yes,Credit card (automatic),140.27,7634.96,Yes,2024-09-30
5253-GVQTH,Female,0,No,No,9,Yes,Yes,Fiber optic,No,No,No,No,Yes,Yes,Month-to-month,Yes,Credit card (automatic),164.83,1517.22,No,2024-09-30
5614-BRZKE,Female,0,No,No,4,No,No phone service,DSL,Yes,Yes,No,No,No,No,Month-to-month,No,Credit card (automatic),73.32,293.01,Yes,2024-09-30
8276-KKXTM,Female,0,Yes,No,17,Yes,No,Fiber optic,Yes,No,No,Yes,Yes,No,One year,No,Electronic check,145.55,2511.1,Yes,2024-09-30
8317-NTIWT,Male,0,Yes,Yes,48,Yes,Yes,Fiber optic,No,Yes,Yes,No,No,No,Two year,No,Electronic check,142.92,6975.93,No,2024-09-30
7965-HVQEO,Male,0,No,Yes,23,Yes,No,DSL,No,No,Yes,Yes,Yes,Yes,Two year,No,Credit card (automatic),110.17,2493.73,No,2024-09-30
7351-BQIVQ,Female,0,Yes,No,35,Yes,No,DSL,Yes,No,No,No,Yes,Yes,Month-to-month,No,Bank transfer (automatic),113.92,3872.29,No,2024-09-30
2307-WOZKO,Male,1,Yes,Yes,50,Yes,No,Fiber optic,No,Yes,Yes,No,Yes,No,One year,No,Bank transfer (automatic),140.17,7010.41,No,2024-09-30
7540-ATPAL,Female,0,Yes,No,47,Yes,Yes,Fiber optic,No,No,No,Yes,No,No,Month-to-month,No,Mailed check,148.24,6770.15,Yes,2024-09-30
7210-KPFYS,Female,0,No,No,35,Yes,Yes,Fiber optic,No,No,No,Yes,Yes,Yes,Month-to-month,Yes,Bank transfer (automatic),163.12,5848.38,No,2024-09-30
3396-ZRAEF,Male,0,No,Yes,23,Yes,No,Fiber optic,No,No,No,No,Yes,Yes,Month-to-month,Yes,Bank transfer (automatic),147.4,3476.6,Yes,2024-09-30
8139-PBXRP,Female,0,Yes,No,55,Yes,No,DSL,No,Yes,No,No,Yes,No,One year,Yes,Credit card (automatic),110.3,5926.93,No,2024-09-30
8752-EKZNK,Male,0,Yes,No,15,Yes,No,DSL,No,No,Yes,No,Yes,Yes,Two year,No,Credit card (automatic),97.68,1448.73,No,2024-09-30
4105-FUPQM,Female,0,No,No,32,Yes,No,DSL,No,No,Yes,No,Yes,Yes,Month-to-month,Yes,Electronic check,113.47,3736.21,Yes,2024-09-30
5988-AWDBF,Female,0,Yes,No,44,Yes,No,DSL,No,No,No,Yes,Yes,No,One year,No,Mailed check,115.39,5133.33,Yes,2024-09-30
4912-YHOED,Male,0,Yes,No,15,Yes,Yes,DSL,Yes,Yes,No,Yes,Yes,Yes,Month-to-month,Yes,Mailed check,154.63,2339.45,Yes,2024-09-30
3029-EGEIF,Female,0,Yes,No,19,No,No phone service,DSL,No,Yes,No,No,Yes,No,Month-to-month,No,Credit card (automatic),87.24,1649.19,No,2024-10-01
4353-LHZZL,Female,0,Yes,No,40,Yes,No,DSL,Yes,Yes,No,Yes,No,Yes,Month-to-month,Yes,Credit card (automatic),125.17,5005.18,Yes,2024-10-01
4636-OKYOF,Male,0,Yes,No,11,Yes,Yes,Fiber optic,No,Yes,No,No,Yes,Yes,One year,Yes,Electronic check,163.14,1794.16,Yes,2024-10-01
5194-UJGTN,Female,0,Yes,Yes,47,Yes,Yes,DSL,No,No,No,No,No,Yes,Month-to-month,No,Credit card (automatic),126.47,5980.46,Yes,2024-10-01
4495-MCWDK,Female,0,Yes,No,35,Yes,Yes,No,No internet service,No internet service,No internet service,No internet service,No internet service,No internet service,Two year,Yes,Bank transfer (automatic),56.38,1980.3,No,2024-10-01
9467-PMRZL,Female,1,No,Yes,31,Yes,Yes,DSL,No,Yes,No,Yes,Yes,Yes,Month-to-month,Yes,Bank transfer (automatic),148.09,4665.49,No,2024-10-01
3303-LYOJP,Female,0,Yes,No,10,Yes,No,Fiber optic,Yes,No,No,Yes,No,Yes,One year,Yes,Bank transfer (automatic),148.01,1459.22,Yes,2024-10-01
4222-TCSBH,Female,0,Yes,No,36,Yes,No,Fiber optic,No,No,No,Yes,No,No,Two year,Yes,Credit card (automatic),115.95,4136.14,No,2024-10-01
1724-YHQHL,Male,0,No,No,19,Yes,Yes,Fiber optic,No,No,No,No,No,No,Two year,No,Mailed check,138.06,2605.56,No,2024-10-01
6465-KORTB,Male,1,Yes,No,43,Yes,No,DSL,Yes,Yes,No,No,Yes,Yes,Month-to-month,No,Electronic check,134.67,5896.52,Yes,2024-10-01
4373-LEXQV,Female,0,No,No,18,No,No phone service,Fiber optic,No,Yes,Yes,Yes,No,Yes,One year,Yes,Bank transfer (automatic),142.39,2613.02,Yes,2024-10-01
5654-GMQFN,Male,0,Yes,No,42,Yes,No,DSL,No,No,Yes,No,No,Yes,Month-to-month,Yes,Electronic check,107.45,4461.32,Yes,2024-10-01
8972-QDOYT,Female,0,Yes,No,30,Yes,Yes,Fiber optic,Yes,No,Yes,No,No,Yes,Two year,No,Bank transfer (automatic),142.8,4349.05,Yes,2024-10-01
7904-SETRW,Male,0,Yes,Yes,47,Yes,No,Fiber optic,No,No,No,No,No,Yes,Two year,No,Electronic check,129.39,6206.81,Yes,2024-10-01
3209-YKWSJ,Female,0,No,No,29,Yes,No,Fiber optic,Yes,No,Yes,No,Yes,Yes,One year,Yes,Credit card (automatic),163.99,4669.2,No,2024-10-01
8873-LQXME,Female,1,Yes,No,5,Yes,No,Fiber optic,No,Yes,No,No,Yes,Yes,One year,Yes,Electronic check,140.5,710.5,No,2024-10-01
6850-QJSRK,Female,0,No,No,6,Yes,Yes,DSL,Yes,Yes,No,Yes,Yes,Yes,Month-to-month,Yes,Credit card (automatic),155.12,931.14,Yes,2024-10-01
1503-MEYEW,Female,1,Yes,No,13,Yes,Yes,Fiber optic,Yes,No,No,No,Yes,No,Month-to-month,Yes,Mailed check,160.05,2027.16,Yes,2024-10-01
1387-YUAAG,Male,0,Yes,Yes,30,Yes,No,No,No internet service,No internet service,No internet service,No internet service,No internet service,No internet service,Month-to-month,No,Bank transfer (automatic),41.02,1243.37,Yes,2024-10-01
3998-RZYVC,Female,0,Yes,No,30,Yes,Yes,DSL,Yes,No,No,No,Yes,No,Two year,No,Credit card (automatic),116.54,3407.16,Yes,2024-10-01
5578-ZAYLY,Male,0,Yes,No,41,Yes,Yes,DSL,Yes,No,No,No,No,Yes,Month-to-month,No,Bank transfer (automatic),131.58,5484.56,Yes,2024-10-01
2950-YRJAL,Female,0,Yes,No,4,Yes,No,Fiber optic,Yes,No,Yes,Yes,Yes,Yes,Month-to-month,Yes,Bank transfer (automatic),177.04,728.35,Yes,2024-10-01
8344-BZPZR,Male,0,No,No,38,No,No phone service,DSL,Yes,No,No,No,Yes,Yes,Month-to-month,Yes,Bank transfer (automatic),96.46,3739.12,Yes,2024-10-01
9081-NBKSG,Female,0,No,No,15,Yes,No,Fiber optic,No,No,No,No,Yes,Yes,Two year,Yes,Credit card (automatic),130.54,1952.32,Yes,2024-10-01
8196-QKLXQ,Male,0,No,Yes,56,Yes,No,No,No internet service,No internet service,No internet service,No internet service,No internet service,No internet service,Month-to-month,No,Credit card (automatic),44.53,2560.03,No,2024-10-01
9386-MNRXC,Female,0,No,No,37,Yes,No,DSL,No,No,No,No,Yes,Yes,Month-to-month,No,Electronic check,119.0,4495.59,Yes,2024-10-01
8912-KMWAX,Female,0,No,No,46,Yes,No,Fiber optic,No,No,No,Yes,Yes,Yes,Month-to-month,No,Credit card (automatic),156.03,7106.22,Yes,2024-10-01
8145-ZWVXK,Female,1,Yes,No,45,Yes,Yes,Fiber optic,No,Yes,No,No,Yes,No,Two year,No,Credit card (automatic),138.85,6280.82,No,2024-10-01
6842-GMUGA,Male,0,No,No,19,Yes,No,DSL,No,No,Yes,No,Yes,Yes,One year,Yes,Electronic check,115.0,2202.47,Yes,2024-10-01
2316-XNFWS,Female,0,No,Yes,19,Yes,No,Fiber optic,Yes,Yes,Yes,Yes,No,No,One year,Yes,Bank transfer (automatic),151.68,2816.14,No,2024-10-01
8848-ODPSD,Female,0,No,No,17,Yes,Yes,No,No internet service,No internet service,No internet service,No internet service,No internet service,No internet service,One year,Yes,Mailed check,65.63,1121.05,Yes,2024-10-01
6036-YAFBV,Male,0,Yes,No,34,Yes,No,Fiber optic,Yes,Yes,No,Yes,Yes,Yes,One year,Yes,Electronic check,154.27,5290.99,No,2024-10-01
3956-PSIOU,Female,0,No,No,9,Yes,No,Fiber optic,No,Yes,No,Yes,No,No,One year,Yes,Mailed check,135.25,1239.73,Yes,2024-10-01
6768-SJWPO,Male,0,No,Yes,56,Yes,Yes,No,No internet service,No internet service,No internet service,No internet service,No internet service,No internet service,One year,No,Credit card (automatic),56.09,3111.98,No,2024-10-01
7769-JQWLI,Female,0,No,Yes,20,Yes,Yes,No,No internet service,No internet service,No internet service,No internet service,No internet service,No internet service,Two year,Yes,Mailed check,46.57,938.38,No,2024-10-01
3791-RRTXE,Female,0,Yes,No,49,Yes,Yes,DSL,No,No,Yes,Yes,Yes,No,Month-to-month,Yes,Bank transfer (automatic),132.98,6329.14,Yes,2024-10-01
8402-IIWET,Male,0,Yes,Yes,32,Yes,Yes,Fiber optic,Yes,Yes,No,Yes,No,Yes,One year,No,Electronic check,167.0,5424.67,Yes,2024-10-01
1748-KWIPF,Female,1,No,No,22,Yes,No,Fiber optic,No,No,Yes,Yes,Yes,Yes,One year,Yes,Credit card (automatic),163.89,3640.2,No,2024-10-01
3967-VSUCK,Male,0,No,No,37,Yes,No,DSL,Yes,No,Yes,No,No,No,Month-to-month,No,Credit card (automatic),121.53,4586.42,Yes,2024-10-01
5306-RRARY,Male,0,No,No,37,Yes,No,DSL,No,No,No,No,No,Yes,One year,No,Credit card (automatic),93.39,3439.87,No,2024-10-01
8144-HCCFZ,Female,1,Yes,No,47,No,No phone service,DSL,No,No,No,No,Yes,Yes,One year,Yes,Mailed check,86.79,3995.77,No,2024-10-01
1984-CBRFL,Male,0,Yes,Yes,39,Yes,No,No,No internet service,No internet service,No internet service,No internet service,No internet service,No internet service,Month-to-month,No,Credit card (automatic),54.69,2123.84,Yes,2024-10-01
9741-LFCLX,Male,0,No,No,29,No,No phone service,Fiber optic,Yes,Yes,No,Yes,No,Yes,One year,No,Mailed check,121.0,3562.25,No,2024-10-02
8178-ZGIZB,Female,0,Yes,No,22,Yes,Yes,DSL,Yes,Yes,No,Yes,No,No,Two year,No,Credit card (automatic),125.46,2803.56,No,2024-10-02
1667-HBGEL,Female,0,No,No,35,No,No phone service,DSL,No,No,Yes,No,Yes,No,Two year,Yes,Electronic check,68.92,2371.08,Yes,2024-10-02
7913-SBWVD,Female,0,Yes,No,14,Yes,No,Fiber optic,Yes,No,No,Yes,No,Yes,Month-to-month,Yes,Electronic check,155.91,2230.02,Yes,2024-10-02
8092-TDYPE,Female,0,No,No,33,Yes,No,No,No internet service,No internet service,No internet service,No internet service,No internet service,No internet service,One year,Yes,Electronic check,43.4,1457.53,No,2024-10-02
2690-NIXOF,Female,1,Yes,No,27,Yes,No,DSL,No,No,Yes,No,Yes,No,Month-to-month,No,Electronic check,107.92,2955.37,Yes,2024-10-02
6644-NKIPD,Female,0,No,No,30,Yes,Yes,Fiber optic,Yes,Yes,No,Yes,Yes,No,One year,No,Mailed check,175.43,5181.11,No,2024-10-02
4423-GEGOA,Female,0,Yes,No,33,Yes,Yes,DSL,Yes,Yes,Yes,No,No,Yes,One year,Yes,Electronic check,148.16,4926.45,Yes,2024-10-02
4262-ZFOZR,Female,1,Yes,Yes,28,Yes,No,No,No internet service,No internet service,No internet service,No internet service,No internet service,No internet service,Two year,Yes,Bank transfer (automatic),41.78,1191.04,Yes,2024-10-02
8731-AMAZJ,Male,1,Yes,No,36,Yes,Yes,Fiber optic,No,No,Yes,No,Yes,Yes,Month-to-month,No,Mailed check,176.71,6319.4,Yes,2024-10-02
9544-NAEHL,Male,0,No,Yes,54,Yes,Yes,No,No internet service,No internet service,No internet service,No internet service,No internet service,No internet service,Two year,Yes,Electronic check,54.24,2934.35,No,2024-10-02
8905-JKZXF,Female,1,No,Yes,30,Yes,No,Fiber optic,No,Yes,No,No,Yes,Yes,Month-to-month,Yes,Mailed check,161.91,4746.78,Yes,2024-10-02
4353-WKRVH,Female,0,Yes,No,29,Yes,No,Fiber optic,No,Yes,No,Yes,No,No,Month-to-month,No,Electronic check,139.72,3931.59,Yes,2024-10-02
9790-PGQVQ,Female,0,Yes,No,14,Yes,No,Fiber optic,No,No,Yes,Yes,Yes,Yes,One year,Yes,Mailed check,148.79,2041.58,No,2024-10-02
5836-WYAXG,Male,0,Yes,No,40,Yes,No,DSL,No,Yes,Yes,No,Yes,No,Month-to-month,Yes,Mailed check,115.91,4679.54,Yes,2024-10-02
2551-LUCXC,Male,0,No,No,39,Yes,Yes,DSL,Yes,No,Yes,No,No,No,Two year,No,Electronic check,117.24,4702.3,No,2024-10-02
8786-TTRFK,Female,0,No,Yes,46,Yes,No,Fiber optic,Yes,No,No,No,Yes,No,Month-to-month,No,Credit card (automatic),150.8,6969.26,No,2024-10-02
6781-RJECC,Male,0,No,No,66,Yes,No,Fiber optic,No,Yes,No,Yes,Yes,Yes,Month-to-month,No,Mailed check,160.78,10493.2,Yes,2024-10-02
5596-HEQQP,Female,1,Yes,No,17,Yes,Yes,Fiber optic,No,No,No,Yes,Yes,No,Month-to-month,No,Credit card (automatic),161.56,2704.64,Yes,2024-10-02
5867-ADUZN,Male,0,Yes,No,31,Yes,Yes,Fiber optic,No,Yes,No,No,No,No,One year,No,Mailed check,142.97,4345.37,No,2024-10-02
4697-ZEAQH,Female,0,No,No,28,Yes,Yes,Fiber optic,No,No,No,No,Yes,No,Month-to-month,Yes,Mailed check,157.31,4343.12,No,2024-10-02
2251-FSTBD,Female,0,Yes,No,48,Yes,Yes,DSL,No,No,No,Yes,No,No,Month-to-month,No,Credit card (automatic),122.36,5905.91,Yes,2024-10-02
6250-QDYUU,Male,0,No,No,42,Yes,No,No,No internet service,No internet service,No internet service,No internet service,No internet service,No internet service,Two year,No,Credit card (automatic),43.16,1834.51,No,2024-10-02
3577-AIDCS,Male,0,No,No,3,No,No phone service,Fiber optic,Yes,No,No,Yes,No,Yes,Month-to-month,No,Bank transfer (automatic),126.01,376.47,Yes,2024-10-02
9548-PFZZG,Female,0,Yes,No,35,Yes,Yes,No,No internet service,No internet service,No internet service,No internet service,No internet service,No internet service,Two year,Yes,Mailed check,53.35,1884.81,No,2024-10-02
2770-VNHEL,Male,0,Yes,Yes,41,Yes,Yes,Fiber optic,Yes,Yes,Yes,No,Yes,Yes,Two year,Yes,Bank transfer (automatic),170.29,6839.77,Yes,2024-10-02
5465-JWZVH,Male,0,Yes,No,5,Yes,No,Fiber optic,No,No,No,Yes,Yes,Yes,Month-to-month,Yes,Electronic check,162.29,807.78,Yes,2024-10-02
7775-GAVSN,Male,1,No,No,25,Yes,Yes,No,No internet service,No internet service,No internet service,No internet service,No internet service,No internet service,Month-to-month,Yes,Mailed check,67.12,1669.31,Yes,2024-10-02
2064-QOVYR,Male,0,Yes,No,61,Yes,No,DSL,Yes,No,No,No,Yes,Yes,Month-to-month,No,Mailed check,117.52,7369.08,No,2024-10-02
4709-JHCQO,Male,0,Yes,No,39,Yes,No,DSL,No,Yes,No,No,Yes,No,One year,Yes,Electronic check,107.02,4284.72,No,2024-10-02
5510-JKKMR,Female,0,No,Yes,4,No,No phone service,DSL,No,No,Yes,Yes,Yes,Yes,Month-to-month,No,Electronic check,114.39,444.5,Yes,2024-10-02
2625-ICTLF,Male,0,No,No,64,No,No phone service,Fiber optic,Yes,Yes,Yes,Yes,No,Yes,One year,No,Bank transfer (automatic),133.46,8466.12,Yes,2024-10-02
8606-CVECZ,Female,0,Yes,No,12,No,No phone service,DSL,Yes,No,No,Yes,Yes,No,Month-to-month,No,Electronic check,99.11,1167.14,Yes,2024-10-02
6073-MRNOG,Female,0,No,Yes,27,Yes,No,No,No internet service,No internet service,No internet service,No internet service,No internet service,No internet service,Month-to-month,Yes,Electronic check,50.51,1354.74,Yes,2024-10-02
8148-INYOP,Male,0,Yes,No,37,Yes,Yes,DSL,No,Yes,No,No,Yes,Yes,One year,Yes,Credit card (automatic),123.03,4587.3,No,2024-10-02
3755-XCULD,Female,0,No,No,24,No,No phone service,DSL,Yes,No,Yes,Yes,Yes,No,One year,Yes,Electronic check,95.83,2299.86,Yes,2024-10-02
7616-TFEWN,Male,0,Yes,No,20,Yes,Yes,Fiber optic,Yes,Yes,No,No,No,Yes,Month-to-month,Yes,Mailed check,165.72,3226.1,Yes,2024-10-02
4867-GRKJL,Male,0,No,No,13,Yes,No,Fiber optic,Yes,Yes,No,Yes,Yes,Yes,Two year,Yes,Electronic check,151.59,1929.29,Yes,2024-10-02
8337-PZBFR,Male,0,No,Yes,51,Yes,Yes,DSL,No,No,No,No,No,Yes,One year,Yes,Electronic check,120.0,6084.1,Yes,2024-10-02
5590-HHSLU,Female,0,No,Yes,27,Yes,Yes,DSL,Yes,Yes,No,Yes,Yes,Yes,Month-to-month,Yes,Mailed check,160.37,4276.28,Yes,2024-10-02
4126-CWIRV,Male,0,Yes,No,42,Yes,Yes,DSL,No,No,No,No,No,No,Month-to-month,Yes,Mailed check,107.47,4440.23,Yes,2024-10-02
6832-GZNYC,Male,0,Yes,No,46,Yes,No,DSL,Yes,Yes,Yes,No,Yes,No,Month-to-month,Yes,Mailed check,130.15,6034.6,Yes,2024-10-02
9387-KCJBF,Female,0,No,Yes,32,Yes,No,Fiber optic,No,No,No,Yes,No,No,Month-to-month,Yes,Credit card (automatic),158.46,4953.14,Yes,2024-10-02
9781-UKENJ,Female,0,No,No,54,Yes,Yes,DSL,No,Yes,No,No,Yes,Yes,Month-to-month,No,Electronic check,132.76,7359.21,No,2024-10-03
2510-SGAGN,Female,0,Yes,Yes,37,Yes,Yes,No,No internet service,No internet service,No internet service,No internet service,No internet service,No internet service,Month-to-month,No,Electronic check,67.23,2485.24,Yes,2024-10-03
7163-CBXQB,Female,0,Yes,Yes,43,Yes,Yes,Fiber optic,Yes,No,Yes,Yes,Yes,No,Two year,Yes,Bank transfer (automatic),160.92,6775.5,Yes,2024-10-03
5325-UODLM,Female,0,No,Yes,26,Yes,No,No,No internet service,No internet service,No internet service,No internet service,No internet service,No internet service,Month-to-month,Yes,Bank transfer (automatic),48.72,1292.6,Yes,2024-10-03
1083-TNSLR,Female,0,No,Yes,33,Yes,Yes,Fiber optic,Yes,No,No,Yes,Yes,Yes,One year,Yes,Bank transfer (automatic),185.76,6223.84,No,2024-10-03
2192-RQHYS,Female,0,No,No,48,Yes,No,DSL,No,Yes,No,No,Yes,Yes,Two year,Yes,Bank transfer (automatic),119.0,5642.82,Yes,2024-10-03
6641-GEAZD,Female,0,No,Yes,42,Yes,No,Fiber optic,No,Yes,No,No,Yes,Yes,Two year,Yes,Bank transfer (automatic),138.83,5950.35,No,2024-10-03
7001-JWARW,Male,0,Yes,No,26,Yes,No,DSL,Yes,No,No,Yes,No,Yes,Month-to-month,No,Electronic check,129.69,3456.46,Yes,2024-10-03
1898-SFMNK,Female,0,No,Yes,25,Yes,Yes,DSL,Yes,No,Yes,No,Yes,Yes,One year,No,Credit card (automatic),126.69,3257.7,Yes,2024-10-03
1819-LDNKP,Male,0,Yes,No,59,Yes,No,Fiber optic,No,Yes,No,Yes,No,Yes,Two year,Yes,Electronic check,135.84,8234.5,No,2024-10-03
3898-RQSTC,Male,0,Yes,No,26,Yes,No,DSL,No,No,No,No,Yes,No,One year,Yes,Bank transfer (automatic),98.31,2527.44,Yes,2024-10-03
1794-VNOPP,Female,0,Yes,No,15,Yes,Yes,No,No internet service,No internet service,No internet service,No internet service,No internet service,No internet service,Two year,Yes,Mailed check,49.15,721.32,No,2024-10-03
9743-NDNNA,Female,0,No,No,40,Yes,Yes,DSL,No,No,No,No,No,Yes,One year,Yes,Credit card (automatic),101.94,4007.25,No,2024-10-03
1131-SMNPB,Male,0,No,Yes,23,Yes,Yes,DSL,No,Yes,Yes,No,Yes,No,Month-to-month,No,Mailed check,144.91,3419.63,No,2024-10-03
3154-ZXJNO,Male,0,No,No,45,Yes,Yes,DSL,Yes,No,No,No,Yes,No,Month-to-month,Yes,Electronic check,128.78,5953.24,Yes,2024-10-03
8333-UQBLF,Female,0,Yes,No,17,Yes,Yes,Fiber optic,Yes,No,No,No,Yes,No,Month-to-month,Yes,Electronic check,165.17,2834.98,Yes,2024-10-03
3643-VMAMC,Female,0,No,No,18,Yes,No,No,No internet service,No internet service,No internet service,No internet service,No internet service,No internet service,Month-to-month,Yes,Mailed check,45.59,830.96,Yes,2024-10-03
6994-APZDR,Male,0,Yes,No,11,Yes,Yes,DSL,No,No,Yes,Yes,Yes,Yes,Month-to-month,Yes,Credit card (automatic),143.19,1558.42,Yes,2024-10-03
4115-DMHHD,Male,1,No,No,20,Yes,No,Fiber optic,Yes,Yes,No,No,Yes,Yes,Month-to-month,No,Bank transfer (automatic),160.68,3273.83,Yes,2024-10-03
8875-IXABY,Male,0,No,No,23,Yes,No,DSL,No,No,Yes,No,Yes,Yes,Month-to-month,No,Credit card (automatic),120.54,2837.35,No,2024-10-03
2048-HSYOM,Male,0,Yes,No,17,Yes,No,Fiber optic,No,No,No,No,No,Yes,Two year,Yes,Credit card (automatic),119.46,2066.78,No,2024-10-03
8856-QAHYG,Female,0,Yes,No,23,Yes,Yes,No,No internet service,No internet service,No internet service,No internet service,No internet service,No internet service,Month-to-month,Yes,Bank transfer (automatic),60.44,1384.81,No,2024-10-03
7812-ABBUU,Female,0,No,No,41,Yes,Yes,DSL,Yes,No,No,Yes,No,No,One year,Yes,Mailed check,121.19,4928.53,No,2024-10-03
8473-GRRRJ,Male,0,No,No,20,Yes,No,Fiber optic,Yes,No,No,No,No,No,One year,Yes,Credit card (automatic),134.86,2660.72,Yes,2024-10-03
2582-OSRPE,Female,0,Yes,No,24,Yes,Yes,Fiber optic,Yes,No,No,No,Yes,Yes,Month-to-month,Yes,Credit card (automatic),167.99,4052.95,Yes,2024-10-03
7580-OXYTK,Male,0,Yes,No,4,Yes,No,Fiber optic,No,Yes,No,Yes,Yes,No,Month-to-month,No,Mailed check,151.15,609.85,Yes,2024-10-03
5176-TNBIK,Female,0,Yes,No,11,Yes,No,Fiber optic,No,No,No,No,Yes,No,Month-to-month,No,Electronic check,145.03,1570.22,Yes,2024-10-03
1111-PHQMX,Male,1,Yes,No,37,Yes,Yes,Fiber optic,Yes,No,No,No,No,Yes,Month-to-month,Yes,Credit card (automatic),164.2,6074.68,Yes,2024-10-03
1551-ZSOUG,Female,1,No,Yes,51,Yes,Yes,No,No internet service,No internet service,No internet service,No internet service,No internet service,No internet service,Two year,Yes,Electronic check,59.46,3111.31,Yes,2024-10-03
2522-DTKCL,Male,0,No,No,49,Yes,Yes,DSL,No,No,No,Yes,Yes,Yes,One year,Yes,Bank transfer (automatic),134.35,6658.23,No,2024-10-03
1934-WJZUI,Female,0,Yes,No,33,Yes,Yes,DSL,Yes,No,No,No,Yes,Yes,One year,No,Credit card (automatic),132.3,4383.55,No,2024-10-03
2083-PLUCN,Male,0,No,Yes,5,Yes,Yes,No,No internet service,No internet service,No internet service,No internet service,No internet service,No internet service,Month-to-month,Yes,Electronic check,56.99,292.64,Yes,2024-10-03
8028-ZCTDM,Female,0,No,No,62,Yes,No,Fiber optic,No,No,Yes,No,Yes,Yes,Two year,Yes,Electronic check,140.77,8587.61,Yes,2024-10-03
7251-KJKAR,Female,0,No,No,50,Yes,No,No,No internet service,No internet service,No internet service,No internet service,No internet service,No internet service,Month-to-month,No,Electronic check,39.53,1976.67,Yes,2024-10-03
2638-WWPJO,Female,0,Yes,Yes,13,Yes,Yes,No,No internet service,No internet service,No internet service,No internet service,No internet service,No internet service,Month-to-month,Yes,Credit card (automatic),70.91,929.41,Yes,2024-10-03
7643-WHIZZ,Female,0,Yes,No,22,Yes,Yes,Fiber optic,No,No,No,No,Yes,Yes,One year,No,Mailed check,159.76,3445.41,Yes,2024-10-03
6192-CWKYU,Male,0,No,Yes,32,Yes,Yes,Fiber optic,No,No,No,No,Yes,No,Month-to-month,No,Mailed check,152.6,4795.31,Yes,2024-10-03
3944-QMXCO,Female,0,No,No,9,Yes,Yes,Fiber optic,No,Yes,No,Yes,Yes,Yes,Two year,Yes,Credit card (automatic),162.87,1494.46,Yes,2024-10-03
7332-RKVAD,Female,0,Yes,No,23,Yes,Yes,No,No internet service,No internet service,No internet service,No internet service,No internet service,No internet service,Month-to-month,Yes,Electronic check,64.89,1472.98,Yes,2024-10-03
2888-VGGCS,Male,0,No,No,16,Yes,No,DSL,Yes,No,No,No,Yes,Yes,Month-to-month,Yes,Electronic check,117.2,1882.84,Yes,2024-10-04
8962-LVWQR,Male,1,No,Yes,10,No,No phone service,DSL,Yes,Yes,Yes,No,No,Yes,Month-to-month,No,Credit card (automatic),106.06,1083.5,Yes,2024-10-04
5925-ADATS,Male,0,Yes,No,21,Yes,Yes,No,No internet service,No internet service,No internet service,No internet service,No internet service,No internet service,Month-to-month,No,Credit card (automatic),62.02,1320.63,No,2024-10-04
6459-SVLHQ,Female,0,No,No,16,Yes,Yes,Fiber optic,No,No,No,No,No,Yes,Month-to-month,No,Mailed check,148.22,2369.14,Yes,2024-10-04
6645-QEUID,Female,0,Yes,No,31,Yes,No,DSL,Yes,No,Yes,No,Yes,Yes,Two year,Yes,Mailed check,115.15,3630.3,Yes,2024-10-04
6074-RJCWH,Male,0,No,No,26,Yes,No,Fiber optic,No,Yes,Yes,No,Yes,Yes,Month-to-month,Yes,Mailed check,160.31,4161.57,No,2024-10-04
2724-IQDDE,Female,0,Yes,No,60,Yes,Yes,DSL,No,No,Yes,No,No,Yes,Two year,Yes,Credit card (automatic),113.85,6841.26,No,2024-10-04
4033-BKYDP,Female,0,No,Yes,32,Yes,Yes,Fiber optic,No,Yes,No,Yes,Yes,Yes,Two year,Yes,Mailed check,161.43,5012.53,Yes,2024-10-04
8043-QVZSJ,Female,0,Yes,No,23,Yes,No,Fiber optic,No,Yes,No,No,Yes,No,Month-to-month,Yes,Credit card (automatic),151.67,3388.18,Yes,2024-10-04
6493-KPFCD,Male,1,Yes,No,44,Yes,No,Fiber optic,No,No,Yes,No,Yes,Yes,One year,Yes,Electronic check,139.32,6234.49,Yes,2024-10-04
7731-UOCZN,Female,0,No,No,35,Yes,No,Fiber optic,Yes,Yes,No,No,No,No,Month-to-month,No,Mailed check,141.61,4883.26,Yes,2024-10-04
5778-ZTIZN,Female,0,No,No,33,Yes,Yes,Fiber optic,No,No,Yes,No,No,Yes,Month-to-month,No,Mailed check,170.71,5669.02,Yes,2024-10-04
3292-WFFGJ,Male,0,Yes,No,37,Yes,No,Fiber optic,No,No,Yes,Yes,Yes,Yes,One year,Yes,Electronic check,147.05,5499.26,No,2024-10-04
8118-PTPTV,Male,0,Yes,No,51,Yes,Yes,No,No internet service,No internet service,No internet service,No internet service,No internet service,No internet service,Month-to-month,Yes,Mailed check,66.32,3467.95,No,2024-10-04
1675-BMZRE,Male,0,Yes,Yes,41,Yes,No,Fiber optic,No,No,No,Yes,Yes,Yes,Two year,Yes,Bank transfer (automatic),133.93,5426.58,Yes,2024-10-04
4448-FAPFR,Female,1,No,No,46,Yes,Yes,No,No internet service,No internet service,No internet service,No internet service,No internet service,No internet service,Two year,Yes,Mailed check,48.81,2187.09,Yes,2024-10-04
2843-WCETZ,Male,0,No,Yes,17,Yes,No,DSL,No,Yes,Yes,No,No,Yes,One year,Yes,Electronic check,118.07,2061.89,Yes,2024-10-04
5593-OAQRE,Female,0,Yes,No,40,Yes,No,DSL,Yes,Yes,Yes,Yes,Yes,Yes,One year,No,Credit card (automatic),141.75,5538.12,No,2024-10-04
8843-CBIXA,Male,0,Yes,No,27,Yes,No,DSL,No,Yes,Yes,Yes,Yes,Yes,Month-to-month,Yes,Credit card (automatic),154.66,4126.1,No,2024-10-04
3064-JTIHC,Female,0,No,No,22,Yes,Yes,Fiber optic,No,No,No,Yes,Yes,Yes,One year,Yes,Credit card (automatic),153.74,3407.1,No,2024-10-04
7032-RUFUI,Male,0,Yes,Yes,38,Yes,Yes,DSL,Yes,Yes,No,No,No,No,Month-to-month,No,Electronic check,128.6,4936.77,Yes,2024-10-04
9844-BHLVQ,Male,0,No,No,44,Yes,No,Fiber optic,Yes,No,No,Yes,Yes,No,Month-to-month,Yes,Mailed check,150.97,6567.64,Yes,2024-10-04
7676-FOSWV,Male,1,No,No,27,Yes,No,Fiber optic,Yes,No,Yes,No,Yes,Yes,Month-to-month,Yes,Bank transfer (automatic),166.69,4477.68,Yes,2024-10-04
5721-RHAKA,Female,1,No,No,39,Yes,No,DSL,No,No,Yes,No,Yes,Yes,Month-to-month,No,Electronic check,123.95,4869.85,Yes,2024-10-04
9257-RSNDF,Female,0,Yes,No,28,Yes,Yes,DSL,Yes,Yes,Yes,No,No,No,Two year,No,Bank transfer (automatic),126.52,3522.03,Yes,2024-10-04
5146-FVZFO,Male,0,No,No,46,Yes,Yes,DSL,No,Yes,No,No,Yes,Yes,Two year,Yes,Credit card (automatic),123.97,5597.22,Yes,2024-10-04
5295-YAEQO,Male,0,No,No,22,Yes,Yes,Fiber optic,No,No,No,Yes,No,Yes,Two year,Yes,Electronic check,157.53,3564.23,No,2024-10-04
5574-HBKNI,Male,0,Yes,No,35,Yes,No,Fiber optic,No,Yes,No,No,No,Yes,One year,Yes,Credit card (automatic),148.39,5175.69,No,2024-10-04
4493-DNSWY,Female,0,Yes,Yes,23,Yes,No,Fiber optic,No,Yes,No,No,No,Yes,Month-to-month,Yes,Credit card (automatic),154.15,3456.14,Yes,2024-10-04
4431-WMALJ,Male,0,No,Yes,42,Yes,Yes,DSL,Yes,Yes,No,No,Yes,Yes,Month-to-month,Yes,Electronic check,159.39,6824.14,Yes,2024-10-04
4681-KMDMN,Male,0,No,No,51,Yes,Yes,Fiber optic,Yes,Yes,No,No,Yes,Yes,One year,No,Electronic check,177.22,8786.16,Yes,2024-10-04
3657-TPUER,Male,0,Yes,No,20,Yes,No,DSL,Yes,Yes,No,No,Yes,Yes,Month-to-month,Yes,Bank transfer (automatic),141.74,2889.96,Yes,2024-10-04
8861-AQYXG,Female,0,Yes,No,37,Yes,No,No,No internet service,No internet service,No internet service,No internet service,No internet service,No internet service,One year,Yes,Credit card (automatic),44.38,1667.61,No,2024-10-04
5013-ZOGDZ,Female,1,No,No,57,Yes,No,DSL,No,No,Yes,No,No,No,Month-to-month,Yes,Electronic check,114.97,6453.53,Yes,2024-10-05
7861-NWAUS,Male,0,Yes,Yes,32,Yes,Yes,Fiber optic,No,No,No,No,Yes,No,Month-to-month,Yes,Bank transfer (automatic),150.13,4748.06,No,2024-10-05
3651-KAMAB,Female,0,Yes,Yes,45,Yes,No,Fiber optic,Yes,Yes,Yes,No,Yes,Yes,One year,Yes,Bank transfer (automatic),167.25,7627.9,No,2024-10-05
4399-JFLJS,Male,0,No,No,33,Yes,Yes,Fiber optic,Yes,Yes,No,No,No,No,One year,Yes,Electronic check,162.42,5494.82,Yes,2024-10-05
1559-ZYROM,Female,0,Yes,No,25,Yes,No,DSL,No,No,No,Yes,Yes,Yes,Month-to-month,No,Credit card (automatic),112.64,2757.26,No,2024-10-05
4001-IAKOU,Female,1,Yes,Yes,27,No,No phone service,Fiber optic,No,No,No,Yes,No,Yes,One year,Yes,Credit card (automatic),113.59,3136.18,No,2024-10-05
2777-MFWJV,Female,0,No,No,27,Yes,No,DSL,Yes,Yes,No,No,No,No,One year,Yes,Electronic check,97.08,2631.15,No,2024-10-05
5938-UYYNI,Female,0,No,No,33,Yes,No,DSL,Yes,Yes,No,Yes,Yes,Yes,One year,Yes,Bank transfer (automatic),139.91,4511.25,Yes,2024-10-05
5510-FIFOA,Male,0,Yes,No,38,Yes,Yes,Fiber optic,Yes,No,Yes,No,Yes,Yes,Month-to-month,No,Credit card (automatic),188.46,7048.07,Yes,2024-10-05
4048-FNPAC,Male,0,Yes,Yes,23,Yes,Yes,Fiber optic,No,No,No,Yes,No,Yes,Two year,Yes,Electronic check,138.61,3177.51,Yes,2024-10-05
3904-TDNSL,Male,0,Yes,No,28,Yes,No,Fiber optic,No,Yes,No,No,Yes,Yes,Month-to-month,Yes,Bank transfer (automatic),159.09,4564.12,Yes,2024-10-05
7126-GIDAV,Female,1,No,Yes,32,Yes,No,Fiber optic,No,No,No,Yes,Yes,Yes,Month-to-month,Yes,Electronic check,149.45,4736.44,Yes,2024-10-05
9184-MUAXH,Female,0,Yes,No,11,Yes,No,DSL,No,Yes,No,Yes,No,Yes,Two year,No,Bank transfer (automatic),105.2,1176.08,Yes,2024-10-05
3552-QJFOJ,Male,0,No,No,61,Yes,No,DSL,No,No,Yes,Yes,No,Yes,Two year,Yes,Bank transfer (automatic),105.01,6517.18,No,2024-10-05
8915-CBXAS,Male,1,No,Yes,9,Yes,No,DSL,Yes,Yes,Yes,Yes,Yes,Yes,Month-to-month,No,Bank transfer (automatic),147.85,1335.29,No,2024-10-05
5530-HNSJZ,Male,0,Yes,Yes,34,Yes,No,DSL,No,No,Yes,No,Yes,No,Month-to-month,Yes,Credit card (automatic),107.11,3661.85,Yes,2024-10-05
2197-ZFKMY,Female,0,Yes,Yes,47,Yes,No,DSL,No,Yes,No,No,Yes,Yes,Month-to-month,No,Bank transfer (automatic),123.29,5654.56,Yes,2024-10-05
9597-FNFYQ,Male,0,Yes,No,18,Yes,Yes,Fiber optic,Yes,No,Yes,No,No,Yes,Month-to-month,No,Electronic check,166.47,3027.64,Yes,2024-10-05
1007-JKOQB,Male,0,No,No,14,Yes,No,Fiber optic,No,Yes,Yes,Yes,Yes,Yes,Month-to-month,Yes,Electronic check,176.74,2508.14,Yes,2024-10-05
1778-CCDLK,Male,0,Yes,Yes,35,Yes,Yes,Fiber optic,Yes,Yes,Yes,No,Yes,Yes,One year,No,Mailed check,176.56,6046.09,Yes,2024-10-05
6616-SOAOT,Female,0,No,Yes,24,Yes,Yes,No,No internet service,No internet service,No internet service,No internet service,No internet service,No internet service,Month-to-month,No,Bank transfer (automatic),66.98,1597.31,No,2024-10-05
4693-CUGVY,Male,0,No,No,28,Yes,Yes,Fiber optic,No,Yes,No,Yes,Yes,Yes,Month-to-month,Yes,Mailed check,187.42,5357.08,Yes,2024-10-05
8971-ESKBV,Male,0,Yes,No,44,No,No phone service,Fiber optic,No,No,No,No,Yes,Yes,Two year,No,Mailed check,88.12,3914.97,No,2024-10-05
1028-PPMYU,Male,1,Yes,No,22,Yes,No,DSL,Yes,Yes,No,No,Yes,Yes,Two year,No,Bank transfer (automatic),122.24,2688.97,Yes,2024-10-05
6751-OSYFD,Female,0,No,No,26,Yes,No,DSL,Yes,Yes,Yes,No,No,Yes,Month-to-month,Yes,Mailed check,139.25,3557.61,Yes,2024-10-05
9055-OMAFM,Male,0,Yes,No,25,Yes,Yes,Fiber optic,No,No,Yes,No,Yes,Yes,Two year,Yes,Mailed check,147.51,3598.79,No,2024-10-05
1999-VWKJD,Male,0,No,Yes,45,Yes,Yes,Fiber optic,Yes,No,Yes,Yes,No,Yes,One year,Yes,Electronic check,176.06,7962.45,No,2024-10-05
2121-DIRBO,Female,0,No,Yes,30,Yes,Yes,Fiber optic,Yes,Yes,Yes,No,Yes,No,Two year,No,Mailed check,164.75,4935.91,No,2024-10-05
5169-XZVVM,Male,0,No,No,7,Yes,No,DSL,No,No,No,No,No,Yes,Month-to-month,No,Electronic check,96.98,690.11,Yes,2024-10-05
1840-YHLJC,Male,0,No,Yes,15,Yes,No,Fiber optic,No,No,No,No,Yes,Yes,One year,No,Electronic check,130.99,1957.04,Yes,2024-10-05
5030-MJRKG,Male,0,Yes,No,36,Yes,Yes,DSL,Yes,Yes,No,Yes,No,Yes,Two year,Yes,Electronic check,132.85,4782.76,Yes,2024-10-05
7635-JLKQY,Female,1,No,No,24,Yes,No,No,No internet service,No internet service,No internet service,No internet service,No internet service,No internet service,One year,Yes,Credit card (automatic),45.83,1114.77,No,2024-10-05
2833-FWNTH,Female,0,Yes,Yes,50,Yes,No,Fiber optic,No,No,Yes,Yes,No,Yes,Month-to-month,No,Bank transfer (automatic),157.48,7680.7,Yes,2024-10-05
5841-HREFK,Male,0,Yes,No,37,Yes,No,No,No internet service,No internet service,No internet service,No internet service,No internet service,No internet service,Month-to-month,No,Electronic check,39.44,1449.53,Yes,2024-10-05
3659-NDRZU,Female,0,Yes,Yes,50,Yes,Yes,Fiber optic,No,Yes,Yes,No,Yes,Yes,Month-to-month,Yes,Mailed check,190.58,9363.23,Yes,2024-10-05
3885-CVCKV,Male,0,Yes,No,22,Yes,Yes,Fiber optic,No,No,No,Yes,No,Yes,Month-to-month,No,Mailed check,154.37,3372.76,No,2024-10-05
4157-XZEXF,Male,0,No,No,11,Yes,Yes,DSL,Yes,Yes,No,No,Yes,Yes,Two year,No,Mailed check,132.69,1454.21,Yes,2024-10-06
7479-CZUKE,Male,0,No,No,24,Yes,Yes,Fiber optic,Yes,Yes,No,No,No,Yes,Month-to-month,Yes,Credit card (automatic),177.41,4191.34,Yes,2024-10-06
9592-HWCRZ,Male,0,Yes,No,30,Yes,Yes,Fiber optic,No,Yes,No,No,Yes,Yes,Month-to-month,No,Bank transfer (automatic),173.48,5202.9,No,2024-10-06
4177-RFIAA,Female,0,No,Yes,45,Yes,Yes,DSL,Yes,Yes,No,Yes,Yes,Yes,Two year,No,Mailed check,138.87,6334.19,No,2024-10-06
7830-KNDCO,Male,0,No,No,42,Yes,No,DSL,Yes,No,Yes,No,Yes,No,Two year,No,Bank transfer (automatic),110.18,4674.25,No,2024-10-06
9323-KQNXR,Female,0,Yes,Yes,7,Yes,No,Fiber optic,Yes,Yes,No,No,No,Yes,Two year,Yes,Credit card (automatic),129.67,907.01,Yes,2024-10-06
6243-RXQWK,Female,0,Yes,No,55,Yes,No,Fiber optic,No,Yes,No,No,No,Yes,Month-to-month,No,Mailed check,155.67,8334.93,Yes,2024-10-06
5491-QBEKC,Female,0,No,No,11,Yes,Yes,DSL,Yes,No,Yes,No,No,Yes,One year,No,Electronic check,135.58,1522.6,No,2024-10-06
4449-KBMSP,Female,0,Yes,Yes,11,Yes,No,Fiber optic,No,Yes,Yes,No,No,No,Month-to-month,No,Bank transfer (automatic),138.36,1516.26,Yes,2024-10-06
7313-ZNSDQ,Female,0,No,No,43,Yes,No,Fiber optic,No,No,Yes,Yes,No,No,Month-to-month,Yes,Bank transfer (automatic),152.26,6624.81,Yes,2024-10-06
8039-EXLVC,Female,1,No,Yes,39,No,No phone service,No,No internet service,No internet service,No internet service,No internet service,No internet service,No internet service,Month-to-month,Yes,Bank transfer (automatic),23.2,910.33,No,2024-10-06
3769-ESSYN,Female,0,No,Yes,32,Yes,Yes,Fiber optic,No,No,Yes,Yes,Yes,Yes,One year,Yes,Bank transfer (automatic),169.78,5499.82,Yes,2024-10-06
7529-UXXYJ,Female,0,Yes,No,42,Yes,No,No,No internet service,No internet service,No internet service,No internet service,No internet service,No internet service,Month-to-month,Yes,Bank transfer (automatic),51.81,2203.48,Yes,2024-10-06
4362-UKPGT,Female,0,No,Yes,46,Yes,No,Fiber optic,No,No,Yes,No,No,Yes,One year,Yes,Electronic check,145.9,6570.6,Yes,2024-10-06
8818-HNFSG,Female,0,Yes,Yes,12,Yes,No,DSL,No,Yes,No,No,No,Yes,Month-to-month,Yes,Electronic check,109.46,1332.47,Yes,2024-10-06
1687-WSYDX,Female,1,No,No,27,Yes,Yes,Fiber optic,Yes,No,Yes,Yes,No,No,Two year,Yes,Electronic check,154.99,4272.62,Yes,2024-10-06
8319-WDQHS,Male,0,Yes,Yes,36,No,No phone service,Fiber optic,Yes,No,No,Yes,No,No,One year,Yes,Electronic check,116.23,4309.6,Yes,2024-10-06
8320-EIWTL,Female,1,Yes,Yes,11,Yes,Yes,No,No internet service,No internet service,No internet service,No internet service,No internet service,No internet service,Month-to-month,Yes,Mailed check,60.05,653.32,No,2024-10-06
4667-MFYON,Male,0,Yes,Yes,27,Yes,No,Fiber optic,Yes,No,No,Yes,Yes,Yes,Month-to-month,Yes,Credit card (automatic),163.03,4425.55,No,2024-10-06
3157-TWVSN,Male,1,Yes,No,42,Yes,No,DSL,No,No,Yes,No,Yes,Yes,Month-to-month,No,Electronic check,121.23,5123.35,Yes,2024-10-06
5963-IDODR,Female,0,Yes,No,37,Yes,Yes,DSL,No,No,No,Yes,Yes,Yes,One year,Yes,Credit card (automatic),124.42,4467.56,No,2024-10-06
4460-CONAL,Female,0,No,No,38,Yes,Yes,Fiber optic,No,Yes,No,No,Yes,Yes,Month-to-month,Yes,Electronic check,167.12,6177.4,Yes,2024-10-06
5869-GYFOX,Female,0,Yes,Yes,27,Yes,No,Fiber optic,Yes,Yes,No,No,Yes,Yes,One year,Yes,Mailed check,159.14,4217.44,No,2024-10-06
4371-ZVYWG,Female,0,Yes,No,22,Yes,Yes,Fiber optic,No,No,No,No,Yes,Yes,One year,No,Electronic check,149.92,3205.14,Yes,2024-10-06
3945-KVVAJ,Male,0,No,No,29,Yes,Yes,Fiber optic,No,Yes,No,Yes,Yes,Yes,Two year,No,Bank transfer (automatic),154.82,4487.79,No,2024-10-06
5459-HLWBZ,Male,0,No,No,18,Yes,No,Fiber optic,Yes,Yes,Yes,No,No,Yes,Two year,Yes,Electronic check,138.22,2468.22,Yes,2024-10-06
6200-SGNOC,Male,0,Yes,No,41,Yes,No,DSL,No,Yes,No,No,Yes,No,Two year,Yes,Bank transfer (automatic),98.24,4146.72,No,2024-10-06
2166-AGCDC,Male,0,Yes,No,46,Yes,No,DSL,Yes,Yes,Yes,No,Yes,Yes,One year,Yes,Bank transfer (automatic),133.93,6113.19,Yes,2024-10-06
2040-FTCEY,Male,0,No,Yes,7,Yes,Yes,DSL,Yes,Yes,Yes,No,Yes,No,Two year,No,Bank transfer (automatic),137.41,976.47,No,2024-10-06
8141-ECYNY,Female,0,Yes,No,6,Yes,No,Fiber optic,Yes,Yes,No,No,Yes,No,Month-to-month,Yes,Credit card (automatic),154.86,936.13,Yes,2024-10-06
7791-FTMPB,Male,0,Yes,No,30,Yes,Yes,DSL,Yes,No,Yes,Yes,Yes,Yes,Month-to-month,No,Mailed check,152.84,4520.73,No,2024-10-06
5846-RVSET,Female,0,Yes,Yes,50,Yes,Yes,DSL,No,Yes,No,Yes,Yes,No,Two year,No,Electronic check,120.3,5935.15,No,2024-10-06
6908-DKSRF,Female,1,No,No,13,Yes,No,Fiber optic,No,Yes,No,No,Yes,Yes,One year,Yes,Electronic check,163.61,2133.81,No,2024-10-06
4240-ZMWRT,Female,1,Yes,No,16,Yes,No,No,No internet service,No internet service,No internet service,No internet service,No internet service,No internet service,Two year,Yes,Bank transfer (automatic),34.4,564.67,No,2024-10-06
4643-LMPHV,Female,0,Yes,Yes,24,Yes,No,Fiber optic,Yes,No,No,No,No,No,Month-to-month,Yes,Bank transfer (automatic),142.97,3333.82,No,2024-10-06
7641-CCZFE,Female,0,No,No,30,Yes,No,DSL,No,Yes,No,No,Yes,No,One year,Yes,Credit card (automatic),112.42,3426.86,No,2024-10-06
3757-UYKND,Male,0,Yes,Yes,19,Yes,No,Fiber optic,Yes,Yes,No,No,No,No,Month-to-month,Yes,Bank transfer (automatic),154.46,2981.81,No,2024-10-06
5781-OIQEQ,Male,0,Yes,No,20,Yes,No,No,No internet service,No internet service,No internet service,No internet service,No internet service,No internet service,Two year,Yes,Mailed check,31.67,625.6,No,2024-10-06
1578-PXXND,Male,0,No,No,18,Yes,Yes,Fiber optic,Yes,No,Yes,Yes,No,Yes,One year,Yes,Mailed check,168.94,3045.81,Yes,2024-10-07
6150-CLYSM,Female,0,No,No,17,Yes,No,DSL,Yes,No,Yes,No,Yes,No,Month-to-month,Yes,Bank transfer (automatic),113.96,1982.52,Yes,2024-10-07
8496-LBLWG,Female,0,No,No,32,Yes,Yes,Fiber optic,No,No,Yes,No,Yes,Yes,Month-to-month,No,Bank transfer (automatic),172.16,5546.39,Yes,2024-10-07
6876-HFSEO,Male,0,No,Yes,19,Yes,Yes,Fiber optic,No,Yes,No,Yes,Yes,No,Month-to-month,No,Electronic check,170.36,3308.06,Yes,2024-10-07
6173-ZTOPK,Male,0,No,No,12,Yes,Yes,No,No internet service,No internet service,No internet service,No internet service,No internet service,No internet service,Two year,Yes,Bank transfer (automatic),60.96,730.07,No,2024-10-07
3455-YVYZE,Female,0,No,Yes,56,Yes,No,Fiber optic,Yes,No,Yes,Yes,No,Yes,Month-to-month,Yes,Electronic check,174.8,9512.75,Yes,2024-10-07
4792-YZECW,Female,0,No,No,35,Yes,Yes,Fiber optic,Yes,No,Yes,Yes,Yes,Yes,Two year,Yes,Mailed check,166.18,5901.02,Yes,2024-10-07
5488-FXANQ,Female,0,Yes,No,22,Yes,No,No,No internet service,No internet service,No internet service,No internet service,No internet service,No internet service,Two year,No,Credit card (automatic),39.08,881.6,No,2024-10-07
8091-CVOXU,Female,0,Yes,No,59,Yes,Yes,Fiber optic,Yes,Yes,Yes,Yes,Yes,No,Month-to-month,Yes,Credit card (automatic),205.6,11926.74,Yes,2024-10-07
9824-TYYBG,Male,0,Yes,No,21,Yes,No,No,No internet service,No internet service,No internet service,No internet service,No internet service,No internet service,One year,No,Mailed check,47.39,979.76,Yes,2024-10-07
3701-MJJYN,Female,0,No,No,18,Yes,No,No,No internet service,No internet service,No internet service,No internet service,No internet service,No internet service,One year,Yes,Mailed check,43.05,760.25,No,2024-10-07
5992-FBYIQ,Male,0,Yes,Yes,15,Yes,No,DSL,No,Yes,No,No,Yes,Yes,Month-to-month,No,Bank transfer (automatic),110.05,1665.84,Yes,2024-10-07
4565-OUEKQ,Female,0,No,No,34,Yes,Yes,DSL,Yes,No,No,No,Yes,Yes,One year,No,Electronic check,126.62,4430.66,Yes,2024-10-07
5139-KHFHD,Male,0,No,No,15,Yes,Yes,DSL,No,No,No,No,Yes,Yes,One year,Yes,Bank transfer (automatic),135.52,2067.41,Yes,2024-10-07
2948-BWSVF,Male,0,No,No,31,Yes,Yes,DSL,No,Yes,Yes,No,Yes,Yes,Month-to-month,Yes,Electronic check,155.15,4742.52,Yes,2024-10-07
5326-MQTFK,Male,0,Yes,No,24,Yes,No,Fiber optic,No,Yes,Yes,No,Yes,Yes,Month-to-month,No,Credit card (automatic),166.09,3897.3,Yes,2024-10-07
2765-SLSFW,Female,1,No,No,56,Yes,No,DSL,No,No,No,No,Yes,Yes,Month-to-month,Yes,Credit card (automatic),115.95,6645.29,No,2024-10-07
1984-OEBAC,Male,0,No,Yes,21,Yes,Yes,No,No internet service,No internet service,No internet service,No internet service,No internet service,No internet service,Month-to-month,No,Electronic check,56.13,1167.11,Yes,2024-10-07
5922-DBJZX,Male,0,No,Yes,30,Yes,No,DSL,No,Yes,No,Yes,Yes,Yes,One year,Yes,Bank transfer (automatic),125.5,3834.49,No,2024-10-07
6358-KPJWJ,Male,1,Yes,No,23,Yes,Yes,DSL,No,Yes,No,No,Yes,No,Month-to-month,Yes,Credit card (automatic),132.61,2969.42,Yes,2024-10-07
9262-ZWGDY,Male,0,No,No,19,Yes,No,DSL,No,Yes,No,Yes,No,Yes,One year,Yes,Bank transfer (automatic),115.34,2128.7,Yes,2024-10-07
2989-YFBHR,Female,0,Yes,No,14,Yes,Yes,DSL,No,Yes,No,No,Yes,Yes,One year,Yes,Credit card (automatic),120.06,1691.57,No,2024-10-07
6267-AYNZJ,Male,0,No,No,39,Yes,Yes,No,No internet service,No internet service,No internet service,No internet service,No internet service,No internet service,Month-to-month,Yes,Electronic check,62.73,2502.54,Yes,2024-10-07
6929-HPBWE,Male,0,No,No,18,Yes,No,DSL,No,No,No,Yes,Yes,Yes,One year,Yes,Bank transfer (automatic),121.13,2236.8,Yes,2024-10-07
2430-SABTP,Female,0,No,No,47,Yes,Yes,DSL,Yes,Yes,No,No,Yes,No,Month-to-month,Yes,Electronic check,138.93,6595.07,Yes,2024-10-07
4541-HCRDH,Female,0,No,Yes,20,Yes,Yes,DSL,Yes,No,No,Yes,Yes,No,One year,Yes,Bank transfer (automatic),127.94,2588.79,Yes,2024-10-07
7224-FAXRW,Male,0,Yes,Yes,38,Yes,Yes,Fiber optic,Yes,No,No,Yes,No,Yes,Month-to-month,No,Electronic check,180.59,6745.28,Yes,2024-10-07
6107-OJPEC,Male,0,Yes,Yes,27,Yes,Yes,Fiber optic,No,Yes,No,Yes,No,Yes,Two year,Yes,Electronic check,147.12,3877.73,Yes,2024-10-07
6111-QIGYV,Female,1,Yes,No,29,Yes,Yes,No,No internet service,No internet service,No internet service,No internet service,No internet service,No internet service,One year,Yes,Electronic check,52.27,1498.29,No,2024-10-07
8756-KICCF,Female,0,No,Yes,54,Yes,Yes,DSL,No,No,No,No,Yes,Yes,Two year,Yes,Credit card (automatic),117.49,6466.04,No,2024-10-07
2448-CNJOQ,Female,0,Yes,No,15,Yes,No,Fiber optic,No,No,Yes,No,Yes,Yes,One year,No,Credit card (automatic),142.78,2082.55,No,2024-10-07
8871-TKRMU,Female,0,No,Yes,15,Yes,No,DSL,Yes,No,No,Yes,Yes,Yes,Month-to-month,No,Electronic check,125.0,1926.38,Yes,2024-10-07
8168-BMGAT,Male,0,No,No,26,Yes,Yes,DSL,Yes,No,No,No,Yes,Yes,Month-to-month,Yes,Mailed check,142.63,3692.11,Yes,2024-10-07
2553-VMYBQ,Female,0,No,Yes,26,Yes,Yes,Fiber optic,Yes,No,Yes,Yes,Yes,Yes,Month-to-month,Yes,Mailed check,181.29,4695.57,Yes,2024-10-07
1037-BVAXB,Male,0,Yes,No,25,Yes,No,No,No internet service,No internet service,No internet service,No internet service,No internet service,No internet service,Two year,Yes,Electronic check,39.71,1005.81,Yes,2024-10-07
3014-XENQI,Male,0,Yes,Yes,36,Yes,Yes,Fiber optic,No,Yes,No,Yes,No,Yes,Month-to-month,Yes,Credit card (automatic),174.0,6155.31,Yes,2024-10-07
8076-APUIR,Female,0,No,No,17,Yes,No,Fiber optic,No,No,No,No,Yes,Yes,One year,No,Electronic check,145.41,2500.89,Yes,2024-10-07
5627-EAJIH,Female,0,Yes,Yes,21,No,No phone service,Fiber optic,Yes,No,Yes,No,Yes,No,One year,Yes,Bank transfer (automatic),118.7,2508.3,No,2024-10-07
3804-XANGS,Male,0,Yes,Yes,34,Yes,Yes,DSL,Yes,Yes,No,No,No,Yes,Two year,No,Bank transfer (automatic),121.79,4156.61,Yes,2024-10-07
8668-JJKWW,Male,0,No,No,18,Yes,Yes,DSL,No,Yes,Yes,No,No,Yes,Month-to-month,No,Electronic check,133.87,2420.92,Yes,2024-10-07
2992-PLZQZ,Male,0,Yes,No,18,No,No phone service,Fiber optic,No,Yes,No,No,Yes,Yes,One year,Yes,Credit card (automatic),125.54,2263.83,No,2024-10-08
5308-XPNPP,Male,0,No,No,34,Yes,No,No,No internet service,No internet service,No internet service,No internet service,No internet service,No internet service,Month-to-month,Yes,Bank transfer (automatic),39.34,1305.66,Yes,2024-10-08
4022-OXKTE,Female,1,No,Yes,48,No,No phone service,No,No internet service,No internet service,No internet service,No internet service,No internet service,No internet service,Month-to-month,Yes,Electronic check,22.19,1094.25,Yes,2024-10-08
9183-AFFJA,Male,0,No,No,47,Yes,No,DSL,No,Yes,No,No,Yes,Yes,Month-to-month,Yes,Credit card (automatic),120.82,5775.01,No,2024-10-08
5304-FCUPE,Male,0,Yes,No,16,Yes,Yes,Fiber optic,Yes,Yes,No,No,Yes,Yes,Two year,No,Credit card (automatic),156.89,2494.38,Yes,2024-10-08
6716-BKIWO,Female,0,No,No,58,No,No phone service,DSL,Yes,No,No,No,No,Yes,Month-to-month,Yes,Credit card (automatic),85.3,4802.57,Yes,2024-10-08
9286-QQSIB,Female,1,Yes,No,33,Yes,Yes,Fiber optic,No,No,No,Yes,Yes,Yes,Month-to-month,Yes,Credit card (automatic),172.35,5662.8,Yes,2024-10-08
1492-HGLJS,Male,0,Yes,Yes,43,Yes,Yes,No,No internet service,No internet service,No internet service,No internet service,No internet service,No internet service,Two year,Yes,Electronic check,58.82,2561.01,Yes,2024-10-08
9674-BXRLL,Male,0,No,No,12,Yes,Yes,Fiber optic,Yes,No,No,No,Yes,Yes,Two year,No,Bank transfer (automatic),141.16,1710.46,No,2024-10-08
5273-HIYFE,Male,0,Yes,No,54,Yes,Yes,Fiber optic,No,No,Yes,No,Yes,No,One year,Yes,Bank transfer (automatic),162.84,9014.67,No,2024-10-08
1443-PUVTF,Female,0,No,No,29,Yes,Yes,Fiber optic,No,No,Yes,No,Yes,Yes,One year,No,Credit card (automatic),166.78,4710.11,No,2024-10-08
6223-DUYNS,Male,0,No,No,18,Yes,Yes,Fiber optic,No,Yes,No,Yes,No,No,Month-to-month,Yes,Electronic check,166.39,3052.32,Yes,2024-10-08
3841-ZJAML,Female,0,Yes,No,8,Yes,Yes,No,No internet service,No internet service,No internet service,No internet service,No internet service,No internet service,Two year,Yes,Credit card (automatic),55.64,450.5,Yes,2024-10-08
5725-YITFN,Male,1,No,No,15,Yes,Yes,DSL,No,Yes,Yes,No,Yes,Yes,One year,Yes,Bank transfer (automatic),134.42,2047.23,No,2024-10-08
1959-ZWTTQ,Male,0,No,No,32,Yes,No,DSL,No,No,No,Yes,Yes,Yes,One year,Yes,Bank transfer (automatic),112.72,3624.12,No,2024-10-08
2276-SRCZX,Male,0,Yes,No,52,Yes,Yes,Fiber optic,Yes,Yes,No,Yes,No,Yes,One year,No,Mailed check,175.15,8844.55,Yes,2024-10-08
5571-PUGPF,Male,1,Yes,No,9,Yes,No,DSL,Yes,No,Yes,No,Yes,No,One year,Yes,Credit card (automatic),117.5,1065.11,No,2024-10-08
9690-SQWJB,Female,0,Yes,No,6,Yes,Yes,DSL,No,No,Yes,Yes,No,Yes,One year,No,Credit card (automatic),123.2,736.35,No,2024-10-08
1292-LQCND,Male,0,No,No,48,Yes,Yes,No,No internet service,No internet service,No internet service,No internet service,No internet service,No internet service,Month-to-month,Yes,Electronic check,55.28,2653.42,Yes,2024-10-08
7657-RTOPO,Male,0,No,Yes,29,Yes,No,No,No internet service,No internet service,No internet service,No internet service,No internet service,No internet service,Month-to-month,No,Mailed check,49.12,1442.19,Yes,2024-10-08
7606-PYGUS,Female,0,No,Yes,26,Yes,No,DSL,Yes,No,No,No,Yes,Yes,One year,No,Bank transfer (automatic),118.17,3015.18,Yes,2024-10-08
9920-HOONE,Female,0,Yes,Yes,29,Yes,No,Fiber optic,Yes,Yes,Yes,Yes,Yes,Yes,Month-to-month,No,Bank transfer (automatic),182.97,5236.99,Yes,2024-10-08
3179-UHTPV,Female,0,No,No,38,Yes,No,Fiber optic,Yes,No,No,No,Yes,No,Month-to-month,Yes,Electronic check,140.58,5338.52,Yes,2024-10-08
7874-MXKMN,Female,1,Yes,Yes,45,No,No phone service,No,No internet service,No internet service,No internet service,No internet service,No internet service,No internet service,Two year,Yes,Electronic check,18.5,815.36,No,2024-10-08
8345-DFKBB,Female,0,No,No,38,Yes,No,Fiber optic,Yes,No,Yes,Yes,Yes,Yes,One year,Yes,Electronic check,156.68,5922.81,No,2024-10-08
3892-JZZWQ,Female,0,No,No,25,Yes,No,No,No internet service,No internet service,No internet service,No internet service,No internet service,No internet service,Month-to-month,No,Electronic check,54.73,1330.5,No,2024-10-08
5207-RDSER,Male,0,Yes,Yes,55,Yes,No,No,No internet service,No internet service,No internet service,No internet service,No internet service,No internet service,Month-to-month,Yes,Electronic check,45.74,2512.19,Yes,2024-10-08
6474-BAJNP,Male,0,No,No,20,Yes,No,Fiber optic,Yes,Yes,No,Yes,Yes,Yes,Month-to-month,Yes,Mailed check,176.33,3583.26,Yes,2024-10-08
3743-XMLDS,Female,1,Yes,No,17,Yes,No,Fiber optic,Yes,Yes,No,Yes,Yes,Yes,Month-to-month,Yes,Mailed check,170.17,2899.13,Yes,2024-10-08
3373-UHZIH,Female,1,No,No,30,Yes,No,Fiber optic,Yes,No,No,No,Yes,Yes,Month-to-month,Yes,Credit card (automatic),153.62,4632.21,Yes,2024-10-08
9581-CDIYP,Female,0,No,No,22,Yes,Yes,DSL,Yes,No,No,No,No,Yes,Two year,Yes,Electronic check,114.06,2462.6,No,2024-10-08
7271-ORXNM,Male,0,Yes,No,42,Yes,No,DSL,No,No,No,Yes,Yes,Yes,Two year,Yes,Bank transfer (automatic),105.04,4284.26,Yes,2024-10-08
8910-AQRHH,Male,1,No,Yes,29,Yes,No,Fiber optic,Yes,Yes,Yes,No,No,Yes,One year,No,Electronic check,168.48,4827.11,No,2024-10-08
6455-UONWV,Female,1,No,No,19,Yes,No,No,No internet service,No internet service,No internet service,No internet service,No internet service,No internet service,One year,Yes,Electronic check,51.13,982.61,No,2024-10-08
4437-THIRV,Male,0,Yes,No,15,Yes,No,DSL,No,No,Yes,No,Yes,Yes,Month-to-month,Yes,Electronic check,125.09,1891.59,Yes,2024-10-08
4584-RSEVM,Female,0,No,No,25,Yes,Yes,DSL,No,No,No,Yes,Yes,Yes,One year,Yes,Electronic check,143.89,3569.89,No,2024-10-08
1637-HUPZN,Female,1,No,No,29,Yes,No,Fiber optic,Yes,Yes,Yes,No,Yes,No,One year,No,Bank transfer (automatic),160.25,4528.59,Yes,2024-10-08
5651-ZVWKH,Male,0,Yes,Yes,28,Yes,No,Fiber optic,Yes,No,Yes,Yes,Yes,No,Month-to-month,No,Bank transfer (automatic),169.89,4682.07,No,2024-10-08
4304-HZDLN,Male,0,No,Yes,48,Yes,Yes,Fiber optic,No,Yes,No,No,Yes,No,One year,No,Bank transfer (automatic),149.49,7074.53,No,2024-10-08
5920-IIIMV,Female,1,Yes,No,25,Yes,No,No,No internet service,No internet service,No internet service,No internet service,No internet service,No internet service,Month-to-month,Yes,Electronic check,31.37,784.34,Yes,2024-10-08
5770-KELYZ,Female,1,Yes,No,57,Yes,No,Fiber optic,Yes,No,Yes,No,No,Yes,Two year,Yes,Credit card (automatic),141.02,7999.03,Yes,2024-10-08
8778-YMKBO,Male,0,Yes,No,49,Yes,No,DSL,No,Yes,No,No,No,Yes,One year,Yes,Credit card (automatic),106.73,5290.88,Yes,2024-10-08
1209-EFOUT,Female,0,No,No,9,Yes,Yes,Fiber optic,No,No,Yes,Yes,Yes,Yes,Month-to-month,No,Credit card (automatic),184.19,1647.65,Yes,2024-10-08
8800-ZFAIP,Female,0,Yes,No,29,Yes,Yes,Fiber optic,No,Yes,Yes,No,Yes,Yes,Month-to-month,Yes,Electronic check,185.62,5392.17,Yes,2024-10-09
6120-YGERY,Female,0,Yes,No,45,Yes,No,DSL,No,No,No,No,Yes,Yes,One year,No,Electronic check,108.41,4774.39,Yes,2024-10-09
3523-GYWFQ,Male,0,No,No,30,Yes,No,No,No internet service,No internet service,No internet service,No internet service,No internet service,No internet service,One year,Yes,Bank transfer (automatic),43.07,1291.05,Yes,2024-10-09
7077-PBMML,Male,0,Yes,No,20,Yes,No,Fiber optic,Yes,No,Yes,No,Yes,Yes,Two year,Yes,Bank transfer (automatic),143.91,2835.24,No,2024-10-09
2040-GWFZZ,Male,0,No,No,39,Yes,No,Fiber optic,No,Yes,No,No,No,No,Month-to-month,Yes,Bank transfer (automatic),132.63,5268.81,Yes,2024-10-09
4851-ZVZPT,Male,0,Yes,No,48,Yes,No,Fiber optic,No,No,Yes,Yes,No,Yes,Month-to-month,Yes,Bank transfer (automatic),161.28,7517.27,Yes,2024-10-09
7981-CPVNQ,Male,1,No,Yes,23,Yes,No,Fiber optic,No,No,Yes,No,No,Yes,One year,No,Electronic check,136.7,3117.49,No,2024-10-09
5883-VKBZQ,Female,1,Yes,No,33,Yes,Yes,DSL,No,No,Yes,Yes,Yes,Yes,Two year,No,Bank transfer (automatic),130.99,4251.4,Yes,2024-10-09
5440-EGQMM,Male,0,No,Yes,17,No,No phone service,No,No internet service,No internet service,No internet service,No internet service,No internet service,No internet service,One year,No,Credit card (automatic),23.94,402.45,No,2024-10-09
7182-AJLVY,Male,0,No,Yes,40,Yes,No,DSL,Yes,No,No,No,No,Yes,Month-to-month,Yes,Credit card (automatic),106.5,4261.71,Yes,2024-10-09
2098-CMKCS,Male,0,Yes,No,31,Yes,Yes,Fiber optic,No,Yes,No,No,Yes,Yes,Two year,No,Electronic check,160.18,5067.35,Yes,2024-10-09
4715-NPCGY,Female,0,No,No,15,Yes,No,DSL,No,No,Yes,No,No,Yes,Month-to-month,Yes,Bank transfer (automatic),117.66,1746.03,Yes,2024-10-09
9182-HVSRV,Female,0,Yes,No,29,Yes,No,Fiber optic,Yes,Yes,No,Yes,No,Yes,Two year,Yes,Electronic check,143.39,4258.71,Yes,2024-10-09
4415-MGPOV,Male,0,Yes,No,28,Yes,Yes,Fiber optic,No,No,No,Yes,Yes,Yes,Month-to-month,No,Electronic check,171.93,4683.8,Yes,2024-10-09
7374-SMLIQ,Male,0,Yes,No,53,Yes,Yes,Fiber optic,No,No,Yes,No,Yes,No,Month-to-month,Yes,Mailed check,168.28,8732.46,Yes,2024-10-09
3323-ANFLC,Female,1,No,Yes,12,Yes,No,DSL,No,Yes,No,No,Yes,Yes,Month-to-month,Yes,Credit card (automatic),126.17,1475.74,Yes,2024-10-09
6489-SEOCJ,Female,0,Yes,No,29,Yes,Yes,No,No internet service,No internet service,No internet service,No internet service,No internet service,No internet service,Month-to-month,Yes,Electronic check,60.43,1768.98,Yes,2024-10-09
7210-KWMOH,Female,0,No,Yes,22,Yes,No,Fiber optic,No,Yes,No,No,No,No,One year,Yes,Mailed check,129.4,2822.48,No,2024-10-09
5192-WMPHJ,Female,0,Yes,No,49,Yes,Yes,DSL,No,Yes,No,No,No,Yes,Month-to-month,Yes,Electronic check,145.46,7298.55,Yes,2024-10-09
3469-WDBFS,Female,0,Yes,Yes,23,Yes,Yes,No,No internet service,No internet service,No internet service,No internet service,No internet service,No internet service,One year,Yes,Bank transfer (automatic),65.87,1477.06,Yes,2024-10-09
3470-NFMXH,Female,1,No,No,30,Yes,No,Fiber optic,No,No,No,No,Yes,Yes,Two year,Yes,Credit card (automatic),144.0,4404.91,Yes,2024-10-09
4733-LZNKE,Male,0,Yes,No,6,Yes,No,Fiber optic,Yes,Yes,Yes,No,No,Yes,Month-to-month,No,Credit card (automatic),161.36,971.48,Yes,2024-10-09
6465-RICPF,Male,0,Yes,Yes,8,Yes,Yes,Fiber optic,No,No,No,No,Yes,Yes,Month-to-month,Yes,Mailed check,165.07,1294.65,Yes,2024-10-09
7104-VAZOM,Male,0,No,No,40,Yes,No,Fiber optic,Yes,Yes,No,Yes,Yes,Yes,Month-to-month,No,Mailed check,174.74,7071.17,No,2024-10-09
6588-FQYBI,Female,0,No,No,42,Yes,No,DSL,Yes,Yes,Yes,No,Yes,Yes,Month-to-month,No,Credit card (automatic),135.3,5776.13,Yes,2024-10-09
5626-VQCWC,Female,0,No,Yes,30,Yes,No,Fiber optic,Yes,Yes,No,No,Yes,Yes,One year,Yes,Electronic check,159.25,4832.15,Yes,2024-10-09
4237-EGWUH,Male,0,Yes,Yes,43,Yes,No,DSL,Yes,Yes,Yes,Yes,Yes,Yes,Month-to-month,No,Electronic check,160.21,6862.21,Yes,2024-10-09
2391-SAWRB,Female,1,Yes,No,42,Yes,No,Fiber optic,No,Yes,No,No,Yes,No,Month-to-month,Yes,Bank transfer (automatic),147.29,6009.27,Yes,2024-10-09
7851-DEVKU,Female,0,No,No,24,Yes,No,Fiber optic,No,Yes,No,No,Yes,Yes,One year,Yes,Electronic check,134.82,3313.78,Yes,2024-10-09
4816-PWUJE,Female,0,Yes,Yes,39,Yes,No,Fiber optic,Yes,Yes,No,No,No,Yes,Two year,No,Bank transfer (automatic),140.3,5409.89,No,2024-10-09
4022-LVIJX,Female,0,No,Yes,35,Yes,Yes,Fiber optic,Yes,No,No,No,Yes,Yes,One year,Yes,Bank transfer (automatic),168.22,6050.12,No,2024-10-09
7881-JFAUY,Female,0,Yes,No,36,Yes,Yes,Fiber optic,No,Yes,No,Yes,No,No,Month-to-month,Yes,Credit card (automatic),179.89,6359.65,No,2024-10-09
6506-ZNQDL,Female,0,No,No,15,Yes,No,DSL,Yes,Yes,No,No,No,Yes,One year,Yes,Bank transfer (automatic),110.58,1611.73,Yes,2024-10-09
8840-ZTBKP,Male,0,Yes,No,29,Yes,No,Fiber optic,Yes,Yes,No,No,No,Yes,Two year,Yes,Mailed check,138.69,4044.5,Yes,2024-10-09
8650-CTECZ,Male,0,Yes,No,27,Yes,No,No,No internet service,No internet service,No internet service,No internet service,No internet service,No internet service,One year,Yes,Mailed check,39.68,1057.61,No,2024-10-09
9839-SPNTC,Male,0,No,No,15,Yes,No,Fiber optic,No,No,No,No,Yes,No,One year,Yes,Bank transfer (automatic),120.74,1795.75,Yes,2024-10-09
8111-HFYER,Female,0,No,Yes,7,Yes,Yes,DSL,Yes,Yes,No,Yes,Yes,Yes,One year,Yes,Electronic check,154.44,1059.66,Yes,2024-10-09
1303-BZATC,Male,0,Yes,No,58,Yes,Yes,DSL,No,Yes,Yes,No,Yes,No,One year,No,Electronic check,137.93,7853.8,No,2024-10-09
8812-PTNIB,Male,0,No,Yes,52,No,No phone service,DSL,Yes,Yes,No,No,Yes,Yes,Month-to-month,No,Bank transfer (automatic),106.34,5385.84,Yes,2024-10-09
5896-VHOGZ,Female,0,No,No,43,Yes,No,No,No internet service,No internet service,No internet service,No internet service,No internet service,No internet service,One year,Yes,Mailed check,40.55,1787.42,No,2024-10-09
6976-UCXTG,Female,0,No,No,24,Yes,Yes,Fiber optic,Yes,No,Yes,No,Yes,Yes,One year,No,Mailed check,165.48,4082.01,No,2024-10-09
9988-KXDOE,Male,0,No,Yes,56,Yes,No,DSL,No,Yes,Yes,Yes,Yes,Yes,One year,Yes,Bank transfer (automatic),129.87,7229.93,No,2024-10-09
9162-FENDY,Male,1,Yes,Yes,26,Yes,Yes,DSL,No,No,Yes,Yes,Yes,Yes,Month-to-month,Yes,Bank transfer (automatic),147.68,3933.86,Yes,2024-10-10
7406-HHNLN,Male,0,Yes,Yes,53,Yes,No,DSL,Yes,No,Yes,Yes,Yes,Yes,One year,Yes,Credit card (automatic),121.94,6390.89,Yes,2024-10-10
1683-NPGTS,Female,0,No,No,18,Yes,No,Fiber optic,Yes,No,No,No,Yes,Yes,Month-to-month,Yes,Mailed check,158.15,2901.62,Yes,2024-10-10
7467-TQCWC,Female,1,Yes,No,41,Yes,No,Fiber optic,No,No,Yes,No,Yes,No,One year,Yes,Electronic check,139.77,5819.41,Yes,2024-10-10
1224-SSOOK,Male,1,No,No,28,Yes,Yes,No,No internet service,No internet service,No internet service,No internet service,No internet service,No internet service,One year,Yes,Electronic check,58.43,1638.1,No,2024-10-10
6494-INCRM,Female,0,Yes,Yes,17,Yes,No,DSL,Yes,No,Yes,No,No,No,One year,Yes,Credit card (automatic),107.67,1805.78,No,2024-10-10
6710-VGNMF,Female,0,Yes,No,59,Yes,Yes,Fiber optic,No,Yes,Yes,Yes,No,Yes,Month-to-month,No,Electronic check,174.18,10440.04,Yes,2024-10-10
5965-ZTXJB,Female,0,Yes,No,11,Yes,No,DSL,No,No,No,Yes,Yes,Yes,One year,No,Electronic check,120.58,1347.45,Yes,2024-10-10
2117-SKODL,Male,0,Yes,Yes,34,Yes,No,DSL,Yes,No,No,No,Yes,Yes,Month-to-month,Yes,Credit card (automatic),126.15,4239.83,Yes,2024-10-10
3531-PRLSD,Male,0,Yes,Yes,9,Yes,Yes,Fiber optic,Yes,No,No,No,Yes,Yes,One year,Yes,Credit card (automatic),166.27,1520.94,No,2024-10-10
3951-OEGQE,Male,0,No,No,28,No,No phone service,No,No internet service,No internet service,No internet service,No internet service,No internet service,No internet service,Two year,Yes,Credit card (automatic),20.55,563.33,Yes,2024-10-10
2459-QIWIC,Male,0,Yes,Yes,58,Yes,Yes,No,No internet service,No internet service,No internet service,No internet service,No internet service,No internet service,Two year,No,Mailed check,44.77,2638.17,Yes,2024-10-10
9542-PAOBC,Female,0,Yes,Yes,28,Yes,Yes,Fiber optic,No,No,Yes,No,No,No,Two year,No,Bank transfer (automatic),129.53,3548.7,Yes,2024-10-10
6750-HTZVX,Male,0,No,No,23,Yes,No,DSL,No,Yes,No,No,Yes,No,One year,Yes,Electronic check,106.65,2505.5,Yes,2024-10-10
9483-JYYWB,Male,1,Yes,Yes,15,Yes,Yes,Fiber optic,No,No,Yes,Yes,Yes,Yes,Two year,Yes,Bank transfer (automatic),168.15,2518.96,Yes,2024-10-10
1417-LNXHN,Female,0,Yes,Yes,34,Yes,No,Fiber optic,No,No,No,Yes,Yes,No,Month-to-month,No,Credit card (automatic),141.31,4813.82,No,2024-10-10
3462-QNYNF,Female,0,No,Yes,31,Yes,No,Fiber optic,No,Yes,Yes,No,Yes,Yes,Month-to-month,Yes,Mailed check,156.71,4742.63,Yes,2024-10-10
5822-FOAMI,Female,0,Yes,No,52,Yes,No,No,No internet service,No internet service,No internet service,No internet service,No internet service,No internet service,Month-to-month,No,Electronic check,42.99,2295.89,Yes,2024-10-10
3714-ISFGF,Male,1,No,Yes,34,Yes,No,DSL,Yes,No,No,Yes,Yes,Yes,Two year,Yes,Electronic check,114.52,3826.61,Yes,2024-10-10
5464-RSWDM,Female,0,Yes,Yes,50,Yes,No,Fiber optic,Yes,Yes,Yes,No,Yes,No,Two year,Yes,Electronic check,149.52,7671.67,Yes,2024-10-10
1308-ONPAS,Male,0,No,Yes,22,Yes,No,Fiber optic,No,No,No,No,Yes,Yes,Month-to-month,No,Bank transfer (automatic),146.2,3224.26,Yes,2024-10-10
3397-BTZVQ,Female,0,Yes,No,44,Yes,Yes,No,No internet service,No internet service,No internet service,No internet service,No internet service,No internet service,Month-to-month,No,Electronic check,59.23,2669.11,Yes,2024-10-10
5621-QCXGH,Male,1,No,No,22,Yes,No,Fiber optic,Yes,No,No,No,Yes,No,Month-to-month,Yes,Mailed check,158.73,3525.42,Yes,2024-10-10
7474-ZHOGB,Male,0,Yes,No,33,Yes,No,Fiber optic,Yes,Yes,No,Yes,No,Yes,Month-to-month,Yes,Electronic check,163.98,5554.9,Yes,2024-10-10
4673-JICSG,Male,0,Yes,No,40,Yes,Yes,Fiber optic,Yes,No,No,Yes,Yes,No,One year,No,Bank transfer (automatic),155.8,6145.16,No,2024-10-10
8281-GAVDP,Male,0,Yes,Yes,35,Yes,No,DSL,No,No,Yes,No,Yes,Yes,Month-to-month,No,Credit card (automatic),137.01,4775.2,Yes,2024-10-10
1865-SKKVA,Male,0,Yes,No,16,Yes,Yes,No,No internet service,No internet service,No internet service,No internet service,No internet service,No internet service,Month-to-month,No,Mailed check,50.81,830.83,No,2024-10-10
1822-CTBPI,Female,0,Yes,Yes,49,Yes,Yes,DSL,Yes,No,No,No,Yes,No,Month-to-month,Yes,Mailed check,135.12,6499.39,Yes,2024-10-10
7931-GZXWF,Male,0,Yes,No,33,Yes,No,Fiber optic,No,Yes,No,No,Yes,No,Month-to-month,No,Credit card (automatic),153.03,5040.53,No,2024-10-10
6180-LTYTG,Male,0,Yes,No,18,Yes,Yes,Fiber optic,Yes,Yes,Yes,No,No,Yes,Month-to-month,Yes,Mailed check,188.42,3460.65,No,2024-10-10
9290-UEGZU,Female,0,No,Yes,35,Yes,Yes,Fiber optic,Yes,Yes,No,No,Yes,No,Month-to-month,Yes,Bank transfer (automatic),175.03,6034.87,Yes,2024-10-10
7367-JRAQN,Male,0,No,No,3,Yes,Yes,Fiber optic,No,Yes,Yes,No,Yes,Yes,One year,No,Bank transfer (automatic),169.85,496.45,Yes,2024-10-10
5254-LCUEU,Male,0,Yes,Yes,59,Yes,No,Fiber optic,Yes,No,No,Yes,Yes,Yes,Two year,Yes,Electronic check,147.72,8458.36,Yes,2024-10-10
5038-EGKLF,Female,1,Yes,No,43,Yes,No,Fiber optic,Yes,Yes,Yes,No,Yes,Yes,Month-to-month,Yes,Credit card (automatic),179.27,7680.59,Yes,2024-10-10
4127-YZEZU,Female,0,Yes,Yes,12,Yes,Yes,No,No internet service,No internet service,No internet service,No internet service,No internet service,No internet service,One year,Yes,Bank transfer (automatic),56.28,689.62,No,2024-10-10
5674-XRULN,Female,0,Yes,No,37,Yes,Yes,No,No internet service,No internet service,No internet service,No internet service,No internet service,No internet service,One year,Yes,Bank transfer (automatic),61.9,2341.41,No,2024-10-10
2157-LRMCW,Female,0,Yes,No,19,Yes,Yes,No,No internet service,No internet service,No internet service,No internet service,No internet service,No internet service,Month-to-month,Yes,Bank transfer (automatic),64.18,1204.71,Yes,2024-10-10
9734-HVOJK,Male,0,No,No,42,Yes,Yes,No,No internet service,No internet service,No internet service,No internet service,No internet service,No internet service,Month-to-month,No,Credit card (automatic),59.3,2532.19,Yes,2024-10-10
5353-SLLEF,Male,0,No,Yes,49,Yes,No,DSL,No,No,No,No,Yes,Yes,One year,Yes,Electronic check,100.96,4934.25,No,2024-10-10
3005-KNSUC,Female,1,Yes,No,14,Yes,Yes,Fiber optic,Yes,Yes,No,No,Yes,No,Month-to-month,No,Credit card (automatic),168.62,2384.18,Yes,2024-10-10
1096-RKFZI,Male,0,No,No,31,Yes,No,No,No internet service,No internet service,No internet service,No internet service,No internet service,No internet service,Month-to-month,Yes,Electronic check,38.48,1203.75,No,2024-10-10
7937-LYAIC,Female,0,Yes,No,27,Yes,No,DSL,No,Yes,No,Yes,No,Yes,One year,Yes,Electronic check,118.62,3177.98,Yes,2024-10-11
3699-KGKFE,Female,0,Yes,No,21,Yes,Yes,Fiber optic,Yes,No,Yes,No,No,No,Month-to-month,Yes,Mailed check,174.91,3594.13,Yes,2024-10-11
7223-BWPAT,Male,0,No,Yes,42,Yes,No,No,No internet service,No internet service,No internet service,No internet service,No internet service,No internet service,Month-to-month,No,Credit card (automatic),54.2,2325.88,Yes,2024-10-11
8025-ZDNHB,Male,0,Yes,No,39,Yes,Yes,Fiber optic,No,No,Yes,No,Yes,Yes,One year,Yes,Credit card (automatic),167.97,6469.18,Yes,2024-10-11
4759-XCBMC,Female,1,Yes,No,45,Yes,No,DSL,No,No,No,Yes,Yes,Yes,Month-to-month,Yes,Bank transfer (automatic),131.34,5846.18,No,2024-10-11
4643-NTWHW,Male,1,No,No,19,Yes,Yes,Fiber optic,No,No,Yes,Yes,No,Yes,Month-to-month,No,Mailed check,179.43,3372.57,Yes,2024-10-11
9776-GVPXU,Male,0,No,Yes,21,Yes,Yes,DSL,Yes,No,No,No,Yes,No,Month-to-month,No,Electronic check,131.97,2806.05,Yes,2024-10-11
5783-RSHUR,Male,0,Yes,Yes,38,Yes,Yes,Fiber optic,Yes,Yes,Yes,No,Yes,Yes,Month-to-month,Yes,Electronic check,191.41,7405.48,Yes,2024-10-11
2006-EHSCI,Male,0,No,No,41,Yes,No,DSL,No,No,Yes,Yes,Yes,Yes,One year,Yes,Electronic check,126.85,5110.08,No,2024-10-11
8480-PVXJF,Male,1,Yes,No,27,Yes,No,DSL,Yes,No,Yes,No,Yes,Yes,One year,Yes,Credit card (automatic),119.1,3122.79,No,2024-10-11
6619-DYANX,Male,0,Yes,No,22,Yes,Yes,Fiber optic,Yes,No,No,Yes,Yes,No,Two year,Yes,Bank transfer (automatic),144.86,3190.66,Yes,2024-10-11
2150-WEHXV,Male,0,Yes,Yes,22,Yes,No,Fiber optic,No,No,Yes,No,Yes,Yes,Month-to-month,Yes,Mailed check,150.42,3371.81,Yes,2024-10-11
2852-EBTVJ,Male,1,No,Yes,33,No,No phone service,DSL,Yes,No,No,Yes,Yes,Yes,Month-to-month,Yes,Credit card (automatic),99.76,3276.06,Yes,2024-10-11
6750-YYUAA,Male,1,Yes,No,34,No,No phone service,Fiber optic,No,Yes,Yes,No,Yes,Yes,Month-to-month,Yes,Electronic check,138.97,4784.61,Yes,2024-10-11
6932-SHYDH,Female,1,No,Yes,58,Yes,Yes,DSL,Yes,Yes,No,Yes,Yes,Yes,Two year,No,Bank transfer (automatic),138.38,8161.41,No,2024-10-11
8562-NBZSB,Female,0,No,No,29,Yes,No,No,No internet service,No internet service,No internet service,No internet service,No internet service,No internet service,Month-to-month,Yes,Electronic check,51.07,1454.1,No,2024-10-11
9235-NEFZM,Female,0,No,No,41,Yes,Yes,Fiber optic,No,Yes,No,Yes,No,Yes,Month-to-month,Yes,Electronic check,167.74,6704.47,Yes,2024-10-11
4492-DBPPJ,Male,0,Yes,No,32,Yes,No,No,No internet service,No internet service,No internet service,No internet service,No internet service,No internet service,Month-to-month,No,Mailed check,50.67,1659.16,Yes,2024-10-11
3691-QDPTG,Female,1,No,No,21,No,No phone service,No,No internet service,No internet service,No internet service,No internet service,No internet service,No internet service,One year,No,Mailed check,20.67,446.5,No,2024-10-11
2939-OCPIQ,Female,0,No,No,22,Yes,Yes,DSL,Yes,No,No,No,No,Yes,Month-to-month,No,Bank transfer (automatic),131.41,2811.76,No,2024-10-11
3711-DTWRJ,Female,0,Yes,No,20,Yes,Yes,Fiber optic,No,No,No,No,Yes,Yes,One year,No,Mailed check,162.12,3251.97,No,2024-10-11
4914-TOVLE,Male,0,Yes,Yes,20,Yes,Yes,DSL,No,No,Yes,Yes,No,No,Two year,Yes,Mailed check,116.21,2393.15,No,2024-10-11
4023-YSGYL,Male,0,No,No,33,Yes,No,Fiber optic,No,No,No,No,Yes,Yes,One year,Yes,Bank transfer (automatic),149.83,4921.37,No,2024-10-11
1175-HTXWP,Male,0,No,Yes,41,Yes,Yes,DSL,No,Yes,No,No,No,No,Two year,Yes,Mailed check,107.58,4446.93,No,2024-10-11
8837-BEEVF,Female,0,Yes,No,49,Yes,Yes,No,No internet service,No internet service,No internet service,No internet service,No internet service,No internet service,Month-to-month,Yes,Electronic check,70.44,3515.75,Yes,2024-10-11
6377-FYDBU,Male,0,Yes,No,35,Yes,No,No,No internet service,No internet service,No internet service,No internet service,No internet service,No internet service,One year,Yes,Credit card (automatic),46.4,1608.81,No,2024-10-11
2332-NBFHY,Male,0,Yes,No,45,Yes,Yes,Fiber optic,No,No,No,No,Yes,No,Month-to-month,Yes,Electronic check,160.44,7168.21,Yes,2024-10-11
4830-ZZLUD,Male,0,Yes,No,33,Yes,Yes,No,No internet service,No internet service,No internet service,No internet service,No internet service,No internet service,One year,Yes,Electronic check,56.17,1862.65,Yes,2024-10-11
3936-QRHTX,Male,0,No,No,44,Yes,Yes,DSL,No,No,No,Yes,Yes,Yes,Month-to-month,Yes,Bank transfer (automatic),140.51,6159.29,Yes,2024-10-11
3750-GPCSK,Male,0,Yes,Yes,17,Yes,Yes,Fiber optic,No,Yes,Yes,No,Yes,Yes,Month-to-month,Yes,Credit card (automatic),187.42,3197.03,Yes,2024-10-11
2455-MNATF,Female,0,No,No,13,Yes,Yes,Fiber optic,No,Yes,Yes,No,No,Yes,Month-to-month,Yes,Bank transfer (automatic),173.49,2230.28,Yes,2024-10-11
4585-LVZPS,Female,0,No,No,25,Yes,Yes,DSL,No,Yes,No,No,No,Yes,Month-to-month,Yes,Mailed check,123.31,3161.4,Yes,2024-10-11
7760-HRMPR,Male,0,No,No,39,Yes,No,DSL,Yes,Yes,No,No,Yes,Yes,Month-to-month,Yes,Credit card (automatic),131.53,5227.03,Yes,2024-10-11
4929-NAWJP,Male,0,No,No,11,Yes,Yes,DSL,No,Yes,Yes,No,Yes,Yes,One year,No,Credit card (automatic),128.87,1378.04,No,2024-10-11
3719-PBNOG,Male,1,No,No,29,Yes,Yes,Fiber optic,No,No,Yes,Yes,No,Yes,Month-to-month,Yes,Mailed check,172.36,5060.32,Yes,2024-10-11
4067-XZOWS,Male,0,Yes,No,36,Yes,Yes,DSL,Yes,No,No,No,Yes,Yes,One year,Yes,Bank transfer (automatic),137.04,5024.49,No,2024-10-11
6802-SNKLX,Female,0,No,Yes,29,Yes,No,DSL,No,Yes,Yes,No,Yes,Yes,Month-to-month,Yes,Mailed check,134.18,3946.37,Yes,2024-10-11
4967-XPZBV,Male,0,No,Yes,8,Yes,Yes,No,No internet service,No internet service,No internet service,No internet service,No internet service,No internet service,Month-to-month,Yes,Bank transfer (automatic),66.33,527.66,Yes,2024-10-11
3681-XRJPJ,Female,0,Yes,Yes,39,No,No phone service,DSL,Yes,No,Yes,No,Yes,No,Month-to-month,Yes,Electronic check,99.53,3811.47,Yes,2024-10-11
4921-KTGIH,Male,0,No,Yes,29,Yes,No,Fiber optic,Yes,No,Yes,No,Yes,Yes,Month-to-month,Yes,Bank transfer (automatic),166.85,4778.62,Yes,2024-10-11
1021-FNAPU,Male,1,Yes,No,46,Yes,No,No,No internet service,No internet service,No internet service,No internet service,No internet service,No internet service,One year,No,Bank transfer (automatic),36.33,1651.3,Yes,2024-10-11
4171-JGAGL,Female,0,Yes,Yes,14,No,No phone service,Fiber optic,Yes,Yes,Yes,No,Yes,Yes,Month-to-month,No,Bank transfer (automatic),140.86,1946.23,Yes,2024-10-11
8112-MSBYF,Male,0,Yes,Yes,47,Yes,Yes,DSL,Yes,No,No,No,Yes,Yes,Month-to-month,No,Mailed check,145.86,6903.96,Yes,2024-10-11
2842-AMOJP,Male,0,No,No,34,Yes,No,DSL,No,No,Yes,No,Yes,No,Two year,Yes,Credit card (automatic),101.62,3466.25,Yes,2024-10-11
8982-IIALL,Female,0,No,No,41,Yes,No,DSL,No,Yes,Yes,No,No,Yes,Two year,No,Electronic check,103.99,4253.35,Yes,2024-10-11
5216-JJIKP,Female,0,Yes,No,45,Yes,Yes,No,No internet service,No internet service,No internet service,No internet service,No internet service,No internet service,Month-to-month,Yes,Bank transfer (automatic),60.75,2714.57,Yes,2024-10-11
5072-KASJX,Female,0,No,No,10,Yes,Yes,DSL,No,Yes,No,No,Yes,Yes,One year,No,Credit card (automatic),136.65,1331.49,Yes,2024-10-11
9972-SGTDF,Female,0,Yes,No,30,Yes,No,Fiber optic,Yes,Yes,No,No,Yes,No,Month-to-month,No,Bank transfer (automatic),162.91,5009.18,Yes,2024-10-11
4644-ILVFO,Male,0,Yes,No,50,Yes,No,Fiber optic,Yes,Yes,No,No,Yes,No,Month-to-month,Yes,Mailed check,153.38,7707.31,No,2024-10-11
8437-XKJYQ,Female,1,No,No,35,Yes,Yes,No,No internet service,No internet service,No internet service,No internet service,No internet service,No internet service,Month-to-month,Yes,Credit card (automatic),60.98,2171.66,Yes,2024-10-11
8714-JBUGM,Male,0,No,No,8,Yes,No,DSL,No,No,Yes,Yes,No,No,Two year,No,Electronic check,101.16,808.69,Yes,2024-10-12
7396-MQDAZ,Male,0,No,No,41,Yes,Yes,Fiber optic,No,No,Yes,No,Yes,Yes,Two year,Yes,Mailed check,154.6,6526.67,No,2024-10-12
7036-EUIIB,Male,0,No,Yes,30,Yes,No,DSL,No,Yes,Yes,No,Yes,Yes,Month-to-month,Yes,Electronic check,136.55,4115.32,Yes,2024-10-12
1346-YAJYK,Male,1,Yes,Yes,42,Yes,Yes,Fiber optic,No,No,No,Yes,Yes,No,One year,Yes,Mailed check,162.59,6951.6,Yes,2024-10-12
8794-HPICC,Male,0,Yes,No,25,Yes,No,No,No internet service,No internet service,No internet service,No internet service,No internet service,No internet service,Month-to-month,Yes,Bank transfer (automatic),54.05,1388.25,No,2024-10-12
6220-UJNAZ,Female,0,Yes,No,24,Yes,No,DSL,No,No,Yes,No,No,No,Month-to-month,Yes,Electronic check,110.82,2668.94,No,2024-10-12
4335-NDRLQ,Female,0,No,No,33,Yes,Yes,No,No internet service,No internet service,No internet service,No internet service,No internet service,No internet service,Month-to-month,Yes,Bank transfer (automatic),52.8,1727.46,Yes,2024-10-12
7887-IGKDC,Female,0,No,Yes,57,Yes,No,Fiber optic,No,Yes,No,No,No,No,Month-to-month,No,Mailed check,136.23,7791.66,Yes,2024-10-12
7089-KPCED,Male,0,No,No,45,Yes,Yes,Fiber optic,Yes,No,No,No,No,Yes,One year,No,Credit card (automatic),157.45,7257.16,No,2024-10-12
2331-TZEFZ,Female,0,Yes,No,30,Yes,No,DSL,No,Yes,No,Yes,Yes,No,Month-to-month,No,Bank transfer (automatic),133.89,3957.49,Yes,2024-10-12
1545-YUACA,Female,1,No,No,52,Yes,No,No,No internet service,No internet service,No internet service,No internet service,No internet service,No internet service,One year,Yes,Bank transfer (automatic),36.16,1833.63,No,2024-10-12
5024-PKMFX,Male,0,Yes,No,48,Yes,No,DSL,No,Yes,No,Yes,Yes,Yes,Two year,Yes,Credit card (automatic),108.35,5321.63,No,2024-10-12
1720-OAMTC,Female,0,No,No,28,Yes,No,No,No internet service,No internet service,No internet service,No internet service,No internet service,No internet service,Month-to-month,Yes,Credit card (automatic),45.17,1278.77,Yes,2024-10-12
7750-UKHDW,Male,0,Yes,No,45,Yes,No,Fiber optic,Yes,Yes,No,No,No,No,One year,Yes,Bank transfer (automatic),134.84,6010.55,No,2024-10-12
2030-VOKAK,Female,0,No,No,27,Yes,Yes,Fiber optic,Yes,Yes,Yes,No,Yes,Yes,One year,Yes,Credit card (automatic),181.3,5016.14,Yes,2024-10-12
1963-PNHRY,Female,0,Yes,Yes,33,Yes,No,DSL,Yes,No,No,No,Yes,Yes,Month-to-month,No,Electronic check,127.52,4201.03,Yes,2024-10-12
7044-PSIVC,Female,0,Yes,No,30,Yes,No,DSL,No,Yes,Yes,No,Yes,Yes,One year,Yes,Electronic check,119.22,3655.35,No,2024-10-12
9130-ZHPYJ,Female,0,Yes,No,20,Yes,No,Fiber optic,Yes,No,No,No,Yes,Yes,Month-to-month,Yes,Mailed check,156.04,3040.7,Yes,2024-10-12
7516-KCVRW,Male,0,Yes,No,43,Yes,Yes,No,No internet service,No internet service,No internet service,No internet service,No internet service,No internet service,Two year,Yes,Electronic check,55.21,2402.98,No,2024-10-12
3804-NHWIE,Female,0,No,No,14,No,No phone service,Fiber optic,Yes,Yes,No,No,Yes,Yes,Month-to-month,Yes,Mailed check,151.94,2136.21,Yes,2024-10-12
9660-YAQZX,Female,0,No,No,42,Yes,No,Fiber optic,Yes,Yes,No,No,Yes,No,Month-to-month,No,Mailed check,155.17,6639.52,Yes,2024-10-12
7699-DRRGC,Female,0,No,No,38,Yes,Yes,Fiber optic,No,Yes,No,No,Yes,Yes,Month-to-month,Yes,Credit card (automatic),177.7,6618.13,Yes,2024-10-12
9457-KIYGK,Female,0,Yes,Yes,21,No,No phone service,DSL,No,No,No,No,No,Yes,Two year,Yes,Bank transfer (automatic),60.35,1259.28,Yes,2024-10-12
4633-YJKUD,Female,0,Yes,Yes,40,Yes,No,No,No internet service,No internet service,No internet service,No internet service,No internet service,No internet service,Month-to-month,Yes,Electronic check,49.03,1948.81,Yes,2024-10-12
2930-YWXZQ,Male,1,No,No,16,No,No phone service,DSL,No,No,No,No,No,Yes,Month-to-month,Yes,Electronic check,77.5,1272.02,Yes,2024-10-12
4118-ROBUA,Male,0,No,No,26,Yes,Yes,DSL,No,Yes,Yes,No,Yes,Yes,Month-to-month,Yes,Electronic check,156.64,4142.43,Yes,2024-10-12
5868-NCFAM,Male,0,Yes,No,45,Yes,No,Fiber optic,Yes,No,Yes,No,No,Yes,Two year,Yes,Credit card (automatic),138.55,6080.78,Yes,2024-10-12
1564-LKJNF,Male,0,Yes,No,30,Yes,No,Fiber optic,No,Yes,No,No,Yes,Yes,One year,Yes,Credit card (automatic),145.77,4302.48,No,2024-10-12
1959-HGXJI,Female,0,Yes,No,13,No,No phone service,DSL,No,Yes,No,Yes,Yes,Yes,One year,Yes,Electronic check,86.68,1099.16,Yes,2024-10-12
2743-OYXRH,Female,0,No,Yes,28,Yes,Yes,Fiber optic,No,No,No,No,No,Yes,One year,Yes,Bank transfer (automatic),147.58,4094.88,No,2024-10-12
4848-FKHCB,Male,0,No,No,50,Yes,Yes,No,No internet service,No internet service,No internet service,No internet service,No internet service,No internet service,One year,No,Credit card (automatic),57.97,2875.9,Yes,2024-10-12
6120-MGVMB,Male,0,Yes,No,38,Yes,No,DSL,Yes,No,No,No,Yes,No,One year,Yes,Mailed check,110.99,4299.54,Yes,2024-10-12
8204-JCYDF,Male,0,Yes,No,58,Yes,No,No,No internet service,No internet service,No internet service,No internet service,No internet service,No internet service,Two year,No,Credit card (automatic),43.6,2500.91,No,2024-10-12
7105-GSLMN,Female,0,No,Yes,16,Yes,No,No,No internet service,No internet service,No internet service,No internet service,No internet service,No internet service,Month-to-month,Yes,Electronic check,52.47,857.01,Yes,2024-10-12
9385-DHQCQ,Male,0,No,No,19,Yes,Yes,DSL,No,Yes,No,Yes,No,Yes,One year,No,Bank transfer (automatic),130.22,2535.34,No,2024-10-12
8699-UFVKD,Male,0,No,Yes,38,Yes,No,Fiber optic,Yes,Yes,No,No,No,Yes,Month-to-month,Yes,Bank transfer (automatic),162.44,6187.12,Yes,2024-10-12
9825-NMDRF,Male,0,Yes,No,17,Yes,No,DSL,No,No,No,No,Yes,No,Two year,Yes,Electronic check,85.15,1474.21,Yes,2024-10-12
3010-QNSZE,Female,0,No,No,33,Yes,No,Fiber optic,Yes,No,Yes,No,No,Yes,Month-to-month,Yes,Credit card (automatic),157.36,5119.17,No,2024-10-12
9756-OVNSQ,Male,0,No,Yes,40,Yes,No,No,No internet service,No internet service,No internet service,No internet service,No internet service,No internet service,Two year,No,Bank transfer (automatic),38.03,1492.95,No,2024-10-12
2886-WKZED,Female,0,No,No,28,Yes,Yes,No,No internet service,No internet service,No internet service,No internet service,No internet service,No internet service,Month-to-month,Yes,Bank transfer (automatic),62.41,1764.86,Yes,2024-10-12
3841-MELIS,Female,0,No,No,26,Yes,Yes,DSL,Yes,Yes,Yes,No,Yes,Yes,One year,No,Credit card (automatic),151.66,3943.49,No,2024-10-12
9842-HDFFC,Male,0,No,Yes,30,Yes,No,Fiber optic,No,Yes,No,No,No,Yes,Month-to-month,Yes,Credit card (automatic),154.78,4664.33,Yes,2024-10-12
6982-XNXIV,Female,0,No,No,35,Yes,No,DSL,No,No,No,No,No,Yes,Two year,Yes,Bank transfer (automatic),89.21,3138.17,No,2024-10-12
4416-CIHQT,Male,0,No,No,16,Yes,Yes,Fiber optic,No,Yes,Yes,No,No,Yes,Month-to-month,No,Mailed check,168.33,2693.28,Yes,2024-10-12
7660-IIJNK,Female,0,No,No,45,Yes,Yes,DSL,No,Yes,No,Yes,Yes,No,Month-to-month,Yes,Credit card (automatic),138.81,6289.31,Yes,2024-10-12
3863-UCEYE,Male,0,Yes,No,37,Yes,Yes,Fiber optic,No,No,No,No,Yes,No,One year,No,Mailed check,145.57,5253.04,No,2024-10-12
4446-NEDAV,Female,0,Yes,No,31,Yes,Yes,Fiber optic,No,Yes,Yes,No,Yes,No,Month-to-month,Yes,Electronic check,185.9,5893.2,Yes,2024-10-12
8414-ZQCUT,Male,0,No,Yes,12,Yes,Yes,DSL,No,Yes,No,No,No,Yes,One year,Yes,Electronic check,129.75,1512.95,Yes,2024-10-13
9256-BPNKS,Male,0,Yes,No,43,Yes,Yes,DSL,No,Yes,Yes,No,Yes,No,One year,Yes,Electronic check,130.88,5521.97,No,2024-10-13
8769-YWNWZ,Female,0,Yes,No,41,Yes,No,Fiber optic,Yes,Yes,Yes,No,Yes,No,One year,No,Credit card (automatic),147.68,6208.52,No,2024-10-13
6010-JMSOQ,Female,0,No,No,35,Yes,No,Fiber optic,No,No,No,No,No,No,Month-to-month,Yes,Credit card (automatic),118.16,4226.68,Yes,2024-10-13
5486-QPSNG,Female,0,Yes,No,18,Yes,No,DSL,Yes,No,No,No,No,Yes,Month-to-month,No,Credit card (automatic),104.18,1928.39,Yes,2024-10-13
8688-QNGIU,Female,0,Yes,No,10,Yes,No,Fiber optic,No,No,Yes,No,Yes,Yes,Two year,Yes,Electronic check,132.49,1288.96,Yes,2024-10-13
2291-MADJJ,Male,0,Yes,No,27,Yes,Yes,Fiber optic,No,No,No,No,No,Yes,One year,Yes,Bank transfer (automatic),159.08,4296.41,Yes,2024-10-13
5434-EVRAS,Male,0,Yes,No,33,Yes,Yes,Fiber optic,Yes,Yes,Yes,Yes,No,Yes,One year,No,Credit card (automatic),190.72,6347.24,Yes,2024-10-13
9556-IDXZF,Male,1,Yes,No,4,Yes,Yes,Fiber optic,No,Yes,No,No,Yes,No,One year,Yes,Bank transfer (automatic),162.66,664.94,Yes,2024-10-13
9646-ISYAL,Male,0,Yes,No,22,Yes,No,Fiber optic,No,Yes,No,No,Yes,No,One year,Yes,Bank transfer (automatic),136.01,2990.64,Yes,2024-10-13
8048-ICLUX,Female,1,No,No,26,Yes,Yes,DSL,Yes,No,Yes,Yes,Yes,Yes,One year,No,Electronic check,157.81,4034.35,No,2024-10-13
4757-TUPCK,Male,0,No,No,49,Yes,No,No,No internet service,No internet service,No internet service,No internet service,No internet service,No internet service,Month-to-month,No,Mailed check,55.48,2665.83,Yes,2024-10-13
7082-QYPVV,Female,0,No,No,43,Yes,No,DSL,Yes,Yes,No,Yes,Yes,Yes,Month-to-month,Yes,Electronic check,138.84,5864.3,Yes,2024-10-13
2014-GKNQR,Male,1,No,No,23,Yes,No,Fiber optic,Yes,Yes,No,Yes,Yes,Yes,Month-to-month,No,Mailed check,175.76,4104.51,Yes,2024-10-13
9240-OOSMK,Female,1,Yes,No,19,Yes,Yes,Fiber optic,No,Yes,Yes,No,No,No,Month-to-month,Yes,Credit card (automatic),173.22,3203.89,Yes,2024-10-13
8924-DCAXL,Female,0,No,No,29,Yes,No,No,No internet service,No internet service,No internet service,No internet service,No internet service,No internet service,Two year,Yes,Bank transfer (automatic),34.89,985.56,No,2024-10-13
9252-OHURL,Female,0,Yes,No,38,Yes,No,DSL,No,No,No,No,Yes,Yes,One year,Yes,Mailed check,93.87,3566.04,Yes,2024-10-13
1655-DOXTE,Female,0,No,No,17,Yes,Yes,No,No internet service,No internet service,No internet service,No internet service,No internet service,No internet service,One year,No,Credit card (automatic),63.58,1055.16,No,2024-10-13
1032-FXIUP,Male,0,No,Yes,60,Yes,No,Fiber optic,Yes,Yes,Yes,No,Yes,Yes,Month-to-month,Yes,Bank transfer (automatic),177.51,10780.95,Yes,2024-10-13
6460-LKXJE,Male,0,No,Yes,37,Yes,Yes,Fiber optic,Yes,No,No,No,No,Yes,Month-to-month,Yes,Electronic check,155.78,5596.69,Yes,2024-10-13
1362-FDQOM,Male,0,Yes,No,28,Yes,No,Fiber optic,No,No,No,No,No,Yes,One year,Yes,Electronic check,131.35,3751.1,Yes,2024-10-13
1391-OCCKN,Male,0,Yes,No,6,Yes,Yes,Fiber optic,No,Yes,No,Yes,Yes,Yes,Month-to-month,No,Credit card (automatic),186.11,1098.84,Yes,2024-10-13
8904-NHKBD,Male,0,Yes,No,5,Yes,No,No,No internet service,No internet service,No internet service,No internet service,No internet service,No internet service,Month-to-month,No,Mailed check,34.14,175.13,No,2024-10-13
9478-IQEBW,Female,0,No,No,44,Yes,Yes,DSL,No,Yes,No,No,No,Yes,Two year,Yes,Electronic check,112.46,4983.04,Yes,2024-10-13
2139-HLRYT,Male,0,No,Yes,45,Yes,Yes,Fiber optic,No,Yes,Yes,Yes,Yes,Yes,Month-to-month,Yes,Credit card (automatic),186.24,8411.65,Yes,2024-10-13
5553-RVJIS,Female,1,No,Yes,6,Yes,Yes,Fiber optic,Yes,No,Yes,No,Yes,Yes,One year,Yes,Mailed check,175.38,1060.19,Yes,2024-10-13
4256-XQTWD,Female,0,Yes,No,37,Yes,No,No,No internet service,No internet service,No internet service,No internet service,No internet service,No internet service,One year,No,Credit card (automatic),42.21,1590.76,No,2024-10-13
6580-LRBYE,Female,0,No,No,16,Yes,Yes,Fiber optic,No,Yes,No,No,Yes,Yes,Month-to-month,No,Electronic check,174.44,2803.57,Yes,2024-10-13
1740-PNDBH,Female,0,Yes,No,38,Yes,No,Fiber optic,No,Yes,Yes,No,Yes,Yes,One year,No,Mailed check,159.61,6238.08,Yes,2024-10-13
9264-VPTUU,Female,0,Yes,Yes,21,Yes,No,DSL,Yes,No,Yes,Yes,No,Yes,One year,No,Bank transfer (automatic),133.77,2773.2,No,2024-10-13
3744-WMKVK,Male,0,Yes,No,24,Yes,Yes,Fiber optic,Yes,Yes,No,No,Yes,Yes,Two year,Yes,Bank transfer (automatic),158.74,3895.28,No,2024-10-13
5284-NCCEW,Female,0,Yes,No,21,Yes,Yes,DSL,No,No,Yes,No,No,Yes,One year,Yes,Electronic check,118.74,2518.93,Yes,2024-10-13
3894-XJLBD,Male,0,No,No,35,Yes,No,DSL,Yes,No,Yes,No,Yes,No,Month-to-month,Yes,Credit card (automatic),119.74,4198.34,Yes,2024-10-13
6120-SGHCX,Female,0,Yes,No,56,No,No phone service,Fiber optic,No,Yes,Yes,Yes,Yes,Yes,One year,Yes,Mailed check,137.51,7708.32,Yes,2024-10-13
8917-KYEIE,Male,1,No,No,37,Yes,Yes,Fiber optic,No,Yes,No,No,No,Yes,Month-to-month,Yes,Bank transfer (automatic),162.21,5877.54,Yes,2024-10-13
6001-HZQMF,Female,0,No,Yes,38,Yes,Yes,Fiber optic,Yes,Yes,No,Yes,Yes,Yes,Two year,No,Electronic check,173.95,6473.62,Yes,2024-10-13
9159-HBJIA,Male,0,Yes,Yes,18,Yes,Yes,Fiber optic,Yes,Yes,No,No,No,Yes,Month-to-month,No,Bank transfer (automatic),182.1,3269.87,No,2024-10-13
8355-ZOSMF,Male,0,No,No,31,Yes,Yes,DSL,Yes,Yes,No,Yes,Yes,No,Month-to-month,Yes,Electronic check,160.56,4865.34,No,2024-10-13
2227-KKIWV,Female,0,No,No,31,Yes,No,No,No internet service,No internet service,No internet service,No internet service,No internet service,No internet service,Two year,Yes,Credit card (automatic),40.97,1293.12,No,2024-10-14
9185-XUALE,Female,0,No,No,37,Yes,Yes,Fiber optic,Yes,Yes,Yes,No,Yes,Yes,Month-to-month,Yes,Credit card (automatic),199.67,7426.24,Yes,2024-10-14
7081-ZUSOF,Female,0,Yes,No,24,Yes,No,DSL,Yes,No,Yes,No,Yes,Yes,Two year,Yes,Bank transfer (automatic),116.02,2708.4,No,2024-10-14
6739-NVTOM,Female,0,Yes,Yes,16,Yes,Yes,DSL,No,No,No,No,Yes,No,Month-to-month,Yes,Electronic check,111.53,1764.99,Yes,2024-10-14
2705-KPXOO,Female,0,No,Yes,27,Yes,No,Fiber optic,No,No,Yes,Yes,Yes,Yes,Month-to-month,Yes,Credit card (automatic),172.81,4569.3,Yes,2024-10-14
2440-BNIVH,Male,0,Yes,No,11,Yes,No,DSL,No,No,No,Yes,Yes,Yes,Month-to-month,Yes,Electronic check,122.24,1339.98,Yes,2024-10-14
8515-CFKLX,Female,0,Yes,No,27,Yes,Yes,Fiber optic,No,Yes,Yes,No,Yes,Yes,Month-to-month,No,Mailed check,188.33,4978.38,Yes,2024-10-14
5314-UDHRU,Female,0,No,No,58,Yes,Yes,DSL,No,Yes,Yes,No,No,Yes,Two year,No,Credit card (automatic),118.56,6787.0,No,2024-10-14
1442-LGUDS,Male,0,No,No,18,Yes,No,No,No internet service,No internet service,No internet service,No internet service,No internet service,No internet service,Month-to-month,Yes,Bank transfer (automatic),45.83,821.46,Yes,2024-10-14
7854-ZWFEW,Male,1,No,No,33,Yes,No,DSL,Yes,Yes,Yes,Yes,Yes,Yes,Month-to-month,Yes,Credit card (automatic),143.83,4648.22,Yes,2024-10-14
3061-JEIMS,Female,0,Yes,Yes,32,Yes,Yes,Fiber optic,No,Yes,No,No,Yes,No,Month-to-month,Yes,Credit card (automatic),179.16,5671.43,No,2024-10-14
6928-FJSET,Female,0,Yes,No,36,Yes,Yes,No,No internet service,No internet service,No internet service,No internet service,No internet service,No internet service,Two year,Yes,Electronic check,55.26,1987.22,No,2024-10-14
6228-PFFEX,Male,0,Yes,No,18,Yes,Yes,Fiber optic,No,No,Yes,Yes,Yes,Yes,Month-to-month,Yes,Electronic check,179.79,3331.37,Yes,2024-10-14
7306-ZTGHP,Male,0,No,No,17,Yes,No,No,No internet service,No internet service,No internet service,No internet service,No internet service,No internet service,Month-to-month,No,Bank transfer (automatic),38.91,643.69,Yes,2024-10-14
5595-QTSRG,Female,0,Yes,No,32,Yes,Yes,DSL,No,Yes,Yes,No,Yes,Yes,One year,No,Electronic check,140.69,4496.85,Yes,2024-10-14
9665-QJRSS,Female,0,Yes,No,21,Yes,No,DSL,No,No,Yes,Yes,Yes,No,Month-to-month,Yes,Electronic check,122.82,2547.05,Yes,2024-10-14
3948-GZZIU,Male,0,No,No,19,Yes,No,No,No internet service,No internet service,No internet service,No internet service,No internet service,No internet service,Month-to-month,Yes,Credit card (automatic),41.65,795.85,Yes,2024-10-14
6069-XXJYV,Female,0,Yes,No,26,Yes,No,DSL,No,No,No,No,Yes,Yes,Month-to-month,No,Mailed check,111.85,2978.91,Yes,2024-10-14
4172-QHYNW,Female,0,No,No,22,Yes,Yes,DSL,Yes,Yes,Yes,Yes,Yes,Yes,Month-to-month,Yes,Credit card (automatic),158.67,3465.11,Yes,2024-10-14
1446-HCPIM,Female,0,Yes,No,54,Yes,No,Fiber optic,Yes,Yes,No,No,No,Yes,One year,No,Mailed check,135.03,7233.84,No,2024-10-14
5684-CDXRU,Female,0,Yes,Yes,25,Yes,Yes,DSL,Yes,No,No,No,Yes,Yes,Month-to-month,Yes,Mailed check,145.07,3597.26,Yes,2024-10-14
6827-NULKC,Male,0,No,No,13,Yes,No,DSL,Yes,No,Yes,Yes,Yes,No,One year,Yes,Electronic check,116.99,1558.45,Yes,2024-10-14
7556-DBGQF,Male,1,Yes,No,2,Yes,No,DSL,No,Yes,No,Yes,Yes,No,One year,Yes,Bank transfer (automatic),120.28,243.25,No,2024-10-14
9601-CJBQM,Male,0,Yes,Yes,47,Yes,Yes,Fiber optic,No,Yes,Yes,No,Yes,No,Month-to-month,No,Credit card (automatic),178.35,8181.03,No,2024-10-14
4046-GBALR,Female,1,Yes,No,23,Yes,No,DSL,No,Yes,No,No,Yes,Yes,Two year,Yes,Electronic check,97.66,2274.59,No,2024-10-14
1679-RTTSQ,Female,0,No,No,40,Yes,No,Fiber optic,No,No,No,No,Yes,Yes,Two year,No,Credit card (automatic),118.48,4857.36,No,2024-10-14
8579-QBYPQ,Female,0,No,No,34,Yes,Yes,Fiber optic,No,Yes,Yes,Yes,Yes,Yes,One year,Yes,Bank transfer (automatic),194.4,6749.78,Yes,2024-10-14
9044-ZUXNU,Female,0,Yes,No,32,Yes,No,No,No internet service,No internet service,No internet service,No internet service,No internet service,No internet service,Month-to-month,Yes,Electronic check,44.96,1438.52,Yes,2024-10-14
6018-ZQJWQ,Female,1,No,No,28,Yes,No,DSL,No,Yes,No,Yes,No,Yes,One year,Yes,Bank transfer (automatic),110.86,3148.41,No,2024-10-14
3574-ZAZXC,Female,1,No,No,19,No,No phone service,DSL,Yes,Yes,No,No,Yes,Yes,Month-to-month,Yes,Bank transfer (automatic),110.46,2129.56,No,2024-10-14
4715-RTLQL,Female,0,Yes,No,31,Yes,Yes,Fiber optic,No,Yes,No,No,Yes,Yes,One year,Yes,Bank transfer (automatic),149.93,4660.59,Yes,2024-10-14
3280-RXXGL,Female,1,No,No,34,Yes,Yes,Fiber optic,Yes,Yes,No,Yes,Yes,Yes,Month-to-month,Yes,Credit card (automatic),183.49,6216.74,Yes,2024-10-14
2224-GGXCX,Male,0,No,No,53,Yes,No,No,No internet service,No internet service,No internet service,No internet service,No internet service,No internet service,One year,Yes,Bank transfer (automatic),55.33,2894.84,No,2024-10-14
9043-QZFEO,Female,0,Yes,No,17,Yes,No,Fiber optic,No,Yes,Yes,No,No,Yes,Two year,No,Electronic check,131.12,2239.94,Yes,2024-10-14
2587-BJPUN,Male,0,No,No,19,Yes,Yes,No,No internet service,No internet service,No internet service,No internet service,No internet service,No internet service,Month-to-month,Yes,Bank transfer (automatic),58.04,1112.97,Yes,2024-10-14
1703-MPEGS,Male,0,Yes,No,24,Yes,No,Fiber optic,Yes,No,Yes,No,No,No,Two year,Yes,Mailed check,130.21,3103.25,No,2024-10-14
5674-JXGXP,Male,0,No,No,41,Yes,Yes,Fiber optic,Yes,Yes,No,Yes,No,No,Two year,Yes,Mailed check,160.06,6571.76,Yes,2024-10-14
4460-FWUAB,Male,0,Yes,Yes,19,No,No phone service,Fiber optic,Yes,Yes,Yes,No,Yes,No,Month-to-month,Yes,Electronic check,133.49,2463.68,Yes,2024-10-14
5063-CNAYN,Male,0,Yes,No,49,Yes,Yes,Fiber optic,Yes,Yes,Yes,No,Yes,No,Month-to-month,Yes,Bank transfer (automatic),185.8,9203.12,Yes,2024-10-14
1013-UBNRD,Male,0,Yes,No,30,No,No phone service,Fiber optic,No,Yes,No,No,No,Yes,Month-to-month,No,Electronic check,127.02,3728.56,Yes,2024-10-15
2063-DTIZJ,Female,0,Yes,No,24,Yes,No,No,No internet service,No internet service,No internet service,No internet service,No internet service,No internet service,Two year,Yes,Bank transfer (automatic),41.44,984.65,Yes,2024-10-15
1147-FLGFM,Female,0,Yes,No,15,No,No phone service,No,No internet service,No internet service,No internet service,No internet service,No internet service,No internet service,One year,Yes,Electronic check,18.5,269.52,Yes,2024-10-15
6857-BRQUQ,Female,0,Yes,No,37,Yes,Yes,DSL,No,Yes,No,No,Yes,Yes,Month-to-month,No,Bank transfer (automatic),143.58,5349.26,No,2024-10-15
6978-XUECG,Male,0,No,No,9,Yes,Yes,Fiber optic,Yes,Yes,Yes,No,Yes,Yes,Month-to-month,Yes,Credit card (automatic),206.71,1882.58,Yes,2024-10-15
4149-ILNMZ,Male,0,Yes,No,37,Yes,Yes,Fiber optic,Yes,No,No,Yes,No,Yes,Two year,No,Credit card (automatic),155.41,5859.24,No,2024-10-15
2848-UQJSB,Male,0,No,No,56,Yes,No,Fiber optic,No,No,No,No,No,No,Month-to-month,Yes,Electronic check,127.29,6968.59,Yes,2024-10-15
5751-RZUTI,Male,0,No,No,8,Yes,Yes,DSL,Yes,No,No,No,No,Yes,Month-to-month,No,Credit card (automatic),142.5,1173.3,Yes,2024-10-15
7942-VIUEW,Male,0,Yes,Yes,23,Yes,No,Fiber optic,No,No,No,No,Yes,No,One year,Yes,Bank transfer (automatic),135.28,3204.38,No,2024-10-15
9951-PURHX,Male,0,Yes,No,20,Yes,Yes,DSL,No,Yes,No,No,Yes,Yes,One year,Yes,Mailed check,132.14,2711.05,No,2024-10-15
2170-GUTPV,Male,0,No,No,18,Yes,No,Fiber optic,Yes,Yes,Yes,No,Yes,No,One year,No,Credit card (automatic),148.2,2600.24,No,2024-10-15
8452-XELFU,Male,0,Yes,No,9,Yes,No,No,No internet service,No internet service,No internet service,No internet service,No internet service,No internet service,One year,No,Bank transfer (automatic),43.1,378.84,No,2024-10-15
6783-BPAHQ,Male,0,No,No,37,Yes,No,Fiber optic,No,No,Yes,No,Yes,Yes,Month-to-month,Yes,Bank transfer (automatic),158.71,5814.42,Yes,2024-10-15
7309-IRPDW,Male,0,No,Yes,17,Yes,No,DSL,No,Yes,Yes,No,Yes,No,Month-to-month,Yes,Credit card (automatic),112.82,1944.61,Yes,2024-10-15
7336-WFMTF,Male,0,Yes,Yes,24,Yes,No,Fiber optic,No,Yes,Yes,No,Yes,No,One year,No,Electronic check,154.6,3649.86,No,2024-10-15
8376-PXKGW,Male,0,No,No,29,Yes,No,DSL,No,No,Yes,No,Yes,No,One year,Yes,Mailed check,99.53,2949.07,No,2024-10-15
2362-QPHSS,Male,0,No,Yes,65,No,No phone service,Fiber optic,No,No,Yes,No,Yes,Yes,One year,Yes,Electronic check,126.27,8067.13,Yes,2024-10-15
8189-EDBDS,Female,0,No,No,37,Yes,Yes,No,No internet service,No internet service,No internet service,No internet service,No internet service,No internet service,Month-to-month,No,Credit card (automatic),58.93,2147.34,Yes,2024-10-15
4829-EKITE,Male,0,Yes,No,31,Yes,No,Fiber optic,No,No,No,Yes,Yes,Yes,Two year,Yes,Bank transfer (automatic),142.25,4308.66,No,2024-10-15
2866-ABXDG,Female,0,Yes,No,55,Yes,No,Fiber optic,No,No,No,Yes,Yes,Yes,Month-to-month,No,Electronic check,156.5,8692.67,No,2024-10-15
8885-DIUFD,Male,0,Yes,No,29,Yes,Yes,Fiber optic,Yes,No,No,No,Yes,No,Month-to-month,Yes,Credit card (automatic),168.62,4835.77,Yes,2024-10-15
4926-UJNWS,Female,1,No,No,35,Yes,Yes,Fiber optic,No,Yes,No,No,Yes,Yes,Two year,No,Mailed check,152.86,5302.19,No,2024-10-15
6570-SFJMA,Female,0,No,No,52,Yes,Yes,DSL,No,Yes,No,No,Yes,No,Month-to-month,No,Bank transfer (automatic),133.75,7135.44,Yes,2024-10-15
2240-HKMBE,Male,0,No,No,14,Yes,No,DSL,No,Yes,Yes,Yes,Yes,Yes,Month-to-month,No,Credit card (automatic),144.46,2013.98,Yes,2024-10-15
7910-ZDDYJ,Female,1,Yes,No,55,Yes,No,Fiber optic,No,No,Yes,Yes,Yes,Yes,Two year,Yes,Mailed check,141.46,7825.89,No,2024-10-15
6215-JTBBZ,Female,0,Yes,No,10,Yes,Yes,Fiber optic,No,Yes,Yes,No,No,No,Month-to-month,Yes,Credit card (automatic),164.4,1689.91,Yes,2024-10-15
5385-VSWKF,Female,0,Yes,No,9,Yes,No,Fiber optic,No,Yes,No,No,Yes,No,One year,No,Electronic check,150.09,1311.4,Yes,2024-10-15
2222-RYCRM,Male,0,No,No,27,Yes,No,Fiber optic,No,Yes,No,No,No,Yes,One year,Yes,Mailed check,134.42,3582.87,No,2024-10-15
2035-QCEDV,Female,0,Yes,Yes,43,Yes,No,DSL,Yes,Yes,Yes,Yes,No,Yes,One year,No,Mailed check,137.7,5935.18,No,2024-10-15
4161-QVFXY,Male,1,No,No,32,Yes,No,DSL,Yes,No,Yes,Yes,Yes,Yes,Month-to-month,No,Credit card (automatic),138.61,4468.52,No,2024-10-15
7368-PMPHT,Female,0,No,No,54,Yes,No,DSL,No,No,Yes,No,No,Yes,One year,Yes,Electronic check,100.06,5370.0,No,2024-10-15
8218-OQCRQ,Female,0,Yes,No,55,Yes,Yes,DSL,No,Yes,No,Yes,No,Yes,Month-to-month,Yes,Mailed check,146.87,7965.27,Yes,2024-10-15
4863-QCUSQ,Female,0,Yes,Yes,65,Yes,No,Fiber optic,Yes,Yes,Yes,No,Yes,Yes,Month-to-month,No,Bank transfer (automatic),177.69,11324.38,Yes,2024-10-15
5778-TWFCX,Female,0,Yes,No,23,Yes,No,Fiber optic,Yes,Yes,Yes,No,Yes,Yes,One year,Yes,Bank transfer (automatic),162.8,3669.33,Yes,2024-10-15
9372-OTAMC,Female,0,Yes,Yes,18,Yes,No,No,No internet service,No internet service,No internet service,No internet service,No internet service,No internet service,One year,Yes,Bank transfer (automatic),45.91,847.98,No,2024-10-15
1571-HQKSM,Male,0,Yes,No,21,Yes,Yes,Fiber optic,No,Yes,Yes,Yes,Yes,No,Month-to-month,Yes,Electronic check,195.31,4139.84,Yes,2024-10-15
8009-HPQMP,Male,1,Yes,No,17,Yes,No,Fiber optic,No,Yes,Yes,No,Yes,Yes,One year,Yes,Bank transfer (automatic),148.99,2477.61,Yes,2024-10-15
6990-TVFYQ,Male,0,Yes,No,43,Yes,Yes,No,No internet service,No internet service,No internet service,No internet service,No internet service,No internet service,Month-to-month,Yes,Mailed check,57.39,2396.6,No,2024-10-15
8361-ACZMN,Male,0,No,No,32,Yes,Yes,Fiber optic,Yes,No,No,No,Yes,Yes,One year,Yes,Bank transfer (automatic),169.46,5387.37,Yes,2024-10-15
8774-STEQE,Female,0,Yes,Yes,53,Yes,No,No,No internet service,No internet service,No internet service,No internet service,No internet service,No internet service,One year,Yes,Electronic check,37.12,1957.25,No,2024-10-15
9519-WWEDE,Male,0,Yes,Yes,20,Yes,No,DSL,Yes,No,No,Yes,Yes,Yes,Month-to-month,No,Credit card (automatic),123.89,2509.32,Yes,2024-10-15
8598-UMRGG,Female,0,Yes,No,17,Yes,No,Fiber optic,No,Yes,No,Yes,Yes,No,Month-to-month,No,Bank transfer (automatic),152.6,2625.66,No,2024-10-15
4314-OTGRS,Female,0,No,No,12,Yes,No,Fiber optic,Yes,Yes,Yes,Yes,Yes,Yes,One year,No,Credit card (automatic),171.09,2079.81,Yes,2024-10-15
1245-RBGJJ,Female,0,Yes,No,37,Yes,No,DSL,No,Yes,No,No,No,Yes,Month-to-month,Yes,Bank transfer (automatic),112.84,4161.42,No,2024-10-15
9650-OBVQZ,Male,0,No,No,10,Yes,Yes,Fiber optic,No,No,No,No,Yes,Yes,Month-to-month,No,Electronic check,168.88,1673.47,Yes,2024-10-15
8018-NNTJR,Female,0,Yes,No,29,Yes,No,Fiber optic,No,No,No,No,Yes,No,Month-to-month,No,Credit card (automatic),129.02,3726.58,Yes,2024-10-15
3134-LLQYJ,Female,0,Yes,No,9,Yes,No,DSL,Yes,No,Yes,No,Yes,No,One year,Yes,Electronic check,120.54,1057.78,Yes,2024-10-16
2380-GIXQC,Male,0,No,Yes,37,Yes,Yes,DSL,Yes,Yes,Yes,No,Yes,Yes,Month-to-month,No,Electronic check,164.27,6043.29,Yes,2024-10-16
7694-YTTVE,Male,0,Yes,No,6,Yes,No,Fiber optic,Yes,No,No,No,No,Yes,Month-to-month,Yes,Mailed check,150.41,924.34,No,2024-10-16
1272-PNVAK,Male,0,No,No,14,Yes,Yes,DSL,Yes,Yes,Yes,No,Yes,Yes,One year,Yes,Credit card (automatic),141.39,1936.37,No,2024-10-16
8777-RJWJQ,Male,0,No,Yes,25,Yes,No,Fiber optic,Yes,No,Yes,No,No,No,Month-to-month,No,Bank transfer (automatic),150.36,3690.4,Yes,2024-10-16
1978-FWSHD,Male,0,Yes,No,19,Yes,No,Fiber optic,Yes,Yes,Yes,Yes,No,Yes,One year,No,Bank transfer (automatic),167.43,3202.33,Yes,2024-10-16
1616-FJJMZ,Female,0,Yes,Yes,35,Yes,Yes,DSL,No,Yes,Yes,No,Yes,Yes,Month-to-month,Yes,Mailed check,143.7,4937.98,Yes,2024-10-16
5707-AMKRX,Male,1,Yes,No,28,Yes,Yes,No,No internet service,No internet service,No internet service,No internet service,No internet service,No internet service,Month-to-month,No,Electronic check,61.43,1765.45,Yes,2024-10-16
3613-MHMBA,Female,0,No,No,35,Yes,No,No,No internet service,No internet service,No internet service,No internet service,No internet service,No internet service,Two year,No,Bank transfer (automatic),29.43,1058.64,No,2024-10-16
9297-IJOXB,Male,0,Yes,Yes,46,Yes,No,No,No internet service,No internet service,No internet service,No internet service,No internet service,No internet service,One year,Yes,Bank transfer (automatic),38.58,1731.43,No,2024-10-16
1011-WEIAF,Female,0,Yes,No,23,Yes,No,Fiber optic,No,Yes,No,Yes,Yes,Yes,Two year,No,Credit card (automatic),144.34,3240.04,No,2024-10-16
1534-SSYPL,Female,0,No,No,42,Yes,Yes,DSL,No,Yes,No,No,Yes,No,One year,No,Bank transfer (automatic),124.13,5078.02,Yes,2024-10-16
5830-VYGMU,Female,0,Yes,Yes,7,Yes,No,DSL,Yes,No,No,No,No,Yes,Two year,Yes,Credit card (automatic),95.6,668.01,Yes,2024-10-16
7684-JFQNT,Male,1,Yes,Yes,60,Yes,Yes,No,No internet service,No internet service,No internet service,No internet service,No internet service,No internet service,Month-to-month,Yes,Mailed check,72.1,4270.13,Yes,2024-10-16
9225-BHRIO,Male,0,Yes,No,27,Yes,No,DSL,No,Yes,No,Yes,Yes,No,Month-to-month,Yes,Electronic check,123.88,3330.07,Yes,2024-10-16
3259-ROTBW,Male,0,No,No,23,Yes,No,Fiber optic,Yes,No,Yes,No,Yes,No,Month-to-month,No,Mailed check,157.57,3715.4,Yes,2024-10-16
1976-ZTVXP,Male,0,No,No,51,Yes,No,Fiber optic,No,No,Yes,Yes,Yes,Yes,One year,Yes,Electronic check,162.91,8334.57,No,2024-10-16
9403-THCEJ,Female,0,No,Yes,39,Yes,No,Fiber optic,No,Yes,No,No,Yes,Yes,Month-to-month,Yes,Electronic check,154.77,6147.49,Yes,2024-10-16
2213-XFKGM,Female,0,No,Yes,20,Yes,Yes,Fiber optic,Yes,Yes,Yes,Yes,No,Yes,Month-to-month,No,Credit card (automatic),195.73,3814.56,No,2024-10-16
7479-MDSBT,Male,0,Yes,No,46,Yes,Yes,Fiber optic,No,Yes,Yes,Yes,No,No,Two year,No,Mailed check,156.12,7339.08,No,2024-10-16
9573-FLVCO,Female,0,No,Yes,48,Yes,Yes,DSL,No,Yes,No,No,Yes,No,Month-to-month,No,Credit card (automatic),134.79,6306.54,No,2024-10-16
9503-ODHMM,Female,0,Yes,No,56,Yes,Yes,Fiber optic,Yes,No,No,No,Yes,No,Month-to-month,Yes,Electronic check,173.1,9729.81,Yes,2024-10-16
2734-ZYAFH,Male,0,Yes,No,33,Yes,No,Fiber optic,No,No,Yes,Yes,Yes,No,Month-to-month,Yes,Electronic check,157.95,5333.57,Yes,2024-10-16
8047-DQTZK,Male,0,Yes,No,15,Yes,Yes,Fiber optic,No,Yes,Yes,Yes,Yes,No,Month-to-month,No,Bank transfer (automatic),191.44,2790.48,Yes,2024-10-16
7925-CETOT,Male,1,Yes,No,37,Yes,No,DSL,Yes,No,No,Yes,Yes,Yes,Month-to-month,Yes,Electronic check,129.22,4914.83,Yes,2024-10-16
9530-SMKPR,Male,0,Yes,Yes,49,Yes,No,Fiber optic,No,Yes,No,Yes,Yes,Yes,Two year,Yes,Credit card (automatic),147.12,7069.42,Yes,2024-10-16
1845-XWZAE,Female,1,No,No,40,Yes,Yes,Fiber optic,Yes,Yes,No,No,Yes,No,One year,No,Mailed check,163.48,6732.09,No,2024-10-16
8803-DCDKA,Female,0,No,No,46,Yes,Yes,No,No internet service,No internet service,No internet service,No internet service,No internet service,No internet service,One year,Yes,Credit card (automatic),46.29,2127.09,Yes,2024-10-16
5594-JEXSB,Male,0,No,No,55,Yes,No,DSL,Yes,Yes,No,No,Yes,Yes,Month-to-month,No,Bank transfer (automatic),129.23,7051.54,Yes,2024-10-16
2526-PUQQZ,Male,1,Yes,No,29,No,No phone service,No,No internet service,No internet service,No internet service,No internet service,No internet service,No internet service,One year,Yes,Credit card (automatic),18.5,547.75,No,2024-10-16
6641-TBGDV,Female,0,Yes,No,15,Yes,No,DSL,Yes,No,Yes,No,Yes,Yes,Month-to-month,Yes,Mailed check,138.96,2120.58,No,2024-10-16
2154-TXTXB,Male,0,Yes,No,46,Yes,Yes,DSL,Yes,No,No,Yes,Yes,Yes,Month-to-month,Yes,Mailed check,151.46,6807.98,No,2024-10-16
1489-PUFRU,Female,0,No,Yes,43,Yes,No,No,No internet service,No internet service,No internet service,No internet service,No internet service,No internet service,Month-to-month,Yes,Bank transfer (automatic),50.6,2172.66,No,2024-10-16
4484-QVXCO,Female,0,Yes,No,31,Yes,Yes,Fiber optic,No,Yes,Yes,Yes,No,Yes,Month-to-month,Yes,Electronic check,181.29,5553.0,Yes,2024-10-16
8109-NZJZY,Female,0,No,Yes,30,Yes,No,DSL,Yes,No,No,No,No,Yes,Month-to-month,No,Bank transfer (automatic),112.63,3297.14,Yes,2024-10-16
2334-IQPRR,Female,1,No,Yes,47,Yes,No,Fiber optic,Yes,No,No,No,No,Yes,Two year,No,Bank transfer (automatic),122.15,5686.19,No,2024-10-16
2734-HRULQ,Male,0,No,Yes,66,Yes,No,Fiber optic,No,No,No,No,No,No,Two year,Yes,Mailed check,111.6,7447.6,No,2024-10-16
4334-RFHZZ,Female,0,Yes,Yes,33,Yes,No,DSL,Yes,Yes,Yes,No,Yes,Yes,Month-to-month,No,Electronic check,141.68,4787.8,Yes,2024-10-16
6751-YIPOQ,Female,0,No,No,48,Yes,No,DSL,No,Yes,Yes,Yes,Yes,No,Two year,No,Bank transfer (automatic),120.25,5760.97,No,2024-10-16
8425-TADCM,Female,0,Yes,No,10,Yes,Yes,Fiber optic,Yes,No,No,No,Yes,Yes,Month-to-month,No,Mailed check,175.03,1755.21,Yes,2024-10-16
5003-AMSAE,Male,0,Yes,Yes,50,Yes,Yes,Fiber optic,No,Yes,No,No,Yes,Yes,One year,Yes,Credit card (automatic),170.38,8521.21,No,2024-10-17
1152-SJJJO,Male,0,Yes,Yes,18,Yes,No,DSL,No,No,No,No,No,Yes,Month-to-month,Yes,Bank transfer (automatic),98.36,1773.88,No,2024-10-17
7728-SMSIM,Male,0,No,Yes,55,Yes,Yes,Fiber optic,Yes,No,No,Yes,Yes,No,Month-to-month,Yes,Electronic check,177.57,9935.2,Yes,2024-10-17
4839-PZFTP,Female,0,Yes,Yes,31,Yes,No,Fiber optic,No,Yes,No,No,No,Yes,Two year,No,Bank transfer (automatic),123.63,3909.76,Yes,2024-10-17
5877-HQMLQ,Male,0,Yes,No,33,Yes,Yes,Fiber optic,Yes,No,No,Yes,Yes,Yes,Month-to-month,Yes,Electronic check,186.92,6035.84,Yes,2024-10-17
4818-VVKNE,Male,0,No,Yes,42,Yes,No,DSL,No,Yes,No,Yes,Yes,Yes,Month-to-month,Yes,Electronic check,141.57,5916.45,Yes,2024-10-17
9025-URYHJ,Male,0,Yes,No,24,Yes,No,DSL,No,Yes,No,No,Yes,No,Two year,Yes,Electronic check,100.32,2461.31,No,2024-10-17
8125-IDSUJ,Female,0,No,Yes,21,Yes,No,Fiber optic,No,Yes,No,Yes,Yes,No,Two year,Yes,Credit card (automatic),133.22,2841.39,Yes,2024-10-17
8684-WXXHM,Male,0,Yes,No,25,Yes,Yes,Fiber optic,No,No,No,No,Yes,Yes,One year,Yes,Electronic check,154.47,3975.97,Yes,2024-10-17
8054-FHSEG,Female,0,Yes,No,51,Yes,Yes,No,No internet service,No internet service,No internet service,No internet service,No internet service,No internet service,One year,Yes,Bank transfer (automatic),56.76,2852.03,No,2024-10-17
9271-ECHMX,Female,0,Yes,Yes,22,Yes,Yes,No,No internet service,No internet service,No internet service,No internet service,No internet service,No internet service,One year,Yes,Mailed check,62.6,1374.11,No,2024-10-17
2930-FRIQZ,Male,0,Yes,Yes,8,Yes,No,DSL,No,No,Yes,No,Yes,Yes,Month-to-month,No,Mailed check,123.85,967.78,No,2024-10-17
3421-BJFRZ,Female,0,Yes,No,58,Yes,Yes,Fiber optic,No,No,Yes,Yes,No,Yes,Two year,Yes,Bank transfer (automatic),160.73,9209.64,Yes,2024-10-17
5010-XATYL,Male,0,Yes,No,19,Yes,Yes,No,No internet service,No internet service,No internet service,No internet service,No internet service,No internet service,Month-to-month,No,Mailed check,58.36,1084.42,Yes,2024-10-17
4995-YIZPV,Female,0,Yes,No,15,Yes,Yes,Fiber optic,Yes,Yes,No,No,Yes,Yes,Month-to-month,Yes,Electronic check,192.05,2847.57,Yes,2024-10-17
3384-KZBKH,Male,0,No,No,65,Yes,Yes,Fiber optic,No,Yes,Yes,Yes,Yes,No,Month-to-month,No,Electronic check,187.49,12140.03,Yes,2024-10-17
5214-TPFIT,Female,0,No,No,60,Yes,No,No,No internet service,No internet service,No internet service,No internet service,No internet service,No internet service,Month-to-month,No,Mailed check,48.59,2966.26,No,2024-10-17
6517-GBYJZ,Female,0,No,Yes,35,Yes,Yes,DSL,No,No,No,Yes,Yes,No,Month-to-month,No,Electronic check,123.19,4193.94,Yes,2024-10-17
1742-DLLWF,Female,0,Yes,Yes,12,Yes,Yes,Fiber optic,No,Yes,No,No,Yes,Yes,Month-to-month,No,Electronic check,171.8,2047.73,Yes,2024-10-17
8851-WRBIR,Male,0,No,No,19,Yes,Yes,No,No internet service,No internet service,No internet service,No internet service,No internet service,No internet service,Two year,Yes,Mailed check,51.75,959.06,No,2024-10-17
1724-ISCWW,Female,0,Yes,No,30,Yes,Yes,Fiber optic,No,Yes,No,No,Yes,No,Month-to-month,Yes,Mailed check,177.22,5212.52,No,2024-10-17
9126-SWCKT,Female,0,Yes,No,28,Yes,No,Fiber optic,Yes,No,No,No,Yes,Yes,Two year,Yes,Electronic check,148.52,4182.25,No,2024-10-17
8171-VFKJI,Female,0,No,Yes,39,Yes,No,Fiber optic,Yes,No,Yes,Yes,Yes,Yes,One year,No,Bank transfer (automatic),175.21,6923.33,No,2024-10-17
3030-RKFMD,Male,0,Yes,No,19,Yes,Yes,DSL,Yes,No,No,No,No,No,Month-to-month,Yes,Mailed check,124.48,2380.78,No,2024-10-17
4114-VQACY,Male,0,Yes,No,35,Yes,No,Fiber optic,No,Yes,Yes,Yes,Yes,No,Two year,No,Bank transfer (automatic),140.59,4912.3,Yes,2024-10-17
2265-OSVDO,Female,0,No,Yes,55,Yes,Yes,DSL,No,Yes,Yes,No,Yes,Yes,Month-to-month,No,Bank transfer (automatic),146.11,7861.1,Yes,2024-10-17
7864-KUSPY,Male,0,No,No,53,Yes,Yes,Fiber optic,Yes,No,Yes,Yes,Yes,Yes,One year,Yes,Electronic check,192.92,10471.88,No,2024-10-17
7955-PAAYE,Male,0,Yes,No,50,Yes,Yes,No,No internet service,No internet service,No internet service,No internet service,No internet service,No internet service,Two year,Yes,Credit card (automatic),55.15,2716.82,No,2024-10-17
6017-ZDEMO,Female,0,No,Yes,28,Yes,No,Fiber optic,Yes,No,Yes,No,Yes,No,Month-to-month,Yes,Electronic check,164.55,4648.65,Yes,2024-10-17
6412-OGWWD,Female,1,Yes,No,41,Yes,No,Fiber optic,No,No,No,Yes,Yes,Yes,Month-to-month,Yes,Electronic check,151.13,6127.31,Yes,2024-10-17
5904-MTAOK,Male,0,Yes,No,41,Yes,No,DSL,Yes,Yes,No,No,Yes,Yes,Two year,No,Credit card (automatic),107.04,4452.84,No,2024-10-17
1812-SCDXP,Male,0,Yes,No,43,Yes,Yes,DSL,Yes,No,No,No,No,No,Month-to-month,No,Bank transfer (automatic),115.86,5109.12,No,2024-10-17
4895-ZDPTY,Male,1,Yes,Yes,19,No,No phone service,DSL,No,Yes,No,No,Yes,Yes,One year,Yes,Credit card (automatic),86.96,1628.83,Yes,2024-10-17
6294-UERDY,Male,0,Yes,No,63,Yes,No,DSL,Yes,Yes,No,Yes,Yes,Yes,Month-to-month,Yes,Electronic check,138.16,8898.84,Yes,2024-10-17
4121-OOBTT,Male,0,No,No,43,Yes,Yes,DSL,No,No,Yes,Yes,Yes,Yes,One year,No,Electronic check,149.42,6489.0,Yes,2024-10-17
4194-VFAQE,Male,0,Yes,No,11,Yes,Yes,Fiber optic,No,Yes,No,Yes,Yes,No,Month-to-month,Yes,Mailed check,172.03,1928.38,No,2024-10-17
3974-AWYZU,Female,0,No,No,18,Yes,No,Fiber optic,No,Yes,No,No,No,Yes,One year,No,Mailed check,149.03,2737.6,No,2024-10-17
5436-OLPYW,Female,0,No,No,50,Yes,No,Fiber optic,Yes,Yes,Yes,No,Yes,Yes,Month-to-month,No,Electronic check,176.87,8751.05,Yes,2024-10-17
1930-KIOSO,Male,0,Yes,Yes,23,Yes,No,No,No internet service,No internet service,No internet service,No internet service,No internet service,No internet service,Month-to-month,Yes,Electronic check,48.43,1130.73,Yes,2024-10-17
7809-JDWVG,Male,0,No,No,29,Yes,No,Fiber optic,No,Yes,No,No,Yes,Yes,One year,Yes,Bank transfer (automatic),135.35,4000.41,No,2024-10-17
8211-KDCRG,Female,0,Yes,No,28,Yes,Yes,Fiber optic,No,No,Yes,No,Yes,Yes,Month-to-month,Yes,Electronic check,176.7,5000.61,Yes,2024-10-17
2010-WQTAS,Female,1,Yes,No,23,Yes,Yes,Fiber optic,Yes,No,No,No,Yes,Yes,Two year,Yes,Electronic check,151.29,3494.73,No,2024-10-17
5365-STBHV,Male,0,No,No,14,Yes,No,Fiber optic,Yes,Yes,Yes,No,Yes,Yes,One year,Yes,Bank transfer (automatic),159.55,2237.17,No,2024-10-17
2267-BBDOI,Female,1,No,No,27,Yes,Yes,Fiber optic,Yes,Yes,Yes,No,Yes,No,Month-to-month,Yes,Electronic check,190.79,5207.11,Yes,2024-10-17
2704-AWDJQ,Male,0,No,No,32,Yes,Yes,Fiber optic,Yes,No,No,No,Yes,Yes,One year,Yes,Bank transfer (automatic),175.95,5686.53,Yes,2024-10-17
1766-YMOSS,Female,0,Yes,No,25,Yes,Yes,Fiber optic,Yes,Yes,No,Yes,Yes,Yes,Month-to-month,Yes,Credit card (automatic),196.74,4833.32,No,2024-10-17
1212-BOBMI,Female,1,Yes,No,61,Yes,No,Fiber optic,Yes,Yes,Yes,Yes,Yes,Yes,Two year,No,Credit card (automatic),164.98,9972.19,No,2024-10-17
5901-UOUUU,Female,0,No,No,38,Yes,No,DSL,No,No,Yes,Yes,No,No,Two year,Yes,Bank transfer (automatic),102.83,3858.55,No,2024-10-17
2905-GZHKV,Female,1,No,Yes,21,Yes,No,DSL,Yes,No,Yes,No,Yes,Yes,Two year,Yes,Electronic check,125.48,2666.56,No,2024-10-17
4741-VAVHF,Male,0,No,No,21,Yes,No,Fiber optic,No,Yes,Yes,No,Yes,No,Two year,No,Credit card (automatic),146.08,3123.92,Yes,2024-10-18
4765-HEDKO,Male,0,Yes,No,24,Yes,No,DSL,No,No,No,No,No,Yes,Two year,No,Credit card (automatic),91.73,2192.91,No,2024-10-18
6281-WFBGZ,Female,0,Yes,No,40,Yes,Yes,No,No internet service,No internet service,No internet service,No internet service,No internet service,No internet service,Month-to-month,Yes,Bank transfer (automatic),63.42,2484.48,Yes,2024-10-18
5020-EPJJT,Female,0,Yes,No,5,Yes,Yes,DSL,Yes,No,No,Yes,Yes,Yes,Month-to-month,No,Mailed check,153.25,773.73,Yes,2024-10-18
7469-OVPVS,Female,0,Yes,No,12,Yes,Yes,Fiber optic,No,Yes,No,No,Yes,No,Month-to-month,Yes,Mailed check,168.18,2066.0,Yes,2024-10-18
8296-XCPJJ,Male,0,Yes,No,18,Yes,Yes,Fiber optic,No,No,No,Yes,No,Yes,Month-to-month,Yes,Credit card (automatic),171.1,3018.62,Yes,2024-10-18
4904-XINLS,Female,1,Yes,Yes,24,Yes,No,No,No internet service,No internet service,No internet service,No internet service,No internet service,No internet service,Two year,Yes,Electronic check,26.62,637.06,No,2024-10-18
9457-YJYRC,Male,0,No,No,26,Yes,No,DSL,Yes,No,Yes,No,Yes,Yes,One year,Yes,Credit card (automatic),129.13,3373.11,Yes,2024-10-18
7488-HEPVX,Male,0,Yes,No,36,Yes,Yes,Fiber optic,No,No,Yes,Yes,Yes,Yes,Month-to-month,Yes,Electronic check,180.46,6418.75,Yes,2024-10-18
8225-GJQRZ,Female,1,No,No,19,Yes,No,No,No internet service,No internet service,No internet service,No internet service,No internet service,No internet service,One year,No,Electronic check,38.61,733.22,Yes,2024-10-18
9234-ZKHAR,Female,0,No,No,23,Yes,No,No,No internet service,No internet service,No internet service,No internet service,No internet service,No internet service,Month-to-month,No,Electronic check,47.7,1124.67,Yes,2024-10-18
9004-XNNLB,Female,1,Yes,No,15,Yes,No,DSL,No,No,Yes,Yes,No,Yes,Two year,No,Mailed check,115.64,1765.21,Yes,2024-10-18
7281-OWNIY,Male,0,No,Yes,53,Yes,Yes,DSL,Yes,No,Yes,No,Yes,Yes,Two year,No,Electronic check,128.99,6702.19,No,2024-10-18
8969-BHXEN,Male,0,Yes,No,38,Yes,Yes,DSL,Yes,Yes,Yes,Yes,Yes,Yes,Month-to-month,Yes,Credit card (automatic),175.23,6490.82,Yes,2024-10-18
1408-ECTGN,Male,0,Yes,No,36,Yes,No,Fiber optic,Yes,Yes,No,No,Yes,Yes,One year,No,Credit card (automatic),157.0,5501.92,No,2024-10-18
2204-XJUEE,Female,0,No,No,47,Yes,No,Fiber optic,Yes,No,No,Yes,Yes,No,One year,Yes,Bank transfer (automatic),150.76,7037.66,No,2024-10-18
2758-GQOMR,Male,1,No,No,39,Yes,Yes,Fiber optic,Yes,No,Yes,Yes,No,Yes,Two year,Yes,Bank transfer (automatic),155.87,5929.47,No,2024-10-18
4847-HDGYC,Female,0,No,No,46,Yes,Yes,Fiber optic,Yes,Yes,Yes,No,Yes,No,Two year,Yes,Credit card (automatic),162.13,7570.71,No,2024-10-18
5660-TPHMQ,Male,0,No,Yes,23,Yes,No,DSL,Yes,No,No,No,Yes,Yes,Month-to-month,Yes,Electronic check,116.0,2588.45,Yes,2024-10-18
7116-GOIIG,Male,1,No,No,28,Yes,No,Fiber optic,No,Yes,Yes,No,Yes,Yes,Two year,No,Credit card (automatic),139.34,4014.46,No,2024-10-18
6259-TKYBQ,Male,1,No,No,23,Yes,No,Fiber optic,Yes,Yes,No,Yes,No,Yes,One year,No,Electronic check,158.92,3747.13,No,2024-10-18
3295-LIYII,Female,0,No,No,31,Yes,Yes,Fiber optic,No,Yes,Yes,No,No,Yes,Two year,Yes,Electronic check,155.79,4699.8,Yes,2024-10-18
9179-KDUJF,Female,0,Yes,Yes,47,Yes,Yes,Fiber optic,Yes,Yes,Yes,No,Yes,No,One year,Yes,Bank transfer (automatic),178.04,8332.01,Yes,2024-10-18
5971-DIGLI,Female,1,Yes,No,10,Yes,Yes,DSL,No,No,No,No,Yes,Yes,Month-to-month,Yes,Bank transfer (automatic),144.57,1479.7,No,2024-10-18
9384-EHVOG,Female,0,Yes,Yes,11,Yes,No,DSL,No,No,No,No,No,Yes,Month-to-month,Yes,Electronic check,103.98,1162.22,Yes,2024-10-18
9460-LKDJA,Male,1,Yes,No,16,Yes,Yes,No,No internet service,No internet service,No internet service,No internet service,No internet service,No internet service,One year,Yes,Bank transfer (automatic),64.43,1049.78,No,2024-10-18
7759-ZFRRO,Female,0,No,Yes,44,No,No phone service,DSL,No,Yes,No,No,Yes,No,Month-to-month,Yes,Mailed check,99.15,4488.32,Yes,2024-10-18
7513-GGNAW,Female,0,Yes,No,31,Yes,No,Fiber optic,No,No,No,Yes,Yes,Yes,Month-to-month,No,Credit card (automatic),162.16,5087.09,Yes,2024-10-18
8477-YGLZC,Male,0,Yes,No,26,Yes,Yes,Fiber optic,Yes,Yes,No,No,Yes,No,One year,Yes,Electronic check,164.37,4281.11,Yes,2024-10-18
1714-XMCFS,Male,1,Yes,Yes,28,Yes,No,Fiber optic,No,No,No,Yes,Yes,No,Two year,No,Credit card (automatic),122.29,3428.79,Yes,2024-10-18
4219-IVXZA,Male,0,Yes,No,40,Yes,No,No,No internet service,No internet service,No internet service,No internet service,No internet service,No internet service,One year,No,Electronic check,43.65,1717.33,Yes,2024-10-18
1538-GANEW,Male,0,Yes,No,48,Yes,Yes,Fiber optic,No,Yes,Yes,Yes,Yes,Yes,One year,Yes,Credit card (automatic),181.88,8919.76,No,2024-10-19
8746-BJTPF,Female,0,Yes,No,10,No,No phone service,Fiber optic,No,Yes,Yes,Yes,No,Yes,One year,No,Bank transfer (automatic),138.08,1407.31,No,2024-10-19
2016-KKMTV,Male,0,No,No,16,Yes,No,DSL,Yes,Yes,Yes,No,No,Yes,Month-to-month,Yes,Mailed check,127.49,2048.78,Yes,2024-10-19
3286-XUIUX,Female,0,Yes,Yes,34,Yes,Yes,No,No internet service,No internet service,No internet service,No internet service,No internet service,No internet service,Month-to-month,Yes,Credit card (automatic),71.37,2497.9,Yes,2024-10-19
4565-AKKMQ,Male,0,No,No,18,Yes,No,No,No internet service,No internet service,No internet service,No internet service,No internet service,No internet service,Month-to-month,No,Electronic check,37.85,673.32,Yes,2024-10-19
5698-ACKDX,Male,0,Yes,No,32,Yes,Yes,DSL,Yes,Yes,No,No,Yes,Yes,One year,Yes,Mailed check,143.25,4705.37,No,2024-10-19
8435-FODME,Male,0,Yes,No,34,Yes,Yes,Fiber optic,Yes,Yes,No,No,No,Yes,Month-to-month,Yes,Mailed check,166.08,5695.19,Yes,2024-10-19
5515-YZHZH,Female,0,Yes,No,12,No,No phone service,DSL,Yes,No,Yes,No,No,No,One year,No,Electronic check,80.36,960.0,No,2024-10-19
7296-ZXYPQ,Female,0,Yes,No,26,Yes,Yes,Fiber optic,No,No,Yes,No,Yes,Yes,Month-to-month,Yes,Credit card (automatic),173.02,4423.83,Yes,2024-10-19
4567-LHFCK,Female,0,No,No,3,Yes,Yes,DSL,No,No,Yes,No,No,Yes,One year,No,Credit card (automatic),117.5,362.01,Yes,2024-10-19
7983-EAEGJ,Male,0,No,No,33,Yes,No,Fiber optic,Yes,Yes,Yes,No,Yes,No,Month-to-month,Yes,Credit card (automatic),171.53,5501.32,Yes,2024-10-19
4697-APSEE,Male,0,Yes,No,7,Yes,No,DSL,Yes,Yes,Yes,No,No,Yes,Month-to-month,Yes,Electronic check,127.92,886.19,Yes,2024-10-19
9368-MLYKJ,Male,0,Yes,Yes,30,Yes,Yes,DSL,Yes,No,No,No,Yes,Yes,Month-to-month,Yes,Electronic check,140.51,4220.37,Yes,2024-10-19
3444-BKXBO,Male,0,No,Yes,30,Yes,Yes,Fiber optic,Yes,Yes,Yes,No,Yes,Yes,One year,No,Mailed check,188.31,5660.84,No,2024-10-19
7633-CCMVB,Female,0,No,No,13,Yes,No,Fiber optic,No,No,No,No,No,Yes,One year,Yes,Electronic check,117.37,1484.47,No,2024-10-19
4016-QSZRV,Female,0,Yes,No,33,Yes,No,Fiber optic,No,No,No,No,Yes,Yes,Two year,Yes,Bank transfer (automatic),123.19,4163.62,Yes,2024-10-19
1031-GQOKY,Female,0,No,Yes,44,Yes,No,Fiber optic,Yes,Yes,Yes,Yes,Yes,No,Two year,Yes,Credit card (automatic),157.14,7015.28,No,2024-10-19
1799-USJMD,Female,0,Yes,No,30,Yes,Yes,DSL,Yes,Yes,Yes,No,Yes,No,Month-to-month,Yes,Bank transfer (automatic),151.43,4537.84,No,2024-10-19
3276-CEESB,Male,0,No,Yes,44,Yes,No,Fiber optic,No,Yes,Yes,No,No,No,One year,Yes,Mailed check,136.25,5877.69,Yes,2024-10-19
6421-QSWGE,Male,0,Yes,Yes,27,Yes,Yes,Fiber optic,No,No,Yes,No,Yes,No,Month-to-month,Yes,Credit card (automatic),156.67,4238.52,Yes,2024-10-19
4860-WJMYJ,Female,0,Yes,Yes,25,Yes,Yes,Fiber optic,Yes,Yes,Yes,No,Yes,Yes,Month-to-month,Yes,Credit card (automatic),195.42,4816.03,No,2024-10-19
2980-TSEOO,Male,0,No,No,55,Yes,No,Fiber optic,No,No,No,Yes,No,Yes,One year,No,Mailed check,143.37,7940.33,No,2024-10-19
2918-BSSDC,Female,0,Yes,No,33,Yes,No,Fiber optic,No,No,Yes,Yes,No,No,Month-to-month,No,Electronic check,145.01,4910.33,Yes,2024-10-19
2275-OAXKQ,Male,0,Yes,No,51,Yes,No,DSL,No,No,No,Yes,No,Yes,One year,Yes,Bank transfer (automatic),106.86,5494.93,Yes,2024-10-19
7284-FAAMY,Female,1,No,No,12,Yes,Yes,No,No internet service,No internet service,No internet service,No internet service,No internet service,No internet service,Two year,Yes,Bank transfer (automatic),50.07,618.3,No,2024-10-19
7004-OYIMZ,Male,0,Yes,No,10,Yes,No,No,No internet service,No internet service,No internet service,No internet service,No internet service,No internet service,Month-to-month,Yes,Credit card (automatic),50.23,515.76,Yes,2024-10-19
7031-YNTZU,Male,0,Yes,No,24,Yes,No,Fiber optic,Yes,No,No,No,Yes,Yes,Month-to-month,Yes,Electronic check,171.75,4209.61,Yes,2024-10-19
9327-WNYMZ,Female,0,No,Yes,53,Yes,Yes,DSL,Yes,No,No,No,Yes,No,One year,Yes,Mailed check,112.79,6072.98,Yes,2024-10-19
7707-QZFDD,Male,0,Yes,No,16,No,No phone service,Fiber optic,Yes,Yes,Yes,Yes,Yes,No,One year,No,Credit card (automatic),137.54,2180.58,Yes,2024-10-19
6095-HYSJA,Female,0,Yes,Yes,50,Yes,No,Fiber optic,No,No,Yes,Yes,Yes,No,One year,Yes,Electronic check,148.62,7328.37,Yes,2024-10-19
5681-WYGCF,Female,0,Yes,No,1,Yes,No,No,No internet service,No internet service,No internet service,No internet service,No internet service,No internet service,One year,Yes,Mailed check,47.58,48.3,Yes,2024-10-19
5087-EADWU,Male,0,Yes,No,67,Yes,Yes,No,No internet service,No internet service,No internet service,No internet service,No internet service,No internet service,Month-to-month,Yes,Bank transfer (automatic),59.42,3959.66,Yes,2024-10-19
3494-HRGEE,Male,0,No,No,54,Yes,Yes,Fiber optic,No,Yes,Yes,No,No,Yes,One year,Yes,Mailed check,165.52,9035.81,Yes,2024-10-19
9344-SHUXD,Female,0,No,Yes,45,Yes,No,Fiber optic,Yes,Yes,No,No,Yes,Yes,Month-to-month,Yes,Bank transfer (automatic),170.29,7576.71,Yes,2024-10-19
2684-HRZSB,Male,0,Yes,No,28,Yes,Yes,Fiber optic,Yes,Yes,Yes,No,Yes,Yes,Month-to-month,Yes,Electronic check,197.88,5620.21,Yes,2024-10-19
5042-UDUUB,Female,0,No,No,24,Yes,Yes,DSL,Yes,Yes,No,Yes,Yes,Yes,One year,Yes,Bank transfer (automatic),144.16,3420.52,No,2024-10-19
8070-LESAN,Female,0,Yes,No,55,Yes,Yes,DSL,No,Yes,Yes,Yes,No,Yes,Two year,No,Electronic check,124.98,6691.58,Yes,2024-10-19
8073-YQUDG,Female,0,No,No,14,Yes,No,DSL,No,No,No,No,Yes,No,One year,Yes,Credit card (automatic),102.5,1474.31,No,2024-10-19
4381-EMBRK,Female,0,No,Yes,43,Yes,No,No,No internet service,No internet service,No internet service,No internet service,No internet service,No internet service,Month-to-month,Yes,Electronic check,41.7,1833.85,Yes,2024-10-19
6912-ABUKL,Male,0,No,No,46,Yes,No,Fiber optic,No,No,Yes,No,No,Yes,Two year,Yes,Mailed check,136.45,6459.41,No,2024-10-19
5623-SPFHI,Female,0,No,No,53,Yes,Yes,Fiber optic,No,Yes,No,No,Yes,Yes,Two year,Yes,Electronic check,161.54,8336.94,Yes,2024-10-19
2563-TOZLY,Female,0,Yes,No,35,Yes,No,No,No internet service,No internet service,No internet service,No internet service,No internet service,No internet service,Month-to-month,Yes,Bank transfer (automatic),44.49,1580.67,Yes,2024-10-19
6661-XTCNW,Female,0,Yes,No,39,Yes,Yes,DSL,No,No,Yes,No,Yes,No,Two year,Yes,Credit card (automatic),131.44,5110.19,Yes,2024-10-19
4531-PTHNM,Female,0,No,No,40,Yes,Yes,Fiber optic,No,Yes,No,No,Yes,No,One year,Yes,Mailed check,156.42,6103.22,Yes,2024-10-19
7801-ZYRLR,Male,0,Yes,No,35,Yes,No,Fiber optic,Yes,Yes,Yes,No,No,Yes,One year,Yes,Electronic check,157.72,5624.24,Yes,2024-10-19
2148-LAXAW,Male,0,Yes,No,38,Yes,Yes,DSL,No,Yes,No,Yes,Yes,Yes,Month-to-month,Yes,Mailed check,150.62,5679.33,Yes,2024-10-19
8442-BZUXT,Female,0,No,No,33,Yes,Yes,No,No internet service,No internet service,No internet service,No internet service,No internet service,No internet service,Month-to-month,No,Mailed check,67.19,2280.9,Yes,2024-10-19
5289-WDVEY,Male,0,No,No,30,Yes,No,Fiber optic,Yes,Yes,No,No,Yes,Yes,Two year,Yes,Bank transfer (automatic),145.47,4307.05,No,2024-10-19
2133-EJVRN,Female,0,Yes,No,43,Yes,Yes,Fiber optic,Yes,Yes,No,No,Yes,Yes,Month-to-month,Yes,Electronic check,174.57,7646.28,Yes,2024-10-19
7189-AOOJX,Male,0,Yes,No,55,Yes,Yes,Fiber optic,Yes,No,No,No,No,No,Month-to-month,No,Electronic check,145.22,7904.79,Yes,2024-10-19
1678-TKXWX,Female,1,No,Yes,31,Yes,No,DSL,Yes,Yes,Yes,No,Yes,Yes,Month-to-month,No,Bank transfer (automatic),126.95,3903.2,No,2024-10-19
8807-GAPER,Female,0,No,No,45,Yes,No,No,No internet service,No internet service,No internet service,No internet service,No internet service,No internet service,One year,Yes,Credit card (automatic),38.14,1682.24,Yes,2024-10-20
8454-TOSHW,Female,0,Yes,No,25,Yes,No,Fiber optic,No,No,Yes,Yes,Yes,Yes,One year,Yes,Bank transfer (automatic),152.73,3844.68,Yes,2024-10-20
2727-CSJEG,Female,0,Yes,No,37,Yes,Yes,DSL,Yes,No,Yes,No,Yes,Yes,Two year,Yes,Electronic check,132.74,4784.82,No,2024-10-20
8674-IVMJB,Male,0,No,Yes,36,No,No phone service,DSL,Yes,Yes,Yes,No,Yes,Yes,One year,Yes,Mailed check,105.3,3845.23,No,2024-10-20
7638-XDJDX,Male,0,No,No,34,Yes,No,Fiber optic,Yes,Yes,Yes,No,Yes,Yes,Month-to-month,Yes,Bank transfer (automatic),184.4,6135.06,Yes,2024-10-20
8045-ECUKS,Female,0,Yes,No,17,Yes,No,No,No internet service,No internet service,No internet service,No internet service,No internet service,No internet service,Month-to-month,Yes,Credit card (automatic),47.37,820.35,Yes,2024-10-20
6766-NQZTN,Female,0,Yes,Yes,50,Yes,No,Fiber optic,No,No,Yes,No,Yes,Yes,Month-to-month,Yes,Mailed check,164.8,8469.1,Yes,2024-10-20
7894-EMCQB,Female,0,Yes,No,53,Yes,Yes,No,No internet service,No internet service,No internet service,No internet service,No internet service,No internet service,Month-to-month,Yes,Bank transfer (automatic),64.29,3490.41,Yes,2024-10-20
5379-HFIPY,Female,0,No,No,10,Yes,No,Fiber optic,No,No,No,No,Yes,Yes,Month-to-month,Yes,Mailed check,148.56,1505.88,Yes,2024-10-20
4907-NWQXR,Male,0,No,No,10,Yes,No,No,No internet service,No internet service,No internet service,No internet service,No internet service,No internet service,Month-to-month,Yes,Bank transfer (automatic),49.43,502.94,Yes,2024-10-20
6840-HDPRY,Male,0,No,No,20,Yes,Yes,DSL,Yes,No,Yes,Yes,Yes,Yes,One year,No,Mailed check,137.23,2765.24,No,2024-10-20
4145-UOJGG,Male,0,Yes,Yes,55,No,No phone service,Fiber optic,Yes,No,Yes,Yes,Yes,No,One year,Yes,Electronic check,135.59,7622.72,No,2024-10-20
5476-OUKCA,Male,0,Yes,No,32,Yes,Yes,Fiber optic,No,No,Yes,No,Yes,Yes,One year,No,Electronic check,159.95,4986.91,Yes,2024-10-20
5294-PEUGX,Female,0,No,Yes,23,Yes,Yes,No,No internet service,No internet service,No internet service,No internet service,No internet service,No internet service,Month-to-month,Yes,Electronic check,59.94,1391.14,Yes,2024-10-20
6072-KLSIP,Female,0,Yes,No,12,Yes,Yes,Fiber optic,No,Yes,Yes,No,Yes,Yes,One year,Yes,Electronic check,178.76,2118.11,Yes,2024-10-20
2755-HMLEK,Female,0,No,No,45,Yes,Yes,Fiber optic,Yes,Yes,Yes,No,Yes,Yes,Month-to-month,Yes,Mailed check,195.42,8795.06,Yes,2024-10-20
4426-TNGWX,Female,0,No,No,47,Yes,Yes,Fiber optic,No,Yes,No,Yes,Yes,Yes,Month-to-month,Yes,Mailed check,187.62,8916.24,No,2024-10-20
9181-RSJNL,Male,0,No,Yes,56,Yes,Yes,Fiber optic,No,Yes,Yes,Yes,Yes,No,Month-to-month,No,Bank transfer (automatic),189.2,10785.03,Yes,2024-10-20
7650-UJXHT,Male,0,Yes,No,50,Yes,No,No,No internet service,No internet service,No internet service,No internet service,No internet service,No internet service,Two year,Yes,Credit card (automatic),37.99,1882.12,No,2024-10-20
5360-PEBFO,Female,0,Yes,No,41,Yes,Yes,No,No internet service,No internet service,No internet service,No internet service,No internet service,No internet service,One year,Yes,Mailed check,57.87,2356.19,Yes,2024-10-20
1579-ZNVVZ,Male,0,Yes,No,33,Yes,No,DSL,Yes,Yes,Yes,No,No,Yes,Month-to-month,Yes,Mailed check,126.29,4050.86,Yes,2024-10-20
8166-VCXZW,Male,1,Yes,No,23,Yes,No,No,No internet service,No internet service,No internet service,No internet service,No internet service,No internet service,Two year,Yes,Electronic check,38.1,898.1,No,2024-10-20
1654-NYZML,Female,0,Yes,Yes,21,Yes,Yes,No,No internet service,No internet service,No internet service,No internet service,No internet service,No internet service,Month-to-month,Yes,Credit card (automatic),71.31,1463.18,Yes,2024-10-20
8398-NYBVO,Female,1,No,Yes,39,Yes,No,DSL,No,No,No,Yes,Yes,No,Month-to-month,Yes,Credit card (automatic),113.68,4484.24,No,2024-10-20
1921-BYRYB,Male,0,No,Yes,34,Yes,Yes,DSL,No,No,Yes,Yes,Yes,Yes,Month-to-month,No,Credit card (automatic),158.01,5388.24,Yes,2024-10-20
9112-PENEC,Female,0,Yes,No,20,Yes,No,No,No internet service,No internet service,No internet service,No internet service,No internet service,No internet service,Two year,Yes,Bank transfer (automatic),48.06,987.43,Yes,2024-10-20
3766-OLNXP,Male,0,Yes,No,42,Yes,Yes,Fiber optic,No,No,No,No,No,No,Month-to-month,No,Electronic check,146.79,6249.02,Yes,2024-10-20
1711-ZKWVA,Male,0,Yes,No,28,Yes,No,No,No internet service,No internet service,No internet service,No internet service,No internet service,No internet service,One year,Yes,Electronic check,49.84,1356.54,Yes,2024-10-20
7963-ECWYZ,Female,1,Yes,No,41,Yes,No,No,No internet service,No internet service,No internet service,No internet service,No internet service,No internet service,One year,Yes,Credit card (automatic),38.33,1554.14,Yes,2024-10-20
3505-PMTTN,Female,0,Yes,No,44,Yes,No,No,No internet service,No internet service,No internet service,No internet service,No internet service,No internet service,One year,No,Mailed check,51.29,2289.13,Yes,2024-10-20
8463-BUYJW,Male,0,No,Yes,48,Yes,Yes,Fiber optic,No,No,Yes,Yes,No,Yes,Two year,No,Bank transfer (automatic),157.69,7697.82,Yes,2024-10-20
2226-DMXLZ,Male,1,Yes,Yes,7,Yes,Yes,DSL,No,Yes,No,Yes,Yes,No,Two year,No,Bank transfer (automatic),118.13,846.34,Yes,2024-10-20
6866-ILMRE,Male,0,Yes,No,25,Yes,Yes,DSL,Yes,No,No,Yes,Yes,Yes,Two year,No,Credit card (automatic),119.63,2924.25,No,2024-10-20
1742-AUECD,Male,0,No,No,19,No,No phone service,Fiber optic,Yes,No,No,No,Yes,Yes,Month-to-month,No,Bank transfer (automatic),129.06,2402.11,Yes,2024-10-20
6118-BBQCC,Female,1,Yes,No,24,Yes,No,Fiber optic,No,No,Yes,No,Yes,Yes,Two year,Yes,Credit card (automatic),147.05,3622.31,No,2024-10-20
4329-NKWFO,Male,0,Yes,Yes,31,Yes,Yes,Fiber optic,Yes,Yes,No,No,Yes,Yes,Month-to-month,No,Mailed check,183.65,5612.31,Yes,2024-10-20
1167-VILBQ,Female,0,No,No,31,Yes,Yes,DSL,No,Yes,No,Yes,Yes,Yes,One year,Yes,Electronic check,145.32,4383.55,Yes,2024-10-20
7791-VNDNQ,Female,0,Yes,No,23,Yes,No,DSL,No,Yes,Yes,No,Yes,Yes,One year,Yes,Mailed check,122.84,2850.24,No,2024-10-20
3622-FYAES,Male,1,No,Yes,20,Yes,Yes,DSL,Yes,No,No,No,Yes,No,Month-to-month,No,Bank transfer (automatic),128.82,2602.49,Yes,2024-10-20
5761-KPRWP,Male,0,Yes,No,19,Yes,Yes,No,No internet service,No internet service,No internet service,No internet service,No internet service,No internet service,Month-to-month,No,Bank transfer (automatic),56.64,1075.57,Yes,2024-10-21
3000-DYYMV,Female,0,No,Yes,48,Yes,Yes,Fiber optic,Yes,Yes,No,No,Yes,No,One year,No,Bank transfer (automatic),170.51,8410.92,No,2024-10-21
6679-ONGWA,Female,0,No,Yes,18,Yes,Yes,DSL,No,No,No,No,No,Yes,Month-to-month,No,Credit card (automatic),123.46,2229.05,Yes,2024-10-21
1676-PWOWL,Female,0,Yes,No,13,Yes,No,Fiber optic,Yes,No,Yes,Yes,Yes,Yes,Month-to-month,Yes,Mailed check,182.11,2297.14,No,2024-10-21
3379-AQURF,Male,0,Yes,No,20,Yes,No,DSL,Yes,Yes,No,No,No,Yes,Two year,Yes,Electronic check,100.39,2032.71,Yes,2024-10-21
6174-MGZKJ,Female,0,No,No,40,Yes,No,Fiber optic,No,Yes,No,No,Yes,No,One year,No,Bank transfer (automatic),142.96,5772.61,Yes,2024-10-21
2662-HXCJN,Male,0,Yes,No,32,Yes,No,Fiber optic,Yes,Yes,No,Yes,Yes,Yes,One year,Yes,Electronic check,167.94,5242.88,No,2024-10-21
6246-YCYCJ,Male,0,No,No,10,Yes,No,No,No internet service,No internet service,No internet service,No internet service,No internet service,No internet service,Month-to-month,Yes,Credit card (automatic),45.18,462.35,Yes,2024-10-21
3052-YZCIB,Male,0,No,Yes,5,Yes,No,Fiber optic,Yes,No,Yes,No,Yes,Yes,Month-to-month,No,Mailed check,160.03,815.61,Yes,2024-10-21
5913-RNZJL,Female,0,Yes,No,41,Yes,No,DSL,No,Yes,Yes,No,No,Yes,Month-to-month,Yes,Electronic check,129.51,5357.65,Yes,2024-10-21
1611-WJOJK,Female,0,No,No,20,Yes,No,No,No internet service,No internet service,No internet service,No internet service,No internet service,No internet service,Month-to-month,No,Credit card (automatic),47.09,917.77,No,2024-10-21
3728-YOKEJ,Male,0,No,No,34,Yes,Yes,DSL,No,No,No,No,Yes,Yes,One year,No,Mailed check,128.87,4376.24,Yes,2024-10-21
6482-ANXLJ,Female,0,Yes,Yes,30,Yes,No,Fiber optic,Yes,Yes,No,No,Yes,Yes,One year,No,Mailed check,148.56,4381.68,No,2024-10-21
1671-ILYGY,Female,0,No,Yes,52,Yes,No,No,No internet service,No internet service,No internet service,No internet service,No internet service,No internet service,Month-to-month,Yes,Electronic check,52.8,2776.62,Yes,2024-10-21
2834-CJTLL,Male,0,Yes,Yes,27,Yes,No,No,No internet service,No internet service,No internet service,No internet service,No internet service,No internet service,Month-to-month,No,Credit card (automatic),33.79,900.24,Yes,2024-10-21
7782-INHNS,Female,0,Yes,Yes,40,Yes,Yes,Fiber optic,No,No,No,No,Yes,Yes,Month-to-month,No,Mailed check,166.85,6754.71,Yes,2024-10-21
3102-XUKHA,Female,0,Yes,No,54,Yes,Yes,Fiber optic,Yes,Yes,No,No,Yes,Yes,Month-to-month,Yes,Electronic check,181.69,9634.76,Yes,2024-10-21
3949-WZTEP,Male,0,No,No,53,Yes,No,Fiber optic,Yes,Yes,No,No,No,No,One year,Yes,Mailed check,142.17,7377.89,No,2024-10-21
6402-VZMJY,Female,0,Yes,Yes,46,Yes,Yes,DSL,No,No,Yes,No,Yes,Yes,Month-to-month,No,Electronic check,140.2,6372.16,Yes,2024-10-21
5322-JJRTY,Male,0,Yes,No,38,Yes,Yes,DSL,No,Yes,No,No,No,Yes,Month-to-month,Yes,Mailed check,131.68,4886.25,Yes,2024-10-21
2403-KBXZP,Male,0,No,Yes,34,Yes,Yes,DSL,No,Yes,No,Yes,Yes,Yes,One year,No,Credit card (automatic),148.4,4902.26,No,2024-10-21
8389-WQPMJ,Female,0,Yes,No,25,Yes,No,DSL,Yes,Yes,No,No,Yes,No,Month-to-month,No,Bank transfer (automatic),116.2,2899.89,Yes,2024-10-21
1773-WZNSX,Male,0,Yes,Yes,14,Yes,Yes,Fiber optic,No,Yes,Yes,Yes,No,Yes,Month-to-month,Yes,Mailed check,185.14,2527.19,Yes,2024-10-21
4002-NHEJA,Male,0,Yes,Yes,17,Yes,Yes,DSL,Yes,Yes,No,No,Yes,Yes,Month-to-month,Yes,Credit card (automatic),158.38,2744.88,Yes,2024-10-21
2852-ZRLYT,Female,1,Yes,No,48,Yes,Yes,Fiber optic,Yes,Yes,No,No,Yes,Yes,One year,Yes,Mailed check,175.73,8495.06,Yes,2024-10-21
2343-RXTAU,Male,0,Yes,No,37,Yes,Yes,DSL,No,No,No,No,Yes,Yes,Two year,Yes,Bank transfer (automatic),112.59,4116.93,No,2024-10-21
8942-FUUDB,Female,0,Yes,No,32,Yes,Yes,Fiber optic,Yes,No,No,Yes,Yes,Yes,Month-to-month,Yes,Mailed check,184.93,5810.2,No,2024-10-21
9815-SJDBK,Female,0,No,Yes,39,Yes,No,Fiber optic,Yes,No,Yes,No,No,Yes,Month-to-month,Yes,Bank transfer (automatic),160.68,6106.71,Yes,2024-10-21
5684-YFMRU,Male,0,No,No,29,Yes,No,Fiber optic,Yes,Yes,No,No,No,Yes,Month-to-month,Yes,Credit card (automatic),158.39,4678.76,Yes,2024-10-21
3021-GQFLG,Female,0,Yes,Yes,38,Yes,No,Fiber optic,Yes,No,Yes,No,Yes,Yes,Month-to-month,Yes,Credit card (automatic),161.16,6108.4,No,2024-10-21
3138-AGTVP,Female,0,No,No,11,Yes,Yes,No,No internet service,No internet service,No internet service,No internet service,No internet service,No internet service,Month-to-month,No,Mailed check,66.79,733.05,No,2024-10-21
6222-JENMD,Male,0,No,Yes,32,Yes,Yes,No,No internet service,No internet service,No internet service,No internet service,No internet service,No internet service,Month-to-month,Yes,Mailed check,53.62,1746.7,No,2024-10-21
3777-AWTWH,Male,0,No,Yes,29,Yes,Yes,Fiber optic,Yes,Yes,Yes,No,Yes,No,Month-to-month,No,Credit card (automatic),180.86,5122.52,Yes,2024-10-21
9301-ZJNDY,Female,0,No,No,46,Yes,No,Fiber optic,Yes,Yes,No,No,No,Yes,Month-to-month,Yes,Bank transfer (automatic),158.29,7081.49,Yes,2024-10-21
8470-SGVLN,Female,1,Yes,Yes,31,Yes,Yes,Fiber optic,No,No,Yes,No,Yes,Yes,Month-to-month,Yes,Electronic check,164.12,5229.79,Yes,2024-10-21
5923-ANLDX,Male,1,No,No,24,Yes,No,Fiber optic,No,No,No,Yes,Yes,Yes,Month-to-month,No,Bank transfer (automatic),165.51,3952.36,Yes,2024-10-21
5423-SOXUW,Male,0,Yes,No,40,Yes,No,Fiber optic,Yes,No,Yes,No,Yes,Yes,Two year,Yes,Electronic check,155.3,6061.76,Yes,2024-10-21
1589-PUQWU,Male,0,Yes,Yes,30,Yes,Yes,DSL,No,No,Yes,No,No,Yes,Two year,No,Credit card (automatic),112.96,3432.1,No,2024-10-21
6655-PGIXH,Male,0,No,No,32,Yes,No,Fiber optic,No,Yes,No,No,Yes,Yes,One year,No,Mailed check,151.59,4986.08,No,2024-10-22
7182-BXDRB,Female,0,Yes,No,32,Yes,No,DSL,Yes,No,No,No,Yes,No,One year,Yes,Bank transfer (automatic),106.3,3472.56,Yes,2024-10-22
9652-HBKBS,Male,0,Yes,No,51,Yes,No,DSL,Yes,Yes,Yes,No,Yes,Yes,Month-to-month,Yes,Mailed check,145.26,7497.82,Yes,2024-10-22
7627-EAQNF,Female,0,No,No,26,Yes,No,DSL,No,Yes,Yes,No,Yes,Yes,Two year,Yes,Credit card (automatic),113.72,3017.88,Yes,2024-10-22
4222-WCHDF,Male,0,No,Yes,45,Yes,No,No,No internet service,No internet service,No internet service,No internet service,No internet service,No internet service,Month-to-month,No,Credit card (automatic),47.07,2127.71,No,2024-10-22
8388-NGKHX,Female,0,Yes,No,23,Yes,Yes,Fiber optic,No,Yes,No,Yes,No,Yes,Two year,Yes,Credit card (automatic),154.98,3661.81,Yes,2024-10-22
2227-WJZBH,Male,0,No,No,37,Yes,No,DSL,Yes,No,No,Yes,Yes,Yes,Month-to-month,Yes,Bank transfer (automatic),135.05,4969.84,No,2024-10-22
8250-XHTFX,Male,0,No,Yes,37,Yes,No,Fiber optic,No,Yes,No,No,Yes,No,Month-to-month,Yes,Credit card (automatic),157.77,5793.99,Yes,2024-10-22
4857-BIUXX,Female,0,No,No,26,Yes,Yes,DSL,Yes,Yes,Yes,Yes,Yes,No,Two year,Yes,Credit card (automatic),134.13,3536.84,No,2024-10-22
1378-XAZWO,Male,0,Yes,Yes,24,Yes,No,No,No internet service,No internet service,No internet service,No internet service,No internet service,No internet service,Two year,Yes,Electronic check,38.02,924.35,Yes,2024-10-22
2195-OMOWB,Male,0,Yes,No,27,Yes,Yes,Fiber optic,Yes,No,No,No,No,Yes,Month-to-month,No,Credit card (automatic),171.92,4565.64,Yes,2024-10-22
5480-FTIEX,Female,0,No,No,16,Yes,Yes,Fiber optic,No,No,No,Yes,Yes,Yes,One year,Yes,Bank transfer (automatic),168.46,2695.45,No,2024-10-22
8766-QOAQH,Female,0,No,No,61,Yes,No,Fiber optic,Yes,Yes,Yes,Yes,Yes,Yes,Month-to-month,Yes,Mailed check,189.97,11340.08,Yes,2024-10-22
2625-BAIZR,Male,0,Yes,Yes,36,Yes,No,DSL,No,No,No,Yes,No,Yes,Two year,No,Electronic check,93.98,3402.31,No,2024-10-22
5909-SGFBB,Male,0,Yes,No,33,Yes,No,Fiber optic,Yes,Yes,Yes,Yes,No,No,Two year,No,Credit card (automatic),150.77,5010.53,Yes,2024-10-22
7031-IYXBG,Female,0,Yes,Yes,29,Yes,No,No,No internet service,No internet service,No internet service,No internet service,No internet service,No internet service,Two year,No,Bank transfer (automatic),40.8,1163.07,No,2024-10-22
5446-ONJFP,Male,0,No,Yes,15,Yes,No,DSL,No,No,Yes,No,Yes,Yes,Month-to-month,Yes,Electronic check,126.94,1924.71,No,2024-10-22
9868-OVENK,Female,0,No,No,31,Yes,No,No,No internet service,No internet service,No internet service,No internet service,No internet service,No internet service,One year,Yes,Electronic check,42.75,1358.82,No,2024-10-22
8572-HDDSR,Male,0,No,No,45,Yes,No,Fiber optic,No,Yes,No,No,Yes,Yes,Month-to-month,Yes,Bank transfer (automatic),159.11,7315.67,Yes,2024-10-22
5150-UUPOK,Female,0,Yes,No,31,Yes,Yes,DSL,No,No,Yes,Yes,Yes,No,One year,No,Credit card (automatic),130.67,4161.2,No,2024-10-22
3621-VOOER,Female,0,Yes,Yes,21,Yes,Yes,Fiber optic,No,Yes,No,No,No,Yes,Two year,Yes,Credit card (automatic),141.13,3022.84,Yes,2024-10-22
1716-ZMRWC,Male,1,No,No,38,No,No phone service,Fiber optic,No,Yes,Yes,No,No,No,Two year,No,Bank transfer (automatic),110.25,4152.04,No,2024-10-22
2006-ARCIS,Male,0,No,Yes,45,Yes,Yes,No,No internet service,No internet service,No internet service,No internet service,No internet service,No internet service,Month-to-month,No,Electronic check,58.34,2570.63,Yes,2024-10-22
8229-YHHWG,Female,0,Yes,No,32,Yes,Yes,Fiber optic,No,No,No,No,Yes,Yes,Month-to-month,No,Bank transfer (automatic),168.26,5499.9,Yes,2024-10-22
6155-APRSD,Female,0,No,No,25,Yes,No,No,No internet service,No internet service,No internet service,No internet service,No internet service,No internet service,Month-to-month,No,Electronic check,54.55,1358.65,Yes,2024-10-22
8733-KZGCQ,Female,0,Yes,No,16,Yes,Yes,DSL,Yes,No,Yes,Yes,No,No,Month-to-month,Yes,Bank transfer (automatic),143.51,2233.51,Yes,2024-10-22
3973-CMTJW,Male,0,No,Yes,54,Yes,Yes,Fiber optic,No,Yes,No,Yes,Yes,No,Month-to-month,No,Bank transfer (automatic),181.95,9641.85,Yes,2024-10-22
4826-FGEHG,Female,0,Yes,No,38,Yes,No,DSL,Yes,No,No,Yes,No,Yes,One year,Yes,Credit card (automatic),101.63,3814.7,Yes,2024-10-22
7720-TELEA,Female,0,Yes,No,30,Yes,No,No,No internet service,No internet service,No internet service,No internet service,No internet service,No internet service,Month-to-month,No,Credit card (automatic),50.25,1511.84,No,2024-10-22
2538-FITPC,Male,0,No,Yes,49,Yes,No,Fiber optic,Yes,No,Yes,No,No,No,Two year,No,Bank transfer (automatic),127.0,6248.19,No,2024-10-22
1847-WBPBC,Male,0,Yes,No,55,Yes,No,DSL,No,Yes,No,Yes,Yes,Yes,Month-to-month,No,Credit card (automatic),126.55,7118.13,Yes,2024-10-22
8980-RYWRE,Male,0,Yes,No,41,Yes,No,DSL,No,No,Yes,No,Yes,Yes,One year,Yes,Bank transfer (automatic),116.62,4793.12,Yes,2024-10-22
6310-CEYWM,Female,0,Yes,No,30,No,No phone service,No,No internet service,No internet service,No internet service,No internet service,No internet service,No internet service,Month-to-month,Yes,Electronic check,18.5,546.67,Yes,2024-10-22
8474-YYONG,Male,0,No,Yes,47,Yes,No,Fiber optic,Yes,No,Yes,Yes,No,Yes,One year,Yes,Credit card (automatic),159.4,7494.49,No,2024-10-22
3685-BJGKV,Female,0,No,No,50,Yes,Yes,No,No internet service,No internet service,No internet service,No internet service,No internet service,No internet service,Month-to-month,No,Bank transfer (automatic),67.69,3284.55,Yes,2024-10-22
9678-PAYGW,Male,0,Yes,No,40,Yes,No,No,No internet service,No internet service,No internet service,No internet service,No internet service,No internet service,Two year,Yes,Electronic check,34.41,1417.51,Yes,2024-10-22
6805-CANXO,Female,0,Yes,No,19,Yes,Yes,Fiber optic,No,Yes,Yes,No,Yes,Yes,One year,Yes,Electronic check,171.94,3329.24,No,2024-10-22
2363-JROZZ,Male,0,No,Yes,22,Yes,No,DSL,Yes,No,Yes,Yes,Yes,No,Month-to-month,Yes,Credit card (automatic),132.15,2828.53,No,2024-10-22
2209-NMPKU,Male,0,Yes,Yes,22,Yes,No,Fiber optic,Yes,Yes,No,No,No,No,One year,Yes,Mailed check,147.29,3268.79,No,2024-10-22
4539-NUMXA,Male,1,Yes,Yes,54,Yes,No,DSL,Yes,Yes,No,No,Yes,No,Two year,Yes,Electronic check,102.38,5557.1,Yes,2024-10-22
6887-GRYQT,Female,1,No,No,43,Yes,Yes,DSL,No,No,No,Yes,Yes,Yes,Month-to-month,No,Credit card (automatic),145.02,6159.55,Yes,2024-10-22
2820-YIKVH,Female,1,Yes,No,25,Yes,No,No,No internet service,No internet service,No internet service,No internet service,No internet service,No internet service,Month-to-month,Yes,Bank transfer (automatic),51.19,1311.3,Yes,2024-10-22
3985-JPVUC,Male,0,No,No,10,Yes,Yes,Fiber optic,Yes,No,Yes,No,Yes,No,Month-to-month,No,Electronic check,180.23,1768.09,Yes,2024-10-22
1565-FJLOI,Female,0,No,No,61,No,No phone service,Fiber optic,No,Yes,Yes,No,Yes,Yes,One year,Yes,Electronic check,131.49,8108.21,Yes,2024-10-22
5732-PPZOD,Male,0,No,No,58,Yes,Yes,No,No internet service,No internet service,No internet service,No internet service,No internet service,No internet service,Month-to-month,Yes,Electronic check,72.42,4265.27,Yes,2024-10-22
6656-PEIJO,Female,1,Yes,No,39,Yes,Yes,Fiber optic,No,No,Yes,No,No,Yes,One year,No,Credit card (automatic),156.43,5984.26,No,2024-10-22
5610-TJGTJ,Female,0,Yes,No,10,Yes,No,Fiber optic,No,No,Yes,No,No,Yes,Month-to-month,Yes,Bank transfer (automatic),162.83,1664.25,Yes,2024-10-22
9315-KGXDY,Male,0,No,No,14,Yes,No,No,No internet service,No internet service,No internet service,No internet service,No internet service,No internet service,Month-to-month,Yes,Bank transfer (automatic),44.99,642.41,Yes,2024-10-23
5644-SXDVD,Female,0,Yes,Yes,30,Yes,Yes,DSL,Yes,Yes,Yes,No,Yes,No,One year,Yes,Mailed check,140.37,4266.64,No,2024-10-23
8696-UFWBJ,Male,1,No,No,49,Yes,Yes,No,No internet service,No internet service,No internet service,No internet service,No internet service,No internet service,One year,Yes,Bank transfer (automatic),69.03,3434.58,Yes,2024-10-23
8799-PKOZS,Female,0,No,No,35,Yes,No,No,No internet service,No internet service,No internet service,No internet service,No internet service,No internet service,Month-to-month,No,Electronic check,44.35,1527.05,Yes,2024-10-23
1683-OOGDX,Female,0,Yes,Yes,15,Yes,Yes,Fiber optic,No,No,No,No,Yes,No,One year,No,Electronic check,154.85,2269.55,Yes,2024-10-23
6838-GORGX,Male,0,Yes,No,56,Yes,No,Fiber optic,No,Yes,Yes,No,No,Yes,One year,Yes,Credit card (automatic),147.27,8443.26,No,2024-10-23
6352-TNOWV,Male,0,Yes,Yes,40,Yes,Yes,Fiber optic,No,No,No,No,Yes,Yes,One year,Yes,Credit card (automatic),159.35,6412.15,Yes,2024-10-23
4828-RBUZL,Female,0,Yes,No,29,Yes,No,DSL,No,No,No,No,No,Yes,One year,Yes,Credit card (automatic),103.63,3073.43,Yes,2024-10-23
6735-EXSWI,Female,0,No,No,22,No,No phone service,No,No internet service,No internet service,No internet service,No internet service,No internet service,No internet service,Month-to-month,Yes,Electronic check,35.08,767.34,Yes,2024-10-23
6744-POMVT,Male,0,No,No,24,Yes,No,Fiber optic,Yes,Yes,No,No,No,Yes,Month-to-month,Yes,Electronic check,163.36,3996.22,Yes,2024-10-23
6710-RKBFY,Female,0,No,No,26,Yes,No,Fiber optic,Yes,Yes,Yes,Yes,Yes,Yes,Month-to-month,No,Bank transfer (automatic),188.73,4816.07,Yes,2024-10-23
5585-JRIRI,Female,0,No,No,52,Yes,No,Fiber optic,Yes,Yes,Yes,No,Yes,Yes,One year,Yes,Mailed check,172.44,9170.5,No,2024-10-23
8690-ZLUNP,Male,0,Yes,No,42,Yes,No,Fiber optic,Yes,No,Yes,No,Yes,Yes,Two year,Yes,Credit card (automatic),152.62,6473.05,Yes,2024-10-23
9949-EMVLD,Male,1,No,No,35,Yes,Yes,Fiber optic,Yes,Yes,No,No,Yes,No,One year,Yes,Mailed check,164.45,5700.53,No,2024-10-23
8495-SWZUC,Female,0,Yes,Yes,36,Yes,No,Fiber optic,No,Yes,No,No,Yes,Yes,Month-to-month,Yes,Bank transfer (automatic),158.85,5617.57,No,2024-10-23
2738-JQQEQ,Male,1,No,No,14,Yes,No,Fiber optic,Yes,No,Yes,Yes,Yes,Yes,Month-to-month,Yes,Credit card (automatic),182.88,2549.14,Yes,2024-10-23
3009-OQQEX,Female,0,No,Yes,30,Yes,Yes,Fiber optic,Yes,Yes,No,No,No,Yes,Month-to-month,Yes,Mailed check,182.19,5305.93,Yes,2024-10-23
7794-JXZZW,Female,0,Yes,No,57,Yes,Yes,DSL,Yes,No,Yes,Yes,Yes,Yes,One year,Yes,Electronic check,153.89,8759.04,Yes,2024-10-23
7893-PVGOZ,Female,0,Yes,No,7,No,No phone service,Fiber optic,No,No,No,Yes,Yes,Yes,Two year,No,Electronic check,123.14,866.84,Yes,2024-10-23
9196-LVUDY,Female,0,Yes,No,24,Yes,No,No,No internet service,No internet service,No internet service,No internet service,No internet service,No internet service,Month-to-month,Yes,Mailed check,47.3,1164.26,Yes,2024-10-23
9994-FEOFV,Male,0,Yes,No,55,No,No phone service,DSL,No,Yes,Yes,No,Yes,Yes,One year,Yes,Credit card (automatic),94.98,5193.87,No,2024-10-23
9253-NXYOD,Female,0,No,No,25,Yes,Yes,Fiber optic,Yes,Yes,No,No,No,Yes,Month-to-month,Yes,Credit card (automatic),168.21,4166.12,Yes,2024-10-23
4167-EPWOH,Female,0,No,No,54,Yes,No,DSL,No,Yes,Yes,Yes,Yes,Yes,Month-to-month,Yes,Bank transfer (automatic),144.53,8007.83,Yes,2024-10-23
2010-WQFGD,Female,0,Yes,Yes,53,Yes,No,Fiber optic,Yes,Yes,Yes,No,No,No,One year,Yes,Mailed check,144.97,7601.61,Yes,2024-10-23
7953-PHLWD,Female,0,Yes,No,35,Yes,No,Fiber optic,No,Yes,Yes,No,Yes,Yes,One year,Yes,Credit card (automatic),149.19,5142.66,Yes,2024-10-23
2183-OBGHQ,Female,0,No,No,55,Yes,No,No,No internet service,No internet service,No internet service,No internet service,No internet service,No internet service,Month-to-month,Yes,Electronic check,36.05,1991.88,Yes,2024-10-23
1387-SNTWQ,Male,1,Yes,No,34,Yes,Yes,Fiber optic,Yes,Yes,Yes,Yes,No,Yes,Month-to-month,No,Electronic check,199.18,6825.83,Yes,2024-10-23
8048-RYVDO,Male,0,Yes,No,47,Yes,Yes,Fiber optic,Yes,Yes,Yes,No,Yes,Yes,Month-to-month,Yes,Credit card (automatic),194.93,8933.86,No,2024-10-23
3377-SHGCO,Male,0,Yes,No,56,Yes,Yes,Fiber optic,Yes,Yes,Yes,No,No,Yes,One year,Yes,Mailed check,168.82,9178.05,No,2024-10-23
5461-VGSAC,Female,0,No,No,32,Yes,Yes,DSL,No,No,No,No,Yes,No,Month-to-month,Yes,Electronic check,121.1,3964.23,No,2024-10-23
3436-KJWKU,Female,0,No,No,52,Yes,No,Fiber optic,No,No,Yes,No,Yes,Yes,Month-to-month,Yes,Credit card (automatic),160.28,8255.6,Yes,2024-10-23
2580-JJWHV,Female,0,Yes,No,13,Yes,Yes,Fiber optic,No,Yes,No,Yes,Yes,Yes,One year,Yes,Electronic check,178.19,2271.2,No,2024-10-23
8972-TVCDY,Male,1,Yes,No,29,Yes,No,Fiber optic,No,No,Yes,Yes,Yes,Yes,Two year,Yes,Bank transfer (automatic),159.36,4509.63,Yes,2024-10-23
7222-VVOWJ,Male,0,No,No,27,Yes,Yes,No,No internet service,No internet service,No internet service,No internet service,No internet service,No internet service,Month-to-month,No,Bank transfer (automatic),60.99,1622.54,No,2024-10-23
4590-JZDXE,Female,0,Yes,Yes,33,Yes,No,Fiber optic,Yes,No,Yes,No,No,Yes,Two year,No,Mailed check,147.43,4964.54,No,2024-10-23
9147-XDFFY,Female,1,No,No,27,Yes,No,DSL,No,No,Yes,Yes,Yes,Yes,One year,Yes,Mailed check,115.45,3125.57,Yes,2024-10-23
5628-FBTBK,Male,1,No,No,3,Yes,Yes,Fiber optic,No,Yes,No,No,Yes,No,Two year,No,Credit card (automatic),145.31,429.84,No,2024-10-23
8284-HHAZW,Male,0,Yes,No,46,Yes,No,No,No internet service,No internet service,No internet service,No internet service,No internet service,No internet service,One year,Yes,Credit card (automatic),50.2,2360.46,Yes,2024-10-23
1503-VFHTS,Male,0,Yes,No,14,Yes,Yes,DSL,Yes,Yes,No,No,Yes,Yes,Two year,No,Mailed check,128.52,1758.24,Yes,2024-10-23
4268-FBZBB,Female,0,No,Yes,30,Yes,Yes,Fiber optic,No,Yes,No,No,Yes,Yes,Month-to-month,Yes,Credit card (automatic),170.63,5115.71,Yes,2024-10-23
9079-OYWCF,Female,0,No,Yes,44,Yes,No,Fiber optic,No,Yes,Yes,No,Yes,Yes,Month-to-month,Yes,Mailed check,171.61,7738.12,Yes,2024-10-23
4460-ZSAPS,Male,1,Yes,No,28,Yes,No,Fiber optic,No,No,No,Yes,No,Yes,Month-to-month,Yes,Credit card (automatic),158.92,4437.06,Yes,2024-10-23
1919-VIXDA,Female,0,Yes,No,52,Yes,Yes,DSL,Yes,No,No,No,Yes,Yes,One year,Yes,Electronic check,141.34,7307.92,Yes,2024-10-23
3710-GIWFV,Male,1,No,No,42,Yes,Yes,No,No internet service,No internet service,No internet service,No internet service,No internet service,No internet service,Month-to-month,Yes,Credit card (automatic),59.85,2462.63,No,2024-10-23
1205-AANWA,Female,0,No,No,53,Yes,No,No,No internet service,No internet service,No internet service,No internet service,No internet service,No internet service,Month-to-month,No,Electronic check,42.92,2338.16,Yes,2024-10-23
4047-RLIWY,Female,0,No,No,46,Yes,Yes,No,No internet service,No internet service,No internet service,No internet service,No internet service,No internet service,Month-to-month,No,Bank transfer (automatic),55.6,2616.5,Yes,2024-10-23
4400-XJEVP,Male,0,Yes,Yes,39,Yes,Yes,No,No internet service,No internet service,No internet service,No internet service,No internet service,No internet service,One year,Yes,Mailed check,71.54,2747.59,Yes,2024-10-23
1720-NAEOG,Female,0,No,Yes,50,Yes,No,DSL,Yes,Yes,No,No,No,No,One year,No,Electronic check,109.27,5515.71,No,2024-10-23
1545-YKEYJ,Male,1,Yes,No,51,Yes,No,Fiber optic,Yes,Yes,Yes,Yes,Yes,Yes,One year,Yes,Electronic check,169.7,8856.08,Yes,2024-10-23
2869-RGOTI,Female,1,No,Yes,4,Yes,Yes,No,No internet service,No internet service,No internet service,No internet service,No internet service,No internet service,One year,Yes,Credit card (automatic),66.62,265.72,No,2024-10-23
8945-YDTZZ,Female,0,No,No,25,Yes,Yes,Fiber optic,No,Yes,No,No,No,No,One year,No,Bank transfer (automatic),145.77,3609.58,Yes,2024-10-23
8578-JEBNL,Male,1,Yes,No,26,Yes,Yes,DSL,Yes,No,No,No,Yes,No,Month-to-month,Yes,Credit card (automatic),127.6,3417.08,Yes,2024-10-23
8891-WXGLP,Female,0,Yes,Yes,50,Yes,Yes,DSL,No,No,No,No,Yes,No,Month-to-month,Yes,Bank transfer (automatic),127.7,6234.55,Yes,2024-10-23
7722-PQUEQ,Male,0,Yes,Yes,24,Yes,Yes,Fiber optic,No,Yes,No,No,Yes,Yes,Two year,No,Bank transfer (automatic),153.32,3645.36,Yes,2024-10-23
9107-IKMZO,Male,0,No,Yes,42,Yes,Yes,Fiber optic,No,Yes,No,No,Yes,No,One year,Yes,Electronic check,152.81,6584.88,Yes,2024-10-23
3341-SOAYK,Male,0,No,No,58,Yes,Yes,DSL,Yes,Yes,No,No,Yes,Yes,Month-to-month,Yes,Electronic check,145.51,8207.78,Yes,2024-10-23
5865-WMLHG,Female,0,No,Yes,37,Yes,Yes,DSL,Yes,Yes,No,No,No,Yes,One year,No,Mailed check,128.19,4801.99,No,2024-10-24
3312-JQXAV,Male,0,Yes,No,40,No,No phone service,DSL,Yes,Yes,No,Yes,Yes,No,Month-to-month,Yes,Credit card (automatic),109.45,4250.86,Yes,2024-10-24
8159-IUECQ,Male,1,No,Yes,35,Yes,No,No,No internet service,No internet service,No internet service,No internet service,No internet service,No internet service,One year,No,Bank transfer (automatic),39.43,1376.97,No,2024-10-24
2371-ESNRN,Female,0,No,No,39,Yes,No,DSL,No,No,No,No,Yes,Yes,Month-to-month,Yes,Mailed check,115.16,4566.93,Yes,2024-10-24
9974-MSENU,Female,0,No,No,53,No,No phone service,DSL,No,Yes,No,Yes,No,No,Two year,No,Mailed check,77.69,4120.86,No,2024-10-24
9892-QMXZQ,Male,0,No,No,32,Yes,No,DSL,Yes,Yes,No,No,Yes,Yes,Month-to-month,Yes,Mailed check,124.84,3983.45,No,2024-10-24
3776-MRCJK,Male,0,No,Yes,28,Yes,Yes,No,No internet service,No internet service,No internet service,No internet service,No internet service,No internet service,Month-to-month,Yes,Credit card (automatic),53.28,1521.07,No,2024-10-24
5482-ACBMU,Female,1,No,No,54,Yes,No,Fiber optic,Yes,Yes,Yes,No,No,Yes,One year,No,Credit card (automatic),162.65,8917.12,No,2024-10-24
9143-KXMJB,Female,0,Yes,Yes,54,No,No phone service,Fiber optic,No,Yes,No,No,Yes,Yes,Two year,Yes,Bank transfer (automatic),128.78,6942.96,No,2024-10-24
2966-KVOGT,Male,0,No,No,42,Yes,Yes,Fiber optic,Yes,No,No,No,No,Yes,One year,No,Credit card (automatic),160.96,6809.07,Yes,2024-10-24
7358-ODWYA,Female,0,Yes,No,46,Yes,Yes,DSL,No,No,No,Yes,No,Yes,Month-to-month,No,Electronic check,132.59,6016.47,Yes,2024-10-24
5509-MWJCU,Male,1,No,No,48,Yes,No,DSL,Yes,Yes,No,Yes,Yes,Yes,Month-to-month,Yes,Mailed check,134.7,6302.83,Yes,2024-10-24
9680-FNUFE,Male,1,No,No,32,No,No phone service,Fiber optic,Yes,No,Yes,No,Yes,Yes,One year,No,Bank transfer (automatic),123.74,4023.37,Yes,2024-10-24
8363-CWRZW,Male,0,Yes,No,24,Yes,Yes,No,No internet service,No internet service,No internet service,No internet service,No internet service,No internet service,Month-to-month,Yes,Bank transfer (automatic),62.72,1489.25,Yes,2024-10-24
4766-DGAFX,Female,0,No,No,51,Yes,Yes,Fiber optic,No,No,Yes,No,No,No,Month-to-month,Yes,Electronic check,156.8,7824.42,Yes,2024-10-24
1544-OBIMM,Male,0,No,No,15,Yes,Yes,Fiber optic,Yes,Yes,No,No,No,Yes,Month-to-month,Yes,Electronic check,175.31,2577.7,Yes,2024-10-24
7851-JZJAP,Male,1,Yes,No,22,Yes,Yes,DSL,No,No,Yes,Yes,No,Yes,Month-to-month,Yes,Mailed check,153.56,3358.03,No,2024-10-24
8167-PHADO,Female,0,Yes,No,53,Yes,No,DSL,Yes,Yes,No,No,Yes,Yes,Month-to-month,Yes,Credit card (automatic),132.94,7008.38,Yes,2024-10-24
8642-VNRCO,Male,0,No,No,56,Yes,No,DSL,Yes,No,No,No,Yes,Yes,Month-to-month,Yes,Bank transfer (automatic),121.58,6717.34,Yes,2024-10-24
6545-ALKLV,Male,0,No,No,50,No,No phone service,Fiber optic,No,No,No,No,No,Yes,Two year,Yes,Bank transfer (automatic),100.3,4910.87,No,2024-10-24
1705-BCHYC,Male,0,Yes,No,31,Yes,No,Fiber optic,Yes,No,No,No,No,No,One year,Yes,Credit card (automatic),133.7,4151.46,No,2024-10-24
1929-WSMKG,Female,1,No,No,25,Yes,No,DSL,Yes,No,No,No,Yes,Yes,One year,Yes,Bank transfer (automatic),109.48,2696.57,No,2024-10-24
8581-IKUPF,Male,0,Yes,Yes,50,Yes,No,DSL,Yes,No,Yes,Yes,No,Yes,One year,Yes,Credit card (automatic),127.35,6557.2,No,2024-10-24
3583-SVOQW,Male,1,No,Yes,38,Yes,No,DSL,Yes,No,No,Yes,No,Yes,Two year,No,Mailed check,104.39,4073.19,No,2024-10-24
5232-HJIKH,Female,1,No,No,34,Yes,Yes,Fiber optic,No,Yes,Yes,Yes,Yes,Yes,Two year,Yes,Credit card (automatic),168.24,5569.18,No,2024-10-24
4754-OAAWH,Female,1,Yes,No,28,Yes,No,Fiber optic,No,No,No,No,No,No,Month-to-month,Yes,Mailed check,135.88,3842.69,Yes,2024-10-24
7061-KMSUH,Female,0,No,No,38,Yes,Yes,No,No internet service,No internet service,No internet service,No internet service,No internet service,No internet service,Month-to-month,Yes,Credit card (automatic),59.14,2196.36,Yes,2024-10-24
7265-XIDZA,Female,1,No,No,58,Yes,No,Fiber optic,Yes,Yes,No,Yes,Yes,Yes,Two year,Yes,Mailed check,163.09,9189.21,Yes,2024-10-24
9755-DARUD,Female,0,No,No,45,No,No phone service,Fiber optic,No,No,Yes,Yes,Yes,Yes,One year,Yes,Electronic check,135.07,5927.95,Yes,2024-10-24
6356-DSEHQ,Male,1,Yes,No,16,Yes,No,DSL,No,Yes,Yes,No,Yes,Yes,One year,Yes,Electronic check,124.81,2000.25,Yes,2024-10-24
4412-RESDY,Female,0,No,No,58,Yes,Yes,Fiber optic,Yes,No,No,Yes,Yes,Yes,Month-to-month,Yes,Mailed check,181.27,10442.05,Yes,2024-10-24
3551-IORGU,Male,0,Yes,Yes,42,Yes,No,Fiber optic,No,Yes,No,No,Yes,Yes,One year,Yes,Credit card (automatic),148.18,6290.73,Yes,2024-10-24
3554-ABFTY,Female,0,Yes,No,51,Yes,No,DSL,No,Yes,Yes,Yes,Yes,Yes,Two year,Yes,Electronic check,123.29,6303.24,No,2024-10-24
1494-FVKLP,Male,0,Yes,No,30,Yes,No,Fiber optic,No,No,No,Yes,Yes,Yes,One year,No,Mailed check,158.53,4663.88,Yes,2024-10-24
8657-JTLDE,Male,0,No,Yes,50,Yes,Yes,Fiber optic,Yes,No,No,No,Yes,Yes,One year,Yes,Electronic check,167.92,8268.6,No,2024-10-24
4664-SDRKO,Male,0,No,Yes,6,Yes,Yes,Fiber optic,Yes,Yes,Yes,No,Yes,No,Two year,Yes,Credit card (automatic),166.99,984.43,Yes,2024-10-24
2428-NBMHD,Male,0,Yes,No,20,Yes,Yes,Fiber optic,No,Yes,No,No,Yes,Yes,One year,No,Mailed check,163.32,3339.54,No,2024-10-25
5918-MDOFD,Male,0,Yes,No,40,Yes,Yes,No,No internet service,No internet service,No internet service,No internet service,No internet service,No internet service,Month-to-month,Yes,Credit card (automatic),68.3,2806.88,Yes,2024-10-25
6686-OISZV,Male,1,No,No,22,Yes,Yes,Fiber optic,No,No,No,No,Yes,Yes,Month-to-month,Yes,Bank transfer (automatic),176.81,3913.69,Yes,2024-10-25
7289-QNGJN,Male,0,No,No,21,Yes,No,DSL,No,Yes,No,No,No,No,Month-to-month,No,Bank transfer (automatic),107.75,2317.92,Yes,2024-10-25
6515-YNGNE,Female,0,Yes,No,34,Yes,Yes,DSL,No,No,No,No,Yes,No,Two year,Yes,Mailed check,103.17,3502.6,No,2024-10-25
8613-TFNRG,Female,0,Yes,Yes,61,Yes,Yes,Fiber optic,No,Yes,No,Yes,No,No,One year,Yes,Electronic check,161.11,9933.71,Yes,2024-10-25
7086-BOONG,Female,0,Yes,Yes,20,Yes,Yes,Fiber optic,Yes,Yes,No,Yes,Yes,Yes,One year,Yes,Electronic check,174.31,3494.7,Yes,2024-10-25
7406-CAUIJ,Female,0,Yes,Yes,35,Yes,Yes,Fiber optic,No,No,No,No,Yes,No,Month-to-month,Yes,Electronic check,158.86,5556.92,Yes,2024-10-25
2892-TCEIN,Male,0,Yes,No,28,Yes,No,No,No internet service,No internet service,No internet service,No internet service,No internet service,No internet service,One year,No,Electronic check,40.19,1154.91,Yes,2024-10-25
5569-BGYWG,Male,0,Yes,No,56,Yes,No,Fiber optic,No,No,No,Yes,Yes,Yes,One year,No,Bank transfer (automatic),147.24,8440.95,Yes,2024-10-25
7326-PIVNY,Female,0,No,No,17,Yes,Yes,Fiber optic,No,No,Yes,No,Yes,Yes,Month-to-month,Yes,Bank transfer (automatic),175.53,2932.88,Yes,2024-10-25
6877-EKMEH,Female,0,No,Yes,44,Yes,No,DSL,No,No,No,No,Yes,Yes,One year,Yes,Mailed check,101.41,4556.78,Yes,2024-10-25
4689-RDTFW,Female,0,No,Yes,28,Yes,No,Fiber optic,Yes,Yes,No,No,Yes,Yes,One year,No,Mailed check,152.56,4398.27,No,2024-10-25
2673-AXLCU,Female,0,Yes,No,8,Yes,No,No,No internet service,No internet service,No internet service,No internet service,No internet service,No internet service,Month-to-month,Yes,Mailed check,46.65,366.62,Yes,2024-10-25
2118-BBSJC,Male,0,Yes,No,4,Yes,Yes,No,No internet service,No internet service,No internet service,No internet service,No internet service,No internet service,Month-to-month,No,Electronic check,67.74,270.97,Yes,2024-10-25
5791-LBAXM,Female,0,Yes,No,59,Yes,No,DSL,Yes,Yes,Yes,No,Yes,Yes,Month-to-month,Yes,Mailed check,135.41,7760.14,No,2024-10-25
2661-UUKUB,Male,0,No,No,10,No,No phone service,Fiber optic,Yes,Yes,Yes,No,Yes,Yes,Month-to-month,Yes,Bank transfer (automatic),150.31,1482.51,Yes,2024-10-25
2261-YEASG,Female,1,No,No,36,Yes,No,Fiber optic,Yes,Yes,Yes,No,Yes,Yes,One year,Yes,Bank transfer (automatic),159.7,5841.47,No,2024-10-25
1525-PUAHG,Male,1,Yes,No,55,Yes,Yes,DSL,Yes,No,No,No,Yes,Yes,One year,No,Electronic check,135.75,7474.22,Yes,2024-10-25
4587-YTQBM,Female,0,Yes,No,15,No,No phone service,Fiber optic,No,Yes,No,No,No,Yes,One year,No,Credit card (automatic),118.82,1824.92,No,2024-10-25
9625-TBIDL,Female,0,Yes,No,25,Yes,Yes,DSL,Yes,Yes,Yes,Yes,Yes,No,Month-to-month,No,Mailed check,155.77,3856.23,No,2024-10-25
5727-NNNAE,Female,0,Yes,No,24,Yes,Yes,Fiber optic,No,Yes,No,Yes,No,No,Month-to-month,Yes,Electronic check,171.82,4196.58,Yes,2024-10-25
2599-DLJQW,Male,1,No,No,40,Yes,Yes,Fiber optic,Yes,No,Yes,No,Yes,Yes,One year,Yes,Electronic check,165.27,6597.87,Yes,2024-10-25
3735-ESTFK,Male,0,No,Yes,32,Yes,No,Fiber optic,No,No,No,No,Yes,Yes,One year,Yes,Mailed check,138.52,4376.07,Yes,2024-10-25
9998-WQWVM,Female,0,Yes,No,13,Yes,Yes,Fiber optic,Yes,No,No,Yes,Yes,No,Two year,Yes,Electronic check,150.46,1897.46,No,2024-10-25
7289-NZCBU,Female,0,No,Yes,7,Yes,No,Fiber optic,No,No,No,No,No,No,One year,Yes,Electronic check,124.57,855.75,Yes,2024-10-25
1254-WSNMN,Female,0,No,No,17,Yes,No,Fiber optic,Yes,No,Yes,Yes,No,No,Month-to-month,Yes,Mailed check,153.49,2666.54,Yes,2024-10-25
9142-GWQHX,Male,0,No,No,42,No,No phone service,Fiber optic,No,Yes,No,No,Yes,Yes,One year,No,Mailed check,137.23,5755.01,No,2024-10-25
7013-GCOWH,Male,0,Yes,No,3,Yes,Yes,Fiber optic,Yes,No,Yes,No,Yes,Yes,One year,Yes,Bank transfer (automatic),160.29,487.61,Yes,2024-10-25
8439-MIXLQ,Male,0,Yes,No,39,Yes,No,Fiber optic,Yes,No,Yes,No,Yes,Yes,Month-to-month,Yes,Mailed check,162.01,6421.14,Yes,2024-10-25
1839-OXZGP,Female,0,Yes,No,24,Yes,Yes,Fiber optic,No,No,No,No,Yes,No,Month-to-month,Yes,Credit card (automatic),158.46,3746.45,Yes,2024-10-25
9357-XICZW,Female,0,Yes,No,22,Yes,Yes,DSL,No,No,No,Yes,Yes,Yes,Month-to-month,No,Bank transfer (automatic),141.47,3083.7,No,2024-10-25
6767-OZWIN,Female,0,No,No,36,Yes,Yes,Fiber optic,No,Yes,Yes,Yes,Yes,No,Month-to-month,No,Mailed check,192.09,6922.87,Yes,2024-10-25
9725-POJWE,Male,0,Yes,Yes,42,Yes,No,DSL,Yes,Yes,Yes,No,Yes,No,Month-to-month,Yes,Credit card (automatic),126.89,5424.52,Yes,2024-10-25
5926-NSIMN,Female,1,No,No,22,Yes,No,No,No internet service,No internet service,No internet service,No internet service,No internet service,No internet service,One year,Yes,Mailed check,42.08,925.04,No,2024-10-25
9865-ICUXE,Female,0,Yes,Yes,44,Yes,Yes,No,No internet service,No internet service,No internet service,No internet service,No internet service,No internet service,Month-to-month,No,Electronic check,66.05,2910.16,Yes,2024-10-25
2373-JSOOW,Male,0,Yes,No,24,Yes,No,No,No internet service,No internet service,No internet service,No internet service,No internet service,No internet service,Month-to-month,Yes,Credit card (automatic),58.17,1430.81,No,2024-10-25
1982-IMIKH,Male,0,Yes,No,17,Yes,No,DSL,Yes,No,Yes,No,Yes,No,Two year,Yes,Credit card (automatic),101.29,1686.02,No,2024-10-25
6768-XPVRY,Male,0,Yes,Yes,55,No,No phone service,DSL,No,No,No,No,Yes,Yes,Month-to-month,No,Mailed check,100.81,5389.68,No,2024-10-26
2905-LHSME,Female,0,Yes,Yes,30,Yes,Yes,No,No internet service,No internet service,No internet service,No internet service,No internet service,No internet service,Month-to-month,Yes,Mailed check,64.19,1976.56,Yes,2024-10-26
1214-YLOOV,Male,0,Yes,Yes,46,Yes,No,Fiber optic,No,Yes,No,Yes,Yes,Yes,Month-to-month,Yes,Bank transfer (automatic),164.77,7698.55,Yes,2024-10-26
5357-RVKED,Female,0,Yes,Yes,49,Yes,No,No,No internet service,No internet service,No internet service,No internet service,No internet service,No internet service,One year,Yes,Credit card (automatic),43.74,2166.54,No,2024-10-26
9115-UZZCP,Male,0,No,Yes,22,Yes,Yes,Fiber optic,Yes,Yes,No,Yes,Yes,No,One year,No,Bank transfer (automatic),169.51,3777.91,No,2024-10-26
9977-DTXZT,Female,0,Yes,No,44,Yes,Yes,Fiber optic,No,Yes,Yes,No,Yes,Yes,One year,No,Mailed check,185.17,8219.09,Yes,2024-10-26
8284-BZDWW,Female,1,No,Yes,36,Yes,No,Fiber optic,No,No,No,No,Yes,Yes,One year,Yes,Credit card (automatic),139.44,5010.53,No,2024-10-26
7551-XPTPT,Male,0,No,Yes,38,Yes,No,No,No internet service,No internet service,No internet service,No internet service,No internet service,No internet service,Two year,Yes,Bank transfer (automatic),34.16,1314.34,Yes,2024-10-26
2739-QLOJP,Female,0,No,Yes,59,Yes,No,No,No internet service,No internet service,No internet service,No internet service,No internet service,No internet service,One year,Yes,Credit card (automatic),47.21,2753.17,No,2024-10-26
4607-YMDFO,Female,0,No,No,36,Yes,Yes,DSL,No,No,No,No,Yes,Yes,Month-to-month,Yes,Electronic check,134.92,4879.4,No,2024-10-26
6465-JKYRE,Female,0,Yes,No,34,Yes,No,Fiber optic,Yes,No,Yes,No,Yes,Yes,One year,Yes,Credit card (automatic),151.8,5068.14,No,2024-10-26
1870-VNVFR,Female,0,Yes,No,19,No,No phone service,DSL,No,Yes,Yes,No,Yes,No,Month-to-month,No,Bank transfer (automatic),107.91,2072.21,No,2024-10-26
7999-YLZAG,Female,0,Yes,No,47,Yes,No,Fiber optic,No,No,No,No,No,No,One year,Yes,Credit card (automatic),107.89,4975.17,No,2024-10-26
2540-LWCHX,Female,0,Yes,No,59,Yes,No,DSL,Yes,Yes,No,No,Yes,Yes,Two year,No,Electronic check,112.49,6561.42,No,2024-10-26
4961-LFYHT,Male,0,No,No,15,Yes,No,DSL,No,No,Yes,No,Yes,Yes,Two year,Yes,Mailed check,110.35,1634.95,No,2024-10-26
3179-IMFBM,Male,0,No,Yes,30,Yes,No,Fiber optic,Yes,No,Yes,No,No,Yes,Two year,Yes,Mailed check,137.46,4150.78,No,2024-10-26
7458-NMDXN,Male,1,Yes,No,16,Yes,Yes,No,No internet service,No internet service,No internet service,No internet service,No internet service,No internet service,Month-to-month,No,Electronic check,50.19,790.87,Yes,2024-10-26
3064-GAZFR,Male,0,No,No,23,Yes,Yes,DSL,Yes,No,No,Yes,Yes,No,One year,No,Mailed check,125.88,2909.05,No,2024-10-26
8500-TLDBL,Female,0,No,Yes,40,No,No phone service,Fiber optic,Yes,No,Yes,No,No,Yes,Month-to-month,Yes,Electronic check,131.37,5197.08,Yes,2024-10-26
9350-EJKWL,Female,0,No,No,16,Yes,Yes,Fiber optic,No,No,No,No,Yes,Yes,Two year,No,Electronic check,150.55,2474.06,Yes,2024-10-26
5620-TIXLE,Female,1,Yes,No,26,Yes,No,DSL,Yes,No,No,Yes,Yes,Yes,Month-to-month,Yes,Mailed check,133.07,3557.83,No,2024-10-26
1902-IQMNT,Male,0,Yes,No,45,Yes,Yes,Fiber optic,Yes,No,No,No,Yes,No,Month-to-month,Yes,Electronic check,159.15,7095.77,Yes,2024-10-26
6410-YLCWW,Male,0,No,No,49,Yes,No,Fiber optic,Yes,Yes,Yes,No,No,Yes,Month-to-month,No,Credit card (automatic),175.52,8841.48,No,2024-10-26
1962-FETWQ,Female,0,No,No,19,Yes,No,Fiber optic,Yes,Yes,Yes,No,Yes,No,Month-to-month,Yes,Electronic check,180.37,3500.69,Yes,2024-10-26
5027-OMBDL,Male,0,Yes,No,35,Yes,Yes,Fiber optic,No,Yes,No,Yes,No,Yes,Month-to-month,Yes,Electronic check,178.49,6388.11,Yes,2024-10-26
8467-XXZKC,Female,0,Yes,No,32,Yes,No,Fiber optic,No,No,No,No,Yes,No,Two year,No,Bank transfer (automatic),121.7,3994.28,Yes,2024-10-26
4734-POIXT,Male,0,Yes,No,20,No,No phone service,Fiber optic,Yes,No,No,No,Yes,Yes,Month-to-month,No,Electronic check,130.29,2607.41,Yes,2024-10-26
2303-WUHAT,Male,1,No,Yes,29,Yes,Yes,No,No internet service,No internet service,No internet service,No internet service,No internet service,No internet service,One year,Yes,Bank transfer (automatic),65.08,1872.62,No,2024-10-26
5993-ULRVX,Male,0,No,No,22,Yes,No,Fiber optic,No,Yes,Yes,No,No,Yes,Month-to-month,Yes,Credit card (automatic),154.42,3369.3,Yes,2024-10-26
9805-HTOOV,Male,1,Yes,No,39,Yes,No,Fiber optic,Yes,Yes,No,Yes,No,Yes,Two year,Yes,Electronic check,139.3,5577.73,Yes,2024-10-26
5981-MRMMC,Male,0,No,No,41,Yes,Yes,No,No internet service,No internet service,No internet service,No internet service,No internet service,No internet service,One year,Yes,Mailed check,57.87,2402.11,No,2024-10-26
3219-GDGSQ,Female,0,Yes,No,19,No,No phone service,Fiber optic,No,Yes,Yes,No,Yes,Yes,Month-to-month,Yes,Credit card (automatic),144.7,2772.62,Yes,2024-10-26
8963-RTABK,Female,0,No,No,25,Yes,Yes,No,No internet service,No internet service,No internet service,No internet service,No internet service,No internet service,One year,No,Bank transfer (automatic),71.87,1830.06,No,2024-10-26
1335-VPKHN,Male,1,Yes,Yes,48,Yes,Yes,No,No internet service,No internet service,No internet service,No internet service,No internet service,No internet service,Month-to-month,Yes,Bank transfer (automatic),51.45,2452.16,Yes,2024-10-26
1181-LEQRB,Female,0,Yes,Yes,35,Yes,No,Fiber optic,No,No,No,No,Yes,Yes,One year,No,Mailed check,133.45,4667.16,Yes,2024-10-26
6470-GGNRP,Male,0,No,No,43,Yes,Yes,DSL,Yes,No,No,No,Yes,No,Two year,Yes,Bank transfer (automatic),114.0,4894.26,No,2024-10-26
6238-SKGIJ,Female,0,Yes,No,24,Yes,Yes,Fiber optic,Yes,No,Yes,Yes,Yes,No,Two year,Yes,Bank transfer (automatic),154.69,3640.96,Yes,2024-10-26
1688-FIKHI,Male,0,Yes,Yes,12,Yes,No,No,No internet service,No internet service,No internet service,No internet service,No internet service,No internet service,Month-to-month,No,Electronic check,45.15,546.0,No,2024-10-26
5191-XKAYN,Male,1,No,No,31,Yes,Yes,Fiber optic,No,No,No,Yes,No,Yes,One year,Yes,Credit card (automatic),155.63,4780.61,No,2024-10-26
9872-QPARC,Female,0,No,No,65,Yes,No,Fiber optic,No,Yes,No,Yes,Yes,Yes,One year,No,Bank transfer (automatic),171.75,11127.8,No,2024-10-26
2177-RYNOG,Male,0,No,Yes,4,Yes,Yes,No,No internet service,No internet service,No internet service,No internet service,No internet service,No internet service,Month-to-month,Yes,Bank transfer (automatic),52.92,214.83,Yes,2024-10-26
1003-JNYWT,Male,0,No,Yes,21,Yes,No,Fiber optic,Yes,No,No,Yes,No,Yes,One year,Yes,Bank transfer (automatic),146.74,3112.37,No,2024-10-26
6362-OANOK,Male,0,Yes,No,51,No,No phone service,Fiber optic,No,Yes,No,No,No,Yes,Month-to-month,Yes,Bank transfer (automatic),121.41,6104.33,Yes,2024-10-26
6366-PHAMH,Female,0,No,No,30,Yes,Yes,DSL,Yes,Yes,No,Yes,Yes,Yes,Month-to-month,Yes,Bank transfer (automatic),156.99,4694.24,Yes,2024-10-26
5238-GMXZY,Female,1,No,No,31,Yes,No,DSL,No,Yes,No,No,Yes,Yes,Month-to-month,Yes,Electronic check,112.82,3405.42,Yes,2024-10-26
1519-YUPEI,Male,0,No,No,28,Yes,No,No,No internet service,No internet service,No internet service,No internet service,No internet service,No internet service,Two year,Yes,Mailed check,41.59,1198.35,Yes,2024-10-26
1242-EHLBJ,Male,0,No,No,43,Yes,No,DSL,No,Yes,No,No,Yes,Yes,One year,Yes,Electronic check,116.91,5088.75,No,2024-10-26
1263-GITHG,Male,0,Yes,No,13,Yes,No,DSL,No,No,No,No,Yes,Yes,One year,Yes,Credit card (automatic),112.62,1427.17,No,2024-10-26
9863-QFTGZ,Male,0,No,No,27,Yes,Yes,Fiber optic,No,No,Yes,No,Yes,No,Month-to-month,Yes,Bank transfer (automatic),176.23,4785.54,Yes,2024-10-26
2806-FIKPS,Male,0,Yes,Yes,20,Yes,Yes,Fiber optic,Yes,Yes,No,Yes,No,No,Month-to-month,Yes,Bank transfer (automatic),181.49,3715.65,Yes,2024-10-27
2757-COZYG,Male,0,Yes,No,32,Yes,Yes,DSL,No,No,No,No,Yes,No,Month-to-month,No,Electronic check,126.36,3987.02,Yes,2024-10-27
9327-ZWGON,Male,1,No,Yes,53,Yes,No,Fiber optic,Yes,No,Yes,No,Yes,Yes,Two year,Yes,Bank transfer (automatic),145.62,7915.51,Yes,2024-10-27
4629-SSVDS,Female,0,Yes,Yes,29,Yes,No,Fiber optic,Yes,No,No,Yes,No,Yes,Month-to-month,Yes,Bank transfer (automatic),160.56,4630.5,Yes,2024-10-27
5721-HLNKE,Male,0,No,No,48,Yes,Yes,Fiber optic,No,No,Yes,No,No,Yes,One year,Yes,Bank transfer (automatic),155.68,7542.53,No,2024-10-27
5189-SRAMT,Male,0,No,Yes,15,Yes,Yes,No,No internet service,No internet service,No internet service,No internet service,No internet service,No internet service,Two year,Yes,Bank transfer (automatic),46.58,680.7,No,2024-10-27
5912-VDCWB,Male,0,No,Yes,10,Yes,Yes,No,No internet service,No internet service,No internet service,No internet service,No internet service,No internet service,One year,Yes,Bank transfer (automatic),59.42,598.14,No,2024-10-27
1352-VTQOG,Female,0,No,No,21,Yes,Yes,DSL,Yes,Yes,No,Yes,Yes,Yes,Two year,Yes,Credit card (automatic),131.6,2737.06,No,2024-10-27
5270-XCUYK,Male,1,Yes,No,39,Yes,Yes,No,No internet service,No internet service,No internet service,No internet service,No internet service,No internet service,Month-to-month,No,Bank transfer (automatic),64.27,2469.08,Yes,2024-10-27
8521-NFKLK,Female,0,No,Yes,56,Yes,Yes,Fiber optic,No,Yes,Yes,Yes,Yes,No,Two year,No,Credit card (automatic),156.42,8645.53,Yes,2024-10-27
3689-SRYNF,Male,0,No,Yes,54,Yes,Yes,Fiber optic,No,Yes,No,Yes,Yes,Yes,One year,No,Credit card (automatic),179.08,9926.98,No,2024-10-27
4520-PQUOS,Male,0,Yes,No,37,Yes,Yes,No,No internet service,No internet service,No internet service,No internet service,No internet service,No internet service,Month-to-month,No,Bank transfer (automatic),53.7,1952.17,No,2024-10-27
3815-OKSYJ,Male,0,No,No,17,Yes,Yes,Fiber optic,Yes,Yes,No,No,Yes,No,Two year,Yes,Bank transfer (automatic),160.7,2759.78,Yes,2024-10-27
8999-VXMOP,Male,0,Yes,No,22,Yes,No,DSL,No,No,Yes,Yes,No,Yes,Month-to-month,Yes,Credit card (automatic),121.72,2681.85,Yes,2024-10-27
1184-ISTMS,Male,1,Yes,No,60,Yes,No,Fiber optic,No,No,No,No,Yes,Yes,Two year,Yes,Credit card (automatic),123.53,7555.44,No,2024-10-27
6300-FIWEA,Male,1,Yes,No,24,Yes,No,No,No internet service,No internet service,No internet service,No internet service,No internet service,No internet service,One year,Yes,Bank transfer (automatic),42.35,1002.63,Yes,2024-10-27
7473-UFZXQ,Male,0,Yes,No,57,Yes,Yes,Fiber optic,No,Yes,Yes,No,No,Yes,Month-to-month,Yes,Bank transfer (automatic),182.37,10249.17,No,2024-10-27
8173-ANBEO,Male,0,Yes,No,41,Yes,No,DSL,Yes,No,No,No,Yes,No,Two year,Yes,Bank transfer (automatic),95.65,3869.87,No,2024-10-27
7237-AIFFR,Female,0,No,No,49,Yes,Yes,Fiber optic,Yes,Yes,No,No,No,Yes,One year,Yes,Mailed check,174.04,8780.78,No,2024-10-27
5238-JHDDJ,Female,0,Yes,No,33,Yes,Yes,DSL,No,Yes,Yes,No,Yes,No,One year,Yes,Bank transfer (automatic),122.09,3914.72,No,2024-10-27
2364-VRSHR,Female,1,No,No,18,Yes,Yes,Fiber optic,No,Yes,Yes,No,No,Yes,Two year,Yes,Credit card (automatic),153.72,2775.72,No,2024-10-27
6166-PQWDE,Male,0,Yes,No,38,Yes,Yes,DSL,No,Yes,No,Yes,Yes,No,Two year,Yes,Bank transfer (automatic),119.33,4612.99,No,2024-10-27
8817-HEYFJ,Male,1,Yes,Yes,26,Yes,Yes,Fiber optic,No,No,No,Yes,No,Yes,Two year,Yes,Mailed check,139.55,3523.7,No,2024-10-27
8714-JGKPX,Female,0,Yes,No,43,Yes,Yes,Fiber optic,No,No,Yes,Yes,Yes,Yes,Month-to-month,Yes,Bank transfer (automatic),176.56,7607.33,Yes,2024-10-27
8671-JRRJZ,Female,0,No,Yes,24,Yes,No,Fiber optic,Yes,Yes,No,Yes,No,Yes,Month-to-month,Yes,Mailed check,171.93,4053.33,Yes,2024-10-27
2787-DJFAJ,Male,0,Yes,No,32,Yes,Yes,No,No internet service,No internet service,No internet service,No internet service,No internet service,No internet service,Two year,Yes,Credit card (automatic),62.4,1991.14,Yes,2024-10-27
4585-TCFMY,Male,0,Yes,No,45,Yes,No,Fiber optic,No,No,Yes,No,Yes,Yes,Month-to-month,No,Mailed check,155.64,6960.7,Yes,2024-10-27
1091-OQWSD,Male,0,Yes,Yes,27,No,No phone service,Fiber optic,No,No,No,No,Yes,Yes,One year,Yes,Credit card (automatic),114.42,3133.89,No,2024-10-27
4028-CFZVJ,Female,0,No,No,26,Yes,No,Fiber optic,Yes,No,No,No,No,Yes,One year,No,Electronic check,139.74,3563.24,Yes,2024-10-27
5339-OYWJO,Male,0,Yes,Yes,37,Yes,No,Fiber optic,Yes,No,No,Yes,No,Yes,Month-to-month,Yes,Bank transfer (automatic),159.1,5972.31,Yes,2024-10-27
8797-MLBFH,Male,0,No,No,54,Yes,No,No,No internet service,No internet service,No internet service,No internet service,No internet service,No internet service,One year,No,Credit card (automatic),47.88,2643.71,Yes,2024-10-28
2115-WFLRP,Female,0,Yes,No,49,Yes,No,Fiber optic,No,No,Yes,Yes,Yes,Yes,One year,Yes,Mailed check,159.05,7836.77,Yes,2024-10-28
4862-TAYKH,Male,0,Yes,No,37,Yes,No,Fiber optic,No,Yes,Yes,Yes,Yes,Yes,One year,Yes,Bank transfer (automatic),171.29,6180.61,Yes,2024-10-28
1644-TNQNT,Male,0,No,No,26,Yes,No,Fiber optic,No,No,No,No,Yes,Yes,Month-to-month,Yes,Electronic check,153.03,3913.53,Yes,2024-10-28
4977-IUIPC,Male,0,Yes,Yes,32,Yes,No,DSL,Yes,No,No,No,Yes,Yes,Two year,Yes,Electronic check,100.18,3216.59,No,2024-10-28
1330-EPVCA,Male,0,No,No,56,Yes,No,Fiber optic,No,Yes,No,Yes,Yes,Yes,Two year,Yes,Electronic check,149.93,8380.83,No,2024-10-28
9300-NUWBO,Male,1,Yes,No,47,No,No phone service,Fiber optic,Yes,Yes,Yes,No,Yes,Yes,Two year,Yes,Mailed check,136.83,6344.24,Yes,2024-10-28
8324-FHHPU,Female,0,Yes,No,33,Yes,Yes,Fiber optic,No,No,Yes,No,No,No,One year,No,Bank transfer (automatic),144.1,4824.49,No,2024-10-28
4049-DKVOE,Female,0,No,Yes,43,Yes,Yes,Fiber optic,No,Yes,No,Yes,No,No,Month-to-month,Yes,Electronic check,175.01,7518.96,Yes,2024-10-28
2279-FHOKC,Female,0,Yes,No,30,Yes,No,DSL,No,No,No,No,Yes,Yes,One year,Yes,Electronic check,105.16,3104.58,No,2024-10-28
9037-UNPSQ,Male,0,Yes,No,24,Yes,No,Fiber optic,Yes,No,No,Yes,Yes,No,One year,Yes,Electronic check,150.49,3525.29,No,2024-10-28
2963-XVPGZ,Female,0,Yes,No,15,Yes,Yes,Fiber optic,No,No,No,Yes,Yes,No,Two year,Yes,Credit card (automatic),138.71,2026.83,No,2024-10-28
9841-VVCPB,Female,0,No,No,49,Yes,Yes,No,No internet service,No internet service,No internet service,No internet service,No internet service,No internet service,Two year,No,Credit card (automatic),48.84,2453.28,Yes,2024-10-28
2444-HKGVA,Male,1,Yes,No,25,No,No phone service,DSL,Yes,Yes,Yes,Yes,Yes,Yes,Month-to-month,Yes,Bank transfer (automatic),126.5,3108.03,No,2024-10-28
4169-DGBTJ,Female,0,Yes,Yes,27,No,No phone service,No,No internet service,No internet service,No internet service,No internet service,No internet service,No internet service,Month-to-month,No,Bank transfer (automatic),18.5,501.25,Yes,2024-10-28
9215-MXIEW,Female,0,No,No,8,Yes,Yes,No,No internet service,No internet service,No internet service,No internet service,No internet service,No internet service,Month-to-month,Yes,Credit card (automatic),60.47,488.43,Yes,2024-10-28
3039-YTROE,Male,0,Yes,No,55,Yes,No,Fiber optic,Yes,Yes,No,No,Yes,Yes,Month-to-month,Yes,Credit card (automatic),170.3,9594.28,No,2024-10-28
8343-JVHSK,Male,0,Yes,No,38,Yes,Yes,Fiber optic,No,No,No,Yes,Yes,Yes,One year,Yes,Mailed check,154.8,5784.75,No,2024-10-28
9931-DVRWV,Male,0,Yes,No,18,Yes,No,DSL,No,Yes,No,Yes,Yes,No,Month-to-month,Yes,Bank transfer (automatic),130.17,2313.95,No,2024-10-28
3276-KGVGX,Female,0,Yes,No,52,Yes,No,DSL,No,No,Yes,Yes,No,Yes,Month-to-month,Yes,Bank transfer (automatic),123.68,6444.5,No,2024-10-28
9789-AZOKE,Female,0,No,No,22,No,No phone service,DSL,No,No,Yes,No,No,No,One year,Yes,Bank transfer (automatic),77.73,1674.27,No,2024-10-28
4724-ZPWAC,Male,0,No,No,23,No,No phone service,Fiber optic,No,No,No,No,No,Yes,One year,No,Bank transfer (automatic),101.38,2394.38,Yes,2024-10-28
3201-PAMLD,Male,0,No,No,45,Yes,No,Fiber optic,No,Yes,No,Yes,No,No,Month-to-month,Yes,Electronic check,160.09,7358.08,Yes,2024-10-28
4948-ZWGGB,Female,0,Yes,No,38,Yes,No,Fiber optic,No,No,Yes,No,Yes,No,Two year,No,Bank transfer (automatic),118.87,4535.14,Yes,2024-10-28
2719-PESFO,Female,0,No,Yes,35,Yes,No,Fiber optic,No,No,No,No,Yes,Yes,One year,No,Bank transfer (automatic),147.61,5129.0,No,2024-10-28
1036-EIXGH,Male,0,Yes,Yes,27,Yes,No,No,No internet service,No internet service,No internet service,No internet service,No internet service,No internet service,Month-to-month,Yes,Bank transfer (automatic),46.53,1238.22,Yes,2024-10-28
5767-IZEBM,Male,1,Yes,No,19,Yes,Yes,No,No internet service,No internet service,No internet service,No internet service,No internet service,No internet service,One year,Yes,Electronic check,56.9,1070.84,Yes,2024-10-28
7599-CPTDC,Female,0,Yes,Yes,34,Yes,No,Fiber optic,No,No,No,No,No,Yes,Two year,No,Credit card (automatic),123.37,4113.8,Yes,2024-10-28
5263-BVPSE,Female,0,No,No,12,No,No phone service,No,No internet service,No internet service,No internet service,No internet service,No internet service,No internet service,Two year,Yes,Mailed check,20.98,252.02,No,2024-10-28
9202-JQWIS,Female,0,Yes,No,15,Yes,Yes,Fiber optic,No,Yes,No,Yes,Yes,Yes,Month-to-month,Yes,Bank transfer (automatic),183.97,2817.2,Yes,2024-10-28
1079-GADCN,Female,0,No,No,33,Yes,Yes,DSL,No,No,Yes,Yes,Yes,Yes,Month-to-month,Yes,Mailed check,149.22,5010.34,Yes,2024-10-28
7221-HHABD,Male,0,Yes,Yes,26,Yes,No,Fiber optic,No,Yes,Yes,Yes,Yes,Yes,Month-to-month,Yes,Electronic check,182.4,4705.72,Yes,2024-10-28
1779-ENFVI,Female,0,Yes,No,36,Yes,Yes,No,No internet service,No internet service,No internet service,No internet service,No internet service,No internet service,Month-to-month,Yes,Mailed check,60.17,2170.13,Yes,2024-10-28
1755-JGSYW,Male,0,Yes,Yes,10,Yes,No,No,No internet service,No internet service,No internet service,No internet service,No internet service,No internet service,Month-to-month,Yes,Electronic check,55.35,554.41,Yes,2024-10-28
6543-NGWJD,Female,0,No,No,35,Yes,Yes,Fiber optic,No,Yes,No,Yes,No,Yes,Month-to-month,No,Credit card (automatic),170.77,6086.88,Yes,2024-10-28
1514-RTWMU,Female,1,Yes,No,51,Yes,Yes,DSL,Yes,Yes,Yes,Yes,Yes,Yes,Month-to-month,Yes,Electronic check,167.36,8411.4,Yes,2024-10-28
7816-CRJRX,Male,0,No,No,38,Yes,No,Fiber optic,Yes,No,Yes,No,Yes,Yes,Month-to-month,Yes,Credit card (automatic),162.18,6024.6,No,2024-10-28
7359-WOGPE,Male,0,No,No,44,Yes,No,DSL,Yes,No,Yes,Yes,Yes,Yes,One year,Yes,Credit card (automatic),129.8,5599.89,Yes,2024-10-28
2527-UBVVF,Female,0,No,Yes,21,Yes,Yes,Fiber optic,Yes,Yes,No,Yes,Yes,No,One year,Yes,Electronic check,177.09,3661.27,Yes,2024-10-28
3433-JKJCW,Male,0,No,No,38,Yes,Yes,DSL,No,No,No,Yes,Yes,Yes,One year,No,Mailed check,129.4,5051.49,No,2024-10-28
2884-ZMFUC,Female,0,No,No,32,Yes,Yes,Fiber optic,No,Yes,No,Yes,Yes,Yes,One year,No,Credit card (automatic),177.56,5516.01,No,2024-10-28
2563-ASPDM,Female,0,No,No,19,Yes,No,DSL,No,No,Yes,No,Yes,No,Month-to-month,Yes,Bank transfer (automatic),108.61,2108.64,Yes,2024-10-28
1431-XOBWI,Female,0,Yes,No,38,Yes,No,No,No internet service,No internet service,No internet service,No internet service,No internet service,No internet service,One year,No,Credit card (automatic),43.97,1642.63,Yes,2024-10-28
6147-EJCUI,Female,0,No,No,12,Yes,No,DSL,Yes,No,Yes,No,Yes,Yes,Two year,Yes,Mailed check,110.5,1289.82,Yes,2024-10-29
2233-QUWHB,Female,0,No,No,37,Yes,Yes,Fiber optic,No,No,Yes,No,No,Yes,Month-to-month,Yes,Credit card (automatic),157.84,5911.78,Yes,2024-10-29
4125-NWDLS,Male,0,No,No,20,Yes,No,Fiber optic,Yes,Yes,No,Yes,Yes,Yes,One year,Yes,Mailed check,171.81,3519.96,No,2024-10-29
9951-UNPEM,Male,0,No,No,47,Yes,Yes,Fiber optic,No,No,No,No,Yes,Yes,One year,No,Credit card (automatic),150.48,7247.06,Yes,2024-10-29
8385-OBBTK,Female,0,No,No,45,Yes,Yes,DSL,No,Yes,Yes,Yes,No,Yes,One year,Yes,Mailed check,139.19,6437.35,Yes,2024-10-29
1876-GZUJF,Male,0,Yes,Yes,39,Yes,Yes,Fiber optic,No,No,Yes,Yes,No,Yes,Month-to-month,No,Bank transfer (automatic),184.4,7026.73,Yes,2024-10-29
4251-RDNBA,Female,1,No,Yes,66,Yes,Yes,Fiber optic,No,No,No,No,Yes,Yes,Month-to-month,Yes,Mailed check,167.54,10755.32,Yes,2024-10-29
3703-XSSAQ,Male,0,Yes,No,12,Yes,No,DSL,No,Yes,Yes,No,Yes,Yes,One year,Yes,Bank transfer (automatic),119.83,1461.28,Yes,2024-10-29
6104-CTTCY,Female,0,No,Yes,11,Yes,Yes,No,No internet service,No internet service,No internet service,No internet service,No internet service,No internet service,Two year,No,Electronic check,49.65,537.77,Yes,2024-10-29
4057-IDTYJ,Female,0,Yes,Yes,17,Yes,No,DSL,Yes,Yes,No,Yes,Yes,Yes,Two year,No,Electronic check,126.4,2125.61,Yes,2024-10-29
5628-REEIB,Male,0,No,No,2,Yes,Yes,No,No internet service,No internet service,No internet service,No internet service,No internet service,No internet service,Month-to-month,Yes,Electronic check,61.85,120.48,Yes,2024-10-29
9831-OPZFI,Female,0,Yes,No,33,Yes,Yes,Fiber optic,No,Yes,Yes,Yes,No,Yes,One year,Yes,Credit card (automatic),175.01,5738.43,No,2024-10-29
7152-BTSJR,Female,0,Yes,No,31,Yes,No,Fiber optic,Yes,No,No,Yes,Yes,Yes,Month-to-month,Yes,Bank transfer (automatic),173.04,5468.38,Yes,2024-10-29
4238-GAWLB,Female,0,Yes,No,41,Yes,No,Fiber optic,Yes,No,Yes,No,Yes,Yes,Month-to-month,Yes,Electronic check,163.39,6831.7,Yes,2024-10-29
8530-TXTEV,Male,1,Yes,No,46,Yes,No,DSL,No,No,Yes,Yes,Yes,Yes,Month-to-month,Yes,Bank transfer (automatic),127.53,5788.76,Yes,2024-10-29
3913-ROQXQ,Female,0,Yes,No,9,Yes,No,Fiber optic,No,No,Yes,Yes,Yes,No,Month-to-month,No,Mailed check,158.83,1448.9,Yes,2024-10-29
2959-HBUVE,Female,0,Yes,Yes,48,Yes,No,Fiber optic,Yes,No,No,No,Yes,No,Month-to-month,Yes,Bank transfer (automatic),135.22,6453.39,Yes,2024-10-29
3648-YXSIU,Female,0,Yes,No,35,Yes,No,Fiber optic,No,No,No,Yes,No,Yes,One year,Yes,Bank transfer (automatic),141.11,5035.1,No,2024-10-29
4347-XFPXT,Male,0,No,No,34,Yes,No,Fiber optic,No,Yes,No,No,Yes,No,One year,Yes,Credit card (automatic),134.26,4489.09,No,2024-10-29
2764-WJGXA,Female,1,No,No,29,Yes,No,Fiber optic,No,Yes,No,No,Yes,Yes,One year,No,Credit card (automatic),145.65,4221.24,No,2024-10-29
7863-RXXFV,Female,0,Yes,Yes,49,Yes,Yes,DSL,No,Yes,No,Yes,Yes,No,One year,Yes,Bank transfer (automatic),123.46,6041.92,Yes,2024-10-29
9855-NCVRD,Female,0,No,No,20,Yes,No,Fiber optic,No,No,Yes,No,Yes,Yes,Month-to-month,Yes,Credit card (automatic),160.11,3108.69,Yes,2024-10-29
2610-RTHUY,Male,0,No,No,19,Yes,No,Fiber optic,No,No,No,No,No,Yes,Month-to-month,No,Mailed check,144.57,2688.2,Yes,2024-10-29
4770-FKKZY,Female,0,No,No,23,Yes,No,Fiber optic,No,No,No,No,Yes,Yes,Two year,Yes,Electronic check,125.14,2925.71,Yes,2024-10-29
1488-VGYKQ,Male,0,Yes,No,41,Yes,Yes,Fiber optic,No,Yes,No,No,No,No,Month-to-month,Yes,Electronic check,171.82,7249.41,Yes,2024-10-29
8953-DVCMI,Male,0,No,Yes,27,Yes,Yes,DSL,No,No,Yes,No,No,No,Month-to-month,Yes,Credit card (automatic),118.2,3110.19,Yes,2024-10-29
1265-JUJVJ,Female,0,No,No,42,Yes,Yes,No,No internet service,No internet service,No internet service,No internet service,No internet service,No internet service,Month-to-month,Yes,Mailed check,68.64,2930.84,Yes,2024-10-29
3709-XFRKH,Female,0,Yes,No,33,Yes,Yes,Fiber optic,No,Yes,No,No,Yes,Yes,One year,Yes,Mailed check,176.81,5962.66,No,2024-10-29
2757-DPEZK,Male,0,No,Yes,21,No,No phone service,No,No internet service,No internet service,No internet service,No internet service,No internet service,No internet service,One year,Yes,Mailed check,18.5,380.32,Yes,2024-10-29
3082-HGGKT,Female,0,Yes,No,50,Yes,Yes,DSL,No,No,Yes,No,Yes,No,Month-to-month,Yes,Mailed check,124.68,6233.74,Yes,2024-10-29
9125-YMZYZ,Female,0,No,Yes,17,Yes,Yes,DSL,No,Yes,No,Yes,No,Yes,One year,No,Credit card (automatic),139.48,2437.33,No,2024-10-29
5425-TBJHA,Female,0,Yes,No,29,Yes,No,DSL,Yes,No,Yes,No,Yes,Yes,One year,No,Mailed check,132.41,3801.92,No,2024-10-29
9605-LICUQ,Male,0,Yes,Yes,6,No,No phone service,No,No internet service,No internet service,No internet service,No internet service,No internet service,No internet service,Two year,No,Bank transfer (automatic),18.85,114.25,Yes,2024-10-29
6727-ENXVU,Male,0,Yes,Yes,35,Yes,Yes,No,No internet service,No internet service,No internet service,No internet service,No internet service,No internet service,Month-to-month,Yes,Credit card (automatic),66.71,2386.19,No,2024-10-29
4569-XFZRY,Female,1,Yes,No,45,Yes,No,DSL,No,Yes,Yes,No,Yes,Yes,Two year,Yes,Bank transfer (automatic),110.77,5065.48,No,2024-10-29
5791-GXVIT,Female,0,Yes,No,22,Yes,Yes,Fiber optic,Yes,No,Yes,No,Yes,No,Two year,No,Mailed check,151.3,3260.98,Yes,2024-10-29
4180-ZZHVZ,Female,0,Yes,No,27,Yes,Yes,Fiber optic,No,Yes,No,No,Yes,No,One year,Yes,Credit card (automatic),165.21,4329.82,No,2024-10-30
7272-ORSPJ,Male,0,No,No,24,Yes,Yes,No,No internet service,No internet service,No internet service,No internet service,No internet service,No internet service,Two year,Yes,Credit card (automatic),49.79,1180.2,Yes,2024-10-30
7304-RIPAS,Female,0,Yes,No,51,Yes,Yes,Fiber optic,Yes,Yes,No,No,No,Yes,One year,Yes,Bank transfer (automatic),161.23,8394.62,No,2024-10-30
8864-MDEUV,Male,0,No,No,44,Yes,Yes,DSL,No,Yes,Yes,No,Yes,Yes,Month-to-month,Yes,Bank transfer (automatic),164.0,7257.16,Yes,2024-10-30
1376-JGGPH,Female,0,Yes,No,18,Yes,Yes,Fiber optic,No,Yes,Yes,No,Yes,No,One year,Yes,Mailed check,171.52,3041.85,Yes,2024-10-30
6877-QVCMX,Female,0,Yes,No,25,Yes,No,Fiber optic,Yes,No,No,No,Yes,Yes,Month-to-month,Yes,Credit card (automatic),159.67,3970.6,No,2024-10-30
3357-NKBZD,Male,0,Yes,No,31,Yes,No,No,No internet service,No internet service,No internet service,No internet service,No internet service,No internet service,Month-to-month,Yes,Bank transfer (automatic),46.33,1418.49,Yes,2024-10-30
8303-WYDRU,Female,1,Yes,No,37,Yes,Yes,DSL,No,Yes,No,No,No,Yes,Two year,No,Credit card (automatic),110.36,4032.69,Yes,2024-10-30
1203-YLAUD,Male,0,Yes,Yes,25,Yes,Yes,Fiber optic,No,Yes,Yes,No,Yes,Yes,One year,Yes,Electronic check,167.88,4083.85,No,2024-10-30
2921-VCCYV,Female,0,Yes,No,39,Yes,Yes,DSL,No,No,Yes,Yes,No,Yes,Two year,No,Electronic check,130.96,5000.34,No,2024-10-30
6665-YXOFJ,Male,0,No,Yes,28,Yes,No,Fiber optic,No,Yes,Yes,No,Yes,No,Month-to-month,No,Electronic check,160.75,4417.64,Yes,2024-10-30
1817-GTCQB,Female,0,Yes,No,29,Yes,No,Fiber optic,Yes,Yes,No,No,Yes,Yes,Month-to-month,No,Credit card (automatic),172.66,5058.48,No,2024-10-30
4571-GCOSX,Male,0,Yes,No,31,Yes,No,Fiber optic,Yes,Yes,No,Yes,Yes,Yes,One year,Yes,Credit card (automatic),166.51,5183.93,Yes,2024-10-30
6543-ICGAP,Female,0,No,No,14,Yes,No,DSL,No,No,Yes,Yes,Yes,No,One year,No,Bank transfer (automatic),125.19,1754.33,No,2024-10-30
3471-BOBJS,Male,1,Yes,No,31,Yes,Yes,DSL,Yes,Yes,No,No,Yes,Yes,Month-to-month,No,Bank transfer (automatic),147.75,4490.78,Yes,2024-10-30
3948-JLAPS,Female,0,Yes,No,45,Yes,No,Fiber optic,Yes,No,No,Yes,Yes,No,One year,Yes,Mailed check,151.08,6694.33,No,2024-10-30
4082-IVPLY,Male,0,Yes,No,39,Yes,No,No,No internet service,No internet service,No internet service,No internet service,No internet service,No internet service,Month-to-month,Yes,Bank transfer (automatic),44.58,1703.81,Yes,2024-10-30
8573-WZLBL,Male,0,Yes,No,11,No,No phone service,DSL,Yes,Yes,Yes,Yes,No,Yes,Month-to-month,No,Mailed check,116.4,1246.03,Yes,2024-10-30
2061-CSOKP,Male,0,No,No,47,Yes,No,Fiber optic,Yes,Yes,Yes,Yes,Yes,No,Two year,Yes,Credit card (automatic),152.45,7073.21,No,2024-10-30
3249-ESOFW,Female,1,No,Yes,40,Yes,No,DSL,No,Yes,No,No,No,Yes,Month-to-month,Yes,Electronic check,115.82,4682.94,Yes,2024-10-30
5004-TJBJO,Male,1,No,Yes,48,Yes,No,No,No internet service,No internet service,No internet service,No internet service,No internet service,No internet service,Month-to-month,Yes,Electronic check,46.11,2203.35,No,2024-10-30
5522-SOUMM,Female,0,Yes,No,26,Yes,Yes,No,No internet service,No internet service,No internet service,No internet service,No internet service,No internet service,Month-to-month,No,Electronic check,61.98,1632.15,No,2024-10-30
3071-QZGSR,Female,0,No,No,9,Yes,Yes,Fiber optic,No,Yes,Yes,No,No,Yes,Month-to-month,No,Electronic check,177.66,1561.07,Yes,2024-10-30
6740-RGIPQ,Female,0,Yes,No,47,Yes,Yes,Fiber optic,Yes,Yes,No,No,Yes,No,Month-to-month,Yes,Mailed check,173.82,8364.55,No,2024-10-30
3511-TFIHD,Female,0,No,No,45,Yes,Yes,Fiber optic,No,Yes,No,Yes,Yes,Yes,Month-to-month,Yes,Mailed check,190.75,8546.2,Yes,2024-10-30
6352-HHRLT,Male,0,Yes,No,39,Yes,No,Fiber optic,No,Yes,No,Yes,Yes,Yes,Two year,Yes,Bank transfer (automatic),142.83,5512.84,No,2024-10-30
1543-QYTKV,Male,0,Yes,No,48,Yes,Yes,DSL,Yes,No,No,Yes,Yes,Yes,Two year,Yes,Credit card (automatic),121.12,5852.5,Yes,2024-10-30
3949-RZKDD,Male,0,No,No,53,Yes,Yes,Fiber optic,Yes,No,No,Yes,Yes,Yes,One year,Yes,Mailed check,167.41,8628.91,No,2024-10-30
9454-BSRZM,Male,0,No,Yes,17,No,No phone service,DSL,No,Yes,Yes,No,Yes,No,Month-to-month,Yes,Electronic check,100.96,1668.2,Yes,2024-10-30
5757-ZZDCI,Male,0,Yes,No,52,Yes,No,DSL,No,No,No,No,Yes,Yes,One year,Yes,Credit card (automatic),101.81,5218.65,Yes,2024-10-30
8192-TQHWJ,Male,1,Yes,No,42,Yes,Yes,No,No internet service,No internet service,No internet service,No internet service,No internet service,No internet service,Two year,Yes,Mailed check,53.48,2253.2,No,2024-10-30
7066-HKMGU,Female,1,Yes,No,38,Yes,No,No,No internet service,No internet service,No internet service,No internet service,No internet service,No internet service,Month-to-month,No,Electronic check,46.81,1733.32,Yes,2024-10-30
7487-REFTV,Female,0,Yes,No,30,Yes,No,DSL,No,No,No,No,Yes,No,Two year,Yes,Mailed check,90.5,2669.52,Yes,2024-10-30
7474-AVAJA,Male,0,No,No,6,Yes,No,Fiber optic,Yes,Yes,No,No,Yes,Yes,Month-to-month,No,Electronic check,157.81,943.89,Yes,2024-10-30
1225-OQCZM,Female,0,No,Yes,40,No,No phone service,Fiber optic,Yes,No,Yes,No,Yes,No,Month-to-month,Yes,Credit card (automatic),138.11,5370.03,Yes,2024-10-30
8852-UTYUQ,Female,1,Yes,No,5,Yes,Yes,No,No internet service,No internet service,No internet service,No internet service,No internet service,No internet service,Month-to-month,Yes,Bank transfer (automatic),65.74,328.67,Yes,2024-10-30
7633-FZFRR,Male,0,No,No,44,Yes,No,No,No internet service,No internet service,No internet service,No internet service,No internet service,No internet service,Month-to-month,Yes,Credit card (automatic),44.74,2025.92,No,2024-10-30
4680-HZIDY,Female,0,No,No,27,Yes,Yes,Fiber optic,No,No,Yes,Yes,No,Yes,One year,Yes,Mailed check,174.34,4838.66,Yes,2024-10-30
3436-UHHMV,Female,0,Yes,No,28,Yes,Yes,Fiber optic,Yes,Yes,Yes,No,No,Yes,One year,Yes,Electronic check,173.51,4764.25,Yes,2024-10-30
7582-TDNZJ,Female,0,Yes,No,65,Yes,Yes,DSL,Yes,No,No,No,Yes,Yes,One year,Yes,Credit card (automatic),130.06,8574.22,No,2024-10-30
5063-YBUFW,Female,0,No,No,17,No,No phone service,Fiber optic,No,Yes,Yes,Yes,Yes,Yes,Month-to-month,Yes,Electronic check,155.64,2704.32,Yes,2024-10-31
3852-NJYGD,Male,0,No,No,37,No,No phone service,Fiber optic,Yes,No,No,No,Yes,Yes,Two year,No,Electronic check,124.77,4742.96,No,2024-10-31
1068-OUTXU,Female,0,Yes,No,23,No,No phone service,Fiber optic,Yes,Yes,Yes,No,Yes,Yes,Month-to-month,Yes,Bank transfer (automatic),153.77,3509.96,Yes,2024-10-31
6037-WXFXY,Male,0,Yes,Yes,45,Yes,Yes,Fiber optic,Yes,Yes,Yes,No,Yes,No,Two year,No,Credit card (automatic),170.66,7847.84,Yes,2024-10-31
5769-DCUYA,Male,0,Yes,No,24,Yes,Yes,DSL,No,Yes,No,Yes,Yes,Yes,One year,No,Electronic check,156.32,3749.08,No,2024-10-31
3795-OUCQO,Female,1,Yes,No,49,Yes,Yes,DSL,Yes,Yes,No,No,Yes,No,Month-to-month,No,Mailed check,138.79,6681.64,Yes,2024-10-31
8469-OMMSD,Male,0,Yes,Yes,19,Yes,No,DSL,No,Yes,Yes,No,Yes,Yes,Two year,Yes,Mailed check,115.98,2138.04,Yes,2024-10-31
1867-YSYYY,Male,0,No,No,27,Yes,No,DSL,No,Yes,Yes,Yes,No,Yes,Month-to-month,Yes,Credit card (automatic),127.22,3510.31,No,2024-10-31
3723-FWDUE,Female,0,No,No,28,Yes,Yes,Fiber optic,Yes,No,No,Yes,Yes,Yes,One year,Yes,Credit card (automatic),171.8,4764.88,No,2024-10-31
9044-SIHCG,Male,0,Yes,Yes,63,Yes,No,Fiber optic,Yes,No,Yes,Yes,Yes,No,Two year,Yes,Electronic check,148.6,9534.18,Yes,2024-10-31
6924-ZMFDG,Male,0,Yes,No,28,Yes,Yes,Fiber optic,No,Yes,No,Yes,Yes,Yes,Two year,No,Bank transfer (automatic),165.22,4725.23,Yes,2024-10-31
7441-BGKWT,Female,1,No,No,24,Yes,Yes,DSL,No,No,No,No,No,Yes,One year,Yes,Credit card (automatic),112.32,2626.74,Yes,2024-10-31
5943-VDWTE,Male,0,Yes,No,37,Yes,Yes,Fiber optic,No,No,No,Yes,No,No,One year,Yes,Credit card (automatic),146.99,5479.75,Yes,2024-10-31
9036-AEVBH,Female,0,No,No,34,Yes,No,Fiber optic,Yes,No,No,No,No,No,Month-to-month,No,Bank transfer (automatic),142.23,4831.61,Yes,2024-10-31
4802-HQPQU,Male,0,No,No,55,Yes,No,Fiber optic,No,No,Yes,Yes,Yes,Yes,One year,No,Bank transfer (automatic),158.29,8531.49,No,2024-10-31
3882-MZUJW,Female,0,No,No,25,Yes,Yes,Fiber optic,Yes,Yes,No,No,Yes,No,One year,No,Credit card (automatic),173.46,4232.29,Yes,2024-10-31
1730-FNPGU,Female,1,No,No,42,Yes,No,Fiber optic,No,No,No,No,Yes,No,Month-to-month,Yes,Credit card (automatic),142.46,6091.3,Yes,2024-10-31
3412-DTKHL,Male,0,No,No,50,Yes,No,Fiber optic,No,No,Yes,No,Yes,Yes,Month-to-month,Yes,Electronic check,160.43,7924.39,Yes,2024-10-31
4127-WWSRC,Female,0,Yes,Yes,43,Yes,No,Fiber optic,No,No,No,No,Yes,Yes,Two year,Yes,Bank transfer (automatic),123.11,5451.4,No,2024-10-31
7624-SGTLN,Female,0,Yes,No,34,Yes,Yes,Fiber optic,No,No,No,No,No,Yes,One year,Yes,Mailed check,142.92,4884.49,No,2024-10-31
6719-HFVDG,Female,1,No,Yes,38,Yes,Yes,Fiber optic,No,Yes,Yes,Yes,Yes,Yes,Two year,Yes,Bank transfer (automatic),167.39,6459.24,No,2024-10-31
9076-UWYAY,Male,0,No,No,47,Yes,No,No,No internet service,No internet service,No internet service,No internet service,No internet service,No internet service,One year,Yes,Mailed check,43.63,2065.19,Yes,2024-10-31
1692-NCZIZ,Male,0,Yes,No,27,Yes,Yes,DSL,Yes,No,No,No,Yes,No,Month-to-month,Yes,Credit card (automatic),121.58,3301.11,Yes,2024-10-31
7909-AWFGS,Female,1,Yes,No,9,Yes,No,Fiber optic,Yes,No,Yes,Yes,Yes,Yes,Month-to-month,Yes,Mailed check,191.06,1730.76,Yes,2024-10-31
7985-FNNDT,Female,1,Yes,Yes,61,Yes,Yes,Fiber optic,No,No,No,Yes,No,Yes,Month-to-month,Yes,Mailed check,185.15,11529.63,Yes,2024-10-31
2691-VQEGD,Female,0,No,No,21,Yes,Yes,Fiber optic,No,No,No,Yes,Yes,No,One year,Yes,Credit card (automatic),150.59,3185.05,Yes,2024-10-31
5591-ISLJW,Male,0,Yes,No,37,Yes,No,No,No internet service,No internet service,No internet service,No internet service,No internet service,No internet service,Two year,Yes,Credit card (automatic),43.43,1587.67,Yes,2024-10-31
2188-PIGJC,Male,0,Yes,No,53,Yes,Yes,Fiber optic,No,Yes,No,No,No,Yes,Two year,Yes,Electronic check,146.97,7658.89,No,2024-10-31
5969-VIWVS,Male,0,Yes,No,28,Yes,Yes,DSL,No,No,No,No,Yes,Yes,Month-to-month,No,Bank transfer (automatic),131.32,3713.3,Yes,2024-10-31
1403-FNWCA,Female,0,Yes,Yes,57,Yes,Yes,No,No internet service,No internet service,No internet service,No internet service,No internet service,No internet service,Month-to-month,Yes,Bank transfer (automatic),55.53,3230.04,Yes,2024-10-31
2645-TIAPD,Female,1,Yes,Yes,13,Yes,No,Fiber optic,Yes,Yes,No,Yes,No,Yes,One year,No,Electronic check,160.43,2027.64,Yes,2024-10-31
2873-ARLMQ,Female,0,No,Yes,58,Yes,No,DSL,No,No,No,Yes,Yes,Yes,Month-to-month,Yes,Electronic check,129.75,7749.07,Yes,2024-10-31
8173-IFZSM,Female,1,Yes,No,62,Yes,Yes,DSL,No,Yes,Yes,No,Yes,Yes,Month-to-month,No,Mailed check,146.02,9166.18,No,2024-10-31
3386-YIAGK,Male,0,No,No,22,Yes,No,Fiber optic,Yes,No,Yes,Yes,Yes,No,Month-to-month,No,Electronic check,168.09,3734.48,Yes,2024-10-31
1767-MOZEX,Male,0,Yes,No,46,Yes,Yes,Fiber optic,No,Yes,Yes,No,Yes,Yes,One year,Yes,Electronic check,184.46,8349.82,Yes,2024-10-31
2434-QPWMS,Female,0,Yes,No,56,Yes,No,DSL,Yes,Yes,No,No,Yes,No,Month-to-month,Yes,Bank transfer (automatic),115.07,6491.54,No,2024-10-31
8314-VMUSP,Male,0,No,No,44,Yes,Yes,Fiber optic,No,Yes,Yes,No,No,Yes,Month-to-month,No,Bank transfer (automatic),184.13,8026.83,Yes,2024-10-31
4773-MGCMG,Female,1,Yes,No,24,Yes,Yes,Fiber optic,Yes,No,No,Yes,Yes,Yes,Month-to-month,Yes,Bank transfer (automatic),183.35,4343.49,No,2024-11-01
7031-WJRSB,Female,0,Yes,No,32,Yes,No,Fiber optic,Yes,Yes,No,No,No,Yes,One year,No,Mailed check,153.56,4941.93,No,2024-11-01
3436-MMWEE,Male,0,No,No,27,Yes,Yes,DSL,Yes,No,No,Yes,Yes,Yes,Month-to-month,Yes,Bank transfer (automatic),160.13,4260.07,Yes,2024-11-01
5521-PPSJC,Female,0,No,No,25,No,No phone service,Fiber optic,Yes,Yes,No,No,Yes,Yes,One year,Yes,Bank transfer (automatic),133.07,3351.2,Yes,2024-11-01
5020-QMWBR,Male,0,No,No,5,Yes,No,Fiber optic,Yes,No,No,Yes,Yes,Yes,Month-to-month,Yes,Credit card (automatic),170.18,861.75,Yes,2024-11-01
6556-TLHFL,Male,0,No,No,28,Yes,No,No,No internet service,No internet service,No internet service,No internet service,No internet service,No internet service,Month-to-month,Yes,Bank transfer (automatic),43.52,1224.46,Yes,2024-11-01
6027-DXYPL,Male,0,No,Yes,25,Yes,Yes,No,No internet service,No internet service,No internet service,No internet service,No internet service,No internet service,Month-to-month,No,Credit card (automatic),56.16,1436.3,Yes,2024-11-01
1303-SARIF,Female,0,No,No,36,Yes,Yes,No,No internet service,No internet service,No internet service,No internet service,No internet service,No internet service,Two year,No,Bank transfer (automatic),48.98,1711.36,Yes,2024-11-01
2886-NEYBG,Male,0,Yes,No,7,Yes,No,Fiber optic,Yes,No,No,Yes,Yes,No,Month-to-month,Yes,Credit card (automatic),165.8,1168.48,Yes,2024-11-01
5590-EDJJG,Female,0,Yes,Yes,52,Yes,Yes,Fiber optic,No,Yes,Yes,Yes,Yes,Yes,Month-to-month,Yes,Credit card (automatic),195.14,10099.42,Yes,2024-11-01
5532-LMKSQ,Female,0,Yes,No,34,Yes,No,Fiber optic,No,Yes,No,No,Yes,Yes,One year,Yes,Credit card (automatic),151.26,5268.47,No,2024-11-01
3048-GENKH,Male,1,Yes,No,47,Yes,No,No,No internet service,No internet service,No internet service,No internet service,No internet service,No internet service,Month-to-month,Yes,Mailed check,43.42,1991.24,No,2024-11-01
2427-LYWWV,Female,0,Yes,Yes,4,Yes,Yes,DSL,Yes,Yes,Yes,No,Yes,Yes,Two year,Yes,Bank transfer (automatic),135.44,527.67,Yes,2024-11-01
6615-FDSPE,Female,0,No,No,49,Yes,Yes,DSL,Yes,Yes,No,Yes,Yes,Yes,Two year,Yes,Electronic check,144.55,7073.96,Yes,2024-11-01
2046-GNKSL,Male,0,Yes,No,24,Yes,Yes,No,No internet service,No internet service,No internet service,No internet service,No internet service,No internet service,Two year,No,Electronic check,49.56,1200.17,Yes,2024-11-01
2745-DOZSV,Male,0,Yes,No,52,No,No phone service,Fiber optic,No,Yes,No,No,Yes,Yes,One year,Yes,Electronic check,131.55,6925.57,Yes,2024-11-01
1603-HAQBY,Female,0,Yes,No,25,Yes,No,No,No internet service,No internet service,No internet service,No internet service,No internet service,No internet service,One year,Yes,Bank transfer (automatic),48.39,1204.91,No,2024-11-01
3596-PIQNZ,Female,0,No,No,10,Yes,No,No,No internet service,No internet service,No internet service,No internet service,No internet service,No internet service,One year,Yes,Credit card (automatic),41.22,409.85,No,2024-11-01
8239-NCGKE,Female,0,No,No,50,Yes,Yes,No,No internet service,No internet service,No internet service,No internet service,No internet service,No internet service,Month-to-month,Yes,Electronic check,62.91,3088.35,Yes,2024-11-01
4253-IQPUS,Male,0,Yes,No,27,Yes,Yes,No,No internet service,No internet service,No internet service,No internet service,No internet service,No internet service,Month-to-month,Yes,Electronic check,56.52,1534.03,Yes,2024-11-01
5110-PGAED,Female,0,No,No,40,Yes,Yes,Fiber optic,No,No,No,No,Yes,No,Month-to-month,No,Electronic check,157.28,6127.65,Yes,2024-11-01
5590-HOOKD,Male,0,No,Yes,33,Yes,Yes,DSL,No,No,Yes,Yes,Yes,No,One year,Yes,Mailed check,138.53,4681.07,Yes,2024-11-01
2810-YFCZA,Male,0,Yes,No,21,Yes,Yes,Fiber optic,No,No,No,No,Yes,Yes,Month-to-month,No,Electronic check,175.53,3735.58,Yes,2024-11-01
7574-HSIRN,Female,0,Yes,Yes,45,Yes,No,No,No internet service,No internet service,No internet service,No internet service,No internet service,No internet service,Month-to-month,Yes,Electronic check,45.81,2085.13,Yes,2024-11-01
4459-VDKKJ,Female,0,Yes,No,49,Yes,Yes,DSL,Yes,No,No,Yes,Yes,Yes,Month-to-month,Yes,Bank transfer (automatic),160.36,7643.9,No,2024-11-01
4682-RBQYU,Male,1,No,Yes,18,Yes,Yes,Fiber optic,Yes,Yes,Yes,No,Yes,Yes,One year,Yes,Mailed check,192.11,3475.24,No,2024-11-01
2963-VFNBW,Female,0,Yes,No,14,Yes,No,Fiber optic,Yes,Yes,No,No,Yes,Yes,One year,Yes,Credit card (automatic),170.75,2459.95,Yes,2024-11-01
7117-RPQIF,Female,0,Yes,No,22,Yes,No,DSL,No,Yes,Yes,Yes,No,No,Two year,Yes,Electronic check,114.03,2466.6,No,2024-11-01
6527-DGSEM,Male,0,Yes,No,43,Yes,No,DSL,No,Yes,Yes,No,No,No,Two year,Yes,Electronic check,93.49,4127.71,No,2024-11-01
1481-RCMZP,Female,0,Yes,No,40,Yes,Yes,No,No internet service,No internet service,No internet service,No internet service,No internet service,No internet service,Month-to-month,Yes,Credit card (automatic),58.24,2346.99,Yes,2024-11-01
3151-HWHSY,Female,0,Yes,No,42,Yes,Yes,Fiber optic,No,No,No,No,Yes,Yes,Month-to-month,Yes,Credit card (automatic),163.78,6918.14,Yes,2024-11-01
9953-XMYDD,Male,0,Yes,No,26,Yes,No,No,No internet service,No internet service,No internet service,No internet service,No internet service,No internet service,Two year,No,Bank transfer (automatic),41.65,1077.97,No,2024-11-01
3284-RMSOT,Female,0,Yes,No,8,Yes,No,DSL,No,Yes,No,No,Yes,No,One year,No,Electronic check,113.47,916.75,Yes,2024-11-01
9764-XHNIO,Male,1,No,Yes,14,Yes,No,No,No internet service,No internet service,No internet service,No internet service,No internet service,No internet service,Month-to-month,No,Mailed check,45.63,646.91,Yes,2024-11-01
2467-TCLRL,Female,0,No,No,22,Yes,Yes,Fiber optic,Yes,Yes,Yes,No,Yes,No,Two year,No,Bank transfer (automatic),171.11,3816.39,No,2024-11-01
8593-KTBUJ,Male,0,Yes,No,30,Yes,Yes,Fiber optic,No,No,Yes,Yes,Yes,Yes,One year,Yes,Credit card (automatic),180.09,5306.82,Yes,2024-11-01
2628-MYEKS,Male,0,No,No,44,Yes,No,DSL,No,Yes,No,No,Yes,Yes,Two year,Yes,Mailed check,110.62,4790.81,No,2024-11-01
8131-DDFXG,Male,0,Yes,No,52,Yes,Yes,DSL,No,No,No,Yes,No,Yes,Two year,No,Mailed check,130.19,6730.55,No,2024-11-01
6340-VOCBJ,Female,0,Yes,No,25,Yes,No,Fiber optic,Yes,No,Yes,No,No,Yes,One year,Yes,Bank transfer (automatic),153.11,3842.24,Yes,2024-11-02
6272-JCEHR,Male,0,Yes,No,28,Yes,No,DSL,No,Yes,No,No,Yes,Yes,Month-to-month,Yes,Bank transfer (automatic),119.58,3264.99,Yes,2024-11-02
6156-KACDB,Male,0,No,No,49,Yes,No,Fiber optic,No,No,Yes,No,Yes,No,Two year,Yes,Mailed check,143.31,6849.09,Yes,2024-11-02
5573-WNTSE,Female,1,Yes,No,31,Yes,No,DSL,Yes,Yes,No,No,No,Yes,Month-to-month,Yes,Credit card (automatic),120.28,3814.14,Yes,2024-11-02
3922-TNVMR,Male,0,Yes,No,48,Yes,No,DSL,Yes,Yes,No,Yes,No,Yes,Two year,Yes,Bank transfer (automatic),106.95,4989.95,Yes,2024-11-02
2275-WIRET,Female,1,Yes,Yes,49,Yes,No,No,No internet service,No internet service,No internet service,No internet service,No internet service,No internet service,Month-to-month,Yes,Bank transfer (automatic),36.52,1786.65,Yes,2024-11-02
9522-OHJMP,Female,1,No,No,26,Yes,Yes,DSL,Yes,Yes,Yes,Yes,No,No,Month-to-month,Yes,Electronic check,155.11,4127.22,Yes,2024-11-02
4209-NKGEA,Male,0,Yes,Yes,18,Yes,No,Fiber optic,Yes,Yes,No,No,No,Yes,Month-to-month,Yes,Credit card (automatic),157.11,2743.68,Yes,2024-11-02
7343-QHXXZ,Male,0,No,No,52,Yes,Yes,Fiber optic,No,Yes,Yes,Yes,Yes,Yes,Month-to-month,Yes,Credit card (automatic),207.21,10759.09,Yes,2024-11-02
8807-IBNIL,Female,0,No,No,33,Yes,No,Fiber optic,No,No,No,Yes,Yes,Yes,Month-to-month,No,Credit card (automatic),165.31,5354.8,Yes,2024-11-02
2785-WRMHL,Female,0,Yes,Yes,35,Yes,Yes,Fiber optic,Yes,No,Yes,Yes,Yes,Yes,Two year,No,Mailed check,168.73,5804.08,Yes,2024-11-02
8217-ZFANC,Female,0,Yes,No,49,Yes,Yes,DSL,Yes,Yes,No,No,Yes,Yes,Month-to-month,Yes,Bank transfer (automatic),145.84,7146.97,Yes,2024-11-02
8361-DGKIR,Female,0,No,Yes,57,Yes,Yes,DSL,No,Yes,No,Yes,Yes,No,Two year,No,Mailed check,128.37,7360.48,No,2024-11-02
8544-PPQZX,Female,0,No,No,30,Yes,No,No,No internet service,No internet service,No internet service,No internet service,No internet service,No internet service,One year,Yes,Credit card (automatic),45.56,1404.59,No,2024-11-02
2170-TYHDC,Male,0,Yes,Yes,34,Yes,No,Fiber optic,Yes,Yes,No,Yes,Yes,Yes,Two year,No,Credit card (automatic),159.1,5307.08,No,2024-11-02
5198-APCSV,Female,0,Yes,No,38,Yes,No,Fiber optic,Yes,No,No,No,Yes,No,Two year,Yes,Electronic check,134.93,5220.13,Yes,2024-11-02
5056-EKJUA,Female,0,Yes,No,41,Yes,Yes,No,No internet service,No internet service,No internet service,No internet service,No internet service,No internet service,One year,No,Bank transfer (automatic),57.53,2415.53,No,2024-11-02
1793-WIESO,Male,0,Yes,No,34,No,No phone service,Fiber optic,No,Yes,No,No,Yes,No,Month-to-month,No,Mailed check,116.91,3898.27,Yes,2024-11-02
7369-DJBLL,Female,0,Yes,No,50,No,No phone service,DSL,No,No,Yes,No,No,Yes,One year,Yes,Mailed check,91.64,4497.38,No,2024-11-02
4632-OYMPJ,Female,0,Yes,No,18,Yes,No,Fiber optic,No,Yes,Yes,No,No,Yes,Month-to-month,No,Bank transfer (automatic),155.83,2826.63,No,2024-11-02
5078-XIPCG,Female,1,No,Yes,44,Yes,No,Fiber optic,No,Yes,No,No,No,Yes,Month-to-month,Yes,Credit card (automatic),146.01,6389.56,No,2024-11-02
1055-GSNLX,Male,1,Yes,No,40,Yes,No,Fiber optic,Yes,No,Yes,No,Yes,Yes,Month-to-month,Yes,Bank transfer (automatic),175.58,6829.26,Yes,2024-11-02
5662-FHXNO,Male,0,No,No,31,Yes,No,No,No internet service,No internet service,No internet service,No internet service,No internet service,No internet service,One year,Yes,Mailed check,33.52,1031.23,No,2024-11-02
3854-WANWD,Female,1,Yes,No,46,Yes,No,DSL,No,No,No,Yes,Yes,No,Two year,Yes,Mailed check,86.59,3963.39,No,2024-11-02
1528-PMDDT,Female,0,No,No,47,Yes,Yes,DSL,No,Yes,No,Yes,Yes,Yes,Month-to-month,Yes,Credit card (automatic),159.86,7407.2,Yes,2024-11-02
8139-FHSFS,Female,0,No,No,11,Yes,No,No,No internet service,No internet service,No internet service,No internet service,No internet service,No internet service,Month-to-month,Yes,Bank transfer (automatic),48.45,522.48,Yes,2024-11-02
4093-BVOXD,Male,1,No,No,47,Yes,Yes,DSL,Yes,No,No,No,Yes,No,One year,Yes,Electronic check,125.93,6026.0,No,2024-11-02
9161-FSNGC,Female,0,Yes,No,2,Yes,Yes,Fiber optic,No,No,No,No,Yes,No,Month-to-month,Yes,Mailed check,149.25,297.24,Yes,2024-11-02
7183-IMFVL,Female,0,No,No,53,Yes,No,No,No internet service,No internet service,No internet service,No internet service,No internet service,No internet service,Month-to-month,No,Credit card (automatic),49.95,2612.95,Yes,2024-11-02
3617-NKXFV,Male,0,Yes,No,23,Yes,No,DSL,Yes,Yes,Yes,Yes,Yes,Yes,Month-to-month,No,Bank transfer (automatic),148.21,3420.67,Yes,2024-11-02
6789-XAAIC,Female,0,No,No,15,Yes,Yes,Fiber optic,No,No,No,No,Yes,No,Month-to-month,Yes,Bank transfer (automatic),157.12,2332.85,No,2024-11-02
5227-WSOSF,Male,1,No,Yes,24,Yes,No,DSL,Yes,No,No,Yes,No,Yes,One year,Yes,Electronic check,124.07,3061.32,Yes,2024-11-02
4289-WLAAR,Male,0,No,Yes,38,Yes,Yes,No,No internet service,No internet service,No internet service,No internet service,No internet service,No internet service,Month-to-month,Yes,Credit card (automatic),52.71,2042.82,No,2024-11-02
6093-DWVIW,Female,0,No,No,65,Yes,Yes,Fiber optic,No,Yes,No,No,Yes,No,Month-to-month,Yes,Mailed check,162.69,10856.69,Yes,2024-11-02
7345-ZGXGP,Female,0,No,Yes,53,Yes,No,DSL,Yes,Yes,Yes,No,No,Yes,Month-to-month,Yes,Electronic check,139.17,7404.77,No,2024-11-02
9286-YXEJS,Female,0,No,No,55,Yes,No,DSL,Yes,No,Yes,Yes,No,Yes,Month-to-month,Yes,Credit card (automatic),145.09,7940.82,No,2024-11-02
5379-VVIHU,Female,0,Yes,No,29,Yes,No,DSL,Yes,No,Yes,No,Yes,Yes,Month-to-month,Yes,Mailed check,129.47,3770.39,No,2024-11-02
4313-KAKVC,Male,0,Yes,No,61,Yes,No,No,No internet service,No internet service,No internet service,No internet service,No internet service,No internet service,Two year,Yes,Mailed check,34.44,2121.78,No,2024-11-02
9952-YJMQI,Male,1,No,No,35,No,No phone service,DSL,No,Yes,Yes,No,Yes,Yes,Two year,No,Electronic check,93.86,3225.91,No,2024-11-02
5477-KXKZE,Female,0,Yes,No,46,Yes,Yes,Fiber optic,No,Yes,No,Yes,Yes,Yes,Two year,Yes,Credit card (automatic),163.89,7620.71,No,2024-11-02
4626-UNJJB,Male,0,No,Yes,16,Yes,No,No,No internet service,No internet service,No internet service,No internet service,No internet service,No internet service,Two year,Yes,Bank transfer (automatic),43.46,683.64,Yes,2024-11-02
3178-WZVHG,Male,1,No,No,32,Yes,No,Fiber optic,No,Yes,Yes,No,Yes,Yes,One year,Yes,Mailed check,159.29,5242.19,No,2024-11-02
7904-ABLZE,Female,0,No,No,30,Yes,Yes,Fiber optic,No,No,Yes,Yes,Yes,Yes,Two year,Yes,Credit card (automatic),164.18,4848.69,No,2024-11-02
1989-EOEBQ,Female,0,No,Yes,31,Yes,No,No,No internet service,No internet service,No internet service,No internet service,No internet service,No internet service,One year,Yes,Mailed check,49.27,1524.51,No,2024-11-02
7567-UIHIV,Female,0,No,No,22,Yes,No,No,No internet service,No internet service,No internet service,No internet service,No internet service,No internet service,Two year,Yes,Electronic check,32.87,730.84,Yes,2024-11-02
9784-GDFCH,Female,0,No,No,31,Yes,No,Fiber optic,No,Yes,No,No,Yes,Yes,Month-to-month,Yes,Bank transfer (automatic),152.11,4767.2,Yes,2024-11-03
8952-DLOTA,Female,0,No,No,39,Yes,Yes,Fiber optic,Yes,No,Yes,Yes,No,Yes,Month-to-month,Yes,Credit card (automatic),183.59,7190.48,No,2024-11-03
2818-ETLGR,Female,0,Yes,No,40,No,No phone service,Fiber optic,No,Yes,No,No,Yes,Yes,Month-to-month,Yes,Electronic check,138.57,5621.39,Yes,2024-11-03
1228-JWQXT,Female,0,Yes,No,33,Yes,No,Fiber optic,No,Yes,Yes,No,Yes,Yes,Two year,Yes,Credit card (automatic),144.52,4905.84,No,2024-11-03
6504-PVQES,Female,0,No,Yes,16,No,No phone service,Fiber optic,Yes,No,Yes,No,Yes,Yes,Two year,Yes,Credit card (automatic),119.16,1881.42,No,2024-11-03
6117-GAYMW,Female,0,No,No,27,No,No phone service,DSL,Yes,No,No,Yes,Yes,Yes,Two year,No,Bank transfer (automatic),101.8,2724.61,No,2024-11-03
9222-IOJSR,Female,0,No,No,49,Yes,Yes,DSL,Yes,Yes,Yes,No,Yes,Yes,Two year,Yes,Bank transfer (automatic),149.1,7481.79,No,2024-11-03
7026-QOSJC,Male,1,No,No,29,Yes,Yes,DSL,Yes,Yes,No,No,No,Yes,Month-to-month,Yes,Credit card (automatic),133.03,3768.31,Yes,2024-11-03
4081-GFQLM,Female,0,No,Yes,49,Yes,No,DSL,No,No,No,No,No,No,Month-to-month,Yes,Electronic check,89.17,4437.79,Yes,2024-11-03
9528-SQDXH,Male,0,Yes,No,31,Yes,Yes,No,No internet service,No internet service,No internet service,No internet service,No internet service,No internet service,One year,No,Credit card (automatic),65.79,1979.01,No,2024-11-03
7219-KECUE,Female,0,Yes,Yes,35,Yes,Yes,Fiber optic,Yes,Yes,Yes,Yes,Yes,No,Month-to-month,Yes,Mailed check,206.8,7442.63,Yes,2024-11-03
2011-UHEIK,Female,1,No,No,45,No,No phone service,Fiber optic,No,No,No,Yes,No,Yes,Month-to-month,No,Credit card (automatic),118.93,5294.4,Yes,2024-11-03
2923-EQBEE,Female,0,Yes,No,32,Yes,Yes,DSL,Yes,No,No,Yes,Yes,Yes,One year,No,Bank transfer (automatic),142.99,4446.15,Yes,2024-11-03
4226-WJXRD,Female,0,Yes,Yes,9,Yes,Yes,Fiber optic,No,Yes,No,No,Yes,Yes,Month-to-month,No,Credit card (automatic),173.76,1571.86,Yes,2024-11-03
6557-VJESK,Female,0,No,No,43,Yes,Yes,Fiber optic,Yes,No,Yes,Yes,Yes,No,Two year,Yes,Bank transfer (automatic),160.15,7023.84,Yes,2024-11-03
9340-OXLOG,Male,0,Yes,No,37,Yes,No,No,No internet service,No internet service,No internet service,No internet service,No internet service,No internet service,Month-to-month,Yes,Mailed check,35.3,1322.11,Yes,2024-11-03
7601-DSXCA,Male,0,Yes,No,40,No,No phone service,Fiber optic,No,Yes,Yes,Yes,Yes,No,One year,No,Credit card (automatic),141.72,5664.13,No,2024-11-03
3715-RAXLZ,Male,1,Yes,No,27,No,No phone service,DSL,No,Yes,No,Yes,No,Yes,Two year,Yes,Bank transfer (automatic),85.76,2332.57,Yes,2024-11-03
3034-TYPME,Female,0,Yes,No,60,Yes,No,DSL,No,Yes,Yes,Yes,No,No,One year,Yes,Mailed check,125.11,7447.09,No,2024-11-03
2195-IPZLA,Male,0,No,Yes,57,Yes,Yes,DSL,No,No,No,Yes,Yes,Yes,One year,Yes,Credit card (automatic),129.54,7388.14,No,2024-11-03
7155-JWRMI,Female,0,Yes,No,43,No,No phone service,Fiber optic,Yes,Yes,Yes,No,No,Yes,Two year,Yes,Mailed check,125.87,5377.26,Yes,2024-11-03
3604-TUCPR,Male,0,Yes,No,53,Yes,Yes,Fiber optic,Yes,Yes,No,No,No,Yes,Two year,Yes,Electronic check,163.69,8638.78,No,2024-11-03
7962-ZSCLX,Male,1,No,Yes,27,Yes,No,Fiber optic,No,Yes,Yes,No,Yes,Yes,One year,Yes,Electronic check,157.97,4328.06,Yes,2024-11-03
5859-RNUKB,Male,0,Yes,Yes,32,Yes,No,No,No internet service,No internet service,No internet service,No internet service,No internet service,No internet service,Month-to-month,Yes,Mailed check,29.67,929.02,Yes,2024-11-03
5794-WWXTX,Female,0,Yes,No,32,Yes,Yes,Fiber optic,Yes,No,No,Yes,Yes,Yes,Two year,Yes,Electronic check,166.03,5170.88,Yes,2024-11-03
4528-OAYQI,Female,0,Yes,No,43,Yes,No,No,No internet service,No internet service,No internet service,No internet service,No internet service,No internet service,One year,No,Mailed check,48.68,2155.83,No,2024-11-03
7996-DRVKZ,Female,0,Yes,Yes,19,Yes,No,DSL,No,Yes,Yes,Yes,Yes,Yes,Two year,Yes,Credit card (automatic),115.02,2123.09,No,2024-11-03
9518-PZRGQ,Male,0,No,No,60,Yes,Yes,DSL,No,Yes,No,No,Yes,Yes,Two year,Yes,Mailed check,121.01,7228.75,No,2024-11-03
9136-RIPUU,Male,0,No,No,60,Yes,Yes,No,No internet service,No internet service,No internet service,No internet service,No internet service,No internet service,Month-to-month,No,Mailed check,70.85,4309.89,Yes,2024-11-03
5680-QCCAJ,Female,0,No,No,26,Yes,Yes,DSL,No,No,No,No,Yes,Yes,Month-to-month,Yes,Bank transfer (automatic),130.48,3344.72,Yes,2024-11-03
6397-YKEMY,Female,0,Yes,No,50,Yes,No,DSL,Yes,No,No,Yes,Yes,Yes,One year,Yes,Credit card (automatic),135.08,6774.77,Yes,2024-11-03
7247-FTDTH,Male,0,No,No,9,Yes,Yes,Fiber optic,Yes,No,Yes,Yes,Yes,Yes,One year,No,Credit card (automatic),187.22,1710.4,Yes,2024-11-03
5683-JXQXI,Female,0,No,No,22,Yes,Yes,Fiber optic,No,No,Yes,No,Yes,No,Month-to-month,Yes,Mailed check,169.24,3792.0,Yes,2024-11-03
6872-YUHHG,Female,0,Yes,No,33,Yes,Yes,Fiber optic,Yes,Yes,No,Yes,Yes,Yes,One year,Yes,Electronic check,189.13,6428.36,No,2024-11-03
9824-WYQIX,Female,1,No,Yes,53,Yes,No,Fiber optic,No,Yes,Yes,No,Yes,No,Month-to-month,Yes,Electronic check,157.77,8233.75,Yes,2024-11-03
3551-FNBJM,Male,1,Yes,No,25,Yes,No,Fiber optic,Yes,No,Yes,Yes,Yes,Yes,One year,Yes,Bank transfer (automatic),168.04,4322.95,No,2024-11-03
8126-DQQHV,Female,0,Yes,Yes,28,Yes,No,DSL,No,No,No,No,Yes,Yes,Two year,No,Credit card (automatic),102.11,2861.52,No,2024-11-03
5556-UXKMS,Female,0,Yes,No,50,Yes,Yes,Fiber optic,No,Yes,No,Yes,No,Yes,Month-to-month,No,Mailed check,184.23,9467.8,Yes,2024-11-03
3208-FSNOV,Female,0,Yes,Yes,41,Yes,Yes,DSL,Yes,No,Yes,Yes,Yes,No,Month-to-month,Yes,Credit card (automatic),152.99,6262.09,Yes,2024-11-03
1655-KATDW,Female,0,Yes,No,40,Yes,Yes,Fiber optic,No,Yes,No,No,Yes,Yes,Month-to-month,Yes,Bank transfer (automatic),180.34,7312.01,Yes,2024-11-04
5048-OWYTA,Female,0,Yes,No,23,Yes,No,DSL,Yes,Yes,No,Yes,Yes,No,Month-to-month,Yes,Electronic check,139.01,3212.35,No,2024-11-04
7925-TQNTO,Female,0,Yes,No,34,Yes,Yes,DSL,No,No,Yes,No,Yes,No,Month-to-month,Yes,Bank transfer (automatic),128.1,4439.26,Yes,2024-11-04
5017-XNRTW,Female,0,Yes,No,16,Yes,No,DSL,Yes,Yes,Yes,Yes,Yes,Yes,Month-to-month,Yes,Electronic check,149.38,2413.07,Yes,2024-11-04
3148-EHPZK,Male,0,No,No,32,Yes,No,Fiber optic,No,Yes,No,No,Yes,Yes,One year,No,Electronic check,154.59,4899.02,No,2024-11-04
1086-FFOGD,Male,0,Yes,No,30,Yes,Yes,DSL,Yes,Yes,No,No,No,Yes,Month-to-month,Yes,Credit card (automatic),150.46,4467.31,No,2024-11-04
2691-FWUFO,Female,1,Yes,No,43,Yes,Yes,DSL,No,Yes,No,Yes,No,No,Month-to-month,Yes,Bank transfer (automatic),121.19,5163.24,Yes,2024-11-04
9587-ICSCC,Female,0,No,No,48,Yes,Yes,Fiber optic,No,Yes,Yes,Yes,Yes,Yes,One year,No,Electronic check,188.98,9168.76,No,2024-11-04
7801-SYYFX,Male,0,No,Yes,37,Yes,Yes,Fiber optic,No,Yes,No,Yes,No,Yes,Month-to-month,Yes,Credit card (automatic),172.11,6200.17,Yes,2024-11-04
9468-XXZWB,Female,0,No,No,14,Yes,Yes,No,No internet service,No internet service,No internet service,No internet service,No internet service,No internet service,Month-to-month,Yes,Electronic check,56.68,816.3,Yes,2024-11-04
9812-VBCKV,Female,0,Yes,Yes,30,Yes,Yes,DSL,No,Yes,No,No,Yes,Yes,Two year,Yes,Bank transfer (automatic),122.82,3661.28,Yes,2024-11-04
8517-RPWZM,Female,0,Yes,No,62,Yes,Yes,Fiber optic,Yes,No,Yes,Yes,Yes,Yes,Month-to-month,No,Credit card (automatic),195.08,12129.78,Yes,2024-11-04
9509-SMAHA,Male,0,Yes,No,27,Yes,No,DSL,No,No,Yes,No,Yes,Yes,One year,No,Electronic check,110.04,2965.38,Yes,2024-11-04
7295-LEYIT,Female,0,No,No,20,Yes,Yes,Fiber optic,No,No,No,No,Yes,No,One year,Yes,Credit card (automatic),157.64,3149.63,No,2024-11-04
8721-MUAAN,Female,0,Yes,Yes,41,Yes,No,Fiber optic,Yes,No,No,No,Yes,Yes,Month-to-month,Yes,Electronic check,170.1,7026.84,No,2024-11-04
8994-DMZYD,Female,0,Yes,No,40,Yes,No,No,No internet service,No internet service,No internet service,No internet service,No internet service,No internet service,One year,Yes,Credit card (automatic),47.72,1854.95,Yes,2024-11-04
2309-QRTVG,Female,0,Yes,No,26,Yes,No,Fiber optic,No,No,No,No,Yes,No,One year,Yes,Mailed check,145.58,3886.17,Yes,2024-11-04
2347-CMDGN,Male,0,Yes,No,23,Yes,No,DSL,No,Yes,No,No,Yes,Yes,Month-to-month,No,Credit card (automatic),115.0,2672.55,Yes,2024-11-04
2101-HPVRA,Female,0,Yes,No,23,Yes,Yes,DSL,No,Yes,Yes,Yes,Yes,Yes,Month-to-month,Yes,Electronic check,165.65,3831.87,Yes,2024-11-04
4975-QDDYA,Male,1,No,No,40,Yes,Yes,Fiber optic,Yes,No,No,No,Yes,Yes,One year,Yes,Credit card (automatic),164.59,6486.13,No,2024-11-04
5305-JDGEI,Female,0,Yes,No,17,Yes,Yes,Fiber optic,Yes,Yes,Yes,Yes,No,Yes,One year,Yes,Credit card (automatic),185.14,3210.97,Yes,2024-11-04
6822-AWVDH,Female,0,Yes,Yes,23,Yes,No,Fiber optic,No,Yes,No,No,No,Yes,Two year,No,Electronic check,126.12,2835.43,Yes,2024-11-04
5339-MRXYG,Male,1,No,No,45,Yes,Yes,Fiber optic,No,Yes,Yes,Yes,Yes,No,Month-to-month,No,Bank transfer (automatic),175.39,7893.66,Yes,2024-11-04
3726-YFBMV,Female,0,Yes,No,11,Yes,Yes,Fiber optic,Yes,Yes,No,No,Yes,No,One year,No,Mailed check,160.17,1791.96,No,2024-11-04
3512-CSDOT,Female,0,No,No,19,Yes,No,DSL,Yes,No,Yes,Yes,No,Yes,One year,Yes,Mailed check,116.73,2272.64,No,2024-11-04
3393-SJURP,Male,0,Yes,No,22,Yes,Yes,DSL,No,No,Yes,Yes,Yes,No,One year,Yes,Mailed check,129.38,2793.75,No,2024-11-04
7277-YLAYH,Male,0,Yes,No,26,Yes,Yes,Fiber optic,Yes,No,Yes,No,No,Yes,Month-to-month,Yes,Electronic check,170.25,4509.94,Yes,2024-11-04
9111-ARQNG,Female,0,No,No,25,Yes,No,No,No internet service,No internet service,No internet service,No internet service,No internet service,No internet service,Two year,No,Bank transfer (automatic),37.51,960.69,Yes,2024-11-04
2960-KMUAI,Female,0,Yes,No,13,Yes,No,DSL,No,No,No,Yes,Yes,No,Two year,Yes,Credit card (automatic),93.06,1193.06,No,2024-11-05
2332-EGZFC,Female,0,No,Yes,33,Yes,Yes,DSL,No,Yes,Yes,Yes,No,Yes,Month-to-month,Yes,Mailed check,142.37,4620.36,Yes,2024-11-05
1992-HDSIM,Male,0,Yes,No,40,Yes,Yes,Fiber optic,No,No,No,No,Yes,Yes,Month-to-month,Yes,Credit card (automatic),179.03,7325.42,Yes,2024-11-05
6906-ISQXW,Male,0,Yes,No,25,Yes,Yes,DSL,Yes,No,Yes,Yes,Yes,Yes,Month-to-month,Yes,Bank transfer (automatic),174.97,4382.57,Yes,2024-11-05
4710-VLAGC,Male,0,No,Yes,35,Yes,Yes,DSL,No,No,No,No,Yes,Yes,One year,No,Mailed check,115.51,4158.72,No,2024-11-05
9666-MBGEG,Male,0,Yes,No,32,Yes,No,Fiber optic,Yes,No,No,No,Yes,Yes,One year,Yes,Electronic check,146.21,4733.54,Yes,2024-11-05
3896-PNYDS,Male,0,Yes,No,30,Yes,No,Fiber optic,No,No,No,Yes,Yes,Yes,One year,No,Electronic check,157.29,4795.76,Yes,2024-11-05
1238-GLXMZ,Female,0,Yes,No,46,Yes,Yes,Fiber optic,Yes,Yes,No,No,Yes,No,One year,Yes,Credit card (automatic),182.97,8384.93,Yes,2024-11-05
5148-IFBGO,Male,0,Yes,Yes,53,Yes,Yes,No,No internet service,No internet service,No internet service,No internet service,No internet service,No internet service,Month-to-month,Yes,Mailed check,65.71,3577.09,Yes,2024-11-05
6889-MEOPJ,Male,0,No,No,46,Yes,No,No,No internet service,No internet service,No internet service,No internet service,No internet service,No internet service,One year,Yes,Mailed check,48.63,2196.53,No,2024-11-05
9263-CJBWG,Female,0,No,No,38,Yes,No,Fiber optic,Yes,Yes,Yes,No,Yes,Yes,Month-to-month,Yes,Mailed check,192.72,7239.0,Yes,2024-11-05
1088-CGDEL,Female,0,Yes,No,10,Yes,Yes,Fiber optic,No,Yes,Yes,Yes,Yes,Yes,Two year,No,Credit card (automatic),186.39,1845.12,No,2024-11-05
6188-WMHOM,Female,1,Yes,No,13,Yes,No,Fiber optic,Yes,Yes,No,No,No,Yes,Two year,Yes,Mailed check,137.6,1834.95,No,2024-11-05
4526-NDPNS,Male,0,No,Yes,31,Yes,No,DSL,Yes,Yes,No,No,Yes,No,One year,Yes,Credit card (automatic),109.86,3494.97,No,2024-11-05
9933-PHLHQ,Female,0,Yes,No,62,Yes,Yes,No,No internet service,No internet service,No internet service,No internet service,No internet service,No internet service,Month-to-month,Yes,Electronic check,62.56,3937.94,Yes,2024-11-05
8625-SNXTC,Female,0,No,No,34,Yes,No,Fiber optic,Yes,No,Yes,Yes,Yes,Yes,Month-to-month,No,Credit card (automatic),183.49,6119.44,Yes,2024-11-05
6992-WNOWN,Male,0,Yes,Yes,29,No,No phone service,Fiber optic,Yes,No,No,No,Yes,Yes,One year,Yes,Mailed check,122.27,3450.78,No,2024-11-05
5348-NJESA,Male,0,Yes,No,31,Yes,No,DSL,No,Yes,No,No,Yes,No,Two year,Yes,Mailed check,101.44,3092.31,No,2024-11-05
3863-UEBJR,Male,0,Yes,No,36,Yes,Yes,No,No internet service,No internet service,No internet service,No internet service,No internet service,No internet service,One year,Yes,Electronic check,63.44,2295.71,Yes,2024-11-05
8136-PWQYM,Male,0,No,No,62,Yes,No,Fiber optic,No,No,No,Yes,Yes,Yes,One year,Yes,Bank transfer (automatic),148.74,9223.09,No,2024-11-05
4601-VPBKY,Male,1,No,No,31,Yes,Yes,No,No internet service,No internet service,No internet service,No internet service,No internet service,No internet service,Two year,No,Bank transfer (automatic),51.92,1580.63,Yes,2024-11-05
4743-UTYEK,Male,0,Yes,No,20,Yes,No,Fiber optic,Yes,No,No,No,No,No,Month-to-month,Yes,Bank transfer (automatic),136.9,2659.85,No,2024-11-05
7866-IMIAD,Male,1,No,No,23,Yes,No,Fiber optic,No,No,Yes,Yes,Yes,Yes,Month-to-month,Yes,Mailed check,176.4,4174.19,Yes,2024-11-05
7103-DEPTE,Male,0,Yes,No,32,Yes,Yes,DSL,No,Yes,Yes,No,Yes,Yes,Month-to-month,Yes,Electronic check,157.84,5027.61,Yes,2024-11-05
5706-EZTGU,Female,0,No,No,33,Yes,Yes,DSL,No,No,No,No,Yes,Yes,Two year,Yes,Bank transfer (automatic),117.2,3965.29,Yes,2024-11-05
3285-DCFQL,Female,1,No,No,19,Yes,No,No,No internet service,No internet service,No internet service,No internet service,No internet service,No internet service,One year,No,Mailed check,37.43,700.65,No,2024-11-05
6956-CKDSJ,Male,0,Yes,No,44,Yes,Yes,Fiber optic,Yes,Yes,Yes,No,Yes,Yes,Month-to-month,Yes,Credit card (automatic),190.61,8319.92,Yes,2024-11-05
4839-BWUCC,Female,0,No,No,24,Yes,Yes,DSL,No,No,Yes,No,Yes,No,Two year,Yes,Mailed check,104.58,2527.4,No,2024-11-05
2864-JRWWG,Female,0,Yes,No,60,Yes,Yes,DSL,Yes,Yes,Yes,Yes,Yes,Yes,Two year,Yes,Bank transfer (automatic),157.91,9404.33,No,2024-11-05
2562-FZETQ,Male,0,Yes,No,58,Yes,No,No,No internet service,No internet service,No internet service,No internet service,No internet service,No internet service,Month-to-month,Yes,Mailed check,39.58,2283.97,Yes,2024-11-05
4604-GXJUZ,Female,0,Yes,No,37,Yes,Yes,Fiber optic,Yes,Yes,No,Yes,Yes,Yes,Two year,Yes,Mailed check,163.2,6196.28,No,2024-11-05
2433-YZOIQ,Female,0,No,No,61,Yes,Yes,Fiber optic,Yes,No,No,No,Yes,Yes,Two year,No,Bank transfer (automatic),161.55,9775.27,No,2024-11-05
9818-UBNEW,Female,0,Yes,No,37,Yes,No,Fiber optic,Yes,Yes,Yes,No,Yes,Yes,Month-to-month,No,Bank transfer (automatic),169.77,6250.91,Yes,2024-11-05
2776-QVCGC,Female,0,No,No,40,Yes,No,DSL,Yes,No,No,Yes,Yes,Yes,Two year,Yes,Mailed check,107.26,4383.26,Yes,2024-11-06
3337-HHJXT,Male,0,No,No,22,Yes,No,Fiber optic,No,No,Yes,Yes,Yes,Yes,One year,Yes,Credit card (automatic),152.92,3388.9,Yes,2024-11-06
3999-LZJCH,Male,0,No,No,16,No,No phone service,Fiber optic,No,Yes,Yes,Yes,Yes,Yes,One year,Yes,Electronic check,143.55,2256.61,Yes,2024-11-06
7195-JWVKL,Male,0,Yes,No,44,Yes,No,Fiber optic,Yes,No,Yes,Yes,No,Yes,Two year,Yes,Credit card (automatic),145.62,6498.54,No,2024-11-06
6906-XWZDS,Male,0,Yes,No,55,Yes,Yes,DSL,No,Yes,No,Yes,Yes,Yes,Two year,Yes,Credit card (automatic),132.61,7149.85,Yes,2024-11-06
6116-DSYJC,Male,0,No,No,40,Yes,Yes,Fiber optic,Yes,No,Yes,Yes,No,Yes,Month-to-month,Yes,Credit card (automatic),191.06,7802.33,Yes,2024-11-06
3790-CQLQT,Female,0,Yes,No,51,Yes,Yes,DSL,No,No,No,Yes,Yes,Yes,Month-to-month,No,Credit card (automatic),120.94,6106.2,Yes,2024-11-06
6589-KAJKS,Male,0,Yes,No,49,Yes,No,Fiber optic,No,Yes,No,No,Yes,Yes,One year,Yes,Electronic check,169.65,8403.79,Yes,2024-11-06
4438-JAARW,Male,0,No,No,12,Yes,Yes,Fiber optic,No,Yes,Yes,No,Yes,Yes,Month-to-month,Yes,Mailed check,194.01,2340.69,Yes,2024-11-06
1430-QANVQ,Male,0,Yes,No,49,Yes,Yes,Fiber optic,Yes,Yes,No,No,Yes,Yes,Two year,No,Credit card (automatic),149.09,7205.22,Yes,2024-11-06
3479-BYYQF,Female,0,Yes,No,2,Yes,No,Fiber optic,No,Yes,Yes,No,Yes,Yes,Two year,Yes,Electronic check,139.31,281.09,No,2024-11-06
4247-LCAHB,Female,0,Yes,No,19,Yes,Yes,Fiber optic,No,Yes,Yes,No,Yes,Yes,One year,Yes,Credit card (automatic),180.38,3362.21,Yes,2024-11-06
4227-SOBFP,Male,0,Yes,Yes,52,Yes,No,DSL,Yes,Yes,No,No,Yes,Yes,One year,Yes,Bank transfer (automatic),126.51,6611.56,No,2024-11-06
6994-OGHEA,Male,0,Yes,No,23,Yes,Yes,No,No internet service,No internet service,No internet service,No internet service,No internet service,No internet service,One year,Yes,Bank transfer (automatic),59.95,1394.33,Yes,2024-11-06
4124-OBMMK,Male,0,No,Yes,56,Yes,No,Fiber optic,No,Yes,No,No,No,Yes,Month-to-month,Yes,Mailed check,157.36,8680.26,No,2024-11-06
9491-DRWQN,Female,0,Yes,No,16,Yes,No,DSL,Yes,No,No,No,No,Yes,Month-to-month,Yes,Credit card (automatic),119.65,1906.3,Yes,2024-11-06
7735-GHXNF,Female,0,No,No,27,Yes,No,No,No internet service,No internet service,No internet service,No internet service,No internet service,No internet service,One year,Yes,Electronic check,38.84,1068.29,No,2024-11-06
6138-QZMOG,Female,0,No,No,12,Yes,Yes,Fiber optic,Yes,Yes,No,No,Yes,No,Two year,No,Electronic check,159.78,1874.98,No,2024-11-06
9200-QASBA,Female,0,No,Yes,48,Yes,No,No,No internet service,No internet service,No internet service,No internet service,No internet service,No internet service,Two year,No,Bank transfer (automatic),32.18,1535.26,No,2024-11-06
5574-LHDXA,Female,0,No,No,60,Yes,No,No,No internet service,No internet service,No internet service,No internet service,No internet service,No internet service,Month-to-month,Yes,Electronic check,48.6,2832.81,Yes,2024-11-06
4217-IOVYM,Male,0,Yes,No,19,Yes,Yes,Fiber optic,No,Yes,Yes,No,Yes,Yes,Month-to-month,No,Credit card (automatic),196.31,3678.94,No,2024-11-06
8179-ZQYPL,Female,0,No,No,58,Yes,No,Fiber optic,Yes,Yes,No,No,Yes,Yes,One year,Yes,Bank transfer (automatic),160.52,9526.2,No,2024-11-06
6397-KPCNN,Male,0,Yes,No,36,Yes,Yes,Fiber optic,No,Yes,No,No,No,Yes,Month-to-month,No,Mailed check,170.87,6218.16,Yes,2024-11-06
7739-PYUTP,Female,0,Yes,No,31,Yes,No,Fiber optic,No,No,No,No,Yes,No,One year,No,Mailed check,143.09,4358.61,No,2024-11-06
5972-EASNY,Female,0,No,No,48,Yes,No,No,No internet service,No internet service,No internet service,No internet service,No internet service,No internet service,One year,Yes,Electronic check,36.09,1784.05,No,2024-11-06
6105-KCUJS,Male,0,No,No,13,Yes,No,Fiber optic,No,No,Yes,Yes,Yes,Yes,Month-to-month,Yes,Electronic check,181.85,2363.87,Yes,2024-11-06
6952-YYJWG,Male,0,No,No,51,Yes,Yes,DSL,No,No,No,No,Yes,Yes,Month-to-month,Yes,Bank transfer (automatic),132.17,6668.61,Yes,2024-11-06
8072-UDVDZ,Male,1,Yes,No,22,Yes,Yes,DSL,No,Yes,No,Yes,Yes,Yes,Month-to-month,No,Bank transfer (automatic),155.1,3365.19,No,2024-11-06
3671-WSPPS,Female,0,No,No,64,Yes,Yes,No,No internet service,No internet service,No internet service,No internet service,No internet service,No internet service,Two year,No,Bank transfer (automatic),59.31,3701.22,No,2024-11-06
5146-NHMVQ,Female,0,Yes,No,26,Yes,Yes,Fiber optic,No,No,Yes,Yes,Yes,Yes,One year,No,Bank transfer (automatic),189.66,4892.55,Yes,2024-11-06
1468-YLVIL,Female,0,Yes,No,24,Yes,No,No,No internet service,No internet service,No internet service,No internet service,No internet service,No internet service,Month-to-month,Yes,Electronic check,47.0,1160.88,Yes,2024-11-06
2101-OIIAE,Female,1,Yes,No,29,Yes,Yes,No,No internet service,No internet service,No internet service,No internet service,No internet service,No internet service,One year,Yes,Credit card (automatic),56.66,1653.07,No,2024-11-06
3942-DPKAH,Female,0,Yes,No,39,Yes,Yes,Fiber optic,Yes,No,No,Yes,Yes,Yes,Month-to-month,Yes,Credit card (automatic),181.56,7102.62,Yes,2024-11-06
5426-VKOPV,Female,0,No,No,37,Yes,Yes,DSL,Yes,No,No,Yes,Yes,Yes,Month-to-month,No,Bank transfer (automatic),147.1,5501.62,Yes,2024-11-06
5985-YTRRL,Male,0,No,Yes,65,Yes,Yes,Fiber optic,No,No,No,No,Yes,No,Month-to-month,Yes,Bank transfer (automatic),144.89,9553.6,Yes,2024-11-06
4410-VZRSJ,Female,0,No,No,27,Yes,No,DSL,No,No,No,No,No,Yes,One year,Yes,Bank transfer (automatic),91.6,2482.61,No,2024-11-06
7129-WNIGO,Male,0,No,Yes,39,Yes,No,DSL,No,No,No,No,Yes,No,Two year,No,Electronic check,87.86,3413.38,Yes,2024-11-06
9994-CYDHD,Male,0,Yes,No,41,Yes,No,DSL,No,No,No,No,No,Yes,One year,Yes,Electronic check,100.33,4080.05,Yes,2024-11-06
6248-ISADX,Male,1,Yes,No,27,Yes,No,Fiber optic,Yes,No,No,No,No,No,One year,No,Electronic check,132.03,3666.06,Yes,2024-11-06
1822-KOMVN,Male,0,No,No,15,Yes,No,Fiber optic,No,No,No,No,No,Yes,Month-to-month,No,Bank transfer (automatic),152.48,2233.64,No,2024-11-07
5646-DVURE,Female,0,No,Yes,14,Yes,No,DSL,Yes,Yes,No,Yes,Yes,No,Month-to-month,Yes,Mailed check,131.88,1839.5,Yes,2024-11-07
4754-MSVYP,Female,0,No,No,63,Yes,No,Fiber optic,No,Yes,Yes,No,No,Yes,One year,Yes,Credit card (automatic),152.86,9424.02,No,2024-11-07
1068-FAJIJ,Female,0,Yes,No,54,Yes,No,Fiber optic,Yes,Yes,No,No,Yes,Yes,Month-to-month,Yes,Bank transfer (automatic),168.13,9225.69,Yes,2024-11-07
9333-SRTAR,Female,0,No,No,29,Yes,No,Fiber optic,No,Yes,No,No,Yes,Yes,Month-to-month,No,Electronic check,165.93,4860.03,Yes,2024-11-07
8721-QDKDW,Female,0,No,No,47,Yes,Yes,Fiber optic,No,Yes,Yes,No,Yes,Yes,One year,Yes,Electronic check,183.43,8593.06,Yes,2024-11-07
9439-LSUHP,Female,0,Yes,No,12,Yes,No,Fiber optic,No,No,Yes,Yes,Yes,No,Month-to-month,No,Credit card (automatic),162.25,1922.28,No,2024-11-07
4872-NHNRE,Male,0,Yes,No,42,Yes,No,DSL,No,Yes,No,No,No,Yes,Two year,No,Credit card (automatic),97.33,4075.68,No,2024-11-07
2683-KFAQK,Female,0,No,No,5,Yes,Yes,No,No internet service,No internet service,No internet service,No internet service,No internet service,No internet service,One year,Yes,Bank transfer (automatic),66.27,328.76,Yes,2024-11-07
4209-SNYWI,Male,0,No,Yes,52,Yes,No,Fiber optic,Yes,Yes,No,No,No,No,One year,Yes,Electronic check,146.78,7532.45,Yes,2024-11-07
3349-MJPMB,Female,0,Yes,No,36,Yes,No,Fiber optic,Yes,No,No,No,Yes,No,Two year,No,Electronic check,134.62,4972.62,No,2024-11-07
5365-DVGNM,Female,0,Yes,No,22,Yes,Yes,Fiber optic,Yes,No,Yes,No,No,Yes,Two year,Yes,Electronic check,156.39,3358.88,Yes,2024-11-07
6602-SLVMX,Male,0,No,No,53,Yes,No,Fiber optic,No,Yes,No,Yes,No,Yes,Two year,Yes,Bank transfer (automatic),142.57,7472.93,Yes,2024-11-07
4607-QBBAG,Male,1,No,No,39,Yes,No,Fiber optic,No,No,No,No,Yes,Yes,Month-to-month,No,Electronic check,154.96,5951.96,Yes,2024-11-07
8660-YDCMJ,Male,0,No,No,34,Yes,Yes,Fiber optic,Yes,Yes,No,No,No,Yes,One year,Yes,Electronic check,164.87,5536.12,No,2024-11-07
5724-ATPER,Male,0,Yes,No,54,Yes,Yes,No,No internet service,No internet service,No internet service,No internet service,No internet service,No internet service,Month-to-month,No,Electronic check,61.39,3305.59,Yes,2024-11-07
4312-GJLFF,Male,0,No,No,20,No,No phone service,DSL,No,No,No,No,Yes,Yes,Two year,Yes,Bank transfer (automatic),78.17,1551.46,No,2024-11-07
8101-DEHUT,Female,0,Yes,No,45,Yes,Yes,Fiber optic,No,No,No,No,Yes,Yes,Two year,Yes,Bank transfer (automatic),155.87,6848.51,Yes,2024-11-07
9052-HUMHA,Female,0,Yes,No,51,Yes,Yes,No,No internet service,No internet service,No internet service,No internet service,No internet service,No internet service,Two year,No,Credit card (automatic),46.19,2303.95,Yes,2024-11-07
2784-DLKZW,Male,0,Yes,No,35,Yes,No,Fiber optic,Yes,Yes,No,No,Yes,Yes,Month-to-month,Yes,Credit card (automatic),175.94,6323.98,Yes,2024-11-07
6459-PBKNE,Female,0,Yes,Yes,47,Yes,No,DSL,Yes,No,No,No,Yes,Yes,Month-to-month,Yes,Mailed check,124.85,5958.24,Yes,2024-11-07
4201-VBFDX,Male,0,Yes,Yes,15,Yes,Yes,No,No internet service,No internet service,No internet service,No internet service,No internet service,No internet service,Month-to-month,Yes,Credit card (automatic),60.35,893.13,Yes,2024-11-07
7138-RFKEC,Male,0,Yes,No,57,Yes,No,Fiber optic,Yes,Yes,No,Yes,Yes,Yes,Month-to-month,Yes,Credit card (automatic),178.72,9884.66,Yes,2024-11-07
7532-PKWMK,Male,0,No,Yes,44,Yes,Yes,No,No internet service,No internet service,No internet service,No internet service,No internet service,No internet service,One year,Yes,Electronic check,65.62,2845.27,Yes,2024-11-07
3336-PBPUN,Male,0,Yes,No,39,Yes,Yes,DSL,Yes,No,No,Yes,Yes,Yes,Two year,Yes,Electronic check,133.12,5283.03,Yes,2024-11-07
7891-KOJDT,Male,0,Yes,No,61,Yes,No,Fiber optic,No,No,No,Yes,Yes,Yes,Month-to-month,No,Bank transfer (automatic),168.34,10011.61,Yes,2024-11-07
2279-AVKZF,Male,0,Yes,No,41,Yes,Yes,No,No internet service,No internet service,No internet service,No internet service,No internet service,No internet service,Month-to-month,Yes,Bank transfer (automatic),60.37,2510.68,Yes,2024-11-07
2212-ESFGU,Male,0,Yes,No,36,Yes,Yes,Fiber optic,Yes,No,Yes,Yes,Yes,Yes,Two year,Yes,Mailed check,177.61,6326.0,No,2024-11-07
1505-XEWMQ,Female,0,Yes,No,51,Yes,Yes,DSL,No,No,No,Yes,Yes,Yes,Month-to-month,Yes,Electronic check,142.96,7345.08,Yes,2024-11-07
7870-SOMMV,Female,0,No,No,37,Yes,Yes,No,No internet service,No internet service,No internet service,No internet service,No internet service,No internet service,Two year,Yes,Mailed check,53.64,1926.98,No,2024-11-07
9142-VLUMJ,Male,0,Yes,Yes,60,Yes,Yes,Fiber optic,No,No,No,Yes,Yes,Yes,One year,No,Credit card (automatic),172.62,10079.76,Yes,2024-11-07
4457-DBYXT,Male,0,Yes,No,17,Yes,No,Fiber optic,Yes,No,Yes,No,Yes,Yes,Month-to-month,No,Credit card (automatic),169.69,2897.73,Yes,2024-11-07
9819-NSZRU,Male,0,Yes,No,29,Yes,No,DSL,No,Yes,No,No,Yes,Yes,Month-to-month,Yes,Electronic check,120.56,3481.59,No,2024-11-08
5513-TBRZQ,Female,0,Yes,No,11,Yes,Yes,Fiber optic,Yes,Yes,No,Yes,Yes,Yes,Two year,Yes,Bank transfer (automatic),174.9,1922.99,No,2024-11-08
3381-UTKDB,Female,0,Yes,No,48,Yes,Yes,No,No internet service,No internet service,No internet service,No internet service,No internet service,No internet service,One year,Yes,Mailed check,51.04,2451.53,No,2024-11-08
9740-YMVIM,Male,0,No,No,38,Yes,No,No,No internet service,No internet service,No internet service,No internet service,No internet service,No internet service,Month-to-month,Yes,Credit card (automatic),46.69,1739.8,No,2024-11-08
7702-ENUVH,Male,0,Yes,No,18,Yes,No,DSL,No,No,No,No,Yes,Yes,One year,Yes,Credit card (automatic),107.78,1984.92,No,2024-11-08
6204-SQABS,Male,0,Yes,No,26,Yes,No,Fiber optic,No,Yes,No,No,No,Yes,One year,Yes,Electronic check,142.5,3718.06,No,2024-11-08
2931-EGFKV,Male,0,Yes,No,15,Yes,Yes,DSL,Yes,Yes,Yes,Yes,Yes,No,One year,No,Electronic check,151.96,2329.45,Yes,2024-11-08
4783-HTBGN,Male,0,Yes,No,17,Yes,Yes,No,No internet service,No internet service,No internet service,No internet service,No internet service,No internet service,Month-to-month,Yes,Bank transfer (automatic),59.33,1031.38,Yes,2024-11-08
7743-EUPBI,Male,0,Yes,No,41,Yes,No,Fiber optic,No,Yes,No,Yes,Yes,Yes,One year,No,Electronic check,154.31,6288.19,No,2024-11-08
5123-RCPNQ,Female,1,No,Yes,25,Yes,No,DSL,Yes,Yes,No,Yes,Yes,Yes,Two year,Yes,Electronic check,127.44,3241.07,No,2024-11-08
2952-SKLJB,Female,0,No,No,33,Yes,No,Fiber optic,Yes,Yes,No,No,Yes,Yes,One year,Yes,Electronic check,158.86,5194.09,No,2024-11-08
7880-QGNXZ,Female,0,Yes,No,26,Yes,Yes,DSL,Yes,No,Yes,Yes,Yes,Yes,Month-to-month,Yes,Mailed check,162.79,4138.7,Yes,2024-11-08
1199-PJDBU,Female,0,Yes,No,32,Yes,Yes,DSL,Yes,Yes,Yes,No,Yes,Yes,Month-to-month,Yes,Mailed check,163.45,5349.04,Yes,2024-11-08
8993-LPKWP,Male,0,Yes,No,32,Yes,No,DSL,No,No,No,Yes,Yes,No,One year,No,Bank transfer (automatic),111.84,3621.95,No,2024-11-08
7715-WBXTG,Female,0,Yes,Yes,18,Yes,Yes,No,No internet service,No internet service,No internet service,No internet service,No internet service,No internet service,Two year,Yes,Credit card (automatic),47.0,857.62,Yes,2024-11-08
4647-ZUDNP,Female,0,Yes,No,42,Yes,Yes,DSL,No,No,No,No,No,No,One year,No,Bank transfer (automatic),105.57,4445.44,No,2024-11-08
2019-TOJZH,Female,0,Yes,Yes,27,Yes,No,Fiber optic,Yes,No,No,Yes,No,Yes,Two year,Yes,Credit card (automatic),134.24,3711.32,No,2024-11-08
7161-SLIZA,Male,0,Yes,Yes,36,No,No phone service,Fiber optic,No,Yes,Yes,No,Yes,No,One year,Yes,Credit card (automatic),121.73,4260.27,Yes,2024-11-08
6799-ALGZB,Male,0,Yes,No,8,Yes,Yes,Fiber optic,No,Yes,No,Yes,Yes,Yes,Month-to-month,Yes,Electronic check,193.61,1551.3,Yes,2024-11-08
5251-UFBMX,Male,0,Yes,No,60,No,No phone service,Fiber optic,Yes,Yes,Yes,No,Yes,Yes,Two year,Yes,Electronic check,136.87,7985.04,No,2024-11-08
8374-AOKPH,Female,0,No,No,42,Yes,Yes,DSL,No,No,No,No,Yes,Yes,Two year,Yes,Electronic check,119.15,4925.47,No,2024-11-08
1276-LGPEW,Male,0,Yes,No,33,Yes,No,No,No internet service,No internet service,No internet service,No internet service,No internet service,No internet service,Month-to-month,Yes,Bank transfer (automatic),51.3,1728.59,No,2024-11-08
3532-WNQWT,Male,0,Yes,No,22,Yes,Yes,DSL,Yes,No,Yes,No,Yes,Yes,One year,Yes,Bank transfer (automatic),143.54,3166.46,No,2024-11-08
3115-SCSXP,Male,0,Yes,No,10,Yes,No,Fiber optic,No,No,Yes,Yes,Yes,Yes,Two year,Yes,Mailed check,145.27,1459.64,Yes,2024-11-08
6816-YMGFM,Male,0,No,Yes,67,No,No phone service,Fiber optic,Yes,Yes,Yes,Yes,Yes,Yes,Month-to-month,Yes,Bank transfer (automatic),154.24,10266.08,No,2024-11-08
9665-KTWGH,Female,0,Yes,Yes,43,No,No phone service,Fiber optic,No,No,No,Yes,Yes,Yes,Month-to-month,Yes,Mailed check,143.39,6030.36,Yes,2024-11-08
3595-IBUCG,Female,0,Yes,No,46,Yes,Yes,DSL,No,No,Yes,No,Yes,Yes,One year,Yes,Bank transfer (automatic),132.21,6096.92,Yes,2024-11-08
8045-EDEEI,Female,0,No,No,39,Yes,Yes,Fiber optic,Yes,Yes,No,Yes,No,Yes,Month-to-month,No,Bank transfer (automatic),190.91,7483.58,Yes,2024-11-08
3040-VXDFT,Male,0,Yes,No,51,Yes,No,No,No internet service,No internet service,No internet service,No internet service,No internet service,No internet service,One year,Yes,Bank transfer (automatic),41.21,2053.73,No,2024-11-08
8119-WKONJ,Female,0,Yes,No,60,Yes,No,DSL,Yes,No,Yes,Yes,No,No,Month-to-month,Yes,Electronic check,133.08,8022.65,Yes,2024-11-08
4360-NQAKU,Female,1,No,No,32,Yes,Yes,Fiber optic,No,Yes,No,No,Yes,Yes,Month-to-month,No,Credit card (automatic),186.85,5816.1,Yes,2024-11-08
3655-NMVBA,Female,0,Yes,No,39,Yes,Yes,Fiber optic,No,Yes,Yes,No,Yes,No,One year,No,Electronic check,172.41,6897.37,No,2024-11-08
9138-ZNYQM,Female,1,No,No,60,Yes,No,DSL,Yes,Yes,Yes,No,Yes,No,One year,Yes,Electronic check,135.49,8095.86,Yes,2024-11-08
7300-URSUT,Male,0,Yes,Yes,34,Yes,Yes,DSL,Yes,No,No,Yes,No,Yes,One year,No,Credit card (automatic),133.98,4677.38,Yes,2024-11-08
7940-RJYXK,Female,0,Yes,No,29,Yes,No,Fiber optic,No,Yes,Yes,Yes,Yes,Yes,One year,Yes,Bank transfer (automatic),167.07,4964.93,No,2024-11-08
1745-MQJUP,Male,0,No,No,36,Yes,No,DSL,Yes,No,Yes,No,Yes,No,One year,Yes,Bank transfer (automatic),117.9,4314.04,No,2024-11-08
3771-SYBBG,Male,0,Yes,No,49,Yes,Yes,DSL,Yes,No,No,Yes,Yes,Yes,Month-to-month,Yes,Bank transfer (automatic),149.26,7141.43,Yes,2024-11-08
8825-TETUA,Male,0,No,No,53,No,No phone service,Fiber optic,No,No,No,No,Yes,No,Month-to-month,Yes,Electronic check,118.87,6142.55,Yes,2024-11-08
7830-RQNGC,Male,0,Yes,No,32,Yes,Yes,DSL,No,No,No,No,No,Yes,Two year,Yes,Electronic check,109.43,3562.95,Yes,2024-11-08
9875-ZZOIP,Male,0,Yes,No,8,Yes,Yes,Fiber optic,Yes,Yes,No,No,Yes,Yes,One year,Yes,Credit card (automatic),174.32,1354.9,No,2024-11-08
3819-AAETQ,Male,0,Yes,No,28,Yes,Yes,Fiber optic,No,Yes,Yes,Yes,Yes,Yes,Two year,Yes,Mailed check,168.86,4840.6,No,2024-11-08
2593-MMAQY,Female,0,No,No,33,Yes,Yes,Fiber optic,Yes,No,No,No,Yes,Yes,One year,Yes,Electronic check,162.7,5268.55,Yes,2024-11-08
8687-NHLVZ,Male,0,Yes,Yes,51,Yes,Yes,Fiber optic,Yes,Yes,No,Yes,Yes,Yes,Month-to-month,Yes,Credit card (automatic),201.81,10574.51,No,2024-11-09
9121-EZSMJ,Female,0,Yes,Yes,18,Yes,No,Fiber optic,Yes,Yes,Yes,No,No,Yes,One year,No,Bank transfer (automatic),149.85,2660.13,No,2024-11-09
6400-HTYFD,Female,0,Yes,No,43,Yes,Yes,Fiber optic,No,No,Yes,No,Yes,Yes,Month-to-month,Yes,Bank transfer (automatic),174.94,7418.5,Yes,2024-11-09
8396-XHTYM,Male,0,Yes,No,51,Yes,Yes,DSL,Yes,No,Yes,No,Yes,Yes,Two year,Yes,Bank transfer (automatic),132.63,6964.07,Yes,2024-11-09
2896-JTPCM,Female,0,Yes,No,25,Yes,Yes,DSL,No,No,No,No,Yes,Yes,Two year,Yes,Electronic check,118.53,2944.23,No,2024-11-09
1818-MHKJF,Female,0,Yes,Yes,5,Yes,Yes,Fiber optic,No,No,No,No,Yes,Yes,Two year,Yes,Credit card (automatic),148.91,732.26,Yes,2024-11-09
2402-WDFRE,Female,0,Yes,No,17,Yes,Yes,DSL,Yes,No,Yes,No,Yes,Yes,One year,Yes,Credit card (automatic),137.03,2374.97,No,2024-11-09
5678-PQWEB,Female,0,Yes,No,47,Yes,Yes,Fiber optic,No,No,No,No,No,Yes,One year,Yes,Bank transfer (automatic),162.69,7436.1,No,2024-11-09
9548-PWCVU,Female,0,Yes,No,36,Yes,No,DSL,Yes,No,Yes,No,Yes,Yes,Month-to-month,Yes,Mailed check,134.14,4723.19,Yes,2024-11-09
9999-TUDTG,Male,0,Yes,No,66,Yes,No,No,No internet service,No internet service,No internet service,No internet service,No internet service,No internet service,Two year,No,Electronic check,41.28,2732.25,Yes,2024-11-09
3952-RHFTE,Male,0,Yes,No,37,Yes,Yes,Fiber optic,No,Yes,No,No,Yes,Yes,Month-to-month,Yes,Credit card (automatic),179.61,6541.37,Yes,2024-11-09
1166-DNPRB,Female,0,Yes,No,27,Yes,No,Fiber optic,No,Yes,No,No,Yes,Yes,Month-to-month,Yes,Bank transfer (automatic),167.98,4667.04,Yes,2024-11-09
8693-CRPMJ,Male,0,Yes,No,40,Yes,Yes,No,No internet service,No internet service,No internet service,No internet service,No internet service,No internet service,Month-to-month,No,Credit card (automatic),74.82,2963.25,Yes,2024-11-09
6804-FEDWV,Female,0,Yes,No,13,Yes,Yes,Fiber optic,Yes,No,No,No,Yes,Yes,One year,No,Bank transfer (automatic),166.2,2102.04,Yes,2024-11-09
6204-NVYNK,Male,0,No,No,8,Yes,Yes,No,No internet service,No internet service,No internet service,No internet service,No internet service,No internet service,Month-to-month,Yes,Electronic check,65.76,532.63,Yes,2024-11-09
6410-CEBQL,Female,0,Yes,No,35,Yes,No,Fiber optic,No,Yes,No,Yes,Yes,Yes,Two year,Yes,Electronic check,149.6,5347.89,No,2024-11-09
9728-BFOET,Female,1,No,Yes,19,Yes,No,Fiber optic,Yes,Yes,No,No,Yes,Yes,Month-to-month,Yes,Credit card (automatic),176.94,3446.88,Yes,2024-11-09
8822-YHOPJ,Male,0,No,No,20,Yes,No,No,No internet service,No internet service,No internet service,No internet service,No internet service,No internet service,Month-to-month,No,Bank transfer (automatic),50.93,1023.94,Yes,2024-11-09
5708-FQONC,Male,0,Yes,No,55,Yes,Yes,DSL,No,No,No,No,Yes,No,Two year,Yes,Mailed check,111.05,5951.71,No,2024-11-09
1010-JJGTC,Male,0,Yes,No,5,Yes,Yes,Fiber optic,No,No,No,No,Yes,Yes,One year,Yes,Credit card (automatic),167.16,857.23,No,2024-11-09
8063-DJDCP,Male,0,Yes,No,46,Yes,Yes,Fiber optic,Yes,Yes,Yes,Yes,Yes,Yes,Month-to-month,Yes,Credit card (automatic),215.3,9781.84,Yes,2024-11-09
3325-FABIH,Female,0,No,Yes,62,Yes,No,DSL,Yes,Yes,No,No,Yes,Yes,Month-to-month,Yes,Electronic check,137.36,8536.84,Yes,2024-11-09
2195-ETFST,Female,0,No,Yes,42,Yes,No,Fiber optic,No,No,Yes,Yes,Yes,Yes,Month-to-month,Yes,Bank transfer (automatic),173.65,7218.86,Yes,2024-11-09
3432-OXOMN,Female,0,Yes,No,18,Yes,Yes,Fiber optic,No,Yes,No,No,Yes,Yes,One year,Yes,Mailed check,171.6,3162.71,Yes,2024-11-09
9227-MSAEA,Female,0,No,No,57,Yes,No,DSL,Yes,Yes,No,No,No,Yes,One year,Yes,Credit card (automatic),115.98,6521.46,No,2024-11-09
3925-EWMXT,Female,0,Yes,No,41,Yes,No,Fiber optic,Yes,Yes,No,No,Yes,Yes,Month-to-month,Yes,Bank transfer (automatic),179.04,7463.86,Yes,2024-11-09
6372-KXNJZ,Female,0,Yes,Yes,15,Yes,Yes,Fiber optic,Yes,Yes,Yes,No,Yes,Yes,Month-to-month,No,Bank transfer (automatic),215.11,3259.09,Yes,2024-11-09
4918-JKZTG,Female,0,No,No,34,Yes,Yes,Fiber optic,Yes,No,Yes,Yes,Yes,No,Month-to-month,Yes,Credit card (automatic),177.88,6197.38,No,2024-11-09
8501-WXHVR,Female,0,Yes,No,58,Yes,Yes,No,No internet service,No internet service,No internet service,No internet service,No internet service,No internet service,Two year,Yes,Electronic check,57.68,3377.9,Yes,2024-11-09
3492-BNRQJ,Female,0,Yes,No,16,Yes,No,Fiber optic,No,No,No,No,Yes,Yes,One year,No,Credit card (automatic),149.7,2452.5,No,2024-11-09
3981-PJGWY,Male,0,Yes,No,60,Yes,No,DSL,No,Yes,Yes,No,No,Yes,Two year,Yes,Bank transfer (automatic),102.53,6193.33,Yes,2024-11-09
8571-DZXTR,Male,1,Yes,No,49,Yes,Yes,Fiber optic,Yes,No,Yes,Yes,Yes,Yes,Two year,Yes,Electronic check,168.27,8365.57,Yes,2024-11-09
5789-AMSPV,Female,0,No,Yes,33,Yes,No,DSL,No,Yes,Yes,Yes,No,No,Two year,Yes,Electronic check,113.19,3829.06,No,2024-11-09
1669-KYILU,Male,1,No,No,18,Yes,Yes,DSL,No,Yes,Yes,Yes,Yes,No,One year,No,Credit card (automatic),151.19,2768.91,No,2024-11-09
1781-EYOQI,Male,0,Yes,No,12,Yes,Yes,DSL,No,No,No,No,Yes,Yes,Month-to-month,No,Mailed check,130.77,1604.29,Yes,2024-11-09
8328-PTJQF,Female,0,Yes,No,22,Yes,Yes,No,No internet service,No internet service,No internet service,No internet service,No internet service,No internet service,Month-to-month,Yes,Electronic check,67.67,1497.94,Yes,2024-11-09
1897-AZRZG,Male,0,No,Yes,10,No,No phone service,DSL,No,Yes,Yes,No,Yes,Yes,Month-to-month,No,Credit card (automatic),104.15,1031.4,Yes,2024-11-09
7856-YTHZI,Male,1,No,Yes,19,Yes,No,DSL,No,No,No,Yes,Yes,No,One year,Yes,Electronic check,118.9,2300.99,No,2024-11-09
3631-ULFYM,Male,0,Yes,Yes,51,Yes,Yes,Fiber optic,Yes,Yes,Yes,Yes,Yes,Yes,One year,Yes,Credit card (automatic),198.6,10225.82,Yes,2024-11-09
9133-DICEH,Female,0,Yes,No,28,Yes,No,Fiber optic,Yes,No,Yes,No,Yes,Yes,Month-to-month,Yes,Bank transfer (automatic),168.8,4852.39,Yes,2024-11-09
1680-PJMBA,Male,0,No,Yes,62,Yes,No,Fiber optic,Yes,Yes,Yes,Yes,Yes,Yes,One year,Yes,Mailed check,181.57,11583.57,No,2024-11-09
5664-SXLZS,Female,0,No,Yes,45,Yes,No,Fiber optic,Yes,No,Yes,No,No,Yes,Month-to-month,Yes,Bank transfer (automatic),156.53,7066.21,No,2024-11-09
2520-PXQAQ,Female,0,Yes,No,35,Yes,No,Fiber optic,No,No,Yes,No,Yes,Yes,Month-to-month,No,Credit card (automatic),157.02,5553.05,Yes,2024-11-09
6628-FGINJ,Male,0,Yes,No,1,Yes,Yes,Fiber optic,No,Yes,Yes,Yes,Yes,Yes,Month-to-month,No,Credit card (automatic),200.71,203.78,Yes,2024-11-09
8256-LNMBU,Male,0,Yes,Yes,11,Yes,Yes,DSL,No,No,No,Yes,Yes,Yes,One year,Yes,Bank transfer (automatic),136.74,1521.19,No,2024-11-09
1219-WKTRN,Female,0,Yes,No,16,Yes,No,Fiber optic,No,Yes,No,Yes,Yes,Yes,Two year,No,Mailed check,149.18,2334.81,No,2024-11-10
9718-UXFHO,Female,0,Yes,No,17,Yes,No,Fiber optic,Yes,No,No,No,Yes,Yes,Month-to-month,Yes,Credit card (automatic),160.19,2780.68,No,2024-11-10
9757-NXXEQ,Male,0,Yes,Yes,35,Yes,Yes,Fiber optic,No,Yes,Yes,Yes,Yes,No,Month-to-month,Yes,Mailed check,185.34,6364.99,Yes,2024-11-10
8497-BZFRA,Female,0,No,No,60,Yes,Yes,Fiber optic,No,Yes,Yes,Yes,Yes,Yes,Month-to-month,No,Bank transfer (automatic),189.76,11428.75,No,2024-11-10
4159-QORIX,Female,0,No,No,56,Yes,Yes,Fiber optic,Yes,Yes,No,Yes,Yes,Yes,One year,Yes,Mailed check,189.81,10615.36,No,2024-11-10
3922-MVLOW,Female,0,No,No,12,Yes,Yes,DSL,No,No,No,Yes,Yes,Yes,One year,Yes,Electronic check,126.47,1504.97,Yes,2024-11-10
4434-WRJTY,Female,0,No,No,42,Yes,Yes,Fiber optic,Yes,Yes,Yes,No,No,Yes,Two year,Yes,Bank transfer (automatic),156.15,6516.79,Yes,2024-11-10
6118-TDZXH,Male,0,No,Yes,17,Yes,No,Fiber optic,No,Yes,Yes,Yes,Yes,Yes,One year,Yes,Credit card (automatic),163.22,2713.57,No,2024-11-10
1519-DYLMX,Female,0,No,No,28,Yes,Yes,Fiber optic,Yes,Yes,Yes,No,Yes,Yes,One year,No,Mailed check,186.62,5134.48,No,2024-11-10
5200-TMKBO,Female,0,No,No,55,Yes,Yes,Fiber optic,No,Yes,No,Yes,Yes,Yes,Month-to-month,No,Bank transfer (automatic),193.57,10505.61,No,2024-11-10
2593-IDNXH,Male,0,No,Yes,44,Yes,No,Fiber optic,Yes,Yes,No,No,Yes,No,Month-to-month,Yes,Credit card (automatic),167.38,7422.07,No,2024-11-10
6212-EINPZ,Male,0,Yes,No,37,Yes,No,Fiber optic,No,Yes,No,No,Yes,Yes,Month-to-month,Yes,Credit card (automatic),153.26,5775.11,Yes,2024-11-10
9926-WCMEB,Male,0,No,No,46,Yes,Yes,Fiber optic,Yes,No,No,Yes,No,Yes,One year,No,Credit card (automatic),172.05,7814.59,Yes,2024-11-10
2257-IWNFG,Female,0,Yes,No,10,Yes,Yes,No,No internet service,No internet service,No internet service,No internet service,No internet service,No internet service,One year,Yes,Bank transfer (automatic),58.1,588.65,Yes,2024-11-10
8927-BHCIP,Male,0,No,No,33,Yes,No,Fiber optic,No,Yes,Yes,No,Yes,No,Month-to-month,Yes,Bank transfer (automatic),167.02,5537.66,No,2024-11-10
7482-NLMTV,Male,0,No,No,26,Yes,No,Fiber optic,No,Yes,No,No,Yes,No,One year,Yes,Mailed check,148.8,3898.71,No,2024-11-10
7634-OVFHR,Male,1,Yes,No,21,Yes,Yes,Fiber optic,No,Yes,Yes,Yes,Yes,Yes,Month-to-month,Yes,Electronic check,200.65,4302.0,Yes,2024-11-10
1447-LSAMX,Female,0,No,No,42,Yes,Yes,Fiber optic,Yes,Yes,Yes,No,Yes,Yes,Month-to-month,Yes,Electronic check,195.7,8072.71,Yes,2024-11-10
5841-JPQCN,Female,0,Yes,No,12,Yes,No,Fiber optic,No,No,No,No,No,Yes,One year,Yes,Bank transfer (automatic),128.86,1582.82,No,2024-11-10
7979-SOJBX,Male,0,No,Yes,45,Yes,Yes,Fiber optic,No,No,Yes,Yes,No,Yes,Two year,No,Credit card (automatic),163.44,7348.33,Yes,2024-11-10
2473-HBYWD,Male,0,Yes,No,43,Yes,Yes,DSL,Yes,No,No,No,No,No,Month-to-month,Yes,Credit card (automatic),125.55,5518.27,Yes,2024-11-10
2139-RMDBL,Male,0,No,No,12,Yes,No,Fiber optic,Yes,Yes,No,Yes,Yes,Yes,Two year,Yes,Mailed check,156.89,1839.81,No,2024-11-10
9264-ZKDGP,Male,1,No,No,41,Yes,No,Fiber optic,Yes,Yes,Yes,No,Yes,Yes,Two year,Yes,Electronic check,158.57,6354.51,No,2024-11-10
1053-WQERE,Male,0,Yes,No,35,Yes,Yes,DSL,Yes,Yes,No,No,Yes,Yes,One year,No,Credit card (automatic),147.28,5225.79,Yes,2024-11-10
6549-MJIJG,Female,0,No,Yes,41,Yes,Yes,No,No internet service,No internet service,No internet service,No internet service,No internet service,No internet service,One year,Yes,Credit card (automatic),69.49,2884.16,No,2024-11-10
3980-HITRU,Male,1,No,No,17,Yes,Yes,No,No internet service,No internet service,No internet service,No internet service,No internet service,No internet service,Month-to-month,Yes,Credit card (automatic),60.42,1019.1,Yes,2024-11-10
9637-KTBUY,Female,0,Yes,No,13,Yes,No,No,No internet service,No internet service,No internet service,No internet service,No internet service,No internet service,Month-to-month,Yes,Mailed check,39.96,527.78,No,2024-11-10
3462-MHRFA,Female,0,Yes,No,21,Yes,No,Fiber optic,Yes,No,Yes,No,No,Yes,Month-to-month,Yes,Electronic check,168.73,3506.92,No,2024-11-10
3921-RXPFA,Male,0,Yes,No,36,Yes,Yes,DSL,Yes,No,Yes,No,Yes,Yes,Two year,No,Mailed check,123.13,4513.5,Yes,2024-11-10
2676-ASBRH,Male,0,No,No,51,Yes,Yes,Fiber optic,Yes,No,Yes,No,No,Yes,One year,Yes,Bank transfer (automatic),161.36,8347.43,Yes,2024-11-10
1176-ZLQHO,Female,0,No,No,33,Yes,No,DSL,No,No,Yes,No,No,Yes,One year,Yes,Credit card (automatic),114.9,3900.0,No,2024-11-10
6791-SZEKZ,Male,0,No,No,10,Yes,No,Fiber optic,No,Yes,Yes,No,Yes,Yes,One year,No,Mailed check,161.98,1632.58,No,2024-11-10
2756-OJOWI,Male,0,Yes,No,30,Yes,Yes,DSL,No,No,Yes,Yes,No,Yes,Two year,Yes,Bank transfer (automatic),121.17,3553.2,Yes,2024-11-10
5389-GIAIQ,Male,0,No,No,12,Yes,Yes,Fiber optic,No,Yes,No,No,Yes,Yes,Month-to-month,Yes,Electronic check,172.34,2041.73,Yes,2024-11-10
6711-WQSOP,Male,0,Yes,No,26,Yes,Yes,Fiber optic,No,Yes,Yes,Yes,Yes,No,One year,Yes,Bank transfer (automatic),181.68,4799.85,No,2024-11-10
6429-XYFGI,Male,1,No,No,34,Yes,Yes,DSL,Yes,Yes,No,No,No,No,Month-to-month,Yes,Bank transfer (automatic),130.36,4439.24,No,2024-11-10
2648-YKMEZ,Female,0,Yes,No,19,Yes,No,Fiber optic,No,Yes,Yes,No,Yes,Yes,Two year,Yes,Electronic check,148.53,2891.75,No,2024-11-10
2261-LVZFX,Female,0,Yes,No,35,Yes,Yes,Fiber optic,Yes,Yes,Yes,Yes,No,Yes,One year,Yes,Mailed check,185.22,6474.93,No,2024-11-10
9162-RGKHF,Male,0,No,No,32,No,No phone service,Fiber optic,Yes,Yes,No,Yes,Yes,No,One year,No,Electronic check,143.29,4503.52,Yes,2024-11-10
5653-PYVXA,Female,0,No,Yes,23,Yes,Yes,DSL,Yes,Yes,No,Yes,Yes,Yes,One year,No,Bank transfer (automatic),144.58,3265.58,No,2024-11-10
9875-SPINR,Male,0,No,No,18,Yes,Yes,DSL,No,Yes,Yes,No,Yes,No,One year,Yes,Mailed check,141.92,2564.04,Yes,2024-11-10
1894-YZCFP,Male,0,No,No,70,Yes,No,No,No internet service,No internet service,No internet service,No internet service,No internet service,No internet service,One year,Yes,Credit card (automatic),49.55,3435.78,No,2024-11-10
3427-LOGDY,Female,0,Yes,No,41,Yes,No,Fiber optic,Yes,Yes,No,Yes,Yes,Yes,Month-to-month,No,Bank transfer (automatic),176.58,7090.6,No,2024-11-10
4504-CEBJG,Male,0,No,Yes,55,Yes,Yes,Fiber optic,Yes,Yes,Yes,No,Yes,Yes,Two year,No,Electronic check,168.85,9395.55,Yes,2024-11-10
5599-MCSCH,Male,0,Yes,No,49,Yes,No,Fiber optic,Yes,Yes,Yes,No,Yes,No,Month-to-month,Yes,Credit card (automatic),169.8,8072.24,No,2024-11-11
8319-RRWMW,Male,0,Yes,Yes,25,Yes,Yes,Fiber optic,No,Yes,No,No,Yes,No,Two year,Yes,Credit card (automatic),141.89,3535.89,No,2024-11-11
5303-SIOPA,Male,0,Yes,No,19,Yes,Yes,Fiber optic,No,Yes,Yes,No,Yes,Yes,Month-to-month,Yes,Credit card (automatic),187.85,3606.84,Yes,2024-11-11
3082-UTHYJ,Male,0,Yes,No,35,Yes,Yes,Fiber optic,Yes,Yes,Yes,No,No,Yes,Month-to-month,Yes,Electronic check,186.83,6677.53,Yes,2024-11-11
6547-CPEKV,Male,0,Yes,No,58,Yes,No,DSL,No,Yes,No,Yes,Yes,No,One year,Yes,Mailed check,115.57,6619.47,No,2024-11-11
9108-GVUKL,Female,0,No,Yes,41,Yes,No,Fiber optic,No,No,No,No,Yes,Yes,One year,No,Bank transfer (automatic),147.88,6236.73,No,2024-11-11
1607-RAGHJ,Female,0,Yes,Yes,33,Yes,No,DSL,No,Yes,No,No,Yes,No,Month-to-month,Yes,Credit card (automatic),107.54,3554.25,No,2024-11-11
2536-MHEGN,Female,0,Yes,Yes,49,Yes,Yes,Fiber optic,No,No,Yes,Yes,Yes,Yes,Month-to-month,Yes,Electronic check,194.8,9810.94,Yes,2024-11-11
4877-KPRTQ,Male,0,Yes,No,62,No,No phone service,Fiber optic,Yes,Yes,No,Yes,Yes,Yes,Month-to-month,No,Credit card (automatic),149.7,9301.86,Yes,2024-11-11
4670-FIVQO,Female,0,Yes,No,24,Yes,Yes,Fiber optic,Yes,Yes,Yes,No,Yes,Yes,Month-to-month,No,Mailed check,210.84,5042.12,Yes,2024-11-11
5639-LSPVN,Female,1,No,No,30,No,No phone service,DSL,Yes,Yes,Yes,No,Yes,No,One year,Yes,Mailed check,104.0,3091.31,No,2024-11-11
9216-NFSNH,Male,0,No,No,46,Yes,Yes,DSL,Yes,No,No,Yes,Yes,Yes,One year,No,Bank transfer (automatic),136.27,6189.74,Yes,2024-11-11
8448-ZBZRZ,Female,0,Yes,Yes,26,No,No phone service,No,No internet service,No internet service,No internet service,No internet service,No internet service,No internet service,One year,No,Electronic check,18.5,472.67,Yes,2024-11-11
2661-CKNRJ,Female,0,No,No,27,Yes,No,DSL,Yes,Yes,No,No,Yes,No,One year,Yes,Electronic check,106.56,2811.67,No,2024-11-11
8624-PUYNR,Male,0,No,No,47,Yes,No,DSL,No,Yes,No,Yes,No,Yes,One year,Yes,Mailed check,118.91,5472.16,No,2024-11-11
3954-VELEU,Male,0,Yes,No,46,Yes,No,Fiber optic,Yes,No,No,Yes,Yes,Yes,Two year,Yes,Electronic check,147.89,6688.36,Yes,2024-11-11
8472-PLRTE,Female,1,No,Yes,52,Yes,No,No,No internet service,No internet service,No internet service,No internet service,No internet service,No internet service,One year,No,Credit card (automatic),39.17,1993.25,No,2024-11-11
2189-JFEWP,Male,0,No,No,44,Yes,Yes,Fiber optic,No,No,No,No,Yes,No,Month-to-month,No,Mailed check,151.08,6670.8,Yes,2024-11-11
4754-GUISD,Male,0,Yes,No,37,Yes,No,No,No internet service,No internet service,No internet service,No internet service,No internet service,No internet service,Month-to-month,No,Bank transfer (automatic),39.57,1421.01,Yes,2024-11-11
8049-KFIZC,Male,0,No,No,48,Yes,Yes,Fiber optic,Yes,No,Yes,No,Yes,No,One year,Yes,Bank transfer (automatic),157.74,7430.6,No,2024-11-11
8174-KXSMD,Female,0,No,No,19,Yes,No,DSL,Yes,Yes,No,No,Yes,No,One year,No,Credit card (automatic),123.25,2360.56,Yes,2024-11-11
7151-RYJDE,Female,0,No,No,9,Yes,No,Fiber optic,Yes,No,Yes,Yes,Yes,Yes,Month-to-month,Yes,Bank transfer (automatic),181.09,1628.97,No,2024-11-11
1518-DUUFG,Female,0,Yes,No,40,Yes,Yes,DSL,No,Yes,No,No,Yes,Yes,Two year,Yes,Credit card (automatic),125.52,5083.28,Yes,2024-11-11
7100-WEXWL,Female,1,No,No,48,Yes,Yes,Fiber optic,No,Yes,Yes,No,Yes,Yes,One year,No,Credit card (automatic),183.69,8970.37,Yes,2024-11-11
4100-RTCXS,Female,0,Yes,Yes,37,Yes,Yes,No,No internet service,No internet service,No internet service,No internet service,No internet service,No internet service,Month-to-month,Yes,Bank transfer (automatic),72.49,2660.13,No,2024-11-11
4759-OSXTI,Female,0,Yes,No,27,Yes,Yes,DSL,No,No,No,Yes,No,No,Month-to-month,Yes,Credit card (automatic),123.65,3425.21,Yes,2024-11-11
5590-NPLLX,Male,0,Yes,No,10,Yes,No,DSL,No,No,No,No,Yes,No,Month-to-month,Yes,Bank transfer (automatic),98.42,993.5,Yes,2024-11-11
6567-GZTMX,Female,0,Yes,Yes,26,Yes,Yes,No,No internet service,No internet service,No internet service,No internet service,No internet service,No internet service,One year,Yes,Electronic check,55.14,1434.31,Yes,2024-11-11
3059-KHUCN,Female,0,Yes,Yes,59,Yes,Yes,Fiber optic,Yes,Yes,No,Yes,Yes,Yes,One year,Yes,Credit card (automatic),200.5,11733.97,Yes,2024-11-11
8591-GKFLI,Female,0,Yes,No,32,Yes,No,Fiber optic,Yes,Yes,Yes,Yes,Yes,Yes,Month-to-month,Yes,Bank transfer (automatic),189.87,5969.46,Yes,2024-11-11
2915-WLOGE,Male,0,Yes,No,45,Yes,No,Fiber optic,Yes,Yes,No,No,Yes,No,Month-to-month,Yes,Credit card (automatic),167.49,7601.19,Yes,2024-11-11
6533-TMZJG,Female,0,Yes,No,22,Yes,Yes,DSL,No,No,Yes,Yes,No,Yes,Month-to-month,Yes,Electronic check,146.58,3263.44,Yes,2024-11-11
6127-DIUOE,Female,0,Yes,Yes,55,Yes,No,DSL,No,Yes,Yes,No,Yes,Yes,Month-to-month,No,Credit card (automatic),118.05,6327.02,Yes,2024-11-11
2696-JBAEG,Male,0,No,Yes,47,Yes,Yes,Fiber optic,No,Yes,Yes,Yes,Yes,Yes,One year,No,Bank transfer (automatic),185.23,8618.61,No,2024-11-11
6296-PPEOV,Female,0,No,No,33,Yes,No,Fiber optic,No,No,No,No,Yes,No,Two year,Yes,Mailed check,128.08,4115.63,No,2024-11-11
1727-FNCJM,Male,0,No,No,53,Yes,Yes,DSL,Yes,No,Yes,No,No,Yes,One year,Yes,Electronic check,124.87,6499.78,Yes,2024-11-11
9278-GSFRC,Male,0,Yes,Yes,37,No,No phone service,Fiber optic,Yes,No,Yes,No,No,Yes,One year,Yes,Electronic check,130.36,4958.78,Yes,2024-11-11
9366-ACZAD,Female,0,Yes,No,56,Yes,Yes,DSL,Yes,No,No,No,No,Yes,Two year,No,Bank transfer (automatic),122.46,6850.73,No,2024-11-11
2543-LEROB,Male,0,Yes,No,40,Yes,Yes,Fiber optic,No,Yes,Yes,No,Yes,Yes,Month-to-month,Yes,Bank transfer (automatic),184.12,7490.65,Yes,2024-11-11
5205-RMIVI,Female,0,No,No,58,Yes,Yes,Fiber optic,Yes,Yes,No,Yes,Yes,No,Month-to-month,Yes,Mailed check,195.88,11100.55,Yes,2024-11-11
4055-ZJEEY,Female,0,No,No,37,Yes,Yes,DSL,Yes,No,No,No,Yes,Yes,Month-to-month,Yes,Mailed check,151.25,5545.46,Yes,2024-11-11
8443-ZFXKO,Male,0,Yes,No,26,Yes,No,Fiber optic,Yes,No,Yes,No,Yes,No,Two year,Yes,Credit card (automatic),143.45,3666.84,No,2024-11-11
9447-QYWAG,Male,0,Yes,No,44,No,No phone service,Fiber optic,No,Yes,Yes,Yes,Yes,Yes,Two year,No,Credit card (automatic),130.65,5595.54,No,2024-11-11
9198-NUQBW,Female,0,No,No,2,No,No phone service,DSL,No,Yes,No,No,Yes,No,One year,Yes,Mailed check,81.62,158.39,Yes,2024-11-11
7696-MVEZW,Male,0,No,Yes,33,Yes,Yes,No,No internet service,No internet service,No internet service,No internet service,No internet service,No internet service,One year,Yes,Credit card (automatic),64.46,2189.08,No,2024-11-11
8542-GEBYE,Female,0,No,No,41,Yes,No,Fiber optic,Yes,Yes,No,No,Yes,No,Month-to-month,Yes,Bank transfer (automatic),154.47,6283.63,Yes,2024-11-11
1233-AICCE,Male,0,Yes,No,28,Yes,No,Fiber optic,No,No,Yes,No,Yes,Yes,One year,No,Credit card (automatic),158.07,4335.17,No,2024-11-12
1962-EDXMC,Female,0,Yes,Yes,55,Yes,No,Fiber optic,No,No,Yes,No,Yes,Yes,Two year,Yes,Electronic check,142.37,7978.1,Yes,2024-11-12
5806-ZYPMS,Female,1,Yes,No,42,Yes,Yes,DSL,No,No,No,No,Yes,No,Two year,No,Bank transfer (automatic),106.94,4615.39,Yes,2024-11-12
3571-CDFXA,Female,0,Yes,No,23,Yes,Yes,DSL,Yes,No,No,No,Yes,Yes,Month-to-month,Yes,Electronic check,146.37,3402.53,Yes,2024-11-12
7502-CTSLY,Male,0,Yes,Yes,8,Yes,Yes,DSL,Yes,No,Yes,No,Yes,No,Month-to-month,No,Bank transfer (automatic),147.28,1173.64,Yes,2024-11-12
7883-JHBGJ,Female,0,Yes,Yes,32,Yes,Yes,DSL,No,No,No,No,Yes,Yes,One year,Yes,Mailed check,133.74,4323.06,No,2024-11-12
4337-QQVQU,Male,0,Yes,No,11,Yes,No,Fiber optic,Yes,Yes,No,Yes,No,No,One year,Yes,Credit card (automatic),158.51,1711.09,No,2024-11-12
9862-FGONM,Female,0,Yes,No,30,Yes,No,Fiber optic,Yes,No,No,Yes,Yes,Yes,Month-to-month,No,Credit card (automatic),174.77,5350.65,Yes,2024-11-12
8402-MKYKY,Male,0,Yes,Yes,45,Yes,Yes,DSL,Yes,Yes,No,No,No,Yes,Two year,Yes,Credit card (automatic),126.5,5657.36,Yes,2024-11-12
7815-ENNKA,Female,0,Yes,Yes,41,Yes,Yes,No,No internet service,No internet service,No internet service,No internet service,No internet service,No internet service,Month-to-month,Yes,Credit card (automatic),65.78,2628.26,Yes,2024-11-12
9672-TBNVI,Female,1,Yes,No,23,Yes,No,No,No internet service,No internet service,No internet service,No internet service,No internet service,No internet service,Month-to-month,No,Electronic check,32.26,743.21,Yes,2024-11-12
2285-BPXPK,Male,0,Yes,No,49,Yes,Yes,DSL,Yes,No,Yes,No,Yes,Yes,Month-to-month,Yes,Credit card (automatic),145.51,6989.09,Yes,2024-11-12
4194-KSYEG,Female,0,No,No,63,Yes,No,No,No internet service,No internet service,No internet service,No internet service,No internet service,No internet service,One year,Yes,Mailed check,43.46,2805.14,Yes,2024-11-12
3406-VQPIL,Male,0,No,No,31,Yes,Yes,DSL,No,No,Yes,Yes,Yes,No,One year,Yes,Credit card (automatic),138.94,4410.9,No,2024-11-12
6464-SEAAW,Female,0,No,No,36,Yes,Yes,Fiber optic,No,No,No,No,Yes,Yes,One year,No,Credit card (automatic),163.91,6056.63,No,2024-11-12
3338-LNDYG,Male,0,Yes,No,35,Yes,No,No,No internet service,No internet service,No internet service,No internet service,No internet service,No internet service,Month-to-month,Yes,Bank transfer (automatic),44.43,1555.54,Yes,2024-11-12
8532-MVGFG,Female,0,No,Yes,30,Yes,No,No,No internet service,No internet service,No internet service,No internet service,No internet service,No internet service,Month-to-month,Yes,Credit card (automatic),45.96,1419.01,Yes,2024-11-12
6627-KUAMV,Male,0,Yes,No,29,Yes,Yes,Fiber optic,No,Yes,Yes,No,Yes,Yes,One year,Yes,Electronic check,182.75,5450.27,No,2024-11-12
7283-QOZFA,Female,0,Yes,Yes,41,Yes,Yes,Fiber optic,No,No,No,Yes,Yes,Yes,One year,No,Bank transfer (automatic),162.89,6874.3,Yes,2024-11-12
2208-JIGVS,Female,0,Yes,Yes,18,No,No phone service,Fiber optic,No,Yes,Yes,Yes,Yes,Yes,One year,No,Mailed check,146.89,2703.92,No,2024-11-12
2647-NOISG,Male,0,Yes,No,59,Yes,No,DSL,No,No,Yes,Yes,Yes,Yes,Two year,Yes,Credit card (automatic),117.35,7045.95,Yes,2024-11-12
8968-MQXZR,Male,0,No,No,33,Yes,No,DSL,No,Yes,Yes,No,Yes,Yes,Two year,No,Credit card (automatic),121.56,3944.42,Yes,2024-11-12
8412-VXGWK,Male,0,Yes,No,46,Yes,Yes,Fiber optic,No,Yes,No,No,Yes,Yes,One year,Yes,Credit card (automatic),172.2,7859.32,No,2024-11-12
9410-QJVYD,Female,0,No,No,23,Yes,Yes,Fiber optic,Yes,Yes,Yes,No,Yes,Yes,One year,No,Credit card (automatic),193.81,4372.13,No,2024-11-12
8672-WXDXV,Female,0,Yes,No,21,Yes,No,Fiber optic,No,Yes,Yes,No,Yes,Yes,One year,Yes,Credit card (automatic),162.21,3492.74,No,2024-11-12
2146-GEWDQ,Male,0,Yes,No,17,Yes,No,DSL,No,Yes,No,No,No,Yes,One year,Yes,Bank transfer (automatic),104.86,1832.93,No,2024-11-12
8041-BVHWJ,Female,0,No,No,22,Yes,No,Fiber optic,Yes,Yes,Yes,No,Yes,Yes,Month-to-month,Yes,Mailed check,181.81,3929.48,Yes,2024-11-12
3876-SYCKU,Female,0,Yes,No,18,Yes,No,DSL,Yes,Yes,No,No,Yes,No,Month-to-month,Yes,Bank transfer (automatic),128.09,2346.15,No,2024-11-12
8198-PKZQU,Male,0,Yes,No,43,Yes,Yes,Fiber optic,Yes,No,Yes,Yes,Yes,Yes,One year,No,Electronic check,186.08,8083.96,Yes,2024-11-12
5283-OJHWT,Female,0,Yes,Yes,28,Yes,Yes,Fiber optic,No,No,No,No,Yes,No,Month-to-month,No,Bank transfer (automatic),163.22,4549.36,No,2024-11-12
4112-XCTTO,Female,0,Yes,No,13,Yes,No,Fiber optic,No,Yes,No,No,Yes,Yes,Month-to-month,Yes,Credit card (automatic),169.18,2196.45,Yes,2024-11-12
6811-QBXWB,Male,0,Yes,No,48,Yes,Yes,Fiber optic,Yes,No,Yes,No,Yes,Yes,Month-to-month,Yes,Electronic check,192.14,9277.63,No,2024-11-12
3691-QJLDX,Male,0,Yes,No,33,Yes,Yes,DSL,No,Yes,No,Yes,Yes,Yes,Two year,Yes,Mailed check,122.19,3990.07,Yes,2024-11-12
5574-ILUTQ,Male,0,Yes,No,12,Yes,No,DSL,No,Yes,Yes,No,Yes,Yes,Month-to-month,No,Bank transfer (automatic),145.92,1712.71,No,2024-11-12
8339-LZZQO,Male,0,No,Yes,45,Yes,Yes,Fiber optic,No,No,No,No,Yes,No,Month-to-month,Yes,Bank transfer (automatic),156.49,7238.41,Yes,2024-11-12
1176-ARVXC,Male,0,Yes,Yes,59,Yes,Yes,DSL,No,No,No,Yes,Yes,No,Two year,No,Credit card (automatic),116.12,6687.82,No,2024-11-12
5016-CPVPI,Male,0,Yes,Yes,31,Yes,No,No,No internet service,No internet service,No internet service,No internet service,No internet service,No internet service,Month-to-month,Yes,Mailed check,42.42,1350.05,No,2024-11-12
7877-QQEVQ,Male,0,Yes,Yes,58,Yes,Yes,DSL,Yes,Yes,Yes,Yes,Yes,Yes,One year,Yes,Mailed check,158.74,9012.58,No,2024-11-12
6270-RATNY,Female,0,Yes,No,16,Yes,Yes,No,No internet service,No internet service,No internet service,No internet service,No internet service,No internet service,Two year,Yes,Mailed check,53.12,835.63,Yes,2024-11-12
9948-PWWWC,Male,0,Yes,No,9,Yes,Yes,DSL,No,Yes,Yes,Yes,Yes,Yes,One year,Yes,Bank transfer (automatic),145.23,1300.34,No,2024-11-13
5846-KLSTY,Female,0,No,No,46,Yes,No,Fiber optic,No,Yes,Yes,Yes,Yes,No,Month-to-month,No,Bank transfer (automatic),178.7,8052.87,Yes,2024-11-13
8905-YRNUY,Female,0,No,No,31,Yes,Yes,Fiber optic,Yes,Yes,Yes,Yes,Yes,Yes,Month-to-month,Yes,Electronic check,212.05,6518.22,Yes,2024-11-13
4041-PVZAM,Female,0,Yes,No,54,Yes,Yes,Fiber optic,No,No,No,No,Yes,No,Month-to-month,Yes,Bank transfer (automatic),157.62,8693.45,Yes,2024-11-13
1360-TCPXV,Female,1,No,No,28,Yes,Yes,Fiber optic,Yes,No,No,No,Yes,Yes,Month-to-month,Yes,Bank transfer (automatic),181.28,5007.73,Yes,2024-11-13
8862-OJJUD,Female,0,No,Yes,41,Yes,Yes,Fiber optic,Yes,No,No,No,Yes,Yes,Month-to-month,Yes,Credit card (automatic),177.05,7160.2,No,2024-11-13
5789-YFDPE,Male,0,No,No,51,Yes,No,No,No internet service,No internet service,No internet service,No internet service,No internet service,No internet service,Two year,Yes,Credit card (automatic),39.03,2041.59,No,2024-11-13
5564-WFYZZ,Male,1,No,No,29,Yes,Yes,Fiber optic,No,Yes,No,No,Yes,Yes,Month-to-month,No,Bank transfer (automatic),185.36,5256.8,Yes,2024-11-13
9973-SWSBM,Male,0,Yes,No,21,Yes,No,No,No internet service,No internet service,No internet service,No internet service,No internet service,No internet service,One year,No,Bank transfer (automatic),40.85,858.03,Yes,2024-11-13
4592-IPGMB,Male,0,Yes,No,48,Yes,No,Fiber optic,No,Yes,No,No,Yes,Yes,Two year,Yes,Credit card (automatic),140.94,6946.72,Yes,2024-11-13
8595-QMDAQ,Female,0,No,No,17,Yes,Yes,Fiber optic,No,No,Yes,No,Yes,No,Month-to-month,No,Bank transfer (automatic),170.48,2920.24,No,2024-11-13
2630-VCIYU,Male,1,No,No,58,Yes,Yes,Fiber optic,No,Yes,No,No,No,Yes,One year,Yes,Mailed check,159.91,9308.32,No,2024-11-13
8944-FHVLL,Female,0,Yes,No,27,Yes,No,Fiber optic,No,Yes,Yes,Yes,Yes,Yes,Month-to-month,Yes,Electronic check,181.48,4820.4,Yes,2024-11-13
3331-IHJDV,Male,0,No,No,38,Yes,Yes,Fiber optic,Yes,No,No,Yes,Yes,No,Two year,Yes,Bank transfer (automatic),166.17,6278.78,No,2024-11-13
8300-GLYQW,Male,0,Yes,No,39,Yes,No,Fiber optic,No,Yes,No,No,Yes,Yes,Two year,Yes,Bank transfer (automatic),132.18,5078.81,No,2024-11-13
2361-DTNQS,Female,0,Yes,Yes,19,Yes,No,Fiber optic,Yes,No,No,No,Yes,Yes,One year,Yes,Credit card (automatic),153.93,2888.26,No,2024-11-13
7494-ECEYP,Female,0,No,No,38,Yes,No,No,No internet service,No internet service,No internet service,No internet service,No internet service,No internet service,One year,Yes,Credit card (automatic),39.76,1550.12,No,2024-11-13
1957-PKDRZ,Female,1,Yes,No,13,Yes,Yes,Fiber optic,Yes,Yes,Yes,No,Yes,Yes,Month-to-month,No,Bank transfer (automatic),191.89,2483.62,Yes,2024-11-13
5390-QJFEE,Male,0,Yes,No,29,Yes,No,Fiber optic,No,No,Yes,No,Yes,No,One year,Yes,Electronic check,148.49,4301.07,Yes,2024-11-13
5828-COZQM,Male,0,Yes,No,29,Yes,Yes,Fiber optic,No,No,Yes,Yes,Yes,Yes,Month-to-month,Yes,Credit card (automatic),186.36,5252.26,Yes,2024-11-13
3664-UNWEB,Female,0,Yes,Yes,9,Yes,No,DSL,Yes,No,Yes,Yes,Yes,Yes,Month-to-month,Yes,Credit card (automatic),136.63,1215.79,Yes,2024-11-13
5426-LUYDY,Male,0,No,No,39,Yes,No,Fiber optic,No,Yes,No,Yes,Yes,Yes,Month-to-month,No,Mailed check,165.87,6404.02,Yes,2024-11-13
1919-SBUZC,Female,0,No,No,24,Yes,No,Fiber optic,No,Yes,Yes,Yes,Yes,Yes,Month-to-month,Yes,Credit card (automatic),180.62,4305.92,Yes,2024-11-13
7908-VJVAB,Female,0,No,Yes,26,Yes,Yes,Fiber optic,No,No,No,No,Yes,Yes,Two year,No,Bank transfer (automatic),147.72,3932.08,No,2024-11-13
3485-HKQBF,Female,0,No,No,45,Yes,Yes,DSL,No,Yes,No,No,Yes,Yes,Month-to-month,Yes,Bank transfer (automatic),140.4,6350.08,Yes,2024-11-13
6629-HOFBA,Female,0,Yes,No,32,No,No phone service,DSL,Yes,No,Yes,Yes,Yes,No,One year,Yes,Electronic check,104.14,3251.84,No,2024-11-13
6269-TXLZL,Female,0,No,No,54,Yes,No,DSL,Yes,No,Yes,Yes,Yes,Yes,One year,No,Electronic check,138.85,7449.29,Yes,2024-11-13
4331-GJOIR,Male,0,No,No,54,No,No phone service,DSL,No,No,No,Yes,Yes,Yes,Month-to-month,Yes,Mailed check,103.36,5667.6,No,2024-11-13
2545-IWQEN,Female,0,No,No,53,Yes,No,Fiber optic,No,Yes,Yes,No,Yes,Yes,Month-to-month,No,Mailed check,167.25,8619.72,Yes,2024-11-13
6474-LLWHA,Female,0,No,Yes,38,Yes,Yes,No,No internet service,No internet service,No internet service,No internet service,No internet service,No internet service,Month-to-month,No,Credit card (automatic),64.21,2419.14,No,2024-11-13
2670-ZBTTC,Male,0,No,No,38,Yes,Yes,DSL,No,No,No,Yes,No,Yes,One year,No,Credit card (automatic),135.67,5265.97,No,2024-11-13
3672-KOUVH,Female,0,No,No,48,Yes,No,Fiber optic,No,Yes,No,No,Yes,Yes,Month-to-month,No,Credit card (automatic),147.32,7280.94,Yes,2024-11-13
4640-OMAYB,Male,0,Yes,Yes,50,Yes,No,Fiber optic,No,Yes,Yes,No,Yes,Yes,Two year,Yes,Electronic check,149.13,7238.4,No,2024-11-13
8285-VVGCO,Female,0,Yes,No,46,Yes,Yes,Fiber optic,No,Yes,Yes,Yes,No,Yes,Month-to-month,No,Bank transfer (automatic),196.07,8969.42,Yes,2024-11-13
8680-LGULR,Female,0,Yes,No,22,Yes,Yes,Fiber optic,No,Yes,Yes,No,Yes,No,Month-to-month,Yes,Bank transfer (automatic),188.93,4270.86,Yes,2024-11-13
1383-VELKG,Male,0,Yes,No,32,Yes,Yes,Fiber optic,Yes,Yes,Yes,No,Yes,No,One year,Yes,Credit card (automatic),181.09,5896.61,No,2024-11-13
8705-NQJCY,Female,0,Yes,No,45,Yes,Yes,Fiber optic,Yes,Yes,Yes,No,No,Yes,Month-to-month,Yes,Mailed check,189.38,8688.38,No,2024-11-13
5225-PVQPL,Female,0,No,No,47,Yes,Yes,Fiber optic,Yes,No,No,No,Yes,Yes,One year,Yes,Bank transfer (automatic),180.16,8418.29,Yes,2024-11-13
5843-QFWWV,Female,0,Yes,No,48,Yes,No,Fiber optic,No,Yes,Yes,Yes,No,Yes,One year,Yes,Electronic check,166.55,8011.87,Yes,2024-11-13
2431-NIFCO,Male,0,Yes,No,17,Yes,Yes,Fiber optic,Yes,Yes,Yes,No,Yes,Yes,Month-to-month,No,Bank transfer (automatic),199.02,3300.7,Yes,2024-11-13
5741-CIEDP,Male,0,Yes,Yes,49,Yes,Yes,No,No internet service,No internet service,No internet service,No internet service,No internet service,No internet service,Month-to-month,Yes,Credit card (automatic),74.37,3652.15,No,2024-11-13
6442-MBUFI,Female,0,Yes,No,35,Yes,No,Fiber optic,No,Yes,Yes,Yes,Yes,Yes,Month-to-month,Yes,Bank transfer (automatic),187.71,6723.71,Yes,2024-11-13
7611-ETEJR,Female,0,Yes,No,40,No,No phone service,Fiber optic,No,Yes,No,Yes,Yes,No,Month-to-month,No,Mailed check,149.95,5985.66,No,2024-11-13
6009-POAPZ,Male,0,Yes,No,12,Yes,No,DSL,Yes,Yes,Yes,No,No,Yes,Month-to-month,Yes,Credit card (automatic),136.46,1677.96,Yes,2024-11-13
5604-CAKDX,Female,1,Yes,Yes,49,No,No phone service,Fiber optic,No,Yes,Yes,No,No,Yes,Two year,Yes,Bank transfer (automatic),117.08,5887.39,No,2024-11-13
4403-YUSMT,Female,0,Yes,Yes,37,Yes,No,No,No internet service,No internet service,No internet service,No internet service,No internet service,No internet service,One year,No,Mailed check,34.8,1313.72,Yes,2024-11-13
8260-VRIHW,Male,0,Yes,No,13,Yes,Yes,Fiber optic,Yes,No,Yes,Yes,Yes,Yes,Month-to-month,No,Electronic check,211.93,2758.68,Yes,2024-11-13
7516-HGFMB,Female,0,Yes,No,23,Yes,Yes,DSL,Yes,No,No,Yes,No,Yes,Month-to-month,No,Bank transfer (automatic),153.0,3471.88,Yes,2024-11-13
1507-KXABI,Male,0,Yes,No,16,Yes,No,Fiber optic,No,Yes,No,Yes,Yes,Yes,One year,Yes,Credit card (automatic),174.39,2742.15,Yes,2024-11-13
8957-DKHQZ,Female,0,Yes,No,26,Yes,No,DSL,No,Yes,No,Yes,Yes,No,Month-to-month,Yes,Credit card (automatic),126.56,3330.66,Yes,2024-11-14
7042-IZINY,Male,0,Yes,No,41,Yes,Yes,Fiber optic,No,No,No,Yes,Yes,Yes,Two year,Yes,Bank transfer (automatic),159.95,6471.16,Yes,2024-11-14
3087-TFHYA,Female,0,No,No,42,Yes,No,Fiber optic,Yes,Yes,No,Yes,No,Yes,Month-to-month,No,Credit card (automatic),177.7,7324.04,No,2024-11-14
4053-QSRDM,Male,0,Yes,No,25,Yes,No,Fiber optic,No,No,Yes,No,Yes,Yes,One year,Yes,Mailed check,160.77,4122.09,No,2024-11-14
2092-OOFLK,Female,0,No,No,14,Yes,Yes,DSL,No,No,Yes,Yes,No,Yes,Month-to-month,Yes,Credit card (automatic),156.85,2163.94,Yes,2024-11-14
1865-PLMXV,Female,0,No,No,54,Yes,Yes,No,No internet service,No internet service,No internet service,No internet service,No internet service,No internet service,One year,Yes,Electronic check,55.17,2937.82,No,2024-11-14
2241-PJDDN,Male,0,Yes,No,3,Yes,No,DSL,No,Yes,Yes,Yes,Yes,Yes,Two year,Yes,Electronic check,118.79,362.22,No,2024-11-14
3954-DLKIE,Female,0,No,Yes,23,Yes,Yes,Fiber optic,No,No,Yes,No,Yes,Yes,Month-to-month,Yes,Mailed check,179.21,4198.57,Yes,2024-11-14
8463-CWCMI,Male,0,Yes,Yes,40,Yes,No,No,No internet service,No internet service,No internet service,No internet service,No internet service,No internet service,One year,Yes,Mailed check,41.48,1640.5,No,2024-11-14
7965-RQHJU,Male,0,No,No,35,Yes,No,No,No internet service,No internet service,No internet service,No internet service,No internet service,No internet service,One year,Yes,Credit card (automatic),47.4,1639.5,No,2024-11-14
7334-EITPF,Male,0,Yes,No,15,Yes,Yes,No,No internet service,No internet service,No internet service,No internet service,No internet service,No internet service,Two year,No,Electronic check,44.3,674.99,Yes,2024-11-14
4952-YBORC,Male,0,No,No,28,Yes,Yes,Fiber optic,Yes,No,No,No,Yes,Yes,One year,Yes,Mailed check,170.04,4782.22,No,2024-11-14
1579-NRUZD,Female,0,No,No,59,Yes,No,Fiber optic,Yes,Yes,Yes,Yes,Yes,No,One year,Yes,Mailed check,163.66,9552.46,No,2024-11-14
3375-XQHXR,Male,1,Yes,No,46,No,No phone service,Fiber optic,Yes,No,No,No,Yes,No,Month-to-month,Yes,Bank transfer (automatic),129.29,5795.38,No,2024-11-14
3897-XKZGB,Female,0,Yes,Yes,10,Yes,No,Fiber optic,Yes,No,Yes,No,Yes,Yes,Two year,No,Credit card (automatic),150.68,1503.98,No,2024-11-14
4567-OWYHU,Male,1,Yes,No,20,Yes,No,Fiber optic,No,Yes,Yes,No,Yes,Yes,One year,Yes,Mailed check,165.87,3242.99,No,2024-11-14
7711-FFZSZ,Female,0,Yes,No,32,Yes,Yes,Fiber optic,No,Yes,No,Yes,No,Yes,Month-to-month,Yes,Credit card (automatic),190.61,6199.59,Yes,2024-11-14
3376-GAAAG,Female,0,Yes,Yes,23,Yes,Yes,Fiber optic,Yes,Yes,No,No,Yes,Yes,One year,No,Credit card (automatic),177.65,4166.97,No,2024-11-14
7006-BXEFM,Male,0,No,No,40,Yes,No,DSL,Yes,Yes,Yes,No,Yes,Yes,One year,Yes,Electronic check,133.81,5326.59,Yes,2024-11-14
8643-WDWEZ,Female,0,Yes,No,45,Yes,No,Fiber optic,No,No,Yes,Yes,Yes,Yes,One year,No,Mailed check,162.82,7313.82,Yes,2024-11-14
9807-XJTSD,Male,1,No,No,40,Yes,No,DSL,Yes,Yes,No,No,No,Yes,One year,Yes,Mailed check,111.19,4385.67,No,2024-11-14
6752-XVTJL,Male,0,Yes,No,44,Yes,Yes,Fiber optic,No,No,No,No,Yes,No,Month-to-month,No,Mailed check,159.45,7151.25,No,2024-11-14
9598-LQXEZ,Female,0,Yes,No,27,Yes,No,Fiber optic,No,Yes,No,No,No,Yes,Two year,Yes,Electronic check,143.9,3952.39,No,2024-11-14
7973-KQEBH,Female,0,Yes,No,19,Yes,No,DSL,Yes,No,Yes,No,Yes,Yes,Month-to-month,No,Electronic check,129.41,2472.56,Yes,2024-11-14
9504-UAKIU,Male,0,Yes,Yes,31,Yes,Yes,Fiber optic,Yes,Yes,Yes,Yes,No,Yes,Month-to-month,No,Bank transfer (automatic),205.51,6396.45,Yes,2024-11-14
5540-UTWSE,Male,0,No,No,5,Yes,Yes,Fiber optic,Yes,Yes,Yes,Yes,Yes,No,One year,No,Mailed check,185.46,919.33,Yes,2024-11-14
5742-RXWOA,Female,0,Yes,No,52,Yes,Yes,Fiber optic,Yes,No,Yes,No,Yes,Yes,Month-to-month,Yes,Electronic check,194.32,10328.19,Yes,2024-11-14
5709-DGWJU,Female,0,Yes,No,49,Yes,Yes,Fiber optic,Yes,No,No,No,No,Yes,Month-to-month,Yes,Mailed check,174.66,8643.28,Yes,2024-11-14
1105-DHEPX,Male,0,Yes,No,44,Yes,No,Fiber optic,No,No,Yes,No,Yes,Yes,Two year,No,Mailed check,145.54,6465.68,Yes,2024-11-14
1041-DDFGG,Female,0,Yes,No,44,Yes,Yes,Fiber optic,Yes,No,No,No,Yes,Yes,Month-to-month,Yes,Credit card (automatic),181.04,8149.28,Yes,2024-11-14
5260-BUNIH,Male,0,Yes,No,44,Yes,Yes,Fiber optic,No,No,Yes,Yes,Yes,No,One year,Yes,Mailed check,174.24,7635.18,No,2024-11-14
5603-FZGOH,Female,0,No,No,52,No,No phone service,No,No internet service,No internet service,No internet service,No internet service,No internet service,No internet service,One year,Yes,Credit card (automatic),20.88,1100.25,Yes,2024-11-14
7026-SCCGM,Male,0,Yes,No,57,Yes,Yes,No,No internet service,No internet service,No internet service,No internet service,No internet service,No internet service,One year,Yes,Bank transfer (automatic),55.7,3161.05,Yes,2024-11-14
1866-UBLAE,Female,0,Yes,No,31,Yes,No,Fiber optic,No,No,Yes,No,No,No,Month-to-month,Yes,Electronic check,142.39,4496.13,Yes,2024-11-14
7659-MKSRT,Female,0,Yes,No,19,Yes,No,DSL,No,Yes,No,No,Yes,Yes,One year,Yes,Bank transfer (automatic),127.32,2487.87,No,2024-11-14
1593-XPBAK,Female,0,Yes,No,31,Yes,Yes,Fiber optic,No,No,Yes,Yes,Yes,Yes,Two year,Yes,Electronic check,166.25,5277.38,No,2024-11-14
3654-QRUEG,Female,0,No,No,28,Yes,No,DSL,Yes,Yes,Yes,No,Yes,Yes,Month-to-month,Yes,Electronic check,147.35,4072.15,Yes,2024-11-15
1815-JRLEB,Male,0,No,No,36,Yes,Yes,DSL,Yes,Yes,No,Yes,Yes,Yes,One year,Yes,Bank transfer (automatic),138.04,4881.19,No,2024-11-15
2781-WJUIA,Female,0,No,Yes,33,Yes,Yes,Fiber optic,Yes,Yes,Yes,No,Yes,Yes,Month-to-month,No,Mailed check,201.52,6500.75,No,2024-11-15
8432-QWYYT,Female,0,No,No,15,Yes,Yes,DSL,Yes,Yes,Yes,No,Yes,No,One year,Yes,Mailed check,143.22,2202.44,No,2024-11-15
3990-IIJKW,Female,0,No,No,38,Yes,Yes,No,No internet service,No internet service,No internet service,No internet service,No internet service,No internet service,One year,No,Credit card (automatic),68.67,2549.76,No,2024-11-15
8778-TDHGN,Male,1,Yes,Yes,61,Yes,No,Fiber optic,No,Yes,No,No,Yes,Yes,Month-to-month,Yes,Mailed check,168.67,10407.12,Yes,2024-11-15
7759-DGVZG,Male,0,No,Yes,59,Yes,No,DSL,Yes,Yes,Yes,No,Yes,Yes,Month-to-month,Yes,Electronic check,140.86,8212.84,Yes,2024-11-15
3032-VWJMM,Female,0,Yes,Yes,55,Yes,No,DSL,Yes,Yes,No,Yes,Yes,Yes,One year,Yes,Credit card (automatic),140.9,7856.94,No,2024-11-15
5260-FZQLZ,Male,0,No,Yes,35,No,No phone service,DSL,Yes,No,Yes,Yes,No,Yes,One year,No,Bank transfer (automatic),105.36,3760.55,No,2024-11-15
4629-UHOWC,Female,0,Yes,No,40,Yes,Yes,Fiber optic,Yes,Yes,No,No,Yes,Yes,Two year,Yes,Credit card (automatic),159.34,6357.63,Yes,2024-11-15
6531-OYFEX,Male,0,Yes,No,66,Yes,Yes,DSL,No,Yes,Yes,No,Yes,Yes,Month-to-month,Yes,Bank transfer (automatic),162.76,10905.92,Yes,2024-11-15
4559-AXNJH,Female,0,Yes,No,53,Yes,No,No,No internet service,No internet service,No internet service,No internet service,No internet service,No internet service,One year,No,Bank transfer (automatic),36.7,1890.11,No,2024-11-15
8598-AJKWM,Male,0,Yes,Yes,36,Yes,Yes,Fiber optic,Yes,No,No,No,No,No,One year,Yes,Bank transfer (automatic),149.51,5310.57,No,2024-11-15
4035-IXWYR,Male,0,No,No,12,Yes,Yes,Fiber optic,Yes,Yes,Yes,Yes,No,Yes,One year,Yes,Credit card (automatic),190.36,2301.02,No,2024-11-15
2316-PXEZE,Female,0,Yes,Yes,23,Yes,Yes,No,No internet service,No internet service,No internet service,No internet service,No internet service,No internet service,One year,Yes,Credit card (automatic),65.3,1498.49,No,2024-11-15
7712-SESGT,Female,0,Yes,No,7,Yes,Yes,Fiber optic,Yes,Yes,Yes,Yes,No,Yes,Two year,Yes,Bank transfer (automatic),164.31,1139.61,Yes,2024-11-15
1396-NLLFI,Male,0,No,No,57,Yes,No,Fiber optic,No,Yes,No,Yes,No,Yes,Two year,Yes,Bank transfer (automatic),129.54,7401.93,No,2024-11-15
4863-BPJXK,Male,0,Yes,No,33,Yes,No,Fiber optic,No,No,Yes,Yes,Yes,No,One year,Yes,Mailed check,163.89,5384.94,Yes,2024-11-15
3974-XXCHA,Male,0,No,No,33,Yes,Yes,Fiber optic,Yes,No,Yes,No,Yes,Yes,One year,Yes,Bank transfer (automatic),191.0,6248.91,No,2024-11-15
9586-BMPFD,Male,0,Yes,No,19,Yes,Yes,Fiber optic,Yes,Yes,Yes,No,Yes,Yes,One year,Yes,Bank transfer (automatic),201.19,3905.25,No,2024-11-15
7807-VNDJK,Female,0,Yes,No,50,Yes,No,DSL,Yes,Yes,Yes,No,Yes,Yes,Month-to-month,Yes,Credit card (automatic),151.56,7761.9,Yes,2024-11-15
8118-OPABR,Male,0,No,No,30,Yes,No,Fiber optic,No,No,Yes,No,Yes,Yes,Two year,Yes,Bank transfer (automatic),141.07,4128.02,No,2024-11-15
1017-IVHQL,Female,0,No,No,39,Yes,Yes,DSL,No,Yes,Yes,No,Yes,Yes,Month-to-month,No,Mailed check,154.25,6070.28,Yes,2024-11-15
5689-WLAQH,Male,0,No,No,61,Yes,Yes,Fiber optic,No,No,No,Yes,Yes,No,One year,Yes,Credit card (automatic),155.25,9676.7,Yes,2024-11-15
1560-KGEKQ,Female,0,No,No,10,Yes,No,Fiber optic,No,No,Yes,No,Yes,No,Two year,No,Electronic check,134.74,1376.94,Yes,2024-11-15
5186-YMGHP,Male,0,No,Yes,46,No,No phone service,No,No internet service,No internet service,No internet service,No internet service,No internet service,No internet service,Month-to-month,Yes,Electronic check,18.5,849.95,Yes,2024-11-15
4646-LMSXJ,Female,0,Yes,No,5,Yes,Yes,DSL,No,Yes,No,No,Yes,Yes,One year,Yes,Credit card (automatic),125.52,630.93,No,2024-11-15
8466-HLXLP,Male,0,Yes,No,21,Yes,No,Fiber optic,No,No,Yes,No,Yes,Yes,Two year,Yes,Bank transfer (automatic),148.62,3148.89,Yes,2024-11-15
8633-BHOBZ,Female,0,Yes,No,52,Yes,Yes,Fiber optic,Yes,Yes,Yes,No,Yes,Yes,Month-to-month,No,Electronic check,194.84,10336.94,Yes,2024-11-15
1770-WLRLG,Male,0,Yes,No,31,Yes,Yes,Fiber optic,Yes,Yes,No,No,Yes,Yes,Month-to-month,Yes,Mailed check,197.93,6143.87,Yes,2024-11-15
9651-ZRCDP,Female,0,Yes,No,22,Yes,No,DSL,Yes,Yes,Yes,No,Yes,Yes,One year,Yes,Electronic check,136.68,2984.7,Yes,2024-11-15
2636-FVRBL,Female,0,No,No,27,Yes,No,Fiber optic,Yes,No,No,No,Yes,Yes,One year,Yes,Bank transfer (automatic),157.71,4380.48,No,2024-11-15
4725-OBASJ,Male,0,Yes,No,30,Yes,Yes,No,No internet service,No internet service,No internet service,No internet service,No internet service,No internet service,One year,No,Credit card (automatic),50.45,1472.4,Yes,2024-11-15
7701-KFFHI,Male,1,Yes,No,28,Yes,No,DSL,No,No,No,No,Yes,Yes,Month-to-month,Yes,Bank transfer (automatic),110.37,3106.86,No,2024-11-15
1253-LQSJP,Female,0,Yes,No,23,Yes,Yes,Fiber optic,Yes,No,Yes,Yes,Yes,Yes,Month-to-month,Yes,Mailed check,188.04,4403.77,Yes,2024-11-15
4694-THJZQ,Female,0,Yes,Yes,19,Yes,No,Fiber optic,Yes,No,No,No,Yes,Yes,One year,Yes,Bank transfer (automatic),156.0,2932.43,No,2024-11-16
2210-KBUTI,Female,0,Yes,Yes,22,Yes,No,Fiber optic,No,Yes,No,No,No,Yes,One year,Yes,Bank transfer (automatic),139.32,2985.14,No,2024-11-16
1327-ZGTUV,Male,0,Yes,Yes,6,Yes,No,Fiber optic,No,No,Yes,Yes,Yes,No,Month-to-month,Yes,Mailed check,167.9,1009.47,No,2024-11-16
8084-GBWLR,Female,0,Yes,Yes,32,Yes,Yes,No,No internet service,No internet service,No internet service,No internet service,No internet service,No internet service,One year,Yes,Bank transfer (automatic),66.18,2120.45,Yes,2024-11-16
4700-HCHAO,Male,0,Yes,No,28,Yes,No,Fiber optic,Yes,No,No,Yes,No,No,One year,Yes,Bank transfer (automatic),141.6,3973.73,No,2024-11-16
1787-BKZVL,Female,0,No,No,39,Yes,Yes,Fiber optic,Yes,Yes,No,No,No,Yes,Two year,Yes,Credit card (automatic),161.44,6236.98,No,2024-11-16
8215-ZBEIF,Male,0,No,No,48,Yes,Yes,No,No internet service,No internet service,No internet service,No internet service,No internet service,No internet service,Two year,Yes,Credit card (automatic),55.06,2609.01,No,2024-11-16
5925-JIVXO,Male,0,Yes,No,48,Yes,No,DSL,Yes,Yes,No,Yes,No,Yes,Two year,Yes,Credit card (automatic),109.33,5137.65,No,2024-11-16
4714-LCZOP,Female,0,Yes,No,28,Yes,Yes,Fiber optic,Yes,Yes,Yes,Yes,No,Yes,One year,Yes,Electronic check,194.49,5563.25,Yes,2024-11-16
7027-JYYIR,Female,0,Yes,Yes,13,Yes,No,No,No internet service,No internet service,No internet service,No internet service,No internet service,No internet service,Two year,Yes,Bank transfer (automatic),45.82,599.2,Yes,2024-11-16
5042-WDGJX,Female,1,Yes,No,36,Yes,Yes,No,No internet service,No internet service,No internet service,No internet service,No internet service,No internet service,Month-to-month,Yes,Credit card (automatic),60.38,2235.93,Yes,2024-11-16
7983-PDRIU,Male,0,Yes,No,19,Yes,No,No,No internet service,No internet service,No internet service,No internet service,No internet service,No internet service,Month-to-month,Yes,Credit card (automatic),47.23,897.48,Yes,2024-11-16
7499-USWTV,Male,0,Yes,No,42,Yes,No,Fiber optic,Yes,Yes,No,Yes,Yes,No,Month-to-month,Yes,Mailed check,173.59,7209.53,Yes,2024-11-16
2917-THSUA,Female,0,No,No,8,Yes,No,No,No internet service,No internet service,No internet service,No internet service,No internet service,No internet service,One year,Yes,Electronic check,38.27,297.15,No,2024-11-16
8430-XKBGS,Male,1,Yes,Yes,31,Yes,Yes,DSL,Yes,Yes,No,Yes,Yes,No,Month-to-month,Yes,Credit card (automatic),155.21,4797.08,Yes,2024-11-16
4066-BNAUG,Male,0,Yes,No,35,Yes,No,Fiber optic,Yes,Yes,No,Yes,Yes,Yes,Month-to-month,Yes,Mailed check,179.52,6185.61,Yes,2024-11-16
1069-XEPUA,Female,0,Yes,No,23,No,No phone service,No,No internet service,No internet service,No internet service,No internet service,No internet service,No internet service,Month-to-month,No,Mailed check,18.5,436.15,Yes,2024-11-16
1006-NQEMA,Male,0,Yes,Yes,61,Yes,Yes,Fiber optic,Yes,Yes,No,Yes,Yes,No,Month-to-month,Yes,Bank transfer (automatic),187.86,11140.06,Yes,2024-11-16
9514-QNSOG,Male,0,No,No,4,Yes,Yes,DSL,Yes,Yes,Yes,No,Yes,Yes,Month-to-month,Yes,Mailed check,167.2,671.25,Yes,2024-11-16
1594-VYJKX,Female,1,Yes,No,9,Yes,Yes,Fiber optic,No,Yes,No,Yes,Yes,No,Month-to-month,Yes,Electronic check,185.98,1710.27,Yes,2024-11-16
4916-QOPBQ,Male,0,No,Yes,27,Yes,Yes,Fiber optic,No,Yes,No,No,Yes,Yes,Month-to-month,Yes,Credit card (automatic),187.07,5097.53,Yes,2024-11-16
5960-IURWD,Male,0,Yes,No,34,Yes,Yes,Fiber optic,No,Yes,No,Yes,Yes,Yes,One year,No,Credit card (automatic),172.96,5996.96,Yes,2024-11-16
5989-VTBHT,Male,1,Yes,Yes,24,Yes,No,DSL,No,No,Yes,No,Yes,Yes,One year,Yes,Mailed check,115.48,2721.25,No,2024-11-16
8783-RBUVS,Female,0,Yes,No,51,Yes,No,No,No internet service,No internet service,No internet service,No internet service,No internet service,No internet service,Month-to-month,Yes,Bank transfer (automatic),40.02,1993.92,Yes,2024-11-16
1098-ZZNNN,Female,0,Yes,No,53,Yes,No,DSL,Yes,No,Yes,No,Yes,Yes,Two year,No,Bank transfer (automatic),121.04,6438.67,No,2024-11-16
8310-YVGHV,Female,0,Yes,Yes,60,Yes,No,No,No internet service,No internet service,No internet service,No internet service,No internet service,No internet service,One year,No,Credit card (automatic),49.51,3016.49,No,2024-11-16
8840-UISSW,Female,0,Yes,Yes,29,Yes,No,Fiber optic,Yes,Yes,Yes,Yes,No,Yes,Two year,No,Bank transfer (automatic),152.37,4360.34,No,2024-11-16
7324-GULTH,Female,0,Yes,No,41,Yes,Yes,Fiber optic,Yes,Yes,Yes,Yes,No,Yes,One year,Yes,Electronic check,191.63,7951.44,No,2024-11-16
4983-EVAHA,Female,1,Yes,No,38,No,No phone service,Fiber optic,Yes,Yes,No,No,Yes,Yes,One year,Yes,Electronic check,139.65,5261.1,No,2024-11-16
3281-HPSUD,Male,0,No,No,18,Yes,No,Fiber optic,No,Yes,Yes,No,Yes,Yes,Month-to-month,Yes,Bank transfer (automatic),179.14,3256.93,Yes,2024-11-16
8603-NVIGO,Male,0,Yes,No,60,Yes,Yes,DSL,Yes,Yes,Yes,Yes,Yes,Yes,Month-to-month,Yes,Electronic check,170.12,10239.9,Yes,2024-11-16
1784-HELWC,Male,0,Yes,No,17,Yes,No,Fiber optic,No,No,No,Yes,Yes,Yes,One year,No,Mailed check,155.6,2697.14,Yes,2024-11-16
4807-NUTUO,Female,0,Yes,No,33,Yes,Yes,Fiber optic,No,Yes,Yes,Yes,Yes,Yes,Month-to-month,No,Mailed check,210.53,7103.17,No,2024-11-16
6770-GFNTA,Female,0,No,No,43,Yes,No,DSL,No,No,Yes,No,Yes,Yes,Month-to-month,Yes,Credit card (automatic),128.92,5482.39,No,2024-11-17
9718-AVSWB,Male,0,Yes,Yes,19,Yes,No,DSL,Yes,Yes,No,No,Yes,Yes,Two year,No,Bank transfer (automatic),117.08,2249.31,Yes,2024-11-17
4043-JIYNX,Male,0,No,No,30,Yes,Yes,DSL,Yes,Yes,No,No,Yes,Yes,Month-to-month,Yes,Electronic check,161.33,4743.26,No,2024-11-17
2829-GQOMJ,Female,0,No,No,6,Yes,No,No,No internet service,No internet service,No internet service,No internet service,No internet service,No internet service,One year,Yes,Mailed check,46.9,288.62,Yes,2024-11-17
8394-YSKWY,Female,0,Yes,No,17,Yes,No,No,No internet service,No internet service,No internet service,No internet service,No internet service,No internet service,Two year,Yes,Mailed check,45.21,765.11,No,2024-11-17
8136-NJSSJ,Male,0,No,No,54,Yes,Yes,No,No internet service,No internet service,No internet service,No internet service,No internet service,No internet service,Month-to-month,No,Credit card (automatic),62.99,3440.74,Yes,2024-11-17
1863-LRZRE,Female,0,No,No,26,Yes,Yes,Fiber optic,No,Yes,Yes,No,No,Yes,Month-to-month,Yes,Bank transfer (automatic),183.92,4693.5,No,2024-11-17
1573-CFRRY,Female,0,No,No,34,No,No phone service,Fiber optic,Yes,No,Yes,Yes,Yes,No,Month-to-month,Yes,Electronic check,139.43,4788.11,Yes,2024-11-17
3355-LYKMK,Male,0,No,No,25,Yes,Yes,Fiber optic,No,No,Yes,No,No,Yes,Month-to-month,Yes,Bank transfer (automatic),173.01,4375.49,Yes,2024-11-17
6711-YUWML,Female,0,Yes,No,18,No,No phone service,Fiber optic,No,No,No,Yes,Yes,Yes,Month-to-month,Yes,Credit card (automatic),132.94,2372.85,Yes,2024-11-17
1521-VELYB,Male,0,Yes,No,17,Yes,No,DSL,Yes,Yes,Yes,No,Yes,Yes,Month-to-month,Yes,Mailed check,151.97,2556.51,Yes,2024-11-17
8352-ZVBDJ,Female,0,No,No,39,Yes,Yes,Fiber optic,Yes,Yes,No,No,Yes,Yes,Month-to-month,Yes,Credit card (automatic),193.08,7694.28,No,2024-11-17
9476-OZFAO,Female,0,No,Yes,46,No,No phone service,Fiber optic,No,Yes,No,No,No,Yes,Two year,Yes,Mailed check,107.89,4826.34,Yes,2024-11-17
2075-IKSJH,Female,0,Yes,No,29,Yes,Yes,Fiber optic,No,Yes,Yes,Yes,Yes,Yes,Month-to-month,No,Bank transfer (automatic),197.24,5784.73,Yes,2024-11-17
5952-SCQMV,Male,0,Yes,No,53,Yes,Yes,Fiber optic,Yes,Yes,No,No,Yes,Yes,One year,No,Credit card (automatic),180.26,9284.31,Yes,2024-11-17
1900-AJJOY,Male,0,Yes,No,45,Yes,No,No,No internet service,No internet service,No internet service,No internet service,No internet service,No internet service,One year,No,Bank transfer (automatic),43.91,1928.25,Yes,2024-11-17
3141-TIHXA,Female,0,No,No,38,Yes,Yes,DSL,Yes,Yes,Yes,No,Yes,Yes,Two year,Yes,Bank transfer (automatic),134.08,4975.54,Yes,2024-11-17
5869-ZNNMD,Female,0,Yes,No,49,Yes,Yes,DSL,Yes,Yes,No,Yes,Yes,Yes,Month-to-month,Yes,Bank transfer (automatic),145.83,6984.95,No,2024-11-17
9008-WIZAG,Female,0,Yes,No,33,Yes,Yes,No,No internet service,No internet service,No internet service,No internet service,No internet service,No internet service,Month-to-month,Yes,Credit card (automatic),64.74,2102.18,Yes,2024-11-17
9208-WINHF,Female,0,No,Yes,16,Yes,No,Fiber optic,No,Yes,Yes,Yes,No,Yes,One year,Yes,Electronic check,156.0,2520.07,Yes,2024-11-17
1289-VKSBU,Female,0,Yes,No,48,No,No phone service,Fiber optic,Yes,Yes,No,Yes,Yes,Yes,Two year,Yes,Electronic check,141.67,6992.66,Yes,2024-11-17
3259-FDFUD,Female,0,Yes,No,7,Yes,Yes,Fiber optic,No,Yes,No,Yes,No,No,One year,Yes,Electronic check,160.05,1097.84,Yes,2024-11-17
1040-MAWEB,Male,0,No,No,32,Yes,Yes,DSL,No,No,Yes,No,Yes,Yes,Month-to-month,Yes,Credit card (automatic),142.52,4476.92,No,2024-11-17
3631-DAQKB,Female,0,Yes,Yes,34,Yes,Yes,Fiber optic,Yes,Yes,Yes,No,No,Yes,Month-to-month,Yes,Electronic check,185.35,6209.93,Yes,2024-11-17
5890-JASYK,Female,0,Yes,Yes,27,Yes,Yes,Fiber optic,No,Yes,No,Yes,Yes,Yes,Month-to-month,No,Credit card (automatic),188.44,5113.89,Yes,2024-11-17
1063-FRSWM,Male,0,Yes,No,48,Yes,Yes,No,No internet service,No internet service,No internet service,No internet service,No internet service,No internet service,Two year,Yes,Mailed check,62.66,3055.15,No,2024-11-17
8476-IWEHW,Female,1,Yes,Yes,43,Yes,No,DSL,No,Yes,No,No,Yes,Yes,Month-to-month,Yes,Electronic check,128.46,5392.94,No,2024-11-17
7548-SMFID,Male,1,No,Yes,16,Yes,Yes,DSL,No,No,Yes,Yes,Yes,Yes,Two year,No,Bank transfer (automatic),124.6,2036.5,Yes,2024-11-17
1671-PEBRL,Female,0,No,No,21,Yes,Yes,Fiber optic,No,No,No,Yes,Yes,Yes,Month-to-month,Yes,Credit card (automatic),178.4,3695.25,Yes,2024-11-17
1424-XKEER,Female,0,Yes,No,52,Yes,No,DSL,Yes,Yes,Yes,No,Yes,Yes,Month-to-month,Yes,Electronic check,142.36,7522.35,Yes,2024-11-17
7992-MGDSG,Female,0,No,Yes,32,Yes,Yes,DSL,Yes,No,Yes,No,Yes,Yes,Month-to-month,Yes,Credit card (automatic),153.47,4957.72,Yes,2024-11-17
7232-QNMRU,Male,0,No,No,18,Yes,Yes,Fiber optic,Yes,Yes,Yes,Yes,Yes,No,Two year,Yes,Electronic check,173.98,3136.78,No,2024-11-17
3962-MZMWW,Male,0,Yes,No,31,Yes,Yes,No,No internet service,No internet service,No internet service,No internet service,No internet service,No internet service,Month-to-month,Yes,Electronic check,68.25,2059.4,Yes,2024-11-17
8433-ZSRBQ,Male,0,No,No,61,Yes,Yes,DSL,No,No,Yes,Yes,Yes,Yes,One year,No,Credit card (automatic),127.45,7737.11,No,2024-11-17
4095-DYEER,Female,0,No,No,37,Yes,Yes,DSL,No,No,Yes,No,Yes,No,One year,Yes,Bank transfer (automatic),133.45,4941.35,No,2024-11-17
8491-CDSZA,Male,0,No,No,52,No,No phone service,Fiber optic,No,No,No,No,Yes,Yes,Two year,Yes,Credit card (automatic),110.74,5618.26,No,2024-11-17
9167-ARCCY,Male,0,Yes,Yes,54,Yes,No,Fiber optic,No,No,No,Yes,Yes,No,Month-to-month,Yes,Credit card (automatic),149.99,8111.86,Yes,2024-11-17
9019-KDGOM,Female,0,Yes,No,46,Yes,No,DSL,Yes,Yes,Yes,Yes,Yes,Yes,One year,Yes,Electronic check,152.17,7094.77,No,2024-11-17
4612-PXZXX,Male,0,No,No,38,Yes,No,Fiber optic,Yes,Yes,Yes,Yes,Yes,Yes,One year,Yes,Bank transfer (automatic),181.9,6788.71,No,2024-11-17
6390-PXFCT,Female,0,Yes,No,45,No,No phone service,Fiber optic,Yes,Yes,No,No,Yes,No,Month-to-month,Yes,Mailed check,151.13,6662.72,Yes,2024-11-17
8407-UDKUC,Female,0,No,Yes,30,No,No phone service,No,No internet service,No internet service,No internet service,No internet service,No internet service,No internet service,One year,No,Credit card (automatic),25.64,759.91,Yes,2024-11-17
3434-JTRMF,Female,1,Yes,No,37,Yes,No,DSL,No,No,No,No,Yes,Yes,Two year,Yes,Mailed check,92.94,3437.54,No,2024-11-17
2910-MXMYX,Female,0,Yes,No,43,Yes,Yes,No,No internet service,No internet service,No internet service,No internet service,No internet service,No internet service,One year,Yes,Mailed check,62.9,2738.54,Yes,2024-11-17
6964-GLJQC,Female,0,No,No,58,Yes,No,No,No internet service,No internet service,No internet service,No internet service,No internet service,No internet service,One year,Yes,Bank transfer (automatic),44.61,2608.36,Yes,2024-11-17
1046-OGGVE,Female,0,No,No,28,Yes,No,DSL,Yes,No,Yes,No,Yes,Yes,Two year,Yes,Credit card (automatic),116.93,3362.3,No,2024-11-17
6722-LFTWT,Female,0,Yes,No,42,Yes,Yes,Fiber optic,No,No,Yes,No,Yes,Yes,Two year,Yes,Electronic check,158.04,6471.16,Yes,2024-11-17
4988-YSGEV,Female,0,Yes,No,30,Yes,Yes,DSL,Yes,Yes,No,No,Yes,Yes,Two year,No,Credit card (automatic),137.33,4181.65,No,2024-11-18
5297-YBUCW,Male,0,Yes,No,34,Yes,No,No,No internet service,No internet service,No internet service,No internet service,No internet service,No internet service,Month-to-month,Yes,Credit card (automatic),44.88,1489.08,Yes,2024-11-18
8700-GSVCI,Male,0,Yes,No,36,Yes,Yes,Fiber optic,Yes,Yes,Yes,Yes,Yes,Yes,Month-to-month,No,Bank transfer (automatic),216.67,7728.65,Yes,2024-11-18
6349-LIPII,Male,0,Yes,No,16,Yes,Yes,DSL,No,Yes,Yes,No,Yes,Yes,One year,No,Mailed check,138.41,2210.66,No,2024-11-18
4915-HQICU,Male,1,No,Yes,45,Yes,No,DSL,No,Yes,Yes,No,Yes,Yes,One year,Yes,Credit card (automatic),132.26,5958.3,No,2024-11-18
6723-ASAKT,Female,1,No,Yes,27,Yes,Yes,Fiber optic,Yes,Yes,Yes,No,No,Yes,Month-to-month,Yes,Mailed check,185.8,5101.71,Yes,2024-11-18
5016-AFKXG,Female,0,No,No,21,Yes,Yes,DSL,No,No,Yes,Yes,Yes,No,Month-to-month,No,Bank transfer (automatic),139.6,2936.92,Yes,2024-11-18
6035-XEJMG,Female,0,No,No,52,Yes,Yes,Fiber optic,No,Yes,Yes,Yes,Yes,Yes,One year,No,Bank transfer (automatic),186.14,9482.47,Yes,2024-11-18
6022-CCTVY,Female,0,No,No,30,Yes,Yes,No,No internet service,No internet service,No internet service,No internet service,No internet service,No internet service,Month-to-month,Yes,Credit card (automatic),57.34,1713.11,Yes,2024-11-18
2663-AHVSJ,Male,0,Yes,No,31,Yes,Yes,No,No internet service,No internet service,No internet service,No internet service,No internet service,No internet service,Month-to-month,Yes,Electronic check,62.14,1881.11,No,2024-11-18
4293-FKQBN,Male,1,No,No,51,Yes,No,DSL,Yes,No,Yes,No,No,No,Two year,No,Mailed check,106.23,5324.79,Yes,2024-11-18
9587-CGRBC,Male,0,Yes,No,29,Yes,No,DSL,Yes,No,Yes,No,Yes,Yes,One year,Yes,Credit card (automatic),130.06,3811.02,No,2024-11-18
1607-PQBEP,Female,0,No,Yes,26,Yes,No,No,No internet service,No internet service,No internet service,No internet service,No internet service,No internet service,Month-to-month,Yes,Credit card (automatic),42.33,1124.85,No,2024-11-18
9373-HRFOP,Female,0,Yes,No,18,Yes,Yes,DSL,Yes,No,Yes,Yes,Yes,Yes,Month-to-month,Yes,Credit card (automatic),162.94,2877.03,Yes,2024-11-18
8145-BXETO,Female,0,Yes,No,49,Yes,Yes,Fiber optic,Yes,No,Yes,Yes,No,Yes,Two year,Yes,Mailed check,175.41,8698.45,Yes,2024-11-18
8257-UHWRD,Female,1,Yes,No,30,Yes,No,DSL,Yes,No,No,Yes,Yes,No,One year,No,Bank transfer (automatic),104.85,3139.73,No,2024-11-18
4691-QBSAC,Male,0,No,No,31,Yes,Yes,DSL,No,No,Yes,Yes,Yes,Yes,One year,Yes,Bank transfer (automatic),143.07,4435.6,No,2024-11-18
6877-TQRNT,Male,0,Yes,No,18,No,No phone service,Fiber optic,Yes,Yes,Yes,Yes,Yes,Yes,One year,No,Bank transfer (automatic),153.97,2798.9,No,2024-11-18
9613-CISJI,Female,0,Yes,Yes,20,Yes,Yes,Fiber optic,No,Yes,Yes,No,No,Yes,Two year,Yes,Electronic check,155.59,3144.12,Yes,2024-11-18
5870-MZMAL,Male,0,Yes,No,33,Yes,No,Fiber optic,No,No,No,No,Yes,Yes,Month-to-month,Yes,Bank transfer (automatic),148.19,4800.01,No,2024-11-18
1203-OUWVX,Male,0,No,Yes,48,No,No phone service,Fiber optic,No,Yes,No,No,Yes,Yes,Month-to-month,Yes,Bank transfer (automatic),133.71,6335.66,Yes,2024-11-18
3721-SIKHF,Male,0,Yes,No,41,No,No phone service,No,No internet service,No internet service,No internet service,No internet service,No internet service,No internet service,One year,Yes,Bank transfer (automatic),18.5,761.13,No,2024-11-18
2500-NBXHN,Male,0,No,No,44,Yes,No,Fiber optic,Yes,Yes,No,No,Yes,Yes,Month-to-month,Yes,Bank transfer (automatic),167.55,7296.73,Yes,2024-11-18
5438-HQGLW,Male,1,Yes,No,12,Yes,Yes,Fiber optic,No,Yes,Yes,No,Yes,Yes,Month-to-month,No,Mailed check,186.95,2216.52,No,2024-11-18
7766-NPTXT,Female,0,Yes,Yes,53,Yes,Yes,DSL,No,No,Yes,Yes,Yes,Yes,Two year,Yes,Credit card (automatic),130.38,6911.26,No,2024-11-18
6940-YTUMC,Female,0,Yes,No,46,Yes,Yes,Fiber optic,No,Yes,No,No,Yes,Yes,Month-to-month,Yes,Credit card (automatic),185.24,8562.13,Yes,2024-11-18
6619-EVJCR,Female,0,No,No,55,No,No phone service,No,No internet service,No internet service,No internet service,No internet service,No internet service,No internet service,One year,Yes,Credit card (automatic),18.5,995.3,No,2024-11-18
2667-BVCIU,Female,0,No,No,56,Yes,Yes,Fiber optic,No,Yes,No,Yes,Yes,No,One year,No,Credit card (automatic),173.8,9975.28,Yes,2024-11-18
2576-GNYGX,Male,0,No,No,33,Yes,Yes,Fiber optic,No,No,Yes,No,Yes,Yes,Two year,Yes,Mailed check,157.2,5308.78,Yes,2024-11-18
5469-GAVDT,Female,0,No,Yes,33,Yes,Yes,Fiber optic,Yes,No,No,Yes,No,Yes,Two year,No,Electronic check,157.44,5339.48,Yes,2024-11-18
3512-QVHSR,Female,0,Yes,Yes,59,Yes,Yes,DSL,No,Yes,No,Yes,Yes,Yes,Two year,Yes,Credit card (automatic),122.41,7045.99,No,2024-11-18
6593-BEJHV,Male,0,No,No,39,Yes,Yes,Fiber optic,No,No,Yes,No,Yes,Yes,Month-to-month,Yes,Bank transfer (automatic),177.71,7075.23,Yes,2024-11-18
3489-BPQYM,Female,0,Yes,No,50,Yes,No,No,No internet service,No internet service,No internet service,No internet service,No internet service,No internet service,Two year,Yes,Bank transfer (automatic),33.05,1636.59,No,2024-11-18
6228-DLIIX,Female,0,No,Yes,54,Yes,No,DSL,No,Yes,No,No,Yes,Yes,Month-to-month,Yes,Credit card (automatic),117.66,6316.01,No,2024-11-18
7041-FAYGW,Male,1,Yes,No,39,Yes,No,Fiber optic,Yes,Yes,No,Yes,Yes,Yes,Two year,Yes,Bank transfer (automatic),168.93,6415.97,No,2024-11-18
4960-IKXLC,Male,0,No,No,48,Yes,Yes,Fiber optic,Yes,No,No,No,Yes,No,Month-to-month,No,Mailed check,179.55,8493.37,Yes,2024-11-18
1927-OPRRU,Male,1,Yes,No,35,Yes,No,Fiber optic,No,No,Yes,Yes,No,Yes,One year,Yes,Credit card (automatic),162.6,5634.78,No,2024-11-18
1166-JALZY,Male,0,Yes,No,49,Yes,No,No,No internet service,No internet service,No internet service,No internet service,No internet service,No internet service,Month-to-month,No,Electronic check,45.12,2268.58,Yes,2024-11-18
6628-GXHED,Female,1,No,No,32,Yes,No,Fiber optic,No,Yes,Yes,Yes,Yes,Yes,One year,Yes,Credit card (automatic),170.19,5582.54,Yes,2024-11-18
6806-NECXU,Female,0,No,No,27,Yes,Yes,Fiber optic,Yes,Yes,No,Yes,Yes,Yes,Month-to-month,Yes,Credit card (automatic),199.72,5539.95,Yes,2024-11-18
6296-VJSQX,Male,0,Yes,No,37,No,No phone service,DSL,Yes,Yes,No,Yes,Yes,Yes,Month-to-month,No,Credit card (automatic),127.36,4590.79,Yes,2024-11-18
8578-QJZDP,Male,0,No,Yes,27,Yes,No,Fiber optic,Yes,Yes,Yes,No,No,Yes,Month-to-month,No,Credit card (automatic),168.83,4425.62,No,2024-11-18
7094-YRZXZ,Female,0,No,No,30,Yes,Yes,DSL,Yes,Yes,Yes,No,Yes,Yes,Month-to-month,Yes,Mailed check,164.35,5014.6,Yes,2024-11-18
9923-AIGLL,Female,0,No,No,58,Yes,No,DSL,No,Yes,No,No,Yes,No,One year,Yes,Bank transfer (automatic),101.15,6036.91,No,2024-11-18
6052-KGQLJ,Female,0,No,No,12,Yes,No,No,No internet service,No internet service,No internet service,No internet service,No internet service,No internet service,One year,Yes,Bank transfer (automatic),48.94,576.05,No,2024-11-18
9350-QHDYU,Female,0,Yes,No,30,Yes,No,Fiber optic,No,No,Yes,No,Yes,Yes,Month-to-month,Yes,Bank transfer (automatic),161.42,4822.47,No,2024-11-19
3187-VIHBJ,Female,0,No,Yes,34,Yes,Yes,Fiber optic,No,No,No,No,No,Yes,One year,Yes,Mailed check,151.23,5214.4,No,2024-11-19
4492-ZKCLI,Female,0,No,Yes,42,Yes,No,DSL,No,No,No,No,Yes,Yes,Two year,No,Bank transfer (automatic),94.08,4065.52,No,2024-11-19
7430-JSPEM,Female,0,Yes,Yes,47,Yes,No,No,No internet service,No internet service,No internet service,No internet service,No internet service,No internet service,Month-to-month,Yes,Bank transfer (automatic),43.52,2063.8,Yes,2024-11-19
4944-RZDHN,Male,0,Yes,No,35,Yes,No,Fiber optic,Yes,No,Yes,Yes,Yes,Yes,Month-to-month,No,Bank transfer (automatic),180.0,6396.75,No,2024-11-19
3008-VMJEV,Male,0,Yes,No,40,Yes,Yes,Fiber optic,No,Yes,Yes,Yes,Yes,Yes,Two year,Yes,Mailed check,182.53,7137.34,Yes,2024-11-19
9173-UHHZV,Male,0,Yes,No,45,Yes,Yes,No,No internet service,No internet service,No internet service,No internet service,No internet service,No internet service,One year,Yes,Electronic check,58.0,2571.58,No,2024-11-19
3541-NRVBP,Female,0,Yes,No,16,Yes,No,No,No internet service,No internet service,No internet service,No internet service,No internet service,No internet service,Month-to-month,Yes,Electronic check,47.6,777.93,Yes,2024-11-19
1886-JCGAG,Male,0,Yes,Yes,30,Yes,Yes,DSL,No,Yes,No,Yes,Yes,No,One year,No,Credit card (automatic),126.96,3725.15,No,2024-11-19
8412-BFOXB,Male,0,Yes,No,8,Yes,No,Fiber optic,No,Yes,Yes,No,Yes,Yes,Month-to-month,Yes,Bank transfer (automatic),165.55,1302.18,Yes,2024-11-19
7577-PGSDR,Male,1,Yes,No,19,Yes,Yes,Fiber optic,No,No,No,No,Yes,Yes,Two year,Yes,Mailed check,157.96,2936.57,Yes,2024-11-19
3679-RPBER,Male,0,Yes,No,27,Yes,Yes,Fiber optic,Yes,No,No,No,Yes,No,One year,Yes,Bank transfer (automatic),159.39,4284.61,Yes,2024-11-19
6382-OFFTB,Male,0,Yes,No,30,Yes,No,No,No internet service,No internet service,No internet service,No internet service,No internet service,No internet service,Two year,No,Credit card (automatic),48.69,1465.58,No,2024-11-19
7378-ZOZKF,Female,0,No,No,46,Yes,Yes,DSL,No,No,No,No,Yes,Yes,Month-to-month,Yes,Bank transfer (automatic),139.83,6555.54,Yes,2024-11-19
6588-CYQGI,Female,0,Yes,Yes,42,Yes,No,DSL,No,No,No,No,No,Yes,Month-to-month,No,Bank transfer (automatic),114.4,4831.96,Yes,2024-11-19
8719-QRSYJ,Male,0,Yes,Yes,24,Yes,No,Fiber optic,Yes,Yes,No,No,Yes,Yes,Month-to-month,Yes,Mailed check,177.87,4236.08,Yes,2024-11-19
5424-TRBYA,Male,0,No,Yes,8,Yes,No,DSL,Yes,Yes,Yes,Yes,Yes,Yes,Month-to-month,Yes,Credit card (automatic),154.89,1239.19,No,2024-11-19
4833-NRTMJ,Female,0,No,No,40,Yes,No,Fiber optic,No,No,No,Yes,Yes,Yes,Month-to-month,Yes,Mailed check,169.39,6877.65,No,2024-11-19
4982-YXOXI,Female,0,Yes,No,35,Yes,No,Fiber optic,Yes,Yes,Yes,No,Yes,Yes,One year,No,Electronic check,179.78,6161.73,Yes,2024-11-19
1121-YLGHG,Male,0,Yes,No,40,Yes,Yes,Fiber optic,Yes,Yes,No,No,No,Yes,One year,Yes,Mailed check,165.94,6737.51,Yes,2024-11-19
6219-JLSHG,Male,0,Yes,No,47,Yes,No,DSL,Yes,No,Yes,Yes,Yes,Yes,Month-to-month,Yes,Credit card (automatic),150.64,7003.68,Yes,2024-11-19
7526-VKWBB,Female,0,Yes,Yes,38,Yes,No,Fiber optic,Yes,Yes,Yes,No,Yes,Yes,Two year,No,Credit card (automatic),151.57,5711.09,No,2024-11-19
5195-NDYBQ,Male,0,No,No,23,Yes,Yes,Fiber optic,No,No,Yes,Yes,Yes,Yes,Month-to-month,Yes,Credit card (automatic),206.97,4839.26,Yes,2024-11-19
5695-FMHAO,Female,0,Yes,No,56,Yes,Yes,DSL,No,No,No,Yes,Yes,Yes,One year,Yes,Bank transfer (automatic),143.58,7818.84,Yes,2024-11-19
8439-MWYJK,Male,0,Yes,Yes,22,Yes,Yes,DSL,No,Yes,Yes,No,Yes,Yes,Month-to-month,Yes,Mailed check,160.26,3439.67,Yes,2024-11-19
3658-BXAVM,Male,0,No,No,20,Yes,Yes,DSL,No,Yes,Yes,Yes,Yes,Yes,Month-to-month,No,Credit card (automatic),167.53,3285.15,No,2024-11-19
3151-GZJHK,Female,0,No,No,27,Yes,Yes,Fiber optic,Yes,No,No,Yes,Yes,No,One year,Yes,Mailed check,161.28,4464.07,Yes,2024-11-19
3135-AZZQX,Male,0,Yes,Yes,45,Yes,No,DSL,No,Yes,No,No,Yes,Yes,One year,Yes,Bank transfer (automatic),99.31,4583.11,No,2024-11-19
9200-TNUIN,Female,0,No,Yes,51,Yes,No,DSL,No,No,No,No,Yes,Yes,Month-to-month,Yes,Electronic check,112.61,5601.15,No,2024-11-19
1891-HTMKG,Female,0,No,No,54,Yes,No,Fiber optic,Yes,Yes,No,No,Yes,Yes,Month-to-month,Yes,Mailed check,178.96,9643.03,Yes,2024-11-19
9554-VSQMC,Male,0,No,No,44,Yes,Yes,Fiber optic,No,No,No,No,Yes,Yes,One year,Yes,Bank transfer (automatic),151.47,6614.24,No,2024-11-19
2166-AKTOT,Female,0,No,No,39,Yes,No,DSL,Yes,Yes,Yes,No,Yes,Yes,Month-to-month,Yes,Credit card (automatic),139.56,5512.33,No,2024-11-19
5843-IXMWG,Male,0,No,No,45,Yes,No,DSL,No,Yes,No,No,No,Yes,Two year,Yes,Mailed check,95.93,4436.42,No,2024-11-19
2647-PJFTW,Male,0,No,Yes,25,Yes,No,Fiber optic,Yes,No,Yes,No,Yes,Yes,Two year,Yes,Bank transfer (automatic),150.2,3852.21,Yes,2024-11-19
4232-FNIBH,Female,0,No,Yes,20,No,No phone service,Fiber optic,Yes,Yes,Yes,No,Yes,Yes,Month-to-month,Yes,Bank transfer (automatic),167.74,3398.89,Yes,2024-11-19
2029-TAPKY,Female,0,No,Yes,58,Yes,No,DSL,Yes,Yes,No,No,Yes,No,Two year,No,Mailed check,106.33,6276.35,No,2024-11-19
3994-SJTLE,Female,1,Yes,No,58,Yes,Yes,Fiber optic,No,No,No,Yes,Yes,Yes,Month-to-month,Yes,Mailed check,190.18,11139.67,Yes,2024-11-19
2232-VSFRT,Male,0,No,No,48,Yes,Yes,No,No internet service,No internet service,No internet service,No internet service,No internet service,No internet service,Month-to-month,No,Mailed check,59.32,2774.64,Yes,2024-11-19
3869-QUNYZ,Male,1,Yes,No,49,Yes,No,Fiber optic,Yes,No,No,No,Yes,Yes,Two year,Yes,Bank transfer (automatic),155.72,7568.05,Yes,2024-11-19
3550-UMZVW,Male,0,No,No,16,Yes,Yes,Fiber optic,No,No,Yes,No,Yes,Yes,One year,No,Mailed check,173.27,2735.22,Yes,2024-11-19
1033-PKENT,Female,1,No,Yes,32,Yes,Yes,No,No internet service,No internet service,No internet service,No internet service,No internet service,No internet service,One year,Yes,Credit card (automatic),53.63,1713.68,Yes,2024-11-19
9532-AIGMK,Female,0,Yes,No,33,Yes,No,Fiber optic,No,Yes,No,No,Yes,Yes,One year,No,Bank transfer (automatic),150.92,5000.17,No,2024-11-19
4337-KMFTN,Female,0,No,No,48,Yes,No,No,No internet service,No internet service,No internet service,No internet service,No internet service,No internet service,One year,No,Credit card (automatic),41.38,2033.05,Yes,2024-11-19
2291-DQGJQ,Female,1,Yes,Yes,53,Yes,No,Fiber optic,No,No,No,No,Yes,Yes,Month-to-month,No,Electronic check,159.1,8668.8,Yes,2024-11-19
5828-HKJQV,Female,1,Yes,No,40,Yes,No,Fiber optic,Yes,No,Yes,No,Yes,No,Two year,Yes,Electronic check,142.93,5705.77,No,2024-11-19
8297-JCQOO,Male,0,Yes,No,38,Yes,No,Fiber optic,Yes,Yes,No,Yes,Yes,Yes,Month-to-month,No,Electronic check,177.21,6532.26,Yes,2024-11-19
5031-PDFOD,Male,0,No,No,58,Yes,Yes,No,No internet service,No internet service,No internet service,No internet service,No internet service,No internet service,Month-to-month,No,Credit card (automatic),64.27,3804.55,No,2024-11-19
9920-VVQBY,Male,0,No,Yes,39,Yes,No,Fiber optic,No,Yes,No,No,Yes,Yes,Two year,Yes,Bank transfer (automatic),153.15,6016.52,Yes,2024-11-19
5275-UVBNR,Female,0,Yes,No,20,Yes,Yes,Fiber optic,No,No,Yes,Yes,Yes,Yes,One year,No,Credit card (automatic),189.45,3754.62,No,2024-11-19
4515-ODNKC,Female,0,No,No,46,Yes,Yes,Fiber optic,No,Yes,No,No,No,Yes,One year,Yes,Mailed check,166.58,7443.16,Yes,2024-11-20
8764-APSGG,Female,0,No,No,45,Yes,Yes,Fiber optic,No,No,No,Yes,Yes,Yes,One year,Yes,Credit card (automatic),161.63,7415.48,Yes,2024-11-20
9831-BKDKN,Male,0,Yes,No,52,Yes,Yes,Fiber optic,Yes,No,No,No,Yes,No,Month-to-month,Yes,Credit card (automatic),183.06,9253.61,Yes,2024-11-20
8299-KGSJX,Male,0,No,No,19,No,No phone service,Fiber optic,Yes,No,Yes,Yes,No,Yes,Two year,Yes,Bank transfer (automatic),122.99,2271.63,No,2024-11-20
1995-JLINA,Male,0,No,No,12,Yes,Yes,Fiber optic,Yes,No,No,No,No,Yes,Month-to-month,Yes,Bank transfer (automatic),169.59,2053.36,Yes,2024-11-20
8336-KGWUI,Male,0,Yes,Yes,33,No,No phone service,Fiber optic,Yes,Yes,No,No,Yes,Yes,One year,No,Electronic check,142.55,4634.99,No,2024-11-20
9581-KDFTB,Female,0,Yes,No,49,Yes,No,No,No internet service,No internet service,No internet service,No internet service,No internet service,No internet service,Two year,Yes,Bank transfer (automatic),31.37,1518.51,Yes,2024-11-20
5170-DEEIG,Male,0,Yes,No,61,Yes,No,DSL,Yes,No,No,No,Yes,Yes,Two year,No,Bank transfer (automatic),106.05,6487.5,Yes,2024-11-20
5872-OKBDY,Female,0,No,Yes,22,Yes,No,DSL,No,Yes,Yes,No,Yes,Yes,Two year,Yes,Credit card (automatic),107.85,2443.3,Yes,2024-11-20
5116-TQSWP,Male,0,No,No,21,Yes,No,DSL,No,Yes,No,No,No,No,One year,Yes,Mailed check,104.3,2136.3,Yes,2024-11-20
5834-NGVZD,Male,0,No,No,44,Yes,Yes,DSL,No,Yes,Yes,No,Yes,Yes,One year,Yes,Mailed check,139.83,6173.42,Yes,2024-11-20
1088-XWUUV,Male,0,Yes,No,34,No,No phone service,Fiber optic,Yes,No,No,No,Yes,No,Month-to-month,Yes,Credit card (automatic),134.5,4585.89,Yes,2024-11-20
3293-JLWBF,Male,0,Yes,Yes,33,Yes,Yes,No,No internet service,No internet service,No internet service,No internet service,No internet service,No internet service,Month-to-month,Yes,Bank transfer (automatic),67.54,2182.07,Yes,2024-11-20
6067-NIYYZ,Female,0,No,Yes,11,No,No phone service,DSL,No,No,No,No,Yes,Yes,Two year,Yes,Bank transfer (automatic),82.99,912.19,Yes,2024-11-20
1525-SOMOC,Female,0,Yes,No,29,Yes,No,Fiber optic,Yes,Yes,No,No,Yes,Yes,One year,Yes,Credit card (automatic),166.59,4721.21,Yes,2024-11-20
6789-VZOLQ,Female,1,No,No,24,Yes,Yes,Fiber optic,No,No,Yes,No,Yes,Yes,Month-to-month,Yes,Bank transfer (automatic),182.93,4338.28,No,2024-11-20
7923-GTFWB,Female,0,Yes,No,29,Yes,No,Fiber optic,No,No,No,Yes,Yes,Yes,Two year,Yes,Bank transfer (automatic),146.83,4341.64,No,2024-11-20
5318-MEVAW,Male,0,No,No,19,Yes,No,DSL,Yes,No,No,Yes,Yes,Yes,Month-to-month,No,Mailed check,141.77,2683.57,No,2024-11-20
4649-ATSSS,Male,0,Yes,No,40,Yes,Yes,Fiber optic,No,No,No,Yes,Yes,Yes,One year,Yes,Mailed check,168.41,6581.23,Yes,2024-11-20
3302-ZBHLK,Female,1,Yes,No,36,Yes,No,Fiber optic,No,No,Yes,Yes,Yes,Yes,Month-to-month,No,Bank transfer (automatic),174.91,6137.6,No,2024-11-20
7226-SZIXH,Male,0,Yes,No,33,Yes,Yes,Fiber optic,No,Yes,No,Yes,Yes,Yes,Month-to-month,Yes,Mailed check,200.8,6561.9,Yes,2024-11-20
4499-EEEAA,Female,0,No,No,57,Yes,No,DSL,No,Yes,No,No,Yes,Yes,Two year,No,Bank transfer (automatic),101.71,5713.09,Yes,2024-11-20
3888-YREXL,Male,0,Yes,No,49,No,No phone service,Fiber optic,No,No,Yes,No,Yes,Yes,One year,Yes,Mailed check,145.66,7295.45,Yes,2024-11-20
8984-RGAAX,Female,0,No,No,43,Yes,No,No,No internet service,No internet service,No internet service,No internet service,No internet service,No internet service,Two year,Yes,Bank transfer (automatic),40.82,1722.04,No,2024-11-20
3793-MWHPB,Female,0,No,No,50,Yes,Yes,Fiber optic,No,Yes,Yes,No,Yes,Yes,Two year,Yes,Mailed check,162.06,7958.81,Yes,2024-11-20
3034-YVZIV,Male,0,Yes,No,58,Yes,No,Fiber optic,Yes,Yes,No,No,Yes,Yes,One year,Yes,Bank transfer (automatic),166.75,9672.94,Yes,2024-11-20
2595-KLYND,Male,0,Yes,No,15,Yes,No,Fiber optic,No,No,Yes,Yes,No,Yes,One year,No,Electronic check,153.54,2323.37,No,2024-11-20
2919-NGKKC,Male,0,No,No,37,Yes,No,DSL,Yes,No,Yes,Yes,Yes,No,Two year,Yes,Electronic check,119.17,4389.78,Yes,2024-11-20
8486-NNOEA,Male,0,Yes,Yes,46,Yes,Yes,Fiber optic,No,Yes,Yes,Yes,Yes,Yes,Month-to-month,No,Mailed check,206.93,9570.61,No,2024-11-20
7052-GHEXX,Male,0,No,No,29,No,No phone service,Fiber optic,No,Yes,No,Yes,Yes,Yes,Month-to-month,Yes,Bank transfer (automatic),144.69,4245.39,Yes,2024-11-20
1305-HMMYP,Male,0,Yes,No,23,Yes,No,DSL,No,No,No,Yes,Yes,Yes,One year,Yes,Electronic check,116.73,2620.09,Yes,2024-11-20
4975-UIMGM,Male,0,Yes,No,48,Yes,Yes,Fiber optic,Yes,No,No,No,Yes,Yes,One year,Yes,Electronic check,168.36,7861.78,Yes,2024-11-20
1021-ZRLJY,Male,0,Yes,No,39,Yes,No,Fiber optic,Yes,No,Yes,No,Yes,Yes,One year,Yes,Credit card (automatic),167.68,6454.5,Yes,2024-11-20
5001-QXRBY,Male,0,No,Yes,34,No,No phone service,DSL,Yes,Yes,No,No,Yes,Yes,Month-to-month,Yes,Bank transfer (automatic),108.75,3654.66,No,2024-11-20
7479-XXDIF,Male,0,No,No,52,No,No phone service,Fiber optic,Yes,Yes,Yes,Yes,Yes,Yes,Two year,Yes,Bank transfer (automatic),150.01,7600.9,No,2024-11-20
6770-TSGIM,Male,0,No,No,34,Yes,No,DSL,Yes,Yes,Yes,Yes,Yes,Yes,One year,No,Mailed check,152.16,5264.92,No,2024-11-20
3938-EFEMQ,Female,0,Yes,No,20,Yes,No,DSL,Yes,Yes,No,No,Yes,No,One year,No,Bank transfer (automatic),113.86,2281.81,Yes,2024-11-20
8935-OLLDF,Male,0,Yes,No,3,Yes,No,No,No internet service,No internet service,No internet service,No internet service,No internet service,No internet service,Month-to-month,Yes,Credit card (automatic),58.8,178.93,Yes,2024-11-20
1243-VSCFD,Male,0,Yes,No,27,Yes,Yes,Fiber optic,No,Yes,Yes,No,Yes,Yes,One year,No,Electronic check,182.05,4928.66,Yes,2024-11-20
1159-ZAVZF,Male,0,Yes,Yes,25,Yes,No,Fiber optic,No,No,Yes,No,Yes,Yes,Month-to-month,Yes,Credit card (automatic),163.83,3993.49,No,2024-11-20
6845-TIBNM,Female,0,Yes,No,61,No,No phone service,DSL,No,Yes,No,Yes,Yes,Yes,Two year,No,Bank transfer (automatic),90.88,5680.87,No,2024-11-20
3957-HBTES,Female,0,No,No,40,Yes,Yes,DSL,Yes,No,No,No,Yes,Yes,One year,Yes,Bank transfer (automatic),146.18,5844.55,Yes,2024-11-20
2736-KBKJG,Male,0,No,No,25,Yes,No,Fiber optic,Yes,No,No,Yes,No,Yes,Month-to-month,Yes,Bank transfer (automatic),167.32,4221.37,Yes,2024-11-20
1087-ZZIMV,Female,0,Yes,No,33,Yes,No,Fiber optic,Yes,No,Yes,No,Yes,Yes,One year,Yes,Bank transfer (automatic),157.9,5236.64,Yes,2024-11-20
6623-IUVII,Male,0,Yes,No,51,Yes,Yes,DSL,Yes,Yes,Yes,No,Yes,Yes,Month-to-month,No,Bank transfer (automatic),155.2,7972.4,No,2024-11-20
1930-TDYOD,Female,0,Yes,No,42,Yes,No,DSL,No,Yes,No,Yes,No,Yes,Month-to-month,Yes,Credit card (automatic),120.21,4961.06,Yes,2024-11-20
6556-GEUKY,Female,0,Yes,No,30,Yes,No,Fiber optic,No,No,Yes,No,Yes,No,One year,Yes,Bank transfer (automatic),139.86,4098.95,Yes,2024-11-20
3165-YAUPA,Male,0,No,No,55,Yes,Yes,DSL,Yes,No,Yes,No,Yes,Yes,Month-to-month,Yes,Bank transfer (automatic),158.3,8913.79,No,2024-11-20
7434-WNKPS,Female,0,Yes,No,23,Yes,No,No,No internet service,No internet service,No internet service,No internet service,No internet service,No internet service,Two year,No,Mailed check,35.9,806.51,No,2024-11-21
5069-EYUTX,Female,0,Yes,Yes,42,Yes,Yes,Fiber optic,Yes,Yes,No,No,Yes,Yes,One year,Yes,Credit card (automatic),178.02,7438.3,No,2024-11-21
4626-NOYEB,Female,0,No,No,35,Yes,No,Fiber optic,Yes,Yes,No,Yes,Yes,No,One year,Yes,Bank transfer (automatic),157.08,5662.68,Yes,2024-11-21
5297-OCJIT,Female,0,Yes,Yes,42,No,No phone service,No,No internet service,No internet service,No internet service,No internet service,No internet service,No internet service,Two year,Yes,Bank transfer (automatic),18.5,762.8,No,2024-11-21
1015-IVMDU,Male,0,Yes,No,43,Yes,No,Fiber optic,No,Yes,Yes,Yes,No,Yes,Month-to-month,Yes,Credit card (automatic),172.77,7207.82,Yes,2024-11-21
9694-ARPES,Male,0,Yes,No,37,Yes,Yes,Fiber optic,Yes,Yes,Yes,Yes,No,Yes,Two year,Yes,Mailed check,174.66,6338.37,No,2024-11-21
8799-TKJJD,Female,0,No,No,28,Yes,No,DSL,Yes,Yes,Yes,No,Yes,Yes,One year,Yes,Credit card (automatic),117.01,3301.62,Yes,2024-11-21
8515-JCKEL,Male,0,No,No,33,Yes,No,Fiber optic,Yes,No,No,No,Yes,Yes,One year,Yes,Bank transfer (automatic),155.41,5251.12,Yes,2024-11-21
9855-MMRVO,Female,0,No,No,50,Yes,No,Fiber optic,No,Yes,No,Yes,Yes,No,One year,No,Electronic check,152.44,7762.07,No,2024-11-21
6529-CVQHY,Female,0,No,Yes,61,Yes,Yes,DSL,No,No,No,Yes,Yes,Yes,Month-to-month,Yes,Mailed check,137.46,8299.05,Yes,2024-11-21
7317-VEIQK,Female,0,Yes,Yes,17,Yes,Yes,Fiber optic,Yes,Yes,No,Yes,Yes,Yes,Month-to-month,Yes,Credit card (automatic),198.55,3386.8,Yes,2024-11-21
3021-GHWNJ,Female,0,No,No,25,Yes,Yes,Fiber optic,No,Yes,Yes,Yes,Yes,Yes,Two year,No,Bank transfer (automatic),174.49,4383.64,No,2024-11-21
3315-PVVJL,Female,0,No,No,42,Yes,No,Fiber optic,No,Yes,Yes,No,Yes,No,Month-to-month,Yes,Electronic check,164.08,6897.8,Yes,2024-11-21
8198-YJIDC,Male,0,Yes,No,36,Yes,Yes,DSL,No,No,No,Yes,Yes,Yes,Two year,Yes,Bank transfer (automatic),126.8,4622.83,No,2024-11-21
6347-SSLEH,Female,0,Yes,Yes,35,Yes,No,No,No internet service,No internet service,No internet service,No internet service,No internet service,No internet service,Month-to-month,Yes,Electronic check,35.11,1264.33,Yes,2024-11-21
7541-PGBQT,Male,0,No,No,30,Yes,Yes,DSL,No,No,Yes,Yes,Yes,Yes,One year,No,Credit card (automatic),151.04,4626.02,No,2024-11-21
5220-MEJXO,Male,0,No,Yes,34,Yes,Yes,Fiber optic,No,Yes,No,No,Yes,Yes,Two year,No,Bank transfer (automatic),159.22,5297.27,Yes,2024-11-21
1119-YFBFR,Male,0,Yes,No,43,Yes,Yes,No,No internet service,No internet service,No internet service,No internet service,No internet service,No internet service,Month-to-month,No,Bank transfer (automatic),52.3,2192.35,No,2024-11-21
4554-FHECR,Female,0,No,No,46,No,No phone service,No,No internet service,No internet service,No internet service,No internet service,No internet service,No internet service,Month-to-month,No,Bank transfer (automatic),18.5,875.37,Yes,2024-11-21
5613-NZZJX,Male,0,Yes,No,12,Yes,Yes,DSL,No,No,No,Yes,Yes,Yes,One year,Yes,Mailed check,154.21,1828.49,Yes,2024-11-21
8317-APSNA,Female,0,No,No,16,No,No phone service,Fiber optic,No,Yes,Yes,Yes,Yes,Yes,Two year,Yes,Credit card (automatic),141.8,2328.55,No,2024-11-21
4540-XLXBW,Male,0,Yes,No,48,Yes,No,No,No internet service,No internet service,No internet service,No internet service,No internet service,No internet service,Two year,No,Electronic check,42.61,2005.68,No,2024-11-21
5475-FLQUI,Female,0,Yes,Yes,10,No,No phone service,DSL,No,Yes,Yes,Yes,Yes,Yes,One year,Yes,Credit card (automatic),112.64,1101.27,No,2024-11-21
2762-ELEMC,Female,0,No,Yes,20,Yes,No,No,No internet service,No internet service,No internet service,No internet service,No internet service,No internet service,Month-to-month,Yes,Credit card (automatic),39.6,772.78,Yes,2024-11-21
8661-MZYIN,Male,0,Yes,No,22,Yes,No,Fiber optic,No,Yes,Yes,Yes,Yes,Yes,Month-to-month,Yes,Bank transfer (automatic),192.24,4199.43,Yes,2024-11-21
1669-AGPNU,Male,0,No,No,13,Yes,Yes,Fiber optic,Yes,Yes,Yes,No,Yes,Yes,One year,Yes,Credit card (automatic),187.46,2491.72,Yes,2024-11-21
1777-MREMG,Female,0,Yes,Yes,47,Yes,Yes,DSL,Yes,Yes,No,Yes,Yes,Yes,One year,Yes,Bank transfer (automatic),150.44,7052.57,Yes,2024-11-21
4697-PYXDI,Female,0,No,No,53,Yes,No,Fiber optic,Yes,Yes,Yes,No,Yes,Yes,One year,No,Mailed check,176.03,9525.75,No,2024-11-21
7216-SUXCN,Female,0,Yes,No,35,Yes,Yes,Fiber optic,No,Yes,No,No,No,Yes,One year,Yes,Credit card (automatic),160.24,5708.3,Yes,2024-11-21
6476-OSOIP,Female,0,No,Yes,34,Yes,Yes,DSL,Yes,Yes,Yes,No,Yes,Yes,Month-to-month,Yes,Credit card (automatic),163.72,5567.16,Yes,2024-11-21
6150-ZTCPP,Female,0,No,No,32,Yes,No,Fiber optic,Yes,No,Yes,No,Yes,No,One year,Yes,Credit card (automatic),165.03,5186.95,No,2024-11-21
2447-MVCJN,Male,0,Yes,No,40,Yes,No,DSL,Yes,Yes,Yes,No,Yes,No,One year,Yes,Credit card (automatic),124.91,4931.6,No,2024-11-21
4662-MZACS,Female,0,No,No,34,Yes,No,Fiber optic,No,No,Yes,Yes,No,Yes,Month-to-month,Yes,Electronic check,158.54,5402.15,Yes,2024-11-21
6263-QBFJV,Female,0,No,No,37,Yes,Yes,Fiber optic,No,Yes,No,No,Yes,Yes,One year,Yes,Credit card (automatic),167.48,6316.81,Yes,2024-11-21
9327-MALDM,Female,0,No,Yes,50,Yes,No,Fiber optic,Yes,Yes,Yes,No,Yes,Yes,Month-to-month,No,Mailed check,178.45,8702.45,Yes,2024-11-21
8672-ZIDVX,Female,0,Yes,No,37,Yes,No,DSL,Yes,No,No,No,Yes,Yes,Month-to-month,Yes,Bank transfer (automatic),123.37,4538.73,Yes,2024-11-21
8571-QTDIR,Male,0,Yes,No,34,Yes,No,Fiber optic,No,No,Yes,No,Yes,Yes,One year,No,Credit card (automatic),153.53,5108.77,Yes,2024-11-21
3867-WZJLS,Female,0,Yes,No,55,Yes,No,Fiber optic,Yes,Yes,Yes,No,Yes,Yes,Month-to-month,Yes,Credit card (automatic),180.74,9678.75,Yes,2024-11-21
2169-CUNHR,Male,1,Yes,No,43,Yes,Yes,Fiber optic,Yes,Yes,Yes,Yes,No,Yes,Two year,No,Bank transfer (automatic),164.04,6903.37,No,2024-11-22
3804-EUELG,Male,0,No,No,51,Yes,Yes,Fiber optic,No,No,Yes,No,Yes,No,Month-to-month,Yes,Credit card (automatic),165.69,8673.48,Yes,2024-11-22
9416-FENDW,Male,0,Yes,No,19,No,No phone service,Fiber optic,No,No,No,Yes,Yes,Yes,Month-to-month,Yes,Bank transfer (automatic),138.84,2623.85,Yes,2024-11-22
1689-LNPPI,Female,0,Yes,No,24,Yes,No,Fiber optic,Yes,Yes,Yes,No,Yes,Yes,Month-to-month,No,Credit card (automatic),186.51,4389.53,No,2024-11-22
5330-QNWQK,Female,0,Yes,No,20,Yes,No,Fiber optic,No,No,Yes,No,Yes,Yes,Two year,Yes,Bank transfer (automatic),152.97,2970.82,Yes,2024-11-22
6148-ACBRH,Female,0,Yes,Yes,32,Yes,Yes,Fiber optic,No,No,No,No,Yes,Yes,Month-to-month,Yes,Bank transfer (automatic),168.08,5460.48,Yes,2024-11-22
8551-YHGVX,Female,0,No,No,17,Yes,Yes,DSL,No,No,No,Yes,No,No,One year,Yes,Electronic check,115.22,1931.03,Yes,2024-11-22
4494-YUKIZ,Female,0,Yes,No,58,Yes,Yes,DSL,Yes,No,Yes,No,Yes,Yes,One year,Yes,Mailed check,144.51,8579.67,Yes,2024-11-22
9081-DRLZI,Male,1,No,No,39,Yes,No,DSL,Yes,No,No,No,Yes,Yes,Month-to-month,Yes,Electronic check,120.81,4670.6,Yes,2024-11-22
3794-UAXXY,Male,0,Yes,Yes,19,Yes,No,No,No internet service,No internet service,No internet service,No internet service,No internet service,No internet service,Month-to-month,Yes,Credit card (automatic),49.92,970.46,Yes,2024-11-22
9519-VFRQP,Female,0,Yes,Yes,56,Yes,No,Fiber optic,No,Yes,No,No,No,Yes,Month-to-month,No,Electronic check,146.63,8332.11,Yes,2024-11-22
6791-TMAKB,Male,0,Yes,Yes,36,Yes,Yes,Fiber optic,No,Yes,Yes,Yes,Yes,Yes,One year,No,Bank transfer (automatic),186.38,6597.62,Yes,2024-11-22
5034-YSXWW,Female,0,Yes,Yes,66,Yes,No,Fiber optic,Yes,No,No,No,Yes,Yes,One year,Yes,Mailed check,148.35,9804.28,Yes,2024-11-22
7765-EYOVO,Male,0,No,No,58,No,No phone service,DSL,Yes,No,No,Yes,Yes,No,Two year,Yes,Bank transfer (automatic),83.73,4976.28,No,2024-11-22
5385-QTFTJ,Male,0,Yes,No,52,Yes,No,DSL,Yes,Yes,No,No,Yes,Yes,Month-to-month,Yes,Bank transfer (automatic),138.99,7296.97,Yes,2024-11-22
7959-IMZAV,Female,0,Yes,No,32,Yes,Yes,Fiber optic,No,No,No,Yes,Yes,Yes,Month-to-month,Yes,Credit card (automatic),174.18,5593.99,Yes,2024-11-22
4532-PVTNJ,Female,0,No,No,26,No,No phone service,Fiber optic,No,No,No,No,Yes,No,Two year,Yes,Electronic check,111.74,2981.9,No,2024-11-22
2673-EAXHD,Male,0,Yes,No,4,Yes,Yes,Fiber optic,Yes,Yes,Yes,Yes,Yes,Yes,Two year,Yes,Bank transfer (automatic),185.98,753.98,No,2024-11-22
6308-XDHCW,Female,0,Yes,No,19,Yes,Yes,Fiber optic,No,Yes,No,No,Yes,Yes,Two year,Yes,Bank transfer (automatic),149.68,2803.26,No,2024-11-22
9130-NXEZS,Female,0,Yes,No,59,Yes,Yes,Fiber optic,Yes,No,Yes,Yes,Yes,No,One year,Yes,Electronic check,187.7,11212.89,No,2024-11-22
3050-JVQIC,Female,0,Yes,Yes,27,Yes,No,Fiber optic,Yes,No,No,No,No,Yes,One year,Yes,Credit card (automatic),138.26,3826.26,Yes,2024-11-22
6933-VGVLC,Male,0,Yes,No,44,Yes,No,DSL,Yes,No,No,No,No,Yes,Two year,Yes,Bank transfer (automatic),93.46,4013.41,No,2024-11-22
1331-HSCSQ,Male,0,Yes,No,58,Yes,Yes,Fiber optic,No,Yes,No,No,Yes,Yes,Two year,Yes,Credit card (automatic),157.18,9361.51,Yes,2024-11-22
4150-SXPVB,Male,0,No,No,21,Yes,No,Fiber optic,Yes,No,Yes,No,No,Yes,Month-to-month,No,Electronic check,167.09,3415.99,Yes,2024-11-22
1926-CBODL,Female,0,Yes,No,47,Yes,Yes,No,No internet service,No internet service,No internet service,No internet service,No internet service,No internet service,Two year,No,Credit card (automatic),53.19,2476.92,Yes,2024-11-22
4986-IXEQA,Female,0,Yes,No,35,Yes,Yes,No,No internet service,No internet service,No internet service,No internet service,No internet service,No internet service,Month-to-month,No,Mailed check,66.52,2359.52,Yes,2024-11-22
3077-GCHDI,Female,1,No,No,48,Yes,No,Fiber optic,No,No,No,No,Yes,Yes,Two year,Yes,Mailed check,133.16,6344.17,No,2024-11-22
9840-DSVTJ,Male,0,No,No,27,Yes,Yes,Fiber optic,No,No,No,Yes,Yes,Yes,Month-to-month,Yes,Bank transfer (automatic),178.02,4840.42,Yes,2024-11-22
1207-XCWNR,Male,0,Yes,No,28,Yes,Yes,No,No internet service,No internet service,No internet service,No internet service,No internet service,No internet service,Two year,Yes,Mailed check,52.19,1422.34,No,2024-11-22
8906-TWEIM,Female,0,Yes,Yes,41,Yes,No,DSL,No,Yes,Yes,Yes,Yes,Yes,Month-to-month,Yes,Mailed check,146.8,6134.27,Yes,2024-11-22
3882-FYVQC,Male,0,No,No,15,Yes,No,Fiber optic,No,Yes,Yes,No,Yes,Yes,Two year,No,Bank transfer (automatic),150.6,2225.79,Yes,2024-11-22
8688-OCZNL,Male,0,No,Yes,25,Yes,No,DSL,Yes,No,Yes,No,Yes,Yes,Two year,Yes,Bank transfer (automatic),120.24,2951.39,No,2024-11-22
3245-NNNNL,Male,0,Yes,Yes,19,Yes,Yes,Fiber optic,Yes,Yes,Yes,No,Yes,Yes,Month-to-month,No,Electronic check,203.68,3885.66,Yes,2024-11-22
8937-IWIIC,Male,0,Yes,Yes,25,Yes,Yes,Fiber optic,Yes,Yes,No,No,Yes,Yes,Month-to-month,Yes,Mailed check,185.58,4525.43,Yes,2024-11-22
4261-LILXM,Male,1,Yes,No,46,Yes,No,No,No internet service,No internet service,No internet service,No internet service,No internet service,No internet service,Month-to-month,Yes,Credit card (automatic),45.15,2097.0,Yes,2024-11-22
2970-MLEAK,Female,0,Yes,No,57,Yes,No,DSL,Yes,No,Yes,Yes,Yes,Yes,Month-to-month,Yes,Mailed check,152.62,8904.92,Yes,2024-11-22
5559-QZAVZ,Male,0,No,Yes,31,Yes,Yes,DSL,Yes,No,Yes,No,Yes,Yes,Month-to-month,No,Bank transfer (automatic),154.91,4857.27,Yes,2024-11-22
2293-PWCLE,Male,0,Yes,Yes,11,Yes,No,Fiber optic,Yes,Yes,Yes,No,Yes,Yes,One year,Yes,Credit card (automatic),170.01,1838.88,No,2024-11-22
1306-YZTVQ,Male,0,No,Yes,34,No,No phone service,DSL,No,Yes,Yes,Yes,Yes,Yes,Two year,No,Credit card (automatic),103.47,3536.66,No,2024-11-22
3441-AZTJJ,Female,0,No,No,46,Yes,Yes,Fiber optic,Yes,Yes,No,Yes,Yes,Yes,One year,No,Bank transfer (automatic),187.18,8589.86,No,2024-11-22
2927-XSLFS,Female,0,No,Yes,36,Yes,Yes,Fiber optic,Yes,No,Yes,Yes,Yes,Yes,Two year,Yes,Mailed check,173.44,6115.46,No,2024-11-22
5341-YTNRU,Male,0,Yes,Yes,13,Yes,Yes,Fiber optic,Yes,No,No,Yes,Yes,Yes,One year,Yes,Credit card (automatic),173.47,2255.52,No,2024-11-22
9968-WCMWA,Female,0,Yes,No,24,Yes,Yes,No,No internet service,No internet service,No internet service,No internet service,No internet service,No internet service,One year,Yes,Electronic check,53.42,1310.3,No,2024-11-22
9145-ZQCYI,Female,0,No,No,23,Yes,Yes,DSL,Yes,No,No,Yes,Yes,Yes,One year,Yes,Credit card (automatic),133.95,3083.41,No,2024-11-23
6203-BYCGW,Female,0,No,Yes,35,Yes,No,DSL,No,Yes,Yes,Yes,Yes,Yes,Two year,Yes,Electronic check,120.7,4301.54,Yes,2024-11-23
5319-MVVFM,Female,0,No,No,56,Yes,No,Fiber optic,No,Yes,No,Yes,Yes,Yes,Month-to-month,Yes,Bank transfer (automatic),176.96,9953.68,Yes,2024-11-23
4710-RUKZI,Female,0,Yes,No,16,Yes,Yes,DSL,Yes,Yes,Yes,No,Yes,Yes,Two year,Yes,Bank transfer (automatic),149.0,2411.55,No,2024-11-23
3220-PNAXU,Male,0,Yes,Yes,58,Yes,Yes,Fiber optic,Yes,Yes,No,Yes,Yes,Yes,Two year,No,Credit card (automatic),166.72,9497.16,No,2024-11-23
4525-SCGRX,Male,0,No,No,36,Yes,No,No,No internet service,No internet service,No internet service,No internet service,No internet service,No internet service,One year,No,Electronic check,45.62,1642.6,Yes,2024-11-23
2757-PBSTK,Male,0,Yes,No,55,Yes,No,DSL,Yes,No,No,Yes,Yes,Yes,One year,No,Bank transfer (automatic),125.5,6708.04,No,2024-11-23
4766-SNQTU,Female,0,Yes,Yes,36,Yes,Yes,Fiber optic,No,No,No,No,No,Yes,One year,Yes,Bank transfer (automatic),155.65,5493.19,No,2024-11-23
5578-YDQOH,Male,0,No,Yes,50,Yes,No,Fiber optic,No,Yes,Yes,No,Yes,Yes,Month-to-month,No,Bank transfer (automatic),175.66,8566.71,No,2024-11-23
9534-GRBOW,Female,0,Yes,No,33,Yes,Yes,No,No internet service,No internet service,No internet service,No internet service,No internet service,No internet service,Month-to-month,Yes,Mailed check,68.4,2267.14,Yes,2024-11-23
9627-FKGJL,Male,0,No,No,50,Yes,No,Fiber optic,No,Yes,Yes,Yes,Yes,No,Two year,Yes,Bank transfer (automatic),152.29,7712.21,Yes,2024-11-23
1358-BWLIY,Male,0,Yes,Yes,26,Yes,Yes,Fiber optic,Yes,Yes,Yes,No,Yes,Yes,Month-to-month,Yes,Credit card (automatic),206.37,5261.12,Yes,2024-11-23
4170-SHMCS,Male,0,No,No,17,Yes,Yes,Fiber optic,Yes,Yes,Yes,Yes,Yes,Yes,One year,No,Electronic check,210.79,3558.29,No,2024-11-23
9171-KECMB,Male,0,No,No,58,Yes,No,Fiber optic,No,Yes,Yes,No,Yes,Yes,One year,Yes,Credit card (automatic),174.04,10342.82,No,2024-11-23
1273-IQWXE,Female,0,Yes,No,46,Yes,Yes,Fiber optic,No,No,No,No,Yes,Yes,One year,Yes,Credit card (automatic),163.88,7442.09,Yes,2024-11-23
7347-OUHAV,Male,0,Yes,No,39,Yes,No,No,No internet service,No internet service,No internet service,No internet service,No internet service,No internet service,Month-to-month,Yes,Electronic check,42.79,1701.9,Yes,2024-11-23
6931-IWHPQ,Male,0,No,No,48,Yes,No,DSL,Yes,Yes,No,No,Yes,Yes,One year,Yes,Electronic check,122.49,5785.79,Yes,2024-11-23
4939-KZROK,Male,0,No,No,61,Yes,No,Fiber optic,Yes,No,No,Yes,Yes,Yes,One year,Yes,Bank transfer (automatic),165.93,9868.78,Yes,2024-11-23
6291-HEUWE,Female,1,Yes,No,40,Yes,No,DSL,Yes,Yes,No,Yes,Yes,No,One year,Yes,Mailed check,131.63,5143.12,Yes,2024-11-23
5133-RPHSK,Female,0,Yes,No,16,Yes,No,DSL,No,No,No,Yes,Yes,Yes,Two year,Yes,Mailed check,104.33,1707.5,No,2024-11-23
8080-JTMTI,Female,0,No,Yes,29,Yes,Yes,Fiber optic,No,Yes,Yes,Yes,Yes,Yes,Month-to-month,Yes,Bank transfer (automatic),206.68,6154.33,Yes,2024-11-23
8960-PSJUC,Male,0,Yes,No,32,Yes,Yes,Fiber optic,No,No,Yes,No,Yes,Yes,Month-to-month,Yes,Credit card (automatic),181.66,5877.07,Yes,2024-11-23
8858-PPNIB,Female,1,Yes,No,36,Yes,Yes,Fiber optic,Yes,Yes,Yes,Yes,Yes,No,One year,Yes,Credit card (automatic),193.9,6921.92,Yes,2024-11-23
3692-OAECR,Female,0,Yes,No,15,Yes,No,DSL,No,Yes,No,No,Yes,No,Month-to-month,Yes,Mailed check,109.39,1601.9,No,2024-11-23
3722-VIQCY,Female,0,No,No,36,Yes,Yes,DSL,Yes,Yes,Yes,Yes,No,Yes,One year,Yes,Bank transfer (automatic),161.61,5847.22,Yes,2024-11-23
8493-EUTAX,Male,0,No,No,38,Yes,Yes,No,No internet service,No internet service,No internet service,No internet service,No internet service,No internet service,One year,Yes,Credit card (automatic),57.82,2250.26,No,2024-11-23
6208-TEQOS,Male,0,Yes,No,19,Yes,No,Fiber optic,Yes,Yes,Yes,Yes,No,Yes,One year,Yes,Credit card (automatic),166.91,3153.44,Yes,2024-11-23
9379-UECBZ,Male,0,Yes,No,17,Yes,No,Fiber optic,Yes,Yes,Yes,No,Yes,Yes,One year,No,Credit card (automatic),168.39,2873.1,No,2024-11-23
7858-SDNBW,Female,0,No,No,40,Yes,Yes,Fiber optic,Yes,No,Yes,No,No,No,One year,Yes,Mailed check,157.52,6243.88,Yes,2024-11-23
2092-VLXXK,Male,0,No,No,48,Yes,No,DSL,Yes,Yes,No,Yes,Yes,No,One year,No,Mailed check,130.81,6229.04,No,2024-11-23
9365-DQBAU,Female,0,Yes,No,38,Yes,Yes,Fiber optic,No,Yes,Yes,No,Yes,Yes,Two year,Yes,Bank transfer (automatic),152.47,5728.46,No,2024-11-23
2589-OZLLT,Male,0,No,No,48,No,No phone service,DSL,No,No,Yes,Yes,Yes,Yes,One year,Yes,Electronic check,108.0,5287.2,Yes,2024-11-23
6865-WMNXO,Male,0,Yes,No,24,Yes,Yes,Fiber optic,No,No,Yes,Yes,Yes,Yes,Two year,Yes,Bank transfer (automatic),162.85,3833.57,No,2024-11-23
4059-HYBPX,Female,0,No,No,47,Yes,No,Fiber optic,No,Yes,Yes,No,Yes,Yes,Month-to-month,No,Bank transfer (automatic),170.58,7788.49,Yes,2024-11-23
2817-NANTD,Male,0,No,No,43,Yes,Yes,Fiber optic,No,No,No,No,Yes,Yes,Month-to-month,No,Bank transfer (automatic),170.23,7455.15,Yes,2024-11-23
8347-DDZQT,Male,1,No,Yes,54,Yes,Yes,No,No internet service,No internet service,No internet service,No internet service,No internet service,No internet service,One year,Yes,Credit card (automatic),56.78,3042.42,No,2024-11-24
4727-WBPDH,Female,0,Yes,No,46,No,No phone service,No,No internet service,No internet service,No internet service,No internet service,No internet service,No internet service,One year,No,Credit card (automatic),22.71,1039.87,No,2024-11-24
6825-DGGMK,Male,0,Yes,No,35,Yes,No,Fiber optic,No,No,No,Yes,Yes,No,Two year,Yes,Electronic check,135.06,4855.79,Yes,2024-11-24
9182-XENWV,Female,0,No,No,37,Yes,No,Fiber optic,Yes,Yes,No,No,Yes,Yes,One year,Yes,Mailed check,169.15,6173.98,No,2024-11-24
6271-KESTA,Male,0,No,No,9,Yes,Yes,DSL,Yes,No,No,No,No,No,Month-to-month,No,Bank transfer (automatic),121.49,1095.72,Yes,2024-11-24
1209-ODJSG,Male,0,No,No,36,Yes,Yes,Fiber optic,No,Yes,No,Yes,Yes,Yes,Two year,Yes,Mailed check,159.73,5597.31,Yes,2024-11-24
8500-NOZGG,Female,1,No,No,15,Yes,No,Fiber optic,Yes,No,No,No,Yes,Yes,Month-to-month,No,Credit card (automatic),165.71,2525.08,Yes,2024-11-24
4831-QRUZJ,Female,0,Yes,No,59,Yes,No,DSL,No,Yes,No,Yes,No,Yes,Two year,Yes,Credit card (automatic),106.66,6143.37,No,2024-11-24
2239-CSXQD,Male,0,Yes,No,31,No,No phone service,Fiber optic,Yes,No,Yes,Yes,Yes,No,One year,No,Bank transfer (automatic),149.7,4558.23,Yes,2024-11-24
9940-VAGHG,Female,0,No,No,39,Yes,No,DSL,Yes,Yes,No,No,No,Yes,Two year,No,Electronic check,104.33,3956.76,No,2024-11-24
8380-CUCYJ,Female,0,Yes,Yes,26,Yes,No,Fiber optic,Yes,No,Yes,Yes,No,Yes,Month-to-month,No,Bank transfer (automatic),175.53,4449.09,Yes,2024-11-24
1969-CUHTM,Female,0,Yes,Yes,10,Yes,Yes,Fiber optic,No,No,No,Yes,Yes,Yes,One year,No,Bank transfer (automatic),163.19,1675.45,No,2024-11-24
4728-SAAXT,Male,0,Yes,No,33,Yes,Yes,No,No internet service,No internet service,No internet service,No internet service,No internet service,No internet service,Month-to-month,Yes,Bank transfer (automatic),59.81,2002.83,Yes,2024-11-24
3062-EJWWM,Male,0,Yes,Yes,18,Yes,No,Fiber optic,No,No,Yes,No,Yes,Yes,Two year,Yes,Bank transfer (automatic),148.99,2751.03,Yes,2024-11-24
1807-QVVTP,Male,0,Yes,Yes,41,Yes,No,DSL,Yes,No,Yes,Yes,Yes,Yes,One year,Yes,Mailed check,127.55,5326.23,No,2024-11-24
2284-FNNEM,Female,0,No,No,33,Yes,Yes,DSL,No,Yes,Yes,No,Yes,Yes,Two year,Yes,Credit card (automatic),127.13,4288.87,No,2024-11-24
2417-JDKBK,Male,0,Yes,No,12,Yes,Yes,DSL,Yes,Yes,No,Yes,Yes,Yes,Month-to-month,Yes,Electronic check,168.6,2059.23,Yes,2024-11-24
7074-AWEQG,Female,0,Yes,No,33,Yes,No,DSL,No,No,No,No,Yes,Yes,One year,No,Bank transfer (automatic),102.97,3463.9,No,2024-11-24
1993-KQCKQ,Female,0,No,Yes,42,Yes,Yes,Fiber optic,No,No,Yes,No,Yes,Yes,One year,Yes,Mailed check,173.13,7162.51,No,2024-11-24
7163-TSPIG,Female,1,Yes,No,24,Yes,No,Fiber optic,No,No,Yes,Yes,Yes,Yes,One year,Yes,Mailed check,169.03,4051.99,Yes,2024-11-24
6712-ECWXH,Female,0,Yes,No,17,Yes,No,Fiber optic,No,Yes,No,Yes,Yes,Yes,Two year,No,Electronic check,149.62,2512.62,Yes,2024-11-24
6788-IFHWA,Male,0,Yes,No,38,Yes,Yes,Fiber optic,Yes,No,Yes,Yes,Yes,Yes,One year,Yes,Credit card (automatic),175.29,6524.2,Yes,2024-11-24
9812-GTHPP,Male,0,Yes,No,35,Yes,Yes,No,No internet service,No internet service,No internet service,No internet service,No internet service,No internet service,Month-to-month,No,Mailed check,58.46,2052.74,Yes,2024-11-24
9882-BOQLF,Male,0,Yes,No,42,Yes,No,DSL,No,Yes,Yes,No,Yes,No,Two year,Yes,Mailed check,106.36,4543.47,Yes,2024-11-24
5286-MMXBI,Female,0,No,Yes,15,Yes,Yes,Fiber optic,No,No,Yes,No,Yes,Yes,One year,Yes,Credit card (automatic),176.68,2583.9,No,2024-11-24
4174-CIFUP,Female,0,Yes,No,51,Yes,No,Fiber optic,No,Yes,No,No,No,Yes,Two year,Yes,Credit card (automatic),130.78,6578.5,Yes,2024-11-24
1464-UYXIE,Female,0,No,No,11,Yes,Yes,DSL,No,Yes,No,Yes,No,Yes,Month-to-month,Yes,Credit card (automatic),143.42,1552.98,No,2024-11-24
4058-KJKEE,Male,0,Yes,No,25,Yes,No,DSL,Yes,Yes,Yes,No,Yes,Yes,Month-to-month,Yes,Electronic check,147.83,3792.82,Yes,2024-11-24
8999-OSENP,Female,0,No,No,47,No,No phone service,DSL,Yes,No,No,No,Yes,Yes,Month-to-month,Yes,Bank transfer (automatic),100.09,4611.43,No,2024-11-24
3167-PBMAF,Female,0,No,No,55,Yes,No,Fiber optic,Yes,Yes,Yes,Yes,Yes,Yes,One year,Yes,Electronic check,189.6,10477.22,Yes,2024-11-24
1886-JKMOG,Male,0,Yes,Yes,46,Yes,No,No,No internet service,No internet service,No internet service,No internet service,No internet service,No internet service,One year,No,Credit card (automatic),26.87,1220.71,No,2024-11-24
2417-WEDUU,Male,1,Yes,Yes,52,Yes,No,Fiber optic,No,No,Yes,Yes,Yes,Yes,One year,No,Bank transfer (automatic),159.39,8331.8,Yes,2024-11-24
9027-LGVPI,Female,1,No,Yes,43,Yes,No,Fiber optic,No,Yes,Yes,No,Yes,Yes,Month-to-month,No,Credit card (automatic),175.36,7349.81,Yes,2024-11-24
5887-BGUCR,Male,0,Yes,No,51,Yes,No,DSL,No,No,No,No,No,Yes,Two year,No,Bank transfer (automatic),78.68,3911.67,No,2024-11-24
8457-DCBXE,Male,0,Yes,No,30,Yes,No,DSL,No,Yes,No,No,Yes,Yes,One year,Yes,Credit card (automatic),116.99,3588.31,Yes,2024-11-24
1834-MCXGA,Male,0,Yes,No,38,Yes,No,No,No internet service,No internet service,No internet service,No internet service,No internet service,No internet service,Two year,No,Credit card (automatic),37.66,1428.49,No,2024-11-24
3127-HPPDO,Male,0,Yes,No,42,Yes,Yes,Fiber optic,No,Yes,Yes,No,Yes,Yes,One year,No,Bank transfer (automatic),181.0,7499.1,No,2024-11-24
9773-OYKQI,Male,0,Yes,Yes,42,Yes,Yes,Fiber optic,Yes,No,Yes,No,Yes,Yes,Month-to-month,Yes,Credit card (automatic),181.83,7469.51,Yes,2024-11-24
5021-SQMVX,Male,0,Yes,No,30,Yes,Yes,DSL,No,Yes,No,No,Yes,Yes,One year,Yes,Bank transfer (automatic),122.09,3554.77,No,2024-11-24
1429-TBSNT,Female,0,No,Yes,39,Yes,No,No,No internet service,No internet service,No internet service,No internet service,No internet service,No internet service,Month-to-month,Yes,Electronic check,45.98,1742.8,Yes,2024-11-24
9821-PBCXI,Male,0,No,Yes,39,Yes,Yes,Fiber optic,Yes,Yes,Yes,No,Yes,Yes,Two year,Yes,Credit card (automatic),172.01,6578.13,Yes,2024-11-24
7881-NNRWX,Male,0,Yes,No,32,No,No phone service,Fiber optic,No,Yes,No,No,Yes,Yes,Two year,Yes,Mailed check,119.67,3792.91,No,2024-11-24
4767-TPNPA,Female,0,Yes,No,35,Yes,Yes,Fiber optic,No,Yes,Yes,Yes,Yes,No,One year,Yes,Credit card (automatic),173.36,5956.94,No,2024-11-24
1213-HDKRN,Male,0,No,No,57,No,No phone service,Fiber optic,No,Yes,No,No,Yes,Yes,Month-to-month,Yes,Mailed check,134.46,7864.82,Yes,2024-11-24
5901-ZGGFC,Female,1,Yes,No,63,Yes,No,No,No internet service,No internet service,No internet service,No internet service,No internet service,No internet service,One year,No,Bank transfer (automatic),41.66,2645.53,Yes,2024-11-24
8013-LCZEH,Female,0,Yes,Yes,23,Yes,No,DSL,Yes,Yes,No,No,Yes,Yes,Month-to-month,Yes,Electronic check,145.21,3395.74,Yes,2024-11-24
6263-NCQMQ,Male,0,No,No,37,Yes,Yes,DSL,Yes,No,Yes,Yes,Yes,Yes,Two year,No,Mailed check,150.48,5453.05,No,2024-11-24
4891-EBAAK,Female,0,No,No,46,No,No phone service,Fiber optic,Yes,No,Yes,No,No,Yes,Month-to-month,Yes,Credit card (automatic),145.96,6603.6,Yes,2024-11-24
1548-THNUR,Female,0,Yes,Yes,53,Yes,No,Fiber optic,No,Yes,No,No,No,Yes,One year,No,Mailed check,144.61,7480.13,No,2024-11-25
4830-IOKXC,Female,0,No,Yes,35,Yes,Yes,Fiber optic,No,No,Yes,Yes,Yes,Yes,Two year,No,Bank transfer (automatic),156.86,5367.07,Yes,2024-11-25
7455-DEXUJ,Male,0,Yes,Yes,45,Yes,No,No,No internet service,No internet service,No internet service,No internet service,No internet service,No internet service,Month-to-month,Yes,Credit card (automatic),44.85,2066.06,Yes,2024-11-25
1454-KXQBL,Female,0,No,No,34,Yes,Yes,No,No internet service,No internet service,No internet service,No internet service,No internet service,No internet service,Month-to-month,Yes,Electronic check,60.64,2023.71,Yes,2024-11-25
5171-LNMTJ,Male,0,No,No,21,No,No phone service,Fiber optic,No,Yes,No,No,No,Yes,Month-to-month,No,Bank transfer (automatic),131.29,2729.01,Yes,2024-11-25
7524-TPFAP,Male,0,No,No,20,Yes,Yes,No,No internet service,No internet service,No internet service,No internet service,No internet service,No internet service,Month-to-month,Yes,Electronic check,60.11,1192.13,Yes,2024-11-25
7881-LWFRK,Female,0,No,Yes,48,Yes,Yes,No,No internet service,No internet service,No internet service,No internet service,No internet service,No internet service,Month-to-month,Yes,Credit card (automatic),72.17,3476.12,Yes,2024-11-25
4051-RRJIS,Male,0,Yes,No,34,Yes,No,Fiber optic,No,Yes,Yes,Yes,Yes,Yes,Month-to-month,Yes,Credit card (automatic),175.59,5959.38,Yes,2024-11-25
6907-ARIXE,Male,0,No,No,33,Yes,Yes,Fiber optic,Yes,Yes,Yes,Yes,Yes,Yes,Month-to-month,Yes,Credit card (automatic),219.59,7277.28,Yes,2024-11-25
5655-UCWOC,Male,0,Yes,No,36,No,No phone service,Fiber optic,Yes,Yes,No,Yes,No,Yes,Two year,No,Bank transfer (automatic),132.61,4669.5,No,2024-11-25
8266-VQEYW,Male,1,Yes,No,35,Yes,No,Fiber optic,No,No,Yes,Yes,Yes,No,One year,Yes,Credit card (automatic),159.34,5573.38,No,2024-11-25
8668-OJECH,Male,0,No,No,38,Yes,No,Fiber optic,No,Yes,No,Yes,No,No,One year,Yes,Electronic check,147.7,5547.72,No,2024-11-25
1623-WWLMQ,Male,0,Yes,Yes,51,Yes,Yes,DSL,Yes,Yes,No,No,Yes,No,One year,Yes,Credit card (automatic),144.85,7513.32,Yes,2024-11-25
2428-KSRHU,Male,0,Yes,No,31,Yes,Yes,No,No internet service,No internet service,No internet service,No internet service,No internet service,No internet service,One year,No,Credit card (automatic),63.91,1927.23,No,2024-11-25
2498-ZBGDG,Female,0,Yes,No,66,Yes,Yes,Fiber optic,No,Yes,Yes,Yes,Yes,Yes,One year,Yes,Credit card (automatic),190.36,12598.27,No,2024-11-25
6502-ZARMM,Female,0,Yes,No,33,Yes,No,Fiber optic,No,Yes,Yes,No,Yes,Yes,One year,Yes,Electronic check,163.38,5486.62,No,2024-11-25
1585-LRFJC,Female,0,Yes,No,29,Yes,No,Fiber optic,Yes,Yes,Yes,No,Yes,Yes,Two year,Yes,Credit card (automatic),154.95,4362.82,No,2024-11-25
8874-SWSNT,Female,0,No,No,58,No,No phone service,DSL,No,No,Yes,Yes,No,Yes,One year,No,Mailed check,96.32,5452.44,Yes,2024-11-25
7605-ADSKS,Female,0,No,No,41,Yes,No,Fiber optic,No,No,Yes,Yes,Yes,Yes,Month-to-month,Yes,Mailed check,174.25,7032.58,No,2024-11-25
1986-LZNRK,Female,0,Yes,No,23,Yes,Yes,Fiber optic,Yes,Yes,Yes,Yes,Yes,Yes,One year,Yes,Mailed check,193.12,4418.02,No,2024-11-25
6487-PIZEM,Female,0,Yes,No,38,Yes,No,DSL,No,No,No,Yes,Yes,Yes,Month-to-month,Yes,Credit card (automatic),133.12,5031.77,Yes,2024-11-25
1688-ULKME,Male,0,Yes,No,40,Yes,Yes,No,No internet service,No internet service,No internet service,No internet service,No internet service,No internet service,Month-to-month,Yes,Mailed check,60.0,2360.97,Yes,2024-11-25
7589-YWBXA,Female,0,Yes,No,19,Yes,Yes,Fiber optic,Yes,No,Yes,Yes,No,No,One year,Yes,Bank transfer (automatic),163.17,3066.67,No,2024-11-25
5397-XIZHN,Female,0,No,No,13,Yes,Yes,Fiber optic,No,No,Yes,No,Yes,Yes,Two year,Yes,Credit card (automatic),151.71,1935.84,Yes,2024-11-25
9236-BSAPR,Male,0,Yes,No,36,Yes,No,Fiber optic,No,No,No,No,Yes,Yes,One year,Yes,Electronic check,146.89,5405.38,Yes,2024-11-25
5827-ZFLPX,Male,0,No,No,10,No,No phone service,DSL,No,No,No,Yes,Yes,No,Month-to-month,Yes,Mailed check,75.88,773.63,Yes,2024-11-25
4487-PSJRN,Male,0,No,No,29,No,No phone service,Fiber optic,Yes,Yes,No,Yes,Yes,Yes,Month-to-month,No,Credit card (automatic),156.33,4627.4,Yes,2024-11-25
3916-APCBS,Male,0,Yes,No,37,Yes,Yes,Fiber optic,No,No,Yes,No,No,Yes,Month-to-month,Yes,Bank transfer (automatic),167.33,6347.58,Yes,2024-11-25
8031-TCDNS,Male,0,Yes,No,64,Yes,No,Fiber optic,No,Yes,Yes,No,Yes,Yes,Month-to-month,No,Bank transfer (automatic),175.97,11561.87,Yes,2024-11-25
8542-XPJBO,Female,0,Yes,Yes,35,Yes,No,No,No internet service,No internet service,No internet service,No internet service,No internet service,No internet service,One year,No,Electronic check,38.52,1345.74,Yes,2024-11-25
1376-BOFNR,Male,0,Yes,No,30,Yes,No,Fiber optic,Yes,Yes,Yes,No,Yes,Yes,Two year,Yes,Bank transfer (automatic),159.04,4687.33,No,2024-11-25
1056-RGNIY,Female,0,Yes,No,29,Yes,Yes,Fiber optic,No,No,Yes,No,Yes,Yes,One year,Yes,Electronic check,180.94,5403.83,Yes,2024-11-26
2137-LTCQU,Female,0,No,No,50,Yes,No,Fiber optic,Yes,No,No,No,Yes,Yes,Month-to-month,Yes,Bank transfer (automatic),163.92,8135.3,Yes,2024-11-26
1092-LNVOE,Male,0,Yes,Yes,46,Yes,Yes,Fiber optic,No,Yes,No,No,Yes,Yes,Two year,Yes,Electronic check,162.41,7294.64,No,2024-11-26
1615-VTUJO,Female,0,No,No,60,No,No phone service,Fiber optic,Yes,Yes,No,Yes,Yes,Yes,One year,Yes,Credit card (automatic),145.17,8691.31,No,2024-11-26
1414-QCULG,Female,0,No,No,20,Yes,No,Fiber optic,Yes,Yes,No,No,Yes,Yes,Month-to-month,Yes,Mailed check,169.79,3474.56,Yes,2024-11-26
3082-IQXST,Female,0,Yes,No,62,Yes,No,Fiber optic,No,No,Yes,No,Yes,Yes,One year,Yes,Credit card (automatic),152.37,9573.37,Yes,2024-11-26
3066-AHORQ,Female,0,Yes,No,22,Yes,No,Fiber optic,No,No,No,No,Yes,Yes,Month-to-month,Yes,Bank transfer (automatic),150.51,3316.68,Yes,2024-11-26
7358-UBPPP,Female,0,No,No,19,No,No phone service,Fiber optic,No,Yes,Yes,No,Yes,Yes,One year,Yes,Electronic check,133.03,2481.97,No,2024-11-26
8932-PUKTI,Female,0,No,No,43,Yes,No,DSL,Yes,Yes,Yes,No,Yes,Yes,One year,Yes,Electronic check,146.13,6183.02,No,2024-11-26
7147-OJXNX,Female,0,No,Yes,3,Yes,No,Fiber optic,Yes,Yes,Yes,Yes,No,No,Two year,Yes,Credit card (automatic),140.25,432.76,Yes,2024-11-26
8614-WWXBJ,Female,0,Yes,No,60,Yes,No,DSL,No,No,Yes,Yes,Yes,Yes,Month-to-month,Yes,Mailed check,138.54,8305.0,No,2024-11-26
2919-XEYVQ,Female,0,No,No,49,Yes,No,Fiber optic,No,No,Yes,No,Yes,No,Month-to-month,Yes,Credit card (automatic),148.51,7297.11,Yes,2024-11-26
7090-BJKSA,Female,0,No,No,50,Yes,Yes,No,No internet service,No internet service,No internet service,No internet service,No internet service,No internet service,One year,Yes,Bank transfer (automatic),68.22,3447.72,No,2024-11-26
1479-AZAOB,Female,0,Yes,No,23,Yes,Yes,No,No internet service,No internet service,No internet service,No internet service,No internet service,No internet service,One year,Yes,Credit card (automatic),56.9,1323.22,No,2024-11-26
5101-MFMAF,Female,0,No,No,22,Yes,Yes,Fiber optic,No,No,No,No,Yes,Yes,Month-to-month,Yes,Electronic check,168.77,3702.11,Yes,2024-11-26
6012-ETVPR,Male,1,No,No,34,No,No phone service,Fiber optic,Yes,Yes,Yes,No,Yes,Yes,Month-to-month,No,Bank transfer (automatic),162.35,5578.87,Yes,2024-11-26
8065-NGVEE,Female,0,Yes,No,45,Yes,Yes,Fiber optic,Yes,No,Yes,No,Yes,Yes,Two year,Yes,Bank transfer (automatic),170.95,7708.45,Yes,2024-11-26
7044-ASMZX,Female,0,Yes,No,13,Yes,Yes,Fiber optic,No,Yes,No,No,Yes,Yes,One year,Yes,Mailed check,172.81,2209.99,No,2024-11-26
3212-BKRAQ,Male,0,Yes,No,20,Yes,No,Fiber optic,No,No,Yes,No,Yes,Yes,Two year,Yes,Mailed check,147.3,3034.29,Yes,2024-11-26
5933-UJGLL,Male,0,Yes,No,24,Yes,No,DSL,No,Yes,Yes,Yes,Yes,Yes,Month-to-month,Yes,Electronic check,132.88,3120.97,No,2024-11-26
9162-OCUOQ,Male,1,Yes,No,21,Yes,Yes,No,No internet service,No internet service,No internet service,No internet service,No internet service,No internet service,Month-to-month,Yes,Bank transfer (automatic),67.28,1383.4,Yes,2024-11-26
5840-XZXPV,Male,0,Yes,No,8,Yes,Yes,Fiber optic,No,Yes,No,No,Yes,Yes,One year,Yes,Electronic check,178.53,1396.14,Yes,2024-11-26
1804-FDHVN,Male,0,No,No,34,Yes,Yes,Fiber optic,Yes,No,Yes,No,Yes,No,Two year,No,Bank transfer (automatic),146.75,4885.38,No,2024-11-26
7938-NCDWE,Female,0,No,No,45,Yes,No,Fiber optic,No,Yes,Yes,Yes,Yes,Yes,One year,Yes,Electronic check,174.72,8006.59,No,2024-11-26
8721-WRREF,Female,0,Yes,No,38,No,No phone service,Fiber optic,No,Yes,No,No,Yes,No,One year,No,Electronic check,117.65,4499.61,Yes,2024-11-26
2623-VADHI,Male,0,Yes,No,46,No,No phone service,No,No internet service,No internet service,No internet service,No internet service,No internet service,No internet service,Two year,No,Electronic check,18.5,848.05,Yes,2024-11-26
1731-SBIOT,Male,0,No,No,39,Yes,No,Fiber optic,No,Yes,No,No,Yes,Yes,Month-to-month,Yes,Credit card (automatic),168.74,6600.87,Yes,2024-11-26
7192-BTRBC,Female,0,Yes,No,19,Yes,Yes,Fiber optic,No,Yes,No,No,Yes,Yes,One year,No,Credit card (automatic),170.97,3237.19,No,2024-11-26
1924-AMJVU,Female,1,Yes,No,20,Yes,No,Fiber optic,No,Yes,No,No,Yes,No,One year,Yes,Electronic check,149.92,3004.97,Yes,2024-11-26
6343-OTBHQ,Female,0,Yes,No,57,Yes,No,DSL,No,Yes,Yes,No,Yes,No,Month-to-month,No,Mailed check,118.04,6826.62,Yes,2024-11-26
7580-SDTZE,Male,0,Yes,Yes,55,Yes,No,Fiber optic,Yes,No,No,No,Yes,Yes,One year,Yes,Credit card (automatic),160.5,8917.94,Yes,2024-11-26
6438-APBKR,Female,0,No,Yes,58,Yes,Yes,No,No internet service,No internet service,No internet service,No internet service,No internet service,No internet service,Month-to-month,Yes,Bank transfer (automatic),59.25,3389.19,Yes,2024-11-26
3405-MPAGX,Male,1,No,No,37,Yes,No,Fiber optic,Yes,No,Yes,Yes,No,Yes,Month-to-month,No,Electronic check,172.53,6197.04,Yes,2024-11-26
5209-YAUQF,Female,0,No,No,40,Yes,Yes,DSL,Yes,No,Yes,No,Yes,No,One year,Yes,Electronic check,147.79,5754.75,No,2024-11-26
9461-APBJY,Female,0,Yes,Yes,59,Yes,Yes,Fiber optic,No,Yes,No,No,Yes,Yes,One year,Yes,Bank transfer (automatic),162.86,9368.67,Yes,2024-11-26
8117-SUHOT,Male,0,Yes,No,65,No,No phone service,No,No internet service,No internet service,No internet service,No internet service,No internet service,No internet service,Month-to-month,No,Mailed check,18.95,1224.83,No,2024-11-26
2190-QKNKC,Female,0,Yes,No,26,Yes,Yes,Fiber optic,Yes,Yes,Yes,No,Yes,Yes,Month-to-month,No,Bank transfer (automatic),207.2,5533.73,Yes,2024-11-26
9150-MMOPL,Female,0,Yes,No,43,Yes,Yes,No,No internet service,No internet service,No internet service,No internet service,No internet service,No internet service,One year,Yes,Bank transfer (automatic),52.53,2326.53,No,2024-11-26
3860-HRVCG,Female,0,Yes,No,38,Yes,Yes,Fiber optic,No,Yes,Yes,Yes,Yes,Yes,One year,Yes,Electronic check,200.24,7720.14,No,2024-11-26
5601-HIJHF,Female,0,No,No,6,Yes,Yes,Fiber optic,Yes,No,No,Yes,Yes,Yes,Two year,No,Mailed check,167.39,1005.47,Yes,2024-11-26
2633-QJWTY,Male,0,No,No,27,Yes,Yes,Fiber optic,Yes,No,Yes,No,No,Yes,One year,Yes,Bank transfer (automatic),174.17,4829.98,No,2024-11-26
3959-KMVMD,Female,1,No,Yes,49,Yes,No,Fiber optic,Yes,No,Yes,Yes,No,No,Month-to-month,Yes,Mailed check,170.76,8545.15,Yes,2024-11-26
6309-KPXXE,Female,0,No,No,62,Yes,No,Fiber optic,No,Yes,Yes,No,Yes,Yes,Month-to-month,Yes,Credit card (automatic),178.32,11033.78,Yes,2024-11-26
3414-KEWSA,Male,0,Yes,No,35,Yes,No,No,No internet service,No internet service,No internet service,No internet service,No internet service,No internet service,Two year,Yes,Credit card (automatic),39.96,1370.97,No,2024-11-27
3906-RMIGE,Male,0,Yes,No,37,Yes,Yes,Fiber optic,No,No,Yes,Yes,Yes,No,One year,No,Credit card (automatic),170.92,6329.24,No,2024-11-27
6686-EGJGN,Male,0,Yes,No,43,Yes,Yes,Fiber optic,No,No,Yes,No,Yes,Yes,Two year,Yes,Credit card (automatic),161.69,7006.88,No,2024-11-27
6161-CINFX,Male,0,Yes,No,38,Yes,Yes,No,No internet service,No internet service,No internet service,No internet service,No internet service,No internet service,One year,Yes,Bank transfer (automatic),57.88,2200.9,Yes,2024-11-27
8365-HEUYY,Female,0,Yes,Yes,51,Yes,Yes,No,No internet service,No internet service,No internet service,No internet service,No internet service,No internet service,Month-to-month,No,Credit card (automatic),63.46,3294.38,Yes,2024-11-27
4066-OJEVT,Female,0,Yes,Yes,54,Yes,Yes,No,No internet service,No internet service,No internet service,No internet service,No internet service,No internet service,Month-to-month,No,Mailed check,64.21,3437.99,Yes,2024-11-27
4182-FHNWO,Male,0,No,No,18,Yes,No,Fiber optic,Yes,Yes,Yes,No,Yes,Yes,One year,Yes,Credit card (automatic),179.64,3315.98,Yes,2024-11-27
5731-CMVPL,Male,0,Yes,Yes,13,Yes,Yes,DSL,Yes,Yes,Yes,Yes,Yes,Yes,One year,Yes,Bank transfer (automatic),171.58,2251.04,No,2024-11-27
7442-HQAHZ,Male,1,No,No,43,Yes,No,DSL,No,Yes,Yes,Yes,No,Yes,One year,Yes,Credit card (automatic),134.52,5812.2,No,2024-11-27
5949-JRUHO,Female,0,No,No,23,Yes,Yes,Fiber optic,No,No,Yes,Yes,No,Yes,Month-to-month,Yes,Electronic check,178.08,4157.72,Yes,2024-11-27
1291-GUTNP,Female,0,No,No,12,Yes,Yes,Fiber optic,No,No,No,Yes,Yes,Yes,One year,Yes,Credit card (automatic),178.98,2192.7,No,2024-11-27
3322-UIQZZ,Male,0,Yes,No,56,Yes,Yes,Fiber optic,Yes,Yes,Yes,No,Yes,No,Two year,Yes,Electronic check,167.71,9595.63,No,2024-11-27
8116-DBMQK,Male,0,Yes,No,18,Yes,No,Fiber optic,Yes,Yes,Yes,No,Yes,Yes,One year,Yes,Credit card (automatic),169.64,3010.07,Yes,2024-11-27
1340-VCSZK,Male,0,No,No,25,Yes,Yes,Fiber optic,No,No,Yes,No,No,Yes,Two year,Yes,Mailed check,137.88,3451.47,No,2024-11-27
6998-NIUWX,Female,0,No,No,40,Yes,Yes,Fiber optic,No,Yes,Yes,No,Yes,Yes,Month-to-month,Yes,Bank transfer (automatic),188.8,7592.0,Yes,2024-11-27
1571-ZXVRS,Female,0,Yes,No,49,Yes,No,Fiber optic,No,Yes,Yes,No,Yes,Yes,One year,Yes,Credit card (automatic),167.91,8024.4,No,2024-11-27
1624-SGRQE,Male,0,Yes,No,38,Yes,No,DSL,Yes,No,Yes,No,Yes,Yes,Month-to-month,No,Electronic check,134.75,5187.18,Yes,2024-11-27
5948-EJKGZ,Female,1,No,No,42,Yes,Yes,Fiber optic,No,Yes,Yes,Yes,Yes,Yes,Month-to-month,Yes,Credit card (automatic),205.18,8729.27,Yes,2024-11-27
2231-JDCKR,Female,0,Yes,No,36,Yes,No,No,No internet service,No internet service,No internet service,No internet service,No internet service,No internet service,Two year,No,Mailed check,39.83,1419.44,No,2024-11-27
2705-WTVFY,Female,0,Yes,Yes,11,Yes,No,DSL,Yes,Yes,No,No,No,Yes,Month-to-month,No,Electronic check,131.28,1408.14,Yes,2024-11-27
9884-GXMDO,Female,0,Yes,No,38,Yes,Yes,Fiber optic,Yes,Yes,Yes,Yes,Yes,Yes,Month-to-month,Yes,Mailed check,219.46,8298.66,Yes,2024-11-27
3026-POTJP,Male,0,Yes,No,36,No,No phone service,No,No internet service,No internet service,No internet service,No internet service,No internet service,No internet service,One year,No,Bank transfer (automatic),19.01,695.28,No,2024-11-27
5380-YHOCN,Male,1,No,No,46,Yes,No,Fiber optic,No,Yes,Yes,No,No,No,Two year,Yes,Credit card (automatic),129.0,5797.6,No,2024-11-27
5927-RMFSH,Female,0,No,Yes,41,Yes,Yes,Fiber optic,No,Yes,Yes,Yes,Yes,No,One year,No,Bank transfer (automatic),167.58,6862.22,No,2024-11-27
6140-IWUVT,Male,0,Yes,No,48,Yes,Yes,Fiber optic,Yes,Yes,Yes,No,Yes,Yes,Two year,Yes,Mailed check,169.9,8371.67,Yes,2024-11-27
6088-HFXBM,Male,0,Yes,No,50,Yes,Yes,No,No internet service,No internet service,No internet service,No internet service,No internet service,No internet service,One year,Yes,Credit card (automatic),54.75,2793.26,Yes,2024-11-27
3976-IMIYL,Male,1,No,No,48,Yes,Yes,No,No internet service,No internet service,No internet service,No internet service,No internet service,No internet service,One year,No,Electronic check,47.96,2338.51,Yes,2024-11-27
7284-XMRGB,Female,0,Yes,No,44,Yes,Yes,DSL,Yes,No,No,No,No,Yes,Month-to-month,No,Mailed check,128.16,5573.36,No,2024-11-27
3079-MWSZW,Female,0,Yes,No,12,Yes,No,Fiber optic,No,Yes,No,Yes,Yes,Yes,One year,Yes,Bank transfer (automatic),161.38,1940.62,Yes,2024-11-27
1769-MBRIB,Male,0,Yes,No,44,Yes,No,Fiber optic,Yes,Yes,Yes,No,Yes,Yes,Two year,No,Electronic check,162.75,7365.37,Yes,2024-11-27
8621-ERXMU,Male,0,Yes,Yes,33,No,No phone service,Fiber optic,No,No,Yes,No,Yes,Yes,One year,No,Mailed check,127.71,4340.58,Yes,2024-11-27
4851-GTKEW,Male,0,Yes,No,44,Yes,No,Fiber optic,Yes,Yes,Yes,No,Yes,Yes,One year,Yes,Credit card (automatic),176.94,7944.06,Yes,2024-11-27
3029-SFHKB,Male,0,Yes,No,50,Yes,Yes,Fiber optic,Yes,Yes,Yes,Yes,Yes,Yes,Month-to-month,Yes,Bank transfer (automatic),213.57,10507.51,Yes,2024-11-27
6475-JRRWA,Female,0,Yes,Yes,18,Yes,No,Fiber optic,No,No,No,No,Yes,No,One year,Yes,Electronic check,132.51,2380.15,Yes,2024-11-27
5649-GYCYJ,Male,0,No,No,50,Yes,No,Fiber optic,No,Yes,No,Yes,Yes,Yes,One year,Yes,Mailed check,158.28,7756.94,Yes,2024-11-27
5573-BNPNW,Male,0,Yes,No,55,Yes,No,DSL,Yes,Yes,No,Yes,Yes,Yes,Month-to-month,No,Credit card (automatic),138.05,7617.58,Yes,2024-11-27
2505-SKIZZ,Female,0,Yes,No,25,Yes,No,Fiber optic,Yes,Yes,No,Yes,Yes,Yes,Month-to-month,Yes,Electronic check,193.88,4784.68,No,2024-11-27
6223-ZBLDY,Male,0,No,No,42,Yes,Yes,Fiber optic,Yes,No,No,No,No,Yes,Month-to-month,Yes,Credit card (automatic),182.64,7711.48,Yes,2024-11-27
1915-HRUXZ,Female,0,Yes,No,12,Yes,No,DSL,No,Yes,No,Yes,No,Yes,Two year,Yes,Mailed check,104.04,1274.72,No,2024-11-27
4345-WXZPK,Male,0,No,No,21,Yes,No,DSL,Yes,Yes,No,No,Yes,Yes,One year,No,Mailed check,133.84,2860.28,No,2024-11-27
3002-UASMM,Male,0,No,No,40,Yes,Yes,Fiber optic,No,Yes,Yes,No,Yes,Yes,Month-to-month,Yes,Electronic check,188.48,7470.19,Yes,2024-11-27
3962-JBNJC,Male,0,No,No,21,Yes,No,No,No internet service,No internet service,No internet service,No internet service,No internet service,No internet service,One year,Yes,Credit card (automatic),41.35,884.18,Yes,2024-11-28
8167-FKAYC,Male,0,Yes,No,35,Yes,No,DSL,No,Yes,No,No,No,Yes,Month-to-month,Yes,Credit card (automatic),109.99,3810.02,Yes,2024-11-28
1672-BHBGB,Male,0,Yes,No,33,Yes,No,Fiber optic,No,Yes,No,Yes,Yes,Yes,Month-to-month,Yes,Credit card (automatic),177.93,5822.44,Yes,2024-11-28
5615-VOFKW,Female,0,No,No,17,Yes,Yes,Fiber optic,Yes,No,No,No,Yes,Yes,One year,Yes,Bank transfer (automatic),165.52,2749.49,No,2024-11-28
9533-LFHWK,Male,0,Yes,No,31,Yes,No,DSL,No,No,Yes,No,Yes,Yes,One year,No,Electronic check,119.06,3729.69,No,2024-11-28
1239-TEEJS,Female,0,No,No,13,Yes,Yes,Fiber optic,No,Yes,No,Yes,Yes,Yes,Month-to-month,Yes,Bank transfer (automatic),191.14,2533.34,Yes,2024-11-28
5590-TPWUZ,Male,0,Yes,No,48,Yes,No,Fiber optic,Yes,Yes,No,No,Yes,Yes,One year,Yes,Mailed check,150.57,7265.29,Yes,2024-11-28
7412-KYAQH,Male,0,Yes,No,36,Yes,Yes,Fiber optic,Yes,No,No,No,Yes,Yes,Two year,Yes,Electronic check,152.54,5551.48,Yes,2024-11-28
6160-VQETU,Female,0,Yes,No,21,Yes,No,Fiber optic,Yes,No,Yes,Yes,No,Yes,Two year,Yes,Credit card (automatic),146.08,3087.59,No,2024-11-28
5369-JJCKJ,Female,0,Yes,No,8,No,No phone service,Fiber optic,No,No,Yes,No,Yes,Yes,Month-to-month,Yes,Electronic check,137.33,1105.27,Yes,2024-11-28
4373-WBBCK,Male,0,Yes,Yes,25,Yes,Yes,Fiber optic,No,No,Yes,Yes,Yes,Yes,One year,Yes,Bank transfer (automatic),180.98,4454.55,Yes,2024-11-28
5742-YYAKM,Male,0,Yes,No,42,Yes,No,No,No internet service,No internet service,No internet service,No internet service,No internet service,No internet service,Month-to-month,Yes,Mailed check,42.41,1769.59,Yes,2024-11-28
6952-LHLXP,Female,0,Yes,No,39,Yes,Yes,Fiber optic,Yes,Yes,No,No,Yes,Yes,Two year,No,Credit card (automatic),141.82,5531.44,Yes,2024-11-28
7611-AUDGR,Male,0,Yes,Yes,60,Yes,Yes,DSL,No,Yes,No,Yes,No,Yes,Month-to-month,No,Credit card (automatic),142.24,8406.44,Yes,2024-11-28
5633-YTZXM,Male,0,Yes,No,33,Yes,Yes,Fiber optic,Yes,No,Yes,No,Yes,Yes,Month-to-month,Yes,Credit card (automatic),184.03,6060.82,Yes,2024-11-28
3250-FDPEN,Female,0,Yes,Yes,43,Yes,No,Fiber optic,Yes,Yes,No,No,Yes,Yes,Two year,Yes,Credit card (automatic),149.79,6406.06,Yes,2024-11-28
8310-GIPLY,Female,0,Yes,No,34,Yes,Yes,DSL,Yes,Yes,Yes,Yes,Yes,Yes,Month-to-month,Yes,Electronic check,173.03,5978.43,Yes,2024-11-28
4038-ORLBI,Female,0,Yes,No,56,Yes,No,DSL,No,No,Yes,Yes,Yes,Yes,Month-to-month,No,Bank transfer (automatic),137.2,7803.23,Yes,2024-11-28
7260-EQMFP,Male,0,Yes,Yes,34,Yes,No,No,No internet service,No internet service,No internet service,No internet service,No internet service,No internet service,Two year,Yes,Bank transfer (automatic),39.45,1308.07,No,2024-11-28
1051-SFGCN,Female,0,Yes,No,34,Yes,No,DSL,Yes,Yes,Yes,No,Yes,No,Two year,No,Mailed check,119.84,4188.87,No,2024-11-28
4028-ZSDKY,Female,0,Yes,No,37,Yes,No,Fiber optic,No,No,Yes,No,Yes,Yes,One year,Yes,Bank transfer (automatic),148.45,5503.02,No,2024-11-28
1127-QSIND,Male,0,Yes,No,36,Yes,No,Fiber optic,Yes,Yes,Yes,No,Yes,Yes,Month-to-month,No,Mailed check,189.77,6852.07,Yes,2024-11-28
2142-PYYAF,Female,1,No,No,38,No,No phone service,No,No internet service,No internet service,No internet service,No internet service,No internet service,No internet service,One year,Yes,Credit card (automatic),25.83,992.91,No,2024-11-28
7612-SAUPY,Male,0,No,No,60,Yes,No,Fiber optic,No,No,Yes,Yes,Yes,Yes,Month-to-month,No,Credit card (automatic),179.99,10990.62,Yes,2024-11-28
8667-HUKCN,Male,0,Yes,Yes,21,Yes,Yes,No,No internet service,No internet service,No internet service,No internet service,No internet service,No internet service,Month-to-month,No,Bank transfer (automatic),58.1,1240.41,No,2024-11-28
7306-DLMQF,Female,0,Yes,Yes,54,Yes,Yes,Fiber optic,Yes,Yes,No,No,No,Yes,Two year,Yes,Bank transfer (automatic),156.45,8653.54,No,2024-11-28
2615-KVYVQ,Female,0,Yes,No,46,Yes,No,DSL,No,Yes,Yes,Yes,Yes,No,One year,Yes,Credit card (automatic),131.69,6048.71,No,2024-11-28
4793-PNFLH,Male,0,Yes,No,27,Yes,Yes,Fiber optic,Yes,No,Yes,No,Yes,Yes,Two year,No,Mailed check,167.23,4536.98,Yes,2024-11-28
3190-VVNSU,Male,0,Yes,No,16,Yes,No,DSL,No,Yes,Yes,Yes,Yes,Yes,One year,Yes,Credit card (automatic),128.16,2047.04,Yes,2024-11-28
7929-AWPLF,Male,0,No,No,57,Yes,Yes,Fiber optic,Yes,Yes,No,Yes,Yes,Yes,One year,No,Bank transfer (automatic),190.18,10547.87,No,2024-11-28
9938-BXAWT,Female,0,No,No,30,Yes,No,DSL,No,No,No,No,No,No,One year,No,Credit card (automatic),81.09,2451.06,Yes,2024-11-28
4123-TTTIH,Male,0,Yes,No,47,Yes,No,DSL,No,Yes,Yes,No,Yes,Yes,Month-to-month,Yes,Credit card (automatic),129.31,6240.21,No,2024-11-28
4174-PYXMN,Male,0,Yes,Yes,49,Yes,Yes,Fiber optic,Yes,No,No,No,Yes,Yes,Month-to-month,Yes,Mailed check,171.47,8397.82,Yes,2024-11-28
3553-XKLTD,Male,0,No,No,14,Yes,No,Fiber optic,Yes,Yes,Yes,Yes,Yes,No,Month-to-month,Yes,Bank transfer (automatic),183.31,2578.09,Yes,2024-11-28
6796-KJOVO,Female,0,No,No,41,Yes,No,DSL,No,Yes,Yes,No,Yes,Yes,Two year,No,Bank transfer (automatic),115.73,4651.5,No,2024-11-28
2205-LGHEB,Male,0,No,No,35,No,No phone service,No,No internet service,No internet service,No internet service,No internet service,No internet service,No internet service,Two year,Yes,Mailed check,20.05,685.53,No,2024-11-29
1867-TEXRQ,Female,0,No,No,45,Yes,Yes,Fiber optic,Yes,Yes,No,No,No,Yes,Two year,Yes,Mailed check,152.48,6983.66,Yes,2024-11-29
8874-GTPFK,Female,0,Yes,Yes,37,No,No phone service,No,No internet service,No internet service,No internet service,No internet service,No internet service,No internet service,Month-to-month,Yes,Mailed check,18.5,683.83,No,2024-11-29
2854-ABRGU,Female,0,No,No,67,Yes,Yes,DSL,Yes,No,Yes,No,Yes,Yes,Month-to-month,Yes,Bank transfer (automatic),157.04,10669.56,Yes,2024-11-29
5933-GTBTW,Male,0,No,No,42,Yes,No,Fiber optic,Yes,Yes,Yes,No,No,Yes,Month-to-month,Yes,Bank transfer (automatic),174.6,7378.79,No,2024-11-29
2328-HLMJR,Male,0,Yes,Yes,35,Yes,Yes,No,No internet service,No internet service,No internet service,No internet service,No internet service,No internet service,One year,Yes,Credit card (automatic),58.26,2016.52,Yes,2024-11-29
4531-YSJEY,Female,0,Yes,No,52,Yes,Yes,Fiber optic,Yes,Yes,Yes,No,Yes,Yes,One year,Yes,Credit card (automatic),194.0,10210.85,No,2024-11-29
1599-IKXPA,Male,1,No,No,22,Yes,Yes,DSL,Yes,Yes,No,Yes,Yes,Yes,Month-to-month,Yes,Bank transfer (automatic),161.8,3642.73,Yes,2024-11-29
5719-GZEFX,Female,0,Yes,No,25,Yes,No,Fiber optic,Yes,No,No,No,Yes,Yes,Two year,No,Bank transfer (automatic),137.79,3391.43,Yes,2024-11-29
6896-BDKIG,Male,0,Yes,No,52,Yes,Yes,Fiber optic,Yes,Yes,Yes,No,Yes,Yes,One year,No,Bank transfer (automatic),192.2,10100.55,Yes,2024-11-29
8075-DXHVB,Female,0,No,Yes,47,Yes,Yes,No,No internet service,No internet service,No internet service,No internet service,No internet service,No internet service,Month-to-month,Yes,Bank transfer (automatic),57.87,2704.81,Yes,2024-11-29
8159-IEZJD,Female,0,No,No,35,Yes,No,DSL,No,Yes,No,No,Yes,Yes,Month-to-month,Yes,Bank transfer (automatic),121.55,4148.26,Yes,2024-11-29
2950-XFRTG,Male,0,Yes,No,54,Yes,Yes,Fiber optic,No,No,No,No,Yes,Yes,Month-to-month,No,Bank transfer (automatic),169.28,9317.81,Yes,2024-11-29
6082-BIEHA,Female,0,Yes,No,44,Yes,No,DSL,No,Yes,No,No,Yes,Yes,Two year,No,Credit card (automatic),105.21,4573.35,No,2024-11-29
8972-UZKLW,Female,0,No,No,57,Yes,No,DSL,No,Yes,Yes,Yes,Yes,Yes,One year,No,Bank transfer (automatic),137.35,7785.56,No,2024-11-29
2629-NDLIL,Male,0,Yes,No,27,Yes,Yes,Fiber optic,No,Yes,No,Yes,Yes,Yes,Month-to-month,No,Credit card (automatic),188.67,5125.59,Yes,2024-11-29
9630-OGIXO,Female,0,No,No,43,Yes,No,No,No internet service,No internet service,No internet service,No internet service,No internet service,No internet service,One year,Yes,Bank transfer (automatic),43.61,1865.63,No,2024-11-29
9665-UZQJD,Female,1,No,No,53,Yes,Yes,Fiber optic,No,Yes,Yes,No,Yes,Yes,Two year,Yes,Mailed check,169.26,9080.19,Yes,2024-11-29
4262-TUQKR,Female,0,Yes,No,17,Yes,Yes,Fiber optic,Yes,No,Yes,No,Yes,No,Month-to-month,No,Credit card (automatic),181.21,3076.43,No,2024-11-29
9612-MSRPB,Female,0,No,No,49,Yes,Yes,No,No internet service,No internet service,No internet service,No internet service,No internet service,No internet service,Month-to-month,Yes,Mailed check,55.25,2788.29,No,2024-11-29
9026-NCDEO,Female,0,No,No,44,Yes,Yes,Fiber optic,Yes,Yes,No,No,Yes,Yes,Two year,Yes,Credit card (automatic),157.46,6945.92,No,2024-11-29
2529-NBDUH,Female,0,Yes,No,58,Yes,No,DSL,Yes,No,Yes,Yes,Yes,No,One year,Yes,Mailed check,122.16,7140.6,No,2024-11-29
4222-FRBCS,Male,0,Yes,No,52,Yes,Yes,DSL,Yes,Yes,Yes,Yes,Yes,Yes,Month-to-month,Yes,Bank transfer (automatic),183.28,9437.73,Yes,2024-11-29
1728-FYTXF,Male,0,Yes,Yes,15,Yes,No,Fiber optic,No,Yes,No,Yes,No,Yes,Month-to-month,Yes,Bank transfer (automatic),160.14,2392.26,No,2024-11-29
9685-TKLZB,Male,0,No,No,30,No,No phone service,Fiber optic,Yes,Yes,Yes,No,Yes,No,Month-to-month,Yes,Credit card (automatic),154.35,4745.12,Yes,2024-11-29
9913-RMFSI,Male,0,No,No,31,Yes,No,Fiber optic,No,Yes,No,No,Yes,No,Month-to-month,Yes,Bank transfer (automatic),155.91,4963.67,No,2024-11-29
1227-YZRTZ,Female,0,No,No,47,Yes,No,DSL,No,No,Yes,Yes,Yes,Yes,One year,Yes,Mailed check,134.87,6168.17,No,2024-11-29
7514-QODPK,Female,0,Yes,No,28,Yes,Yes,No,No internet service,No internet service,No internet service,No internet service,No internet service,No internet service,One year,Yes,Bank transfer (automatic),60.61,1676.53,No,2024-11-29
8893-LNCUO,Female,0,Yes,No,48,No,No phone service,No,No internet service,No internet service,No internet service,No internet service,No internet service,No internet service,One year,Yes,Bank transfer (automatic),18.5,900.23,No,2024-11-29
9115-MVSJN,Female,1,Yes,Yes,22,Yes,Yes,Fiber optic,No,Yes,No,No,No,Yes,One year,No,Electronic check,160.41,3546.91,No,2024-11-29
7878-QFZSM,Male,0,Yes,Yes,56,Yes,No,DSL,No,No,Yes,Yes,Yes,Yes,Month-to-month,No,Bank transfer (automatic),134.23,7534.4,Yes,2024-11-29
8874-ALZGR,Female,0,Yes,No,15,Yes,Yes,Fiber optic,Yes,Yes,Yes,Yes,Yes,Yes,Month-to-month,No,Credit card (automatic),207.43,3064.8,Yes,2024-11-29
9249-INQZB,Female,0,Yes,No,26,Yes,Yes,DSL,No,Yes,Yes,Yes,Yes,Yes,Two year,Yes,Electronic check,138.4,3571.72,Yes,2024-11-29
7583-MJKOC,Male,0,No,Yes,40,Yes,No,Fiber optic,No,Yes,No,No,Yes,Yes,One year,Yes,Bank transfer (automatic),155.36,6208.75,Yes,2024-11-29
2712-CJKBU,Male,0,No,No,17,No,No phone service,DSL,No,Yes,Yes,No,Yes,Yes,One year,Yes,Bank transfer (automatic),113.29,1914.98,No,2024-11-29
7932-ZNVHV,Female,0,Yes,No,48,Yes,Yes,Fiber optic,Yes,No,No,No,Yes,Yes,Month-to-month,Yes,Credit card (automatic),183.55,8757.92,No,2024-11-29
5646-GQGDI,Female,0,Yes,No,42,Yes,No,DSL,Yes,No,No,No,No,Yes,Two year,Yes,Bank transfer (automatic),100.14,4281.09,No,2024-11-29
6963-BTZQQ,Female,0,Yes,No,32,Yes,No,Fiber optic,No,Yes,Yes,No,Yes,Yes,Two year,Yes,Bank transfer (automatic),153.64,5010.79,No,2024-11-29
6408-YSVXU,Female,0,No,No,43,Yes,Yes,Fiber optic,Yes,Yes,No,Yes,Yes,Yes,Month-to-month,No,Bank transfer (automatic),190.73,8389.86,Yes,2024-11-29
3344-MCBIE,Female,0,Yes,No,37,Yes,Yes,Fiber optic,No,Yes,Yes,No,Yes,Yes,One year,No,Electronic check,183.05,6678.79,No,2024-11-29
3724-IIBVC,Male,0,No,Yes,19,Yes,Yes,No,No internet service,No internet service,No internet service,No internet service,No internet service,No internet service,Two year,Yes,Bank transfer (automatic),51.8,999.66,No,2024-11-29
3261-BGHAZ,Female,0,Yes,Yes,20,Yes,Yes,Fiber optic,Yes,No,No,Yes,Yes,Yes,One year,Yes,Bank transfer (automatic),180.69,3677.9,Yes,2024-11-29
6769-ONCJG,Female,1,Yes,Yes,45,Yes,Yes,Fiber optic,Yes,No,Yes,Yes,Yes,Yes,Month-to-month,Yes,Electronic check,209.62,9654.16,Yes,2024-11-29
3265-KKVGZ,Male,0,No,Yes,22,Yes,No,DSL,No,No,Yes,No,Yes,Yes,One year,Yes,Bank transfer (automatic),118.46,2648.77,No,2024-11-29
6956-HOSAX,Male,0,Yes,Yes,67,No,No phone service,Fiber optic,No,Yes,Yes,No,Yes,Yes,Month-to-month,Yes,Mailed check,141.99,9511.73,Yes,2024-11-29
6180-RVJTI,Male,1,Yes,Yes,54,Yes,Yes,Fiber optic,Yes,Yes,Yes,No,Yes,Yes,Two year,Yes,Bank transfer (automatic),174.14,9569.08,Yes,2024-11-30
3276-ULVPJ,Male,1,Yes,No,34,Yes,Yes,DSL,Yes,Yes,No,Yes,Yes,Yes,One year,Yes,Credit card (automatic),154.54,5327.83,No,2024-11-30
5597-UVKCB,Female,0,Yes,No,41,Yes,Yes,Fiber optic,Yes,Yes,No,No,Yes,Yes,Month-to-month,Yes,Electronic check,200.05,8179.98,Yes,2024-11-30
5849-UMATB,Female,0,No,No,12,Yes,Yes,Fiber optic,No,Yes,Yes,No,Yes,Yes,One year,Yes,Bank transfer (automatic),182.56,2180.79,Yes,2024-11-30
2165-PNNWW,Male,0,Yes,Yes,55,Yes,No,No,No internet service,No internet service,No internet service,No internet service,No internet service,No internet service,One year,Yes,Mailed check,37.02,1976.69,No,2024-11-30
2121-RGPHI,Male,0,Yes,No,16,Yes,No,Fiber optic,Yes,No,Yes,No,Yes,Yes,Two year,Yes,Mailed check,160.48,2611.68,No,2024-11-30
3377-QUVBM,Male,0,Yes,No,60,Yes,No,Fiber optic,Yes,Yes,No,Yes,No,No,Two year,Yes,Electronic check,139.8,8513.45,Yes,2024-11-30
1343-WSBSZ,Male,0,No,No,30,Yes,Yes,DSL,Yes,Yes,No,Yes,Yes,Yes,Two year,Yes,Mailed check,140.9,4263.71,No,2024-11-30
5948-RRWWT,Female,0,No,No,50,Yes,No,Fiber optic,No,No,No,Yes,Yes,Yes,Two year,No,Bank transfer (automatic),143.61,7054.55,Yes,2024-11-30
8319-HIDTN,Female,0,No,No,28,Yes,Yes,DSL,Yes,Yes,No,No,Yes,No,Month-to-month,No,Electronic check,132.37,3646.51,Yes,2024-11-30
7562-ZSNQG,Male,0,Yes,No,60,Yes,Yes,Fiber optic,No,Yes,Yes,No,No,Yes,One year,No,Mailed check,175.04,10256.38,No,2024-11-30
7971-ZPAXM,Male,0,Yes,No,20,Yes,Yes,Fiber optic,Yes,No,Yes,No,Yes,No,One year,Yes,Mailed check,165.65,3361.28,Yes,2024-11-30
1796-LUONO,Male,1,Yes,Yes,12,Yes,Yes,Fiber optic,Yes,Yes,No,Yes,Yes,Yes,Month-to-month,Yes,Electronic check,197.91,2379.72,Yes,2024-11-30
2220-NQMJY,Male,0,No,No,52,Yes,No,Fiber optic,No,No,Yes,No,No,Yes,Month-to-month,Yes,Electronic check,147.41,7598.65,Yes,2024-11-30
8216-RBTRM,Female,0,No,Yes,48,Yes,Yes,Fiber optic,No,No,Yes,No,Yes,Yes,Month-to-month,Yes,Bank transfer (automatic),183.36,8820.4,No,2024-11-30
1750-TWWSL,Female,0,No,Yes,39,Yes,Yes,DSL,No,Yes,Yes,No,Yes,Yes,Two year,Yes,Mailed check,140.49,5531.38,Yes,2024-11-30
2220-ZSVXB,Male,0,No,No,32,Yes,Yes,DSL,Yes,Yes,Yes,No,No,Yes,One year,Yes,Credit card (automatic),138.11,4386.65,Yes,2024-11-30
8695-IELTV,Male,0,No,No,43,Yes,No,No,No internet service,No internet service,No internet service,No internet service,No internet service,No internet service,Two year,No,Credit card (automatic),40.75,1734.7,No,2024-11-30
1170-KQTNF,Female,0,Yes,No,58,Yes,No,Fiber optic,Yes,Yes,No,Yes,Yes,Yes,Month-to-month,Yes,Electronic check,189.67,11084.99,No,2024-11-30
7540-FSYCE,Female,0,Yes,No,17,Yes,Yes,Fiber optic,Yes,No,Yes,No,Yes,Yes,Month-to-month,No,Bank transfer (automatic),199.51,3380.42,Yes,2024-11-30
8072-HDUCC,Female,0,No,No,23,Yes,No,DSL,Yes,Yes,No,No,No,Yes,One year,Yes,Credit card (automatic),123.2,2828.53,No,2024-11-30
2192-LRPXJ,Female,0,No,No,33,Yes,Yes,No,No internet service,No internet service,No internet service,No internet service,No internet service,No internet service,Two year,Yes,Mailed check,57.69,1911.6,No,2024-11-30
9943-ZTCOM,Female,0,Yes,No,19,Yes,No,Fiber optic,No,No,Yes,Yes,Yes,Yes,One year,Yes,Credit card (automatic),163.62,3188.36,No,2024-11-30
5757-KMCUB,Female,0,Yes,No,38,Yes,No,DSL,No,Yes,No,Yes,Yes,No,Month-to-month,No,Electronic check,111.93,4169.36,No,2024-11-30
2806-APBFV,Male,0,Yes,Yes,45,Yes,Yes,DSL,Yes,Yes,Yes,No,No,Yes,One year,Yes,Bank transfer (automatic),143.25,6494.61,Yes,2024-11-30
8183-FTMVW,Female,0,Yes,Yes,24,Yes,Yes,Fiber optic,Yes,No,Yes,No,Yes,Yes,One year,No,Electronic check,200.56,4875.85,No,2024-11-30
4736-ZOOLM,Male,0,Yes,No,61,Yes,No,Fiber optic,Yes,No,Yes,No,Yes,Yes,One year,Yes,Mailed check,170.14,10610.28,Yes,2024-11-30
8972-BZILD,Female,0,Yes,Yes,31,Yes,Yes,DSL,Yes,Yes,Yes,No,Yes,Yes,Month-to-month,Yes,Mailed check,162.83,5014.13,Yes,2024-11-30
3591-VMNVK,Female,0,Yes,No,21,Yes,No,DSL,No,Yes,Yes,No,Yes,Yes,One year,No,Electronic check,127.73,2654.93,Yes,2024-11-30
2352-FIXCH,Male,0,Yes,Yes,50,Yes,No,No,No internet service,No internet service,No internet service,No internet service,No internet service,No internet service,Two year,No,Electronic check,38.57,1911.28,Yes,2024-11-30
5067-IHQTG,Female,0,Yes,Yes,51,Yes,Yes,DSL,No,No,No,No,Yes,Yes,One year,Yes,Credit card (automatic),124.7,6496.9,No,2024-11-30
2458-HDBZP,Female,0,No,No,12,No,No phone service,Fiber optic,Yes,No,Yes,No,No,No,One year,Yes,Credit card (automatic),122.41,1436.31,No,2024-11-30
4815-TLYBP,Female,0,No,No,44,Yes,Yes,DSL,Yes,No,No,No,Yes,Yes,Month-to-month,No,Bank transfer (automatic),150.4,6799.69,Yes,2024-11-30
7257-LAITY,Female,0,Yes,No,35,Yes,Yes,Fiber optic,No,Yes,Yes,Yes,No,No,One year,Yes,Mailed check,171.03,5952.77,Yes,2024-11-30
2990-SMWUE,Female,0,No,Yes,26,Yes,Yes,Fiber optic,No,No,Yes,No,Yes,Yes,Two year,Yes,Bank transfer (automatic),161.29,4112.1,No,2024-11-30
1211-KZWPZ,Female,0,Yes,No,21,Yes,No,DSL,No,No,No,No,Yes,No,One year,Yes,Bank transfer (automatic),94.33,1965.72,No,2024-11-30
9183-KBHNS,Male,0,Yes,No,63,Yes,No,Fiber optic,Yes,Yes,No,No,Yes,Yes,Two year,No,Credit card (automatic),163.82,10598.99,Yes,2024-11-30
4593-CKUZY,Male,0,Yes,No,20,Yes,No,DSL,No,Yes,No,No,Yes,No,Month-to-month,Yes,Credit card (automatic),109.97,2215.5,Yes,2024-11-30
2955-FDJKU,Female,0,No,No,42,Yes,No,Fiber optic,No,Yes,Yes,No,Yes,Yes,Two year,Yes,Bank transfer (automatic),139.46,5801.1,No,2024-11-30
9562-SPYIN,Male,1,Yes,No,33,Yes,Yes,DSL,No,No,Yes,No,No,No,One year,Yes,Electronic check,113.91,3771.7,No,2024-11-30
6285-CLTWV,Male,0,Yes,No,40,No,No phone service,Fiber optic,Yes,No,No,Yes,No,Yes,Two year,No,Bank transfer (automatic),120.01,4700.54,No,2024-11-30
8258-MVWEB,Female,0,No,No,43,Yes,Yes,Fiber optic,Yes,Yes,Yes,No,No,Yes,Month-to-month,Yes,Bank transfer (automatic),199.15,8782.3,Yes,2024-11-30
2141-TRCIN,Male,0,Yes,Yes,39,Yes,Yes,Fiber optic,No,Yes,No,Yes,Yes,Yes,One year,Yes,Bank transfer (automatic),177.7,6960.12,No,2024-12-01
3871-ZRPEL,Female,0,No,No,16,Yes,No,Fiber optic,No,Yes,Yes,Yes,Yes,Yes,One year,No,Bank transfer (automatic),170.61,2792.69,No,2024-12-01
1466-FAIZK,Female,0,Yes,No,31,Yes,Yes,Fiber optic,No,Yes,Yes,No,Yes,Yes,Month-to-month,Yes,Mailed check,191.18,6021.1,Yes,2024-12-01
5992-ASZZB,Female,0,No,No,36,Yes,Yes,No,No internet service,No internet service,No internet service,No internet service,No internet service,No internet service,Two year,No,Credit card (automatic),50.61,1823.44,No,2024-12-01
5777-XOKCM,Male,0,No,Yes,24,Yes,No,DSL,No,No,Yes,No,Yes,Yes,One year,No,Mailed check,120.52,2882.0,No,2024-12-01
3896-QGSPL,Male,0,Yes,No,34,Yes,Yes,Fiber optic,No,Yes,Yes,Yes,No,No,Month-to-month,Yes,Bank transfer (automatic),193.74,6634.72,Yes,2024-12-01
1873-LWVRQ,Male,0,Yes,No,28,Yes,Yes,DSL,No,No,Yes,No,No,Yes,One year,Yes,Credit card (automatic),116.99,3270.18,No,2024-12-01
8821-XANBY,Female,0,Yes,No,16,No,No phone service,Fiber optic,Yes,Yes,Yes,No,Yes,Yes,One year,Yes,Credit card (automatic),149.97,2362.63,No,2024-12-01
1124-FKMQP,Male,0,Yes,No,59,Yes,No,DSL,Yes,No,Yes,No,Yes,Yes,Month-to-month,Yes,Bank transfer (automatic),132.76,7967.72,Yes,2024-12-01
8699-SZVOD,Female,0,Yes,Yes,31,Yes,No,Fiber optic,Yes,Yes,No,No,Yes,Yes,Two year,Yes,Mailed check,148.38,4707.49,Yes,2024-12-01
7161-JBYNO,Female,0,Yes,No,49,Yes,No,Fiber optic,No,No,Yes,No,No,No,One year,No,Bank transfer (automatic),128.3,6405.02,No,2024-12-01
6349-NUVJK,Male,0,Yes,No,14,No,No phone service,DSL,No,No,Yes,Yes,Yes,Yes,Month-to-month,Yes,Credit card (automatic),115.18,1632.29,Yes,2024-12-01
2712-VCVAX,Female,1,Yes,Yes,38,Yes,Yes,Fiber optic,Yes,No,Yes,No,Yes,No,Month-to-month,No,Credit card (automatic),189.04,7366.01,Yes,2024-12-01
2060-RWJUR,Male,0,Yes,No,56,Yes,Yes,Fiber optic,No,Yes,Yes,Yes,Yes,Yes,Month-to-month,Yes,Credit card (automatic),199.96,11250.97,Yes,2024-12-01
4901-PEPCG,Female,0,No,No,20,Yes,Yes,Fiber optic,Yes,Yes,Yes,Yes,Yes,Yes,Month-to-month,No,Mailed check,215.48,4361.02,Yes,2024-12-01
5524-LEXGX,Female,0,Yes,No,31,Yes,Yes,No,No internet service,No internet service,No internet service,No internet service,No internet service,No internet service,Month-to-month,No,Electronic check,70.44,2203.52,Yes,2024-12-01
7636-ENKAG,Female,0,No,Yes,61,Yes,Yes,Fiber optic,Yes,Yes,No,No,Yes,Yes,One year,Yes,Bank transfer (automatic),177.26,10643.44,No,2024-12-01
4558-VYABC,Female,0,Yes,No,29,Yes,Yes,DSL,Yes,No,Yes,Yes,No,Yes,Two year,No,Credit card (automatic),139.55,4039.01,No,2024-12-01
4671-SLVGA,Female,0,Yes,No,31,Yes,Yes,Fiber optic,No,No,Yes,No,Yes,Yes,Month-to-month,Yes,Credit card (automatic),179.99,5539.59,Yes,2024-12-01
4673-PPZQS,Female,0,Yes,No,30,Yes,Yes,DSL,No,No,No,Yes,Yes,Yes,One year,Yes,Credit card (automatic),130.6,4030.06,No,2024-12-01
9588-XGGKT,Female,0,No,No,29,Yes,Yes,DSL,No,No,No,Yes,Yes,Yes,Month-to-month,Yes,Bank transfer (automatic),138.22,4101.55,Yes,2024-12-01
6960-KBOQU,Male,0,No,Yes,37,Yes,Yes,Fiber optic,No,Yes,Yes,No,Yes,Yes,Month-to-month,No,Credit card (automatic),194.92,7050.34,Yes,2024-12-01
5284-YQOHI,Male,0,Yes,No,26,Yes,No,No,No internet service,No internet service,No internet service,No internet service,No internet service,No internet service,One year,Yes,Bank transfer (automatic),36.4,956.32,No,2024-12-01
3860-APVSX,Male,1,No,No,22,Yes,Yes,Fiber optic,Yes,Yes,Yes,No,Yes,Yes,One year,No,Mailed check,192.26,4119.57,No,2024-12-01
2208-QMIXK,Female,0,Yes,Yes,43,Yes,No,Fiber optic,Yes,Yes,Yes,No,Yes,Yes,Month-to-month,Yes,Mailed check,183.24,8023.34,Yes,2024-12-01
9433-FVQZB,Male,0,No,No,65,Yes,Yes,No,No internet service,No internet service,No internet service,No internet service,No internet service,No internet service,Two year,No,Credit card (automatic),54.2,3428.6,Yes,2024-12-01
2025-WNOUJ,Male,0,Yes,No,11,Yes,Yes,Fiber optic,Yes,Yes,No,No,Yes,Yes,Two year,Yes,Bank transfer (automatic),170.05,1887.31,No,2024-12-01
2144-ZXOLN,Female,1,Yes,No,21,Yes,No,Fiber optic,Yes,No,Yes,No,Yes,Yes,Two year,Yes,Credit card (automatic),146.27,3097.02,Yes,2024-12-01
5134-ZDKZK,Male,0,No,No,22,Yes,Yes,DSL,No,Yes,Yes,Yes,Yes,Yes,Month-to-month,No,Bank transfer (automatic),164.28,3547.51,No,2024-12-01
9695-XWHXW,Female,1,Yes,Yes,32,Yes,Yes,Fiber optic,No,Yes,No,No,Yes,No,One year,No,Mailed check,162.85,5113.69,No,2024-12-01
7811-MMPPC,Female,0,No,No,58,Yes,No,Fiber optic,No,Yes,Yes,Yes,Yes,Yes,Two year,No,Mailed check,163.22,9508.59,No,2024-12-01
4957-OQKIJ,Male,0,Yes,No,22,Yes,Yes,Fiber optic,No,Yes,No,Yes,Yes,Yes,Month-to-month,No,Credit card (automatic),186.72,3988.15,No,2024-12-01
8743-LJZFV,Male,0,Yes,No,30,Yes,No,No,No internet service,No internet service,No internet service,No internet service,No internet service,No internet service,One year,Yes,Credit card (automatic),43.36,1288.41,Yes,2024-12-01
2509-RRYFH,Male,0,No,Yes,30,Yes,Yes,DSL,No,Yes,No,No,Yes,Yes,Month-to-month,Yes,Bank transfer (automatic),143.07,4387.25,Yes,2024-12-01
6589-VUMYG,Male,0,No,No,46,Yes,Yes,Fiber optic,Yes,No,No,Yes,Yes,Yes,Two year,No,Credit card (automatic),171.53,7982.37,Yes,2024-12-01
6663-UWCBT,Female,0,Yes,No,44,Yes,Yes,DSL,Yes,Yes,Yes,No,Yes,Yes,Two year,Yes,Mailed check,138.43,5981.49,No,2024-12-01
4898-NHZJE,Female,0,Yes,No,39,Yes,Yes,Fiber optic,Yes,Yes,Yes,No,Yes,Yes,Month-to-month,No,Bank transfer (automatic),201.13,7711.5,Yes,2024-12-02
3404-ZDCYN,Female,0,Yes,No,71,Yes,Yes,Fiber optic,No,Yes,No,Yes,Yes,Yes,Two year,Yes,Bank transfer (automatic),169.17,12325.39,No,2024-12-02
3454-PKVKI,Male,0,Yes,No,35,Yes,Yes,DSL,No,No,Yes,Yes,Yes,No,Two year,No,Electronic check,121.27,4171.04,Yes,2024-12-02
3903-MLPLZ,Female,0,Yes,Yes,51,Yes,No,DSL,Yes,Yes,Yes,Yes,No,No,One year,No,Electronic check,122.22,6156.11,No,2024-12-02
1198-VIDYA,Male,0,Yes,No,53,Yes,Yes,No,No internet service,No internet service,No internet service,No internet service,No internet service,No internet service,Month-to-month,Yes,Electronic check,61.37,3184.84,Yes,2024-12-02
9820-DCDTE,Female,0,No,No,24,Yes,No,No,No internet service,No internet service,No internet service,No internet service,No internet service,No internet service,Two year,Yes,Bank transfer (automatic),35.46,835.99,No,2024-12-02
6631-JEAGX,Female,1,Yes,No,59,Yes,Yes,Fiber optic,Yes,Yes,Yes,No,Yes,Yes,Month-to-month,Yes,Mailed check,212.84,12684.2,No,2024-12-02
3812-GOJLH,Male,0,Yes,Yes,46,Yes,No,No,No internet service,No internet service,No internet service,No internet service,No internet service,No internet service,Month-to-month,Yes,Credit card (automatic),37.94,1706.09,Yes,2024-12-02
1902-IAUCN,Male,1,Yes,No,41,Yes,Yes,Fiber optic,Yes,No,Yes,Yes,No,Yes,Two year,Yes,Electronic check,168.79,6743.83,No,2024-12-02
1770-BHDJY,Male,0,No,No,18,Yes,No,Fiber optic,Yes,Yes,No,Yes,Yes,Yes,Month-to-month,No,Credit card (automatic),189.58,3482.45,Yes,2024-12-02
7122-PKQFY,Male,0,No,Yes,46,Yes,Yes,Fiber optic,Yes,Yes,Yes,Yes,Yes,Yes,Two year,Yes,Credit card (automatic),185.96,8730.73,Yes,2024-12-02
8796-IAVUQ,Male,0,No,No,38,Yes,Yes,Fiber optic,No,No,No,Yes,No,Yes,Two year,Yes,Bank transfer (automatic),142.37,5460.23,No,2024-12-02
4296-DMYQP,Female,0,No,Yes,51,Yes,No,Fiber optic,No,No,Yes,Yes,Yes,Yes,Month-to-month,Yes,Credit card (automatic),162.78,8078.5,No,2024-12-02
1792-JVVCU,Male,0,No,No,26,Yes,Yes,No,No internet service,No internet service,No internet service,No internet service,No internet service,No internet service,Month-to-month,No,Mailed check,57.29,1446.35,Yes,2024-12-02
9745-GFCUF,Male,0,Yes,No,45,Yes,No,Fiber optic,Yes,No,Yes,No,Yes,Yes,Two year,Yes,Electronic check,155.33,6886.49,Yes,2024-12-02
5906-BEEGH,Male,0,Yes,No,45,Yes,Yes,DSL,No,No,No,Yes,Yes,Yes,Month-to-month,Yes,Credit card (automatic),144.86,6439.54,Yes,2024-12-02
3846-ZDWSQ,Male,0,Yes,No,41,Yes,No,Fiber optic,Yes,Yes,No,Yes,Yes,Yes,Month-to-month,Yes,Bank transfer (automatic),185.86,7816.09,Yes,2024-12-02
1435-HXOEB,Female,0,Yes,No,33,Yes,Yes,Fiber optic,Yes,No,No,Yes,Yes,Yes,One year,No,Bank transfer (automatic),170.41,5507.2,No,2024-12-02
6355-OZORU,Male,0,Yes,No,56,Yes,Yes,No,No internet service,No internet service,No internet service,No internet service,No internet service,No internet service,Month-to-month,No,Credit card (automatic),65.7,3700.96,Yes,2024-12-02
4576-VVKBE,Female,0,No,No,47,Yes,Yes,DSL,Yes,No,No,No,Yes,Yes,Two year,Yes,Bank transfer (automatic),123.11,5694.72,No,2024-12-02
8283-FAVXL,Male,0,Yes,Yes,44,Yes,Yes,Fiber optic,Yes,Yes,Yes,No,Yes,Yes,Month-to-month,Yes,Electronic check,206.25,8999.79,Yes,2024-12-02
5766-LJTFU,Female,0,Yes,No,21,Yes,No,DSL,Yes,No,No,No,Yes,Yes,One year,Yes,Credit card (automatic),125.89,2616.41,Yes,2024-12-02
8042-WAJJC,Female,0,No,No,64,Yes,No,No,No internet service,No internet service,No internet service,No internet service,No internet service,No internet service,Month-to-month,Yes,Electronic check,44.03,2872.07,Yes,2024-12-02
6482-XJJFM,Female,0,No,No,63,Yes,No,Fiber optic,Yes,No,Yes,Yes,Yes,Yes,Two year,Yes,Credit card (automatic),155.23,9877.6,No,2024-12-02
4865-YELYW,Female,0,Yes,No,51,Yes,Yes,Fiber optic,Yes,Yes,No,Yes,Yes,Yes,Month-to-month,Yes,Credit card (automatic),215.85,11243.0,No,2024-12-02
2934-XZBEZ,Male,0,No,No,11,Yes,Yes,Fiber optic,No,Yes,No,Yes,Yes,Yes,Two year,Yes,Bank transfer (automatic),168.38,1891.55,Yes,2024-12-02
5398-IRHKV,Female,0,Yes,Yes,45,Yes,Yes,Fiber optic,No,No,No,Yes,Yes,Yes,Month-to-month,No,Mailed check,180.59,7998.91,No,2024-12-02
5017-PGVMZ,Male,0,Yes,Yes,47,No,No phone service,DSL,Yes,Yes,Yes,Yes,Yes,Yes,One year,Yes,Mailed check,127.33,6053.19,No,2024-12-02
2339-WSFNF,Male,0,Yes,No,69,Yes,Yes,No,No internet service,No internet service,No internet service,No internet service,No internet service,No internet service,Two year,Yes,Credit card (automatic),56.31,3871.77,Yes,2024-12-02
7318-GCYHG,Male,0,No,Yes,56,Yes,Yes,DSL,No,Yes,Yes,No,Yes,No,One year,Yes,Bank transfer (automatic),144.14,8013.27,No,2024-12-02
4463-TYIDK,Male,0,Yes,No,7,Yes,No,DSL,No,No,No,Yes,Yes,Yes,One year,Yes,Electronic check,122.0,866.52,Yes,2024-12-02
9416-DPSQR,Male,0,Yes,No,20,Yes,No,Fiber optic,No,Yes,Yes,Yes,Yes,Yes,One year,Yes,Mailed check,171.91,3497.58,No,2024-12-02
8822-TCUPD,Female,0,Yes,No,31,Yes,Yes,DSL,Yes,No,Yes,No,Yes,Yes,One year,No,Bank transfer (automatic),148.33,4657.73,No,2024-12-02
3582-LFILA,Male,1,Yes,No,28,Yes,No,Fiber optic,Yes,Yes,No,No,No,Yes,One year,Yes,Mailed check,157.54,4359.33,Yes,2024-12-02
1137-SYIZB,Male,0,No,No,19,Yes,No,DSL,Yes,Yes,Yes,Yes,No,Yes,Month-to-month,Yes,Mailed check,154.48,2852.49,Yes,2024-12-02
1802-KKDTR,Female,0,Yes,Yes,64,Yes,Yes,Fiber optic,No,Yes,Yes,Yes,Yes,Yes,One year,Yes,Bank transfer (automatic),188.58,12062.36,No,2024-12-02
8492-OFXUE,Female,0,Yes,No,35,Yes,Yes,Fiber optic,No,No,No,No,Yes,Yes,One year,Yes,Bank transfer (automatic),170.17,5897.1,No,2024-12-02
9275-BNMLX,Male,0,Yes,No,30,Yes,Yes,No,No internet service,No internet service,No internet service,No internet service,No internet service,No internet service,One year,No,Bank transfer (automatic),48.42,1461.69,Yes,2024-12-02
6203-OAERG,Male,0,No,No,61,Yes,Yes,Fiber optic,Yes,No,No,Yes,Yes,Yes,Month-to-month,No,Credit card (automatic),189.52,11682.36,Yes,2024-12-02
3151-CKZBV,Female,0,No,No,47,Yes,Yes,DSL,Yes,Yes,No,No,Yes,Yes,Month-to-month,No,Credit card (automatic),149.97,6988.75,No,2024-12-02
7112-NICVB,Male,0,No,No,57,Yes,Yes,No,No internet service,No internet service,No internet service,No internet service,No internet service,No internet service,One year,Yes,Bank transfer (automatic),70.28,3980.14,Yes,2024-12-02
5854-QYASN,Male,0,No,No,56,Yes,No,Fiber optic,Yes,Yes,No,No,Yes,Yes,One year,Yes,Credit card (automatic),166.16,9472.5,Yes,2024-12-02
3754-ARLUX,Female,0,Yes,No,29,Yes,Yes,Fiber optic,No,No,Yes,No,Yes,Yes,Month-to-month,Yes,Credit card (automatic),180.0,5195.63,Yes,2024-12-02
9502-QKXPS,Female,0,Yes,Yes,50,Yes,Yes,DSL,No,No,No,Yes,Yes,Yes,One year,No,Credit card (automatic),141.56,7212.98,No,2024-12-02
5541-VULKI,Male,0,Yes,No,54,Yes,No,DSL,No,Yes,Yes,No,Yes,Yes,Month-to-month,No,Credit card (automatic),145.42,7627.05,No,2024-12-02
8630-GHSOQ,Female,0,Yes,No,24,Yes,No,Fiber optic,No,Yes,No,No,Yes,Yes,One year,No,Credit card (automatic),157.48,3881.99,No,2024-12-03
1228-NGHUU,Male,0,No,Yes,45,Yes,No,DSL,No,Yes,No,No,Yes,No,Month-to-month,Yes,Credit card (automatic),117.77,5205.11,Yes,2024-12-03
9207-SSHOP,Male,0,Yes,Yes,62,Yes,Yes,DSL,Yes,Yes,No,No,Yes,Yes,One year,Yes,Credit card (automatic),149.57,9101.89,Yes,2024-12-03
8015-ISHHY,Male,0,Yes,No,5,Yes,No,DSL,Yes,Yes,No,No,Yes,Yes,Two year,Yes,Credit card (automatic),105.13,537.61,Yes,2024-12-03
7560-JDYUN,Male,0,Yes,No,21,Yes,Yes,DSL,No,Yes,Yes,No,Yes,Yes,Month-to-month,Yes,Credit card (automatic),158.82,3406.93,No,2024-12-03
5821-PFOTL,Female,0,No,No,27,Yes,Yes,Fiber optic,No,No,No,Yes,No,Yes,Two year,No,Credit card (automatic),154.82,4118.14,No,2024-12-03
9956-PLUWA,Male,0,No,No,64,Yes,Yes,Fiber optic,No,No,No,No,Yes,Yes,Month-to-month,Yes,Mailed check,178.63,11362.18,Yes,2024-12-03
4024-OSFFK,Female,0,No,Yes,21,Yes,Yes,DSL,No,No,No,No,Yes,Yes,One year,No,Bank transfer (automatic),133.52,2727.25,Yes,2024-12-03
4714-ISBYU,Female,0,No,No,28,Yes,No,Fiber optic,No,Yes,Yes,No,Yes,Yes,One year,No,Credit card (automatic),158.43,4474.48,No,2024-12-03
7318-ITIJM,Female,0,No,Yes,19,No,No phone service,No,No internet service,No internet service,No internet service,No internet service,No internet service,No internet service,Two year,Yes,Electronic check,18.5,355.55,Yes,2024-12-03
8887-IQKLJ,Male,0,No,No,57,Yes,No,Fiber optic,No,No,Yes,No,Yes,Yes,Two year,Yes,Credit card (automatic),149.83,8648.85,No,2024-12-03
2828-NJBUW,Female,0,Yes,No,38,Yes,Yes,No,No internet service,No internet service,No internet service,No internet service,No internet service,No internet service,One year,Yes,Electronic check,61.63,2323.54,No,2024-12-03
8342-EMHIL,Female,0,No,No,26,Yes,No,Fiber optic,Yes,No,No,No,Yes,Yes,One year,Yes,Bank transfer (automatic),176.89,4579.66,No,2024-12-03
9419-WJAMF,Female,0,No,No,52,Yes,Yes,Fiber optic,No,No,Yes,Yes,Yes,Yes,One year,Yes,Electronic check,171.36,9016.45,No,2024-12-03
8413-IFDPM,Female,0,No,No,41,Yes,No,Fiber optic,No,Yes,No,Yes,No,Yes,Month-to-month,Yes,Bank transfer (automatic),163.25,6859.7,Yes,2024-12-03
4197-FZNDO,Female,0,Yes,Yes,21,Yes,Yes,Fiber optic,No,No,Yes,No,Yes,Yes,Two year,Yes,Electronic check,153.9,3197.09,Yes,2024-12-03
4344-IREDB,Male,0,Yes,No,33,Yes,Yes,Fiber optic,Yes,No,Yes,Yes,Yes,Yes,One year,Yes,Electronic check,179.26,5885.22,Yes,2024-12-03
1214-WIVCP,Male,0,No,Yes,62,Yes,Yes,DSL,Yes,No,Yes,Yes,Yes,Yes,Two year,Yes,Electronic check,146.32,9099.46,No,2024-12-03
5564-HWHCL,Female,0,Yes,No,17,Yes,Yes,Fiber optic,Yes,No,No,No,Yes,Yes,One year,Yes,Mailed check,177.01,3059.58,No,2024-12-03
2602-FBBIY,Female,0,Yes,No,52,Yes,No,No,No internet service,No internet service,No internet service,No internet service,No internet service,No internet service,Two year,No,Bank transfer (automatic),44.6,2378.39,Yes,2024-12-03
2676-GXJAL,Female,0,No,No,33,Yes,Yes,DSL,No,Yes,Yes,No,Yes,Yes,One year,Yes,Credit card (automatic),144.1,4698.79,Yes,2024-12-03
7126-AOATZ,Female,0,Yes,No,29,Yes,Yes,Fiber optic,Yes,No,No,Yes,No,Yes,Month-to-month,No,Credit card (automatic),182.21,5268.83,Yes,2024-12-03
8218-NCVED,Male,0,No,No,50,Yes,Yes,No,No internet service,No internet service,No internet service,No internet service,No internet service,No internet service,Month-to-month,Yes,Mailed check,61.03,3022.78,Yes,2024-12-03
6782-EREAT,Female,0,Yes,No,50,Yes,Yes,Fiber optic,No,No,Yes,No,Yes,No,Two year,No,Electronic check,145.09,7252.15,No,2024-12-03
1980-QUULI,Male,0,No,No,18,Yes,No,Fiber optic,No,Yes,Yes,Yes,Yes,Yes,Two year,Yes,Mailed check,149.89,2761.46,No,2024-12-03
9556-NYHTX,Male,0,Yes,Yes,51,Yes,No,Fiber optic,No,No,Yes,No,Yes,No,One year,Yes,Credit card (automatic),143.26,7213.74,Yes,2024-12-03
5855-QTMDS,Male,0,No,Yes,44,Yes,No,No,No internet service,No internet service,No internet service,No internet service,No internet service,No internet service,Two year,Yes,Mailed check,34.19,1479.46,Yes,2024-12-03
6842-VXGQF,Female,0,No,No,22,Yes,Yes,No,No internet service,No internet service,No internet service,No internet service,No internet service,No internet service,One year,Yes,Bank transfer (automatic),62.8,1353.72,No,2024-12-03
3445-UKHGW,Male,0,Yes,No,37,Yes,Yes,DSL,No,No,Yes,Yes,Yes,Yes,Month-to-month,No,Mailed check,154.02,5570.47,Yes,2024-12-03
8892-LNXWX,Female,0,Yes,No,47,Yes,Yes,Fiber optic,Yes,Yes,Yes,No,Yes,No,Month-to-month,No,Credit card (automatic),192.17,9033.54,Yes,2024-12-03
1208-PZIHQ,Male,0,No,No,45,Yes,Yes,Fiber optic,No,Yes,Yes,Yes,Yes,Yes,One year,Yes,Mailed check,194.95,8527.83,Yes,2024-12-03
5071-GHDFS,Female,1,No,No,26,No,No phone service,Fiber optic,Yes,No,Yes,Yes,Yes,Yes,Month-to-month,Yes,Bank transfer (automatic),158.01,4217.62,Yes,2024-12-03
2659-WTMGJ,Male,0,Yes,No,57,No,No phone service,Fiber optic,No,Yes,No,Yes,Yes,Yes,Month-to-month,Yes,Electronic check,157.4,9175.0,Yes,2024-12-03
4530-ZOTVJ,Male,0,Yes,Yes,59,Yes,Yes,Fiber optic,No,Yes,Yes,No,Yes,Yes,One year,Yes,Credit card (automatic),186.65,10774.07,No,2024-12-03
5521-YADTU,Male,0,Yes,No,40,Yes,No,No,No internet service,No internet service,No internet service,No internet service,No internet service,No internet service,Two year,Yes,Electronic check,35.62,1443.33,No,2024-12-03
5005-DQLHU,Male,0,Yes,No,47,Yes,No,DSL,Yes,No,Yes,Yes,No,Yes,Two year,Yes,Electronic check,104.68,4897.26,Yes,2024-12-03
6999-SRTVL,Male,0,No,Yes,30,Yes,Yes,No,No internet service,No internet service,No internet service,No internet service,No internet service,No internet service,Month-to-month,No,Mailed check,51.01,1537.08,Yes,2024-12-03
9419-FFSWI,Female,1,No,Yes,50,Yes,No,Fiber optic,No,Yes,No,No,No,No,One year,Yes,Mailed check,131.71,6406.87,Yes,2024-12-03
5406-RCHDQ,Male,0,Yes,No,19,Yes,No,Fiber optic,Yes,No,Yes,No,Yes,Yes,One year,Yes,Bank transfer (automatic),163.43,3024.05,No,2024-12-03
4028-UIGKT,Male,0,No,Yes,31,Yes,Yes,Fiber optic,Yes,No,No,No,Yes,Yes,Month-to-month,Yes,Bank transfer (automatic),186.45,5774.21,Yes,2024-12-03
7001-UMDCL,Female,0,Yes,Yes,41,Yes,Yes,Fiber optic,Yes,Yes,Yes,No,Yes,No,One year,Yes,Electronic check,171.37,6953.99,No,2024-12-03
2034-OCYNG,Male,0,No,No,39,Yes,Yes,No,No internet service,No internet service,No internet service,No internet service,No internet service,No internet service,Two year,No,Mailed check,49.14,1879.72,No,2024-12-03
3794-BPPON,Male,0,Yes,No,40,Yes,No,Fiber optic,Yes,No,No,Yes,Yes,Yes,One year,Yes,Bank transfer (automatic),171.09,7018.96,Yes,2024-12-03
4062-BBMIG,Male,0,Yes,No,33,Yes,Yes,DSL,No,No,Yes,Yes,Yes,Yes,One year,Yes,Mailed check,140.46,4772.91,No,2024-12-03
4929-DSWHN,Female,0,No,No,21,Yes,No,No,No internet service,No internet service,No internet service,No internet service,No internet service,No internet service,Two year,Yes,Mailed check,42.68,897.41,Yes,2024-12-03
4736-FWJOZ,Male,0,Yes,Yes,52,Yes,Yes,DSL,No,No,No,No,No,No,One year,No,Credit card (automatic),107.11,5603.77,No,2024-12-03
8812-JOPSN,Female,0,No,No,47,Yes,No,DSL,Yes,Yes,Yes,No,Yes,Yes,Two year,Yes,Electronic check,120.41,5637.19,No,2024-12-03
3631-OUYKT,Male,0,Yes,No,41,Yes,No,DSL,No,Yes,Yes,No,Yes,Yes,Two year,Yes,Bank transfer (automatic),110.46,4621.64,No,2024-12-03
1711-YUCTN,Male,0,Yes,No,43,Yes,No,No,No internet service,No internet service,No internet service,No internet service,No internet service,No internet service,One year,Yes,Bank transfer (automatic),40.26,1768.12,Yes,2024-12-03
4575-YGEIT,Male,0,Yes,No,37,No,No phone service,Fiber optic,Yes,No,Yes,No,Yes,No,One year,No,Bank transfer (automatic),134.01,4963.01,No,2024-12-03
4319-LMTSD,Male,0,Yes,Yes,23,Yes,Yes,DSL,No,Yes,Yes,Yes,Yes,Yes,Month-to-month,No,Mailed check,166.1,3916.53,No,2024-12-03
4769-FHMCO,Male,0,No,No,39,Yes,No,Fiber optic,No,Yes,No,No,No,Yes,Month-to-month,Yes,Credit card (automatic),140.13,5340.67,Yes,2024-12-03
1036-KMJEJ,Male,0,Yes,No,46,Yes,Yes,Fiber optic,No,No,No,No,No,Yes,Month-to-month,Yes,Credit card (automatic),160.15,7520.74,Yes,2024-12-04
8069-FYNRF,Male,1,Yes,Yes,59,Yes,No,No,No internet service,No internet service,No internet service,No internet service,No internet service,No internet service,Month-to-month,Yes,Bank transfer (automatic),43.79,2579.28,Yes,2024-12-04
9140-APGAC,Male,0,Yes,Yes,54,No,No phone service,Fiber optic,Yes,Yes,No,Yes,Yes,Yes,One year,Yes,Credit card (automatic),154.87,8344.03,Yes,2024-12-04
9767-XCCBS,Male,0,Yes,No,24,Yes,Yes,Fiber optic,Yes,Yes,Yes,No,Yes,Yes,One year,Yes,Bank transfer (automatic),198.84,4630.82,Yes,2024-12-04
8834-OUFHM,Female,0,Yes,No,57,Yes,No,Fiber optic,Yes,Yes,Yes,Yes,Yes,Yes,One year,Yes,Credit card (automatic),183.81,10690.45,No,2024-12-04
4023-EACGV,Male,0,Yes,Yes,29,Yes,No,Fiber optic,No,No,Yes,No,Yes,Yes,One year,Yes,Credit card (automatic),152.78,4298.18,No,2024-12-04
5679-GKJHJ,Male,0,No,No,29,Yes,Yes,Fiber optic,No,No,Yes,No,Yes,Yes,One year,Yes,Mailed check,179.42,5113.53,No,2024-12-04
2372-QWNQL,Female,0,Yes,No,31,Yes,No,DSL,No,No,Yes,No,Yes,Yes,Month-to-month,No,Mailed check,122.36,3692.96,No,2024-12-04
2558-LUUUL,Female,0,Yes,No,39,Yes,No,No,No internet service,No internet service,No internet service,No internet service,No internet service,No internet service,Month-to-month,Yes,Electronic check,51.67,1975.48,No,2024-12-04
4468-AWNNB,Male,0,Yes,No,56,Yes,No,Fiber optic,Yes,No,No,Yes,Yes,Yes,Two year,Yes,Mailed check,154.38,8792.08,No,2024-12-04
9624-NPGXX,Female,0,No,No,65,Yes,No,DSL,No,No,No,No,No,No,Two year,No,Mailed check,79.54,5281.61,Yes,2024-12-04
5924-ZOXHP,Male,0,Yes,No,49,Yes,No,No,No internet service,No internet service,No internet service,No internet service,No internet service,No internet service,One year,No,Electronic check,42.0,2028.87,No,2024-12-04
5821-HVTGG,Female,0,Yes,No,47,Yes,Yes,Fiber optic,Yes,Yes,No,No,Yes,Yes,One year,No,Credit card (automatic),180.56,8236.56,No,2024-12-04
2886-DGRLM,Female,0,No,No,60,Yes,Yes,Fiber optic,Yes,No,Yes,Yes,Yes,Yes,Month-to-month,Yes,Mailed check,208.94,12458.56,Yes,2024-12-04
1687-YZZQZ,Male,0,Yes,No,20,Yes,Yes,DSL,Yes,No,No,Yes,Yes,Yes,One year,Yes,Credit card (automatic),140.1,2826.1,No,2024-12-04
3267-MXOQW,Male,0,Yes,No,40,Yes,No,No,No internet service,No internet service,No internet service,No internet service,No internet service,No internet service,One year,Yes,Credit card (automatic),38.71,1527.55,No,2024-12-04
8433-LDNEJ,Female,0,Yes,No,51,Yes,Yes,Fiber optic,Yes,No,Yes,Yes,Yes,Yes,Month-to-month,Yes,Credit card (automatic),209.62,10786.11,Yes,2024-12-04
8302-ERPXW,Male,0,Yes,No,36,Yes,No,Fiber optic,No,Yes,Yes,Yes,No,Yes,Two year,No,Mailed check,155.27,5543.79,Yes,2024-12-04
3076-RNVKK,Male,0,Yes,Yes,54,Yes,Yes,Fiber optic,No,Yes,No,No,Yes,Yes,Month-to-month,No,Mailed check,187.13,9915.39,Yes,2024-12-04
6799-BLBIL,Male,0,No,No,26,Yes,No,Fiber optic,No,Yes,Yes,No,Yes,Yes,One year,Yes,Bank transfer (automatic),164.0,4309.13,No,2024-12-04
1343-UTEJZ,Male,1,No,No,9,Yes,Yes,Fiber optic,No,No,Yes,No,Yes,Yes,Two year,No,Bank transfer (automatic),150.31,1376.58,Yes,2024-12-04
8089-QOICT,Female,0,No,No,56,Yes,No,Fiber optic,No,Yes,No,No,Yes,Yes,One year,Yes,Mailed check,156.9,8680.84,No,2024-12-04
7865-OOEHC,Male,0,Yes,No,43,Yes,No,DSL,No,No,No,Yes,Yes,No,Two year,No,Bank transfer (automatic),92.14,3961.24,Yes,2024-12-04
8467-QBNFJ,Female,0,Yes,Yes,64,Yes,Yes,Fiber optic,Yes,No,No,No,Yes,No,One year,Yes,Electronic check,155.41,9920.87,No,2024-12-04
4689-TBNZF,Male,0,Yes,Yes,22,No,No phone service,Fiber optic,No,No,No,No,Yes,Yes,Month-to-month,No,Bank transfer (automatic),128.32,2744.49,Yes,2024-12-04
1443-JIMYH,Male,0,No,No,58,Yes,Yes,Fiber optic,Yes,No,Yes,Yes,Yes,Yes,One year,Yes,Credit card (automatic),189.06,10782.97,No,2024-12-04
5008-WDBVG,Male,0,Yes,Yes,56,Yes,Yes,DSL,No,Yes,Yes,No,Yes,No,Two year,Yes,Bank transfer (automatic),119.26,6478.42,No,2024-12-04
4554-IFBAV,Male,0,Yes,Yes,22,No,No phone service,Fiber optic,Yes,Yes,Yes,No,Yes,Yes,Two year,No,Mailed check,144.71,3117.67,Yes,2024-12-04
4067-AASTE,Female,0,Yes,No,42,Yes,No,Fiber optic,Yes,Yes,No,Yes,Yes,Yes,One year,Yes,Bank transfer (automatic),173.67,7365.4,No,2024-12-04
3402-LKRGA,Male,0,No,No,40,No,No phone service,Fiber optic,No,Yes,No,No,Yes,Yes,One year,No,Mailed check,129.14,5056.15,No,2024-12-04
6671-ELBJG,Female,0,No,No,19,No,No phone service,No,No internet service,No internet service,No internet service,No internet service,No internet service,No internet service,Two year,Yes,Mailed check,18.5,359.82,No,2024-12-04
2751-OSNWO,Female,0,Yes,Yes,50,Yes,No,No,No internet service,No internet service,No internet service,No internet service,No internet service,No internet service,One year,Yes,Electronic check,33.66,1687.74,Yes,2024-12-04
6792-SXXMY,Male,0,Yes,No,50,Yes,Yes,DSL,No,Yes,No,No,Yes,Yes,Two year,No,Credit card (automatic),123.81,6131.5,No,2024-12-04
8552-CEAVR,Male,0,Yes,No,47,Yes,Yes,Fiber optic,No,Yes,Yes,No,Yes,Yes,One year,Yes,Credit card (automatic),186.4,8895.62,Yes,2024-12-04
7980-LOKLY,Female,0,Yes,No,36,Yes,No,Fiber optic,Yes,Yes,Yes,Yes,Yes,No,One year,Yes,Electronic check,174.55,6297.22,Yes,2024-12-04
4075-HXJQZ,Female,0,No,Yes,19,Yes,No,No,No internet service,No internet service,No internet service,No internet service,No internet service,No internet service,One year,Yes,Credit card (automatic),53.71,1021.68,No,2024-12-04
9587-COSXO,Female,0,No,No,6,No,No phone service,DSL,Yes,Yes,Yes,No,Yes,Yes,One year,Yes,Electronic check,111.6,653.6,Yes,2024-12-04
5627-IOENR,Male,0,Yes,No,34,Yes,No,DSL,Yes,Yes,No,No,Yes,Yes,Month-to-month,No,Bank transfer (automatic),128.47,4269.51,Yes,2024-12-04
7069-DQOSW,Male,0,Yes,No,14,Yes,Yes,Fiber optic,Yes,Yes,No,No,Yes,Yes,One year,Yes,Bank transfer (automatic),176.62,2542.9,Yes,2024-12-04
4680-GHUFI,Male,0,Yes,No,27,Yes,No,Fiber optic,No,No,Yes,No,Yes,Yes,Month-to-month,Yes,Bank transfer (automatic),175.97,4812.77,Yes,2024-12-04
1839-GUTLL,Female,0,No,Yes,41,Yes,Yes,Fiber optic,Yes,No,Yes,No,Yes,No,Month-to-month,No,Bank transfer (automatic),171.58,7053.21,Yes,2024-12-04
9993-ROZPH,Female,0,No,No,17,Yes,Yes,Fiber optic,Yes,No,No,Yes,Yes,Yes,Two year,No,Bank transfer (automatic),168.93,2814.82,No,2024-12-04
3690-WIMWX,Male,0,Yes,Yes,32,Yes,No,DSL,Yes,Yes,Yes,Yes,Yes,Yes,Two year,No,Mailed check,133.21,4186.88,Yes,2024-12-04
1001-DZMWL,Male,0,Yes,No,37,Yes,No,DSL,No,No,Yes,Yes,Yes,Yes,One year,Yes,Bank transfer (automatic),133.07,5041.32,No,2024-12-04
1459-NUUOC,Female,0,No,No,60,Yes,No,Fiber optic,No,Yes,Yes,No,Yes,Yes,Month-to-month,Yes,Credit card (automatic),183.55,11258.36,Yes,2024-12-04
1311-YGAQL,Male,0,No,No,33,No,No phone service,No,No internet service,No internet service,No internet service,No internet service,No internet service,No internet service,Month-to-month,Yes,Bank transfer (automatic),34.76,1172.16,Yes,2024-12-04
9040-IPEFD,Male,0,Yes,No,43,Yes,Yes,Fiber optic,No,No,No,No,No,Yes,Two year,Yes,Credit card (automatic),137.58,5993.54,Yes,2024-12-04
9114-KKGBQ,Female,0,Yes,No,15,Yes,Yes,Fiber optic,Yes,Yes,Yes,Yes,Yes,Yes,One year,Yes,Credit card (automatic),207.85,3134.71,No,2024-12-05
7354-IJESX,Male,0,Yes,No,27,Yes,No,Fiber optic,No,No,No,Yes,Yes,Yes,One year,Yes,Electronic check,166.8,4442.28,Yes,2024-12-05
6361-UNRUF,Female,0,Yes,No,60,Yes,Yes,No,No internet service,No internet service,No internet service,No internet service,No internet service,No internet service,One year,Yes,Electronic check,53.57,3271.07,No,2024-12-05
6068-GGBLW,Female,0,Yes,No,46,Yes,No,Fiber optic,No,Yes,No,No,Yes,Yes,Month-to-month,No,Bank transfer (automatic),164.19,7578.19,Yes,2024-12-05
3838-MMTCM,Male,0,No,No,18,No,No phone service,Fiber optic,No,No,Yes,Yes,Yes,Yes,Month-to-month,No,Credit card (automatic),145.87,2620.76,Yes,2024-12-05
2268-HJUYQ,Male,0,Yes,Yes,22,Yes,Yes,DSL,No,Yes,Yes,Yes,No,Yes,One year,No,Bank transfer (automatic),153.25,3471.08,No,2024-12-05
8039-HXTCV,Female,0,Yes,Yes,39,No,No phone service,No,No internet service,No internet service,No internet service,No internet service,No internet service,No internet service,One year,No,Bank transfer (automatic),18.5,723.6,No,2024-12-05
9302-NUPCD,Male,1,No,No,20,Yes,Yes,Fiber optic,Yes,No,Yes,Yes,No,Yes,Month-to-month,No,Electronic check,192.9,3817.92,Yes,2024-12-05
1056-QPYIK,Female,0,No,No,58,Yes,No,Fiber optic,No,Yes,Yes,No,Yes,Yes,One year,Yes,Credit card (automatic),160.51,9531.9,No,2024-12-05
8162-RUREM,Male,0,Yes,No,56,Yes,Yes,Fiber optic,Yes,Yes,No,No,Yes,Yes,One year,Yes,Mailed check,179.21,10262.63,Yes,2024-12-05
6605-YWYIS,Male,0,Yes,No,16,Yes,Yes,Fiber optic,Yes,No,Yes,Yes,Yes,Yes,Two year,No,Mailed check,178.96,2886.82,Yes,2024-12-05
5837-QCRUL,Male,0,Yes,Yes,17,Yes,No,DSL,Yes,No,No,No,Yes,Yes,Two year,No,Mailed check,106.49,1760.85,Yes,2024-12-05
1303-NKYYZ,Male,0,No,No,45,Yes,No,Fiber optic,Yes,No,No,No,Yes,Yes,Two year,No,Credit card (automatic),143.45,6429.73,No,2024-12-05
1813-AWQOS,Male,0,No,No,43,Yes,No,DSL,Yes,No,Yes,No,Yes,Yes,One year,Yes,Credit card (automatic),122.82,5246.88,Yes,2024-12-05
7660-OEMRK,Female,0,Yes,No,41,Yes,Yes,No,No internet service,No internet service,No internet service,No internet service,No internet service,No internet service,One year,Yes,Bank transfer (automatic),60.39,2497.83,No,2024-12-05
4967-SBBHK,Male,0,No,No,39,Yes,Yes,Fiber optic,Yes,No,Yes,Yes,Yes,Yes,One year,No,Credit card (automatic),190.66,7240.14,No,2024-12-05
8232-AEQYJ,Male,0,No,No,50,Yes,Yes,Fiber optic,No,Yes,Yes,No,Yes,Yes,Month-to-month,No,Bank transfer (automatic),197.43,9885.5,Yes,2024-12-05
6407-PSVHG,Female,0,No,Yes,56,Yes,Yes,Fiber optic,No,Yes,Yes,No,Yes,No,Month-to-month,Yes,Electronic check,190.29,10855.22,Yes,2024-12-05
2669-IDYDK,Female,0,Yes,Yes,40,Yes,No,DSL,Yes,Yes,No,Yes,Yes,Yes,Month-to-month,Yes,Credit card (automatic),147.52,5849.62,Yes,2024-12-05
9178-INTQV,Female,0,Yes,No,15,Yes,Yes,No,No internet service,No internet service,No internet service,No internet service,No internet service,No internet service,Two year,Yes,Electronic check,58.58,888.47,No,2024-12-05
8659-XMCWA,Male,1,Yes,No,49,Yes,No,Fiber optic,Yes,No,No,Yes,Yes,Yes,Two year,Yes,Mailed check,156.28,7500.62,No,2024-12-05
6500-DGHDK,Male,1,Yes,Yes,41,Yes,No,No,No internet service,No internet service,No internet service,No internet service,No internet service,No internet service,Two year,Yes,Credit card (automatic),48.6,2002.58,No,2024-12-05
9141-VXPOE,Male,0,No,No,23,Yes,No,No,No internet service,No internet service,No internet service,No internet service,No internet service,No internet service,Month-to-month,Yes,Credit card (automatic),39.54,926.05,Yes,2024-12-05
3545-KEXJX,Male,0,Yes,Yes,52,Yes,No,Fiber optic,Yes,Yes,No,No,Yes,Yes,Month-to-month,Yes,Mailed check,171.1,9106.45,Yes,2024-12-05
5960-XSQZM,Female,0,No,No,42,Yes,No,Fiber optic,No,No,Yes,Yes,No,Yes,Month-to-month,No,Bank transfer (automatic),164.06,6859.24,Yes,2024-12-05
2253-BJUXZ,Female,0,Yes,No,29,No,No phone service,No,No internet service,No internet service,No internet service,No internet service,No internet service,No internet service,One year,Yes,Mailed check,18.5,542.08,Yes,2024-12-05
4245-CMIAC,Female,0,No,No,35,No,No phone service,No,No internet service,No internet service,No internet service,No internet service,No internet service,No internet service,One year,Yes,Credit card (automatic),23.92,843.58,No,2024-12-05
9057-DPOJH,Female,0,No,Yes,58,Yes,No,Fiber optic,Yes,Yes,No,No,Yes,Yes,One year,Yes,Credit card (automatic),165.58,9536.3,No,2024-12-05
1976-FJQDI,Male,0,Yes,No,49,Yes,No,DSL,Yes,Yes,No,Yes,Yes,No,Month-to-month,Yes,Mailed check,133.46,6556.1,Yes,2024-12-05
3263-UBGIE,Male,0,Yes,Yes,14,Yes,No,DSL,Yes,No,Yes,No,Yes,Yes,One year,No,Mailed check,141.14,1952.0,Yes,2024-12-05
8073-BOLJP,Male,0,Yes,No,44,Yes,Yes,Fiber optic,Yes,No,Yes,No,Yes,Yes,One year,No,Electronic check,184.91,7909.0,No,2024-12-05
4208-HWJII,Female,1,Yes,No,43,Yes,No,DSL,Yes,Yes,No,No,Yes,No,Month-to-month,Yes,Credit card (automatic),136.31,5919.44,No,2024-12-05
8122-FGTTM,Female,0,No,No,21,Yes,Yes,DSL,Yes,Yes,No,Yes,Yes,Yes,Two year,Yes,Bank transfer (automatic),138.25,2901.58,Yes,2024-12-05
9839-LIWOQ,Female,0,No,Yes,11,Yes,No,Fiber optic,Yes,Yes,Yes,Yes,Yes,Yes,One year,No,Electronic check,183.05,1965.2,No,2024-12-05
7690-CJLJO,Male,0,Yes,No,50,Yes,Yes,Fiber optic,Yes,Yes,No,Yes,Yes,Yes,Month-to-month,Yes,Mailed check,210.56,10214.18,No,2024-12-05
2166-CWNWI,Male,0,No,No,31,Yes,No,DSL,No,No,Yes,No,Yes,Yes,Two year,Yes,Bank transfer (automatic),112.26,3390.1,No,2024-12-05
8755-OIPDG,Female,0,Yes,Yes,45,Yes,No,Fiber optic,Yes,No,No,No,Yes,Yes,Month-to-month,Yes,Credit card (automatic),166.64,7602.16,Yes,2024-12-05
8281-BCFGX,Male,0,Yes,No,54,Yes,Yes,DSL,Yes,No,No,Yes,Yes,Yes,Two year,Yes,Bank transfer (automatic),125.03,6607.31,No,2024-12-05
1939-MGBID,Male,0,No,No,60,Yes,Yes,Fiber optic,Yes,No,Yes,Yes,Yes,Yes,One year,No,Electronic check,185.83,11406.99,No,2024-12-05
3390-LZKOT,Male,0,Yes,No,42,Yes,Yes,DSL,Yes,No,Yes,No,Yes,Yes,Month-to-month,Yes,Credit card (automatic),150.53,6368.81,No,2024-12-05
1975-RVQZD,Female,0,Yes,Yes,12,Yes,Yes,DSL,Yes,Yes,Yes,Yes,Yes,Yes,Month-to-month,Yes,Bank transfer (automatic),176.82,2177.37,No,2024-12-05
4710-RMLOV,Male,0,Yes,No,52,Yes,Yes,Fiber optic,Yes,Yes,Yes,No,Yes,Yes,One year,Yes,Bank transfer (automatic),188.33,9636.33,Yes,2024-12-05
8582-QYYQB,Male,0,Yes,No,26,Yes,Yes,No,No internet service,No internet service,No internet service,No internet service,No internet service,No internet service,Two year,No,Mailed check,53.5,1430.56,Yes,2024-12-05
4460-IRCRA,Male,0,Yes,No,24,Yes,No,DSL,Yes,No,Yes,No,Yes,Yes,One year,No,Mailed check,123.17,3021.59,No,2024-12-05
4336-YTEEZ,Male,0,Yes,No,51,Yes,No,Fiber optic,Yes,No,Yes,No,Yes,Yes,Month-to-month,Yes,Credit card (automatic),177.89,9290.27,Yes,2024-12-05
7846-CEGDF,Female,0,Yes,Yes,34,Yes,No,Fiber optic,No,No,No,No,Yes,No,Two year,No,Mailed check,129.23,4489.7,No,2024-12-05
5253-PPSWR,Male,0,No,Yes,37,Yes,No,Fiber optic,No,No,No,No,Yes,Yes,Month-to-month,Yes,Electronic check,159.33,5785.48,No,2024-12-05
4010-QYQOU,Female,1,Yes,No,50,Yes,No,Fiber optic,No,Yes,Yes,Yes,Yes,Yes,One year,Yes,Bank transfer (automatic),180.74,9141.79,Yes,2024-12-05
1795-CPCKI,Male,0,Yes,Yes,26,No,No phone service,Fiber optic,Yes,No,Yes,No,Yes,No,One year,Yes,Bank transfer (automatic),145.51,3765.73,No,2024-12-06
8341-OGTPQ,Male,0,No,No,44,Yes,Yes,DSL,Yes,No,No,Yes,No,Yes,Month-to-month,Yes,Mailed check,137.78,5980.35,Yes,2024-12-06
2869-KZGSP,Male,0,Yes,No,36,Yes,No,No,No internet service,No internet service,No internet service,No internet service,No internet service,No internet service,Month-to-month,No,Bank transfer (automatic),36.81,1319.29,Yes,2024-12-06
5765-WGBLT,Male,0,Yes,No,63,Yes,No,Fiber optic,Yes,Yes,Yes,No,Yes,Yes,Month-to-month,Yes,Bank transfer (automatic),185.72,11417.15,No,2024-12-06
7197-YBBIP,Female,0,Yes,No,36,Yes,No,No,No internet service,No internet service,No internet service,No internet service,No internet service,No internet service,Two year,Yes,Mailed check,44.86,1585.33,No,2024-12-06
6413-BMRPH,Female,0,Yes,No,33,Yes,No,Fiber optic,Yes,Yes,Yes,No,Yes,Yes,One year,Yes,Mailed check,183.0,6007.7,No,2024-12-06
8928-ZNUCD,Female,0,Yes,No,39,Yes,Yes,Fiber optic,Yes,Yes,Yes,No,Yes,No,Two year,Yes,Mailed check,185.29,7195.07,No,2024-12-06
2354-FJQHY,Female,0,No,No,15,Yes,Yes,Fiber optic,Yes,Yes,Yes,Yes,Yes,Yes,One year,Yes,Credit card (automatic),207.53,3149.45,Yes,2024-12-06
5420-PDSDJ,Female,1,No,No,39,Yes,No,Fiber optic,Yes,Yes,Yes,No,Yes,Yes,Month-to-month,Yes,Electronic check,179.61,6888.22,Yes,2024-12-06
7198-CTYAQ,Male,0,Yes,No,54,Yes,Yes,No,No internet service,No internet service,No internet service,No internet service,No internet service,No internet service,One year,No,Credit card (automatic),51.15,2787.9,No,2024-12-06
9903-EEERQ,Male,0,No,Yes,40,Yes,Yes,DSL,No,No,Yes,No,Yes,Yes,One year,Yes,Bank transfer (automatic),141.79,5666.26,No,2024-12-06
7348-JVYXZ,Female,0,No,Yes,29,Yes,No,Fiber optic,Yes,Yes,Yes,Yes,Yes,Yes,One year,No,Bank transfer (automatic),186.91,5434.71,Yes,2024-12-06
5629-CCEKU,Female,1,Yes,No,24,Yes,No,Fiber optic,No,Yes,Yes,Yes,Yes,No,Month-to-month,Yes,Credit card (automatic),168.67,4068.88,Yes,2024-12-06
5775-BKCPV,Female,0,No,Yes,30,Yes,No,DSL,No,Yes,No,Yes,Yes,Yes,Month-to-month,Yes,Credit card (automatic),135.57,4169.4,Yes,2024-12-06
6120-MNDWI,Male,0,No,No,52,Yes,No,Fiber optic,Yes,No,No,No,Yes,Yes,One year,Yes,Bank transfer (automatic),165.14,8507.95,No,2024-12-06
7721-RTFPM,Male,0,Yes,No,63,Yes,No,DSL,No,No,Yes,Yes,Yes,Yes,Two year,Yes,Electronic check,117.55,7401.12,Yes,2024-12-06
7315-ZESXE,Female,0,No,No,36,Yes,No,Fiber optic,No,Yes,No,No,Yes,Yes,One year,No,Bank transfer (automatic),161.57,5941.38,No,2024-12-06
7062-ORJGT,Female,0,No,No,28,Yes,No,Fiber optic,No,Yes,No,No,Yes,Yes,One year,Yes,Credit card (automatic),157.28,4476.76,No,2024-12-06
7933-HSAHS,Male,0,Yes,Yes,33,Yes,No,DSL,No,Yes,Yes,No,Yes,Yes,Month-to-month,Yes,Credit card (automatic),129.45,4363.9,No,2024-12-06
3796-GJGNI,Male,0,No,No,21,Yes,Yes,Fiber optic,Yes,Yes,Yes,No,Yes,Yes,One year,Yes,Mailed check,193.83,4071.94,No,2024-12-06
4147-YSHLW,Male,0,Yes,Yes,47,Yes,Yes,Fiber optic,No,Yes,Yes,Yes,Yes,Yes,One year,No,Credit card (automatic),197.08,9212.27,Yes,2024-12-06
5240-QRINM,Female,1,No,No,29,Yes,No,Fiber optic,Yes,Yes,Yes,No,No,Yes,Month-to-month,Yes,Credit card (automatic),174.19,5195.89,Yes,2024-12-06
5405-NANQI,Male,0,Yes,Yes,25,Yes,Yes,DSL,No,Yes,Yes,No,Yes,Yes,Two year,Yes,Bank transfer (automatic),140.37,3573.87,No,2024-12-06
6505-XTMPX,Male,0,Yes,Yes,54,Yes,Yes,DSL,No,Yes,Yes,No,Yes,Yes,One year,No,Electronic check,146.59,7944.67,Yes,2024-12-06
9226-UEFOW,Female,0,Yes,No,39,Yes,No,Fiber optic,Yes,No,Yes,Yes,No,Yes,Two year,Yes,Credit card (automatic),155.87,6152.72,No,2024-12-06
4174-EPASY,Female,0,Yes,Yes,39,Yes,Yes,Fiber optic,Yes,No,No,No,Yes,Yes,One year,Yes,Bank transfer (automatic),161.48,6302.88,Yes,2024-12-06
1414-VFVUF,Male,0,No,No,49,Yes,No,Fiber optic,No,Yes,No,Yes,Yes,Yes,Month-to-month,No,Bank transfer (automatic),170.65,8536.08,Yes,2024-12-06
1884-ZPGDA,Female,0,Yes,Yes,49,Yes,No,Fiber optic,Yes,Yes,Yes,No,Yes,Yes,Month-to-month,No,Bank transfer (automatic),201.41,9899.63,Yes,2024-12-06
3603-JWNLW,Male,0,Yes,No,54,Yes,No,Fiber optic,Yes,Yes,No,No,Yes,Yes,Month-to-month,No,Mailed check,179.18,9658.22,Yes,2024-12-06
1677-GTFLT,Female,0,No,Yes,48,Yes,No,DSL,Yes,No,Yes,No,Yes,Yes,One year,Yes,Electronic check,125.97,6201.01,Yes,2024-12-06
8762-EAJKV,Female,0,Yes,No,24,Yes,Yes,DSL,Yes,No,Yes,No,No,Yes,One year,No,Bank transfer (automatic),126.95,2981.28,No,2024-12-06
5918-ITVKW,Female,0,No,No,34,Yes,Yes,Fiber optic,No,No,No,No,Yes,Yes,One year,Yes,Mailed check,162.8,5436.25,No,2024-12-06
7368-GUKDP,Male,0,No,No,18,Yes,No,Fiber optic,Yes,No,Yes,Yes,Yes,No,Month-to-month,Yes,Bank transfer (automatic),176.66,3142.27,No,2024-12-06
6791-HTEQH,Male,0,No,No,61,Yes,Yes,Fiber optic,Yes,No,No,Yes,Yes,Yes,Two year,Yes,Credit card (automatic),151.89,9125.26,No,2024-12-06
9298-ZWHOZ,Male,0,Yes,No,16,Yes,No,No,No internet service,No internet service,No internet service,No internet service,No internet service,No internet service,One year,Yes,Credit card (automatic),32.82,523.49,No,2024-12-06
1610-XEOEC,Male,0,Yes,No,65,Yes,Yes,Fiber optic,No,No,Yes,No,Yes,Yes,Month-to-month,Yes,Electronic check,180.78,11481.84,Yes,2024-12-06
4270-NNQVJ,Female,0,No,No,25,Yes,Yes,Fiber optic,No,No,Yes,Yes,Yes,Yes,One year,No,Mailed check,183.68,4523.43,No,2024-12-06
6031-ADYBA,Male,0,No,No,32,Yes,No,Fiber optic,Yes,Yes,No,No,Yes,Yes,One year,No,Credit card (automatic),169.77,5439.91,Yes,2024-12-06
5367-EQCDT,Male,0,Yes,No,41,Yes,Yes,DSL,No,Yes,No,No,Yes,No,Month-to-month,No,Bank transfer (automatic),129.6,5364.31,No,2024-12-07
8730-OOYEN,Female,0,Yes,Yes,50,Yes,No,Fiber optic,Yes,No,No,No,No,Yes,Two year,Yes,Bank transfer (automatic),136.31,6958.92,No,2024-12-07
4407-ZZNCK,Female,0,Yes,No,39,Yes,Yes,DSL,No,No,No,Yes,Yes,Yes,Two year,Yes,Mailed check,117.16,4576.76,Yes,2024-12-07
3375-EBANJ,Female,0,Yes,Yes,51,Yes,Yes,DSL,No,No,No,No,Yes,Yes,Month-to-month,Yes,Mailed check,137.13,6843.41,Yes,2024-12-07
4399-BADWS,Male,0,No,No,56,Yes,Yes,Fiber optic,Yes,Yes,No,No,No,Yes,One year,Yes,Electronic check,173.89,9829.29,Yes,2024-12-07
4522-MBKDF,Female,1,No,No,15,Yes,No,DSL,Yes,Yes,Yes,No,No,Yes,Month-to-month,No,Bank transfer (automatic),138.66,2112.18,Yes,2024-12-07
3337-QFBPC,Female,0,No,No,24,Yes,Yes,Fiber optic,Yes,No,Yes,No,Yes,Yes,One year,Yes,Bank transfer (automatic),176.97,4307.17,No,2024-12-07
3834-PWXLS,Male,1,Yes,No,25,Yes,No,Fiber optic,Yes,Yes,Yes,No,Yes,Yes,One year,Yes,Credit card (automatic),169.61,4221.81,No,2024-12-07
4998-UKLTV,Female,0,Yes,No,32,Yes,No,Fiber optic,Yes,Yes,Yes,No,Yes,Yes,Month-to-month,No,Credit card (automatic),184.6,5846.07,Yes,2024-12-07
7006-PVTAW,Male,0,Yes,No,64,Yes,Yes,Fiber optic,Yes,Yes,No,Yes,Yes,Yes,Month-to-month,Yes,Bank transfer (automatic),214.29,13505.16,No,2024-12-07
2606-RZWOB,Female,0,Yes,No,47,Yes,No,Fiber optic,Yes,Yes,No,No,Yes,Yes,Two year,Yes,Mailed check,158.6,7274.21,Yes,2024-12-07
2007-HNMKX,Male,0,No,No,32,Yes,No,Fiber optic,Yes,Yes,Yes,No,Yes,Yes,One year,No,Credit card (automatic),178.41,5614.44,No,2024-12-07
6768-NNBXY,Male,0,No,No,26,Yes,No,Fiber optic,No,No,No,No,Yes,Yes,Month-to-month,Yes,Bank transfer (automatic),143.71,3624.79,Yes,2024-12-07
3961-BOVSU,Female,0,No,No,15,Yes,Yes,Fiber optic,No,No,Yes,Yes,Yes,Yes,One year,Yes,Mailed check,180.85,2760.96,No,2024-12-07
8460-HIMDB,Female,1,Yes,No,58,Yes,No,Fiber optic,No,Yes,Yes,Yes,Yes,Yes,Two year,No,Mailed check,159.82,9243.76,No,2024-12-07
1997-DABDH,Male,0,No,No,55,No,No phone service,Fiber optic,No,Yes,Yes,No,Yes,Yes,Month-to-month,No,Credit card (automatic),144.79,8021.44,Yes,2024-12-07
9966-LSIWT,Male,0,No,No,35,Yes,No,No,No internet service,No internet service,No internet service,No internet service,No internet service,No internet service,Two year,Yes,Bank transfer (automatic),43.96,1575.95,No,2024-12-07
1834-DRVOG,Female,0,No,No,51,Yes,No,Fiber optic,Yes,No,Yes,No,Yes,Yes,Two year,Yes,Electronic check,152.21,7550.76,No,2024-12-07
2772-WBXRV,Male,0,Yes,No,66,Yes,No,Fiber optic,No,Yes,No,Yes,Yes,No,Month-to-month,No,Bank transfer (automatic),172.65,11296.29,Yes,2024-12-07
4814-WFBON,Male,0,Yes,No,54,Yes,Yes,Fiber optic,Yes,Yes,Yes,Yes,Yes,Yes,Month-to-month,Yes,Credit card (automatic),211.48,11367.15,No,2024-12-07
1041-UCRXT,Female,0,No,Yes,27,Yes,No,DSL,Yes,No,No,Yes,Yes,Yes,Two year,Yes,Bank transfer (automatic),118.15,3190.6,No,2024-12-07
8415-PUXDJ,Male,0,No,No,42,Yes,No,DSL,No,Yes,Yes,No,Yes,Yes,One year,Yes,Mailed check,120.83,4925.97,No,2024-12-07
6127-NPAJX,Female,0,No,No,51,Yes,No,DSL,No,Yes,Yes,Yes,Yes,Yes,Two year,Yes,Bank transfer (automatic),130.76,6697.53,No,2024-12-07
5536-JENAY,Female,0,Yes,Yes,38,Yes,Yes,DSL,Yes,No,Yes,Yes,Yes,Yes,Two year,No,Credit card (automatic),134.57,5225.38,No,2024-12-07
8957-DGERF,Male,0,Yes,No,31,Yes,No,Fiber optic,Yes,No,Yes,No,No,Yes,Month-to-month,Yes,Bank transfer (automatic),160.23,4882.44,Yes,2024-12-07
9726-RWUJI,Male,0,Yes,No,18,Yes,Yes,Fiber optic,No,No,Yes,No,Yes,Yes,Month-to-month,Yes,Credit card (automatic),181.64,3238.83,Yes,2024-12-07
5304-AULSY,Female,0,Yes,No,19,Yes,No,Fiber optic,No,No,No,Yes,Yes,Yes,One year,No,Mailed check,151.88,2969.6,Yes,2024-12-07
3813-WKEAJ,Female,0,No,No,26,Yes,No,Fiber optic,Yes,Yes,No,Yes,No,Yes,Two year,No,Bank transfer (automatic),150.31,3969.61,Yes,2024-12-07
4429-SWTCZ,Female,0,Yes,No,49,Yes,No,DSL,No,No,Yes,No,Yes,Yes,One year,Yes,Credit card (automatic),117.51,5854.42,No,2024-12-07
3516-IMZNK,Male,1,Yes,Yes,22,Yes,No,DSL,Yes,Yes,No,No,Yes,Yes,Month-to-month,Yes,Credit card (automatic),135.59,2910.73,Yes,2024-12-07
6368-GIFCM,Male,0,No,No,65,Yes,No,Fiber optic,No,No,Yes,No,Yes,Yes,One year,Yes,Bank transfer (automatic),153.86,9702.54,Yes,2024-12-07
7593-TYHXQ,Female,0,Yes,No,26,Yes,Yes,DSL,No,Yes,Yes,No,No,Yes,One year,Yes,Bank transfer (automatic),134.4,3459.94,No,2024-12-07
6149-WBHAD,Male,0,No,No,28,Yes,Yes,No,No internet service,No internet service,No internet service,No internet service,No internet service,No internet service,Month-to-month,No,Credit card (automatic),59.68,1626.2,No,2024-12-07
4166-SVMPU,Male,0,Yes,Yes,37,Yes,No,Fiber optic,Yes,No,Yes,No,No,Yes,One year,No,Bank transfer (automatic),158.99,5900.21,Yes,2024-12-07
9264-UJXUY,Male,0,Yes,No,42,No,No phone service,DSL,Yes,Yes,Yes,No,Yes,No,One year,Yes,Mailed check,112.36,4682.63,No,2024-12-07
2136-VHYSO,Male,0,Yes,No,39,Yes,Yes,No,No internet service,No internet service,No internet service,No internet service,No internet service,No internet service,One year,Yes,Mailed check,52.85,2077.47,No,2024-12-07
8171-WPCOT,Male,0,Yes,No,67,Yes,No,DSL,No,No,Yes,Yes,Yes,Yes,Month-to-month,Yes,Credit card (automatic),127.9,8410.09,Yes,2024-12-07
7415-OAITO,Male,0,Yes,No,30,Yes,No,Fiber optic,Yes,Yes,No,No,Yes,Yes,Two year,No,Bank transfer (automatic),155.14,4604.38,No,2024-12-07
6857-ZNLSP,Female,0,Yes,No,47,Yes,No,No,No internet service,No internet service,No internet service,No internet service,No internet service,No internet service,Month-to-month,No,Bank transfer (automatic),47.89,2305.44,No,2024-12-08
7985-NOIRX,Female,0,Yes,Yes,34,Yes,No,DSL,Yes,No,No,No,Yes,Yes,One year,Yes,Electronic check,132.14,4368.92,No,2024-12-08
8856-OFKVE,Male,0,No,No,49,Yes,No,Fiber optic,No,Yes,No,No,Yes,Yes,Two year,Yes,Credit card (automatic),139.7,6959.41,No,2024-12-08
4155-NGJEH,Male,0,Yes,Yes,32,Yes,Yes,DSL,No,No,Yes,No,Yes,Yes,Month-to-month,Yes,Bank transfer (automatic),146.53,4730.45,Yes,2024-12-08
1494-XJYQZ,Male,1,No,No,33,Yes,No,Fiber optic,Yes,Yes,Yes,Yes,Yes,Yes,Month-to-month,Yes,Credit card (automatic),199.47,6608.76,Yes,2024-12-08
4143-KXQGF,Male,0,No,No,39,Yes,Yes,Fiber optic,No,Yes,Yes,Yes,Yes,Yes,One year,No,Electronic check,194.12,7388.59,No,2024-12-08
9662-LGWQM,Male,1,Yes,No,50,Yes,No,No,No internet service,No internet service,No internet service,No internet service,No internet service,No internet service,One year,Yes,Mailed check,52.66,2627.43,Yes,2024-12-08
6566-YYVSJ,Female,0,Yes,No,28,Yes,Yes,Fiber optic,Yes,Yes,No,No,Yes,Yes,One year,No,Electronic check,189.99,5241.56,No,2024-12-08
1990-GCGFU,Male,0,Yes,No,32,Yes,No,Fiber optic,Yes,Yes,No,No,Yes,No,One year,No,Bank transfer (automatic),155.84,4847.48,Yes,2024-12-08
2212-GTHLD,Male,0,Yes,No,18,Yes,No,Fiber optic,Yes,No,Yes,Yes,Yes,Yes,Month-to-month,Yes,Mailed check,189.07,3474.44,Yes,2024-12-08
3653-EGXOP,Female,0,No,No,42,Yes,Yes,No,No internet service,No internet service,No internet service,No internet service,No internet service,No internet service,Month-to-month,Yes,Electronic check,61.95,2608.08,Yes,2024-12-08
3877-YBLEI,Female,0,No,No,38,Yes,Yes,Fiber optic,No,No,No,No,Yes,Yes,Month-to-month,Yes,Mailed check,172.48,6403.49,Yes,2024-12-08
4031-LYAKC,Female,0,No,No,18,No,No phone service,Fiber optic,No,Yes,Yes,No,Yes,Yes,Month-to-month,No,Bank transfer (automatic),144.02,2629.4,No,2024-12-08
2714-WCSHS,Female,0,Yes,Yes,47,Yes,Yes,No,No internet service,No internet service,No internet service,No internet service,No internet service,No internet service,Month-to-month,Yes,Electronic check,73.0,3458.02,Yes,2024-12-08
7413-VNPQH,Female,0,Yes,No,41,Yes,Yes,DSL,No,Yes,No,No,Yes,Yes,Two year,No,Bank transfer (automatic),126.49,5059.68,No,2024-12-08
2070-XYFIG,Female,0,No,Yes,40,Yes,Yes,No,No internet service,No internet service,No internet service,No internet service,No internet service,No internet service,Two year,Yes,Mailed check,47.18,1860.67,Yes,2024-12-08
5271-BBBDH,Male,0,No,No,29,Yes,No,Fiber optic,No,Yes,Yes,Yes,Yes,No,One year,No,Bank transfer (automatic),158.53,4701.43,No,2024-12-08
2388-YRVIG,Male,0,No,No,47,Yes,Yes,DSL,Yes,Yes,Yes,No,No,No,Two year,No,Credit card (automatic),114.07,5280.32,No,2024-12-08
5429-WAEAH,Male,1,Yes,No,57,Yes,No,No,No internet service,No internet service,No internet service,No internet service,No internet service,No internet service,One year,No,Credit card (automatic),35.05,2020.6,No,2024-12-08
9004-LZIEL,Male,0,No,No,45,Yes,No,DSL,Yes,No,Yes,Yes,Yes,Yes,One year,Yes,Credit card (automatic),135.16,6132.65,No,2024-12-08
9566-BVZOA,Male,0,No,No,66,Yes,Yes,DSL,Yes,Yes,Yes,No,Yes,Yes,One year,Yes,Electronic check,149.62,10158.57,Yes,2024-12-08
5045-JOSID,Male,0,Yes,No,19,Yes,No,No,No internet service,No internet service,No internet service,No internet service,No internet service,No internet service,One year,Yes,Credit card (automatic),48.87,908.78,No,2024-12-08
7795-DGACK,Female,1,No,Yes,14,Yes,No,DSL,Yes,Yes,Yes,No,Yes,Yes,Month-to-month,No,Credit card (automatic),142.4,2024.08,Yes,2024-12-08
5893-GAXSQ,Male,0,Yes,Yes,36,Yes,Yes,Fiber optic,Yes,No,Yes,Yes,Yes,Yes,Month-to-month,Yes,Bank transfer (automatic),214.05,7825.57,Yes,2024-12-08
2538-QRGTC,Female,0,Yes,No,16,Yes,Yes,Fiber optic,No,Yes,No,Yes,Yes,Yes,Month-to-month,Yes,Credit card (automatic),196.81,3100.13,Yes,2024-12-08
6699-URCKU,Female,0,Yes,No,42,Yes,Yes,DSL,Yes,Yes,No,Yes,Yes,Yes,One year,Yes,Credit card (automatic),153.14,6562.8,No,2024-12-08
9959-GZXSC,Male,0,Yes,No,31,Yes,No,Fiber optic,Yes,Yes,Yes,Yes,Yes,Yes,One year,Yes,Credit card (automatic),189.66,5993.41,No,2024-12-08
6867-RVTJZ,Male,1,Yes,Yes,44,Yes,Yes,DSL,No,Yes,No,No,Yes,Yes,One year,No,Credit card (automatic),137.35,5869.03,No,2024-12-08
3016-AIFDK,Female,1,Yes,No,21,Yes,No,No,No internet service,No internet service,No internet service,No internet service,No internet service,No internet service,Month-to-month,No,Bank transfer (automatic),43.34,928.72,Yes,2024-12-08
2325-DNHQG,Male,1,No,No,42,Yes,No,Fiber optic,Yes,Yes,No,Yes,No,Yes,Month-to-month,No,Bank transfer (automatic),171.12,7025.64,Yes,2024-12-08
1816-PLBJX,Male,0,Yes,No,31,Yes,No,No,No internet service,No internet service,No internet service,No internet service,No internet service,No internet service,One year,Yes,Mailed check,40.64,1248.63,No,2024-12-08
9953-RREVK,Female,0,No,No,58,Yes,No,Fiber optic,No,Yes,Yes,Yes,No,Yes,Two year,Yes,Bank transfer (automatic),163.66,9613.42,No,2024-12-08
2427-MSNXZ,Male,0,No,No,47,Yes,Yes,Fiber optic,No,No,No,Yes,Yes,Yes,One year,Yes,Credit card (automatic),167.14,7838.26,Yes,2024-12-08
3268-YGPLX,Female,0,Yes,No,35,Yes,Yes,Fiber optic,Yes,No,Yes,No,Yes,Yes,One year,Yes,Credit card (automatic),173.89,6087.88,No,2024-12-08
9252-WPJFO,Female,0,Yes,No,44,Yes,No,No,No internet service,No internet service,No internet service,No internet service,No internet service,No internet service,Month-to-month,No,Credit card (automatic),47.15,2105.19,Yes,2024-12-08
4458-RDGCZ,Female,0,No,No,18,Yes,No,DSL,Yes,Yes,Yes,Yes,Yes,Yes,Month-to-month,No,Credit card (automatic),149.06,2687.95,Yes,2024-12-08
2713-TCUPH,Male,1,No,Yes,14,Yes,No,DSL,No,No,Yes,No,Yes,Yes,Month-to-month,No,Credit card (automatic),123.07,1688.93,No,2024-12-08
4726-QOGVJ,Male,0,Yes,No,42,Yes,No,Fiber optic,Yes,No,Yes,Yes,No,No,One year,Yes,Electronic check,152.16,6444.85,No,2024-12-08
9141-FUAII,Male,0,No,No,21,Yes,No,DSL,Yes,No,No,No,Yes,Yes,Month-to-month,No,Credit card (automatic),134.42,2765.98,Yes,2024-12-08
6023-MTKCN,Female,0,Yes,No,17,Yes,Yes,Fiber optic,Yes,No,No,No,No,Yes,One year,No,Mailed check,152.14,2610.21,No,2024-12-08
1640-CYBPN,Male,0,Yes,No,46,Yes,No,DSL,Yes,Yes,No,Yes,Yes,No,Month-to-month,No,Mailed check,133.99,6124.51,Yes,2024-12-08
2478-DHFHL,Female,0,Yes,No,54,No,No phone service,No,No internet service,No internet service,No internet service,No internet service,No internet service,No internet service,Month-to-month,Yes,Credit card (automatic),18.5,995.41,Yes,2024-12-08
1598-ERJYJ,Male,0,No,No,25,Yes,Yes,Fiber optic,Yes,Yes,Yes,No,No,Yes,Month-to-month,Yes,Credit card (automatic),194.52,4821.04,Yes,2024-12-08
3270-EJWNH,Female,0,Yes,No,31,Yes,No,Fiber optic,No,Yes,Yes,No,No,Yes,Month-to-month,Yes,Electronic check,161.3,4889.54,No,2024-12-09
2677-REWJW,Female,0,No,Yes,28,Yes,No,Fiber optic,No,Yes,No,No,Yes,Yes,Month-to-month,Yes,Bank transfer (automatic),164.16,4694.08,No,2024-12-09
9872-JKXTO,Female,0,Yes,No,55,Yes,Yes,Fiber optic,No,Yes,Yes,Yes,Yes,No,One year,Yes,Electronic check,178.51,10095.93,Yes,2024-12-09
3737-FMVAC,Female,0,No,Yes,30,Yes,No,Fiber optic,Yes,Yes,No,Yes,Yes,No,One year,Yes,Bank transfer (automatic),170.14,5129.45,No,2024-12-09
6500-JPUQW,Female,0,No,Yes,54,Yes,No,Fiber optic,No,Yes,Yes,Yes,Yes,Yes,Month-to-month,Yes,Mailed check,185.32,10303.93,No,2024-12-09
8770-OBJVT,Female,0,No,No,51,Yes,Yes,Fiber optic,No,No,Yes,Yes,Yes,Yes,Two year,Yes,Bank transfer (automatic),171.46,8882.22,Yes,2024-12-09
3262-UZIOT,Male,0,Yes,Yes,27,Yes,No,Fiber optic,No,Yes,No,No,Yes,Yes,One year,Yes,Electronic check,164.73,4484.72,No,2024-12-09
2550-IWZKM,Male,1,Yes,No,39,No,No phone service,Fiber optic,Yes,No,No,Yes,Yes,Yes,Two year,No,Credit card (automatic),137.1,5444.3,No,2024-12-09
9794-JRIDU,Male,0,Yes,Yes,50,Yes,No,Fiber optic,Yes,Yes,No,No,Yes,Yes,One year,No,Mailed check,176.87,8678.9,No,2024-12-09
4267-SAOJQ,Female,0,Yes,No,17,Yes,No,Fiber optic,Yes,Yes,No,No,No,Yes,Two year,Yes,Mailed check,142.52,2374.22,Yes,2024-12-09
2201-GZUYV,Male,0,Yes,No,47,Yes,Yes,Fiber optic,Yes,Yes,No,Yes,Yes,Yes,Two year,No,Mailed check,178.58,8471.56,No,2024-12-09
7398-IDHLE,Male,0,No,No,23,Yes,Yes,No,No internet service,No internet service,No internet service,No internet service,No internet service,No internet service,One year,Yes,Bank transfer (automatic),53.82,1240.21,No,2024-12-09
4468-HOJUI,Female,1,No,No,48,Yes,Yes,Fiber optic,Yes,Yes,Yes,No,Yes,Yes,Two year,Yes,Mailed check,170.17,8395.13,No,2024-12-09
5849-SJINL,Female,1,Yes,No,61,Yes,No,DSL,Yes,No,No,Yes,Yes,Yes,One year,Yes,Credit card (automatic),130.15,7872.8,No,2024-12-09
6275-GNRLM,Male,0,Yes,Yes,36,Yes,Yes,Fiber optic,No,No,No,No,Yes,Yes,Month-to-month,Yes,Bank transfer (automatic),186.57,6651.39,Yes,2024-12-09
9705-TSAMO,Female,0,Yes,No,40,Yes,No,Fiber optic,No,Yes,Yes,Yes,Yes,No,Two year,Yes,Credit card (automatic),155.87,6189.72,Yes,2024-12-09
1376-GGNHD,Female,0,Yes,Yes,55,Yes,No,DSL,Yes,Yes,Yes,No,No,Yes,Month-to-month,No,Bank transfer (automatic),134.04,7180.86,No,2024-12-09
5101-HSSBE,Female,0,Yes,No,60,Yes,No,DSL,No,Yes,Yes,Yes,No,Yes,One year,Yes,Credit card (automatic),138.66,8221.26,No,2024-12-09
8468-JPZDE,Male,0,Yes,No,56,Yes,Yes,Fiber optic,Yes,No,Yes,No,Yes,Yes,Two year,Yes,Credit card (automatic),174.81,9817.92,No,2024-12-09
1377-YWFBI,Male,0,Yes,No,15,Yes,No,DSL,Yes,No,No,Yes,Yes,Yes,Month-to-month,Yes,Electronic check,146.33,2256.17,Yes,2024-12-09
4699-WAEOS,Male,0,Yes,No,44,Yes,Yes,No,No internet service,No internet service,No internet service,No internet service,No internet service,No internet service,Month-to-month,No,Bank transfer (automatic),50.99,2183.57,No,2024-12-09
5208-BPKMV,Female,0,No,No,57,Yes,Yes,Fiber optic,No,Yes,Yes,No,Yes,Yes,One year,Yes,Credit card (automatic),183.33,10613.25,No,2024-12-09
7441-WIGQQ,Female,0,Yes,No,59,Yes,Yes,DSL,Yes,Yes,No,No,Yes,Yes,Month-to-month,Yes,Credit card (automatic),146.68,8868.48,Yes,2024-12-09
5106-IXASY,Female,0,Yes,No,49,Yes,No,Fiber optic,Yes,Yes,No,No,Yes,Yes,Month-to-month,No,Mailed check,171.49,8598.02,Yes,2024-12-09
8784-OKMHQ,Male,0,Yes,No,52,No,No phone service,DSL,No,Yes,No,No,Yes,Yes,Two year,Yes,Mailed check,84.41,4432.49,No,2024-12-09
4088-SGHGO,Female,1,Yes,No,53,Yes,Yes,Fiber optic,Yes,Yes,Yes,No,Yes,Yes,Month-to-month,Yes,Bank transfer (automatic),207.99,10873.51,Yes,2024-12-09
5511-HYGXQ,Male,0,Yes,Yes,38,No,No phone service,Fiber optic,Yes,No,No,Yes,Yes,Yes,Month-to-month,No,Credit card (automatic),149.71,5699.92,Yes,2024-12-09
3094-CGRDD,Female,0,Yes,Yes,14,Yes,No,Fiber optic,Yes,No,Yes,Yes,Yes,Yes,One year,No,Mailed check,180.44,2485.1,No,2024-12-09
5829-WOOPD,Male,0,Yes,No,47,Yes,No,Fiber optic,No,Yes,Yes,Yes,No,No,Two year,No,Electronic check,149.94,7227.19,Yes,2024-12-09
4696-JVNFD,Male,1,Yes,Yes,8,Yes,Yes,DSL,Yes,No,Yes,No,Yes,Yes,Month-to-month,Yes,Electronic check,156.2,1229.79,Yes,2024-12-09
1365-MBAMK,Female,0,Yes,Yes,45,Yes,No,Fiber optic,Yes,No,No,No,Yes,Yes,Month-to-month,No,Mailed check,174.34,7630.35,Yes,2024-12-09
9813-BLBZW,Male,0,No,No,48,Yes,Yes,Fiber optic,Yes,Yes,Yes,Yes,Yes,No,Two year,Yes,Credit card (automatic),176.73,8264.04,Yes,2024-12-09
3358-OZAZM,Female,0,Yes,No,48,Yes,No,DSL,Yes,Yes,Yes,No,Yes,Yes,Two year,Yes,Bank transfer (automatic),139.92,6747.77,No,2024-12-09
8370-WJPEG,Female,0,Yes,No,54,Yes,Yes,DSL,Yes,No,No,No,No,Yes,One year,Yes,Credit card (automatic),124.29,6634.2,Yes,2024-12-09
4952-FEUFA,Male,0,No,No,52,Yes,No,Fiber optic,No,Yes,No,No,Yes,Yes,Month-to-month,No,Mailed check,161.02,8453.82,No,2024-12-09
5711-IFJVF,Male,0,No,No,28,Yes,No,Fiber optic,Yes,No,Yes,No,Yes,Yes,Two year,No,Mailed check,145.28,4111.8,Yes,2024-12-09
6947-EAQFC,Female,0,Yes,No,39,No,No phone service,Fiber optic,No,Yes,No,Yes,Yes,Yes,Month-to-month,No,Mailed check,156.96,6248.5,Yes,2024-12-09
3998-QOPLM,Male,0,Yes,Yes,41,Yes,Yes,Fiber optic,No,No,No,No,Yes,Yes,Month-to-month,Yes,Electronic check,179.36,7535.82,Yes,2024-12-09
9087-FJXHH,Male,0,No,No,50,Yes,No,Fiber optic,Yes,Yes,Yes,Yes,No,Yes,Month-to-month,Yes,Electronic check,186.47,9419.78,No,2024-12-09
5096-RVJIE,Female,0,Yes,Yes,29,Yes,Yes,Fiber optic,Yes,No,Yes,No,Yes,Yes,One year,Yes,Mailed check,184.15,5396.52,No,2024-12-09
7226-LKXGA,Male,0,No,No,29,Yes,Yes,Fiber optic,Yes,No,Yes,No,Yes,Yes,One year,No,Bank transfer (automatic),177.58,5242.92,Yes,2024-12-09
3284-OOIFY,Male,0,Yes,Yes,28,Yes,No,DSL,Yes,No,No,Yes,Yes,Yes,One year,No,Bank transfer (automatic),135.27,3824.51,Yes,2024-12-09
9845-ESJFK,Female,0,Yes,No,55,No,No phone service,No,No internet service,No internet service,No internet service,No internet service,No internet service,No internet service,One year,Yes,Bank transfer (automatic),30.03,1650.24,No,2024-12-09
9798-PIHVH,Male,0,No,No,24,Yes,Yes,Fiber optic,Yes,Yes,Yes,No,No,Yes,Month-to-month,Yes,Mailed check,193.09,4608.12,No,2024-12-09
6686-KFEAZ,Male,0,Yes,No,17,Yes,No,Fiber optic,No,Yes,No,No,Yes,Yes,Two year,No,Bank transfer (automatic),147.86,2488.9,No,2024-12-10
8159-EOVTT,Male,0,No,No,18,Yes,Yes,DSL,Yes,No,Yes,Yes,No,Yes,Month-to-month,Yes,Credit card (automatic),148.85,2651.28,Yes,2024-12-10
2421-BQMUF,Female,0,Yes,No,28,No,No phone service,No,No internet service,No internet service,No internet service,No internet service,No internet service,No internet service,One year,Yes,Credit card (automatic),18.5,533.46,No,2024-12-10
5388-SPWKK,Male,0,No,No,32,Yes,No,No,No internet service,No internet service,No internet service,No internet service,No internet service,No internet service,One year,No,Mailed check,40.28,1323.42,Yes,2024-12-10
1283-VQSTE,Male,1,Yes,Yes,26,Yes,Yes,Fiber optic,No,Yes,No,Yes,Yes,Yes,Two year,No,Electronic check,165.16,4233.5,No,2024-12-10
8453-ASPCM,Female,0,Yes,No,29,Yes,No,Fiber optic,Yes,Yes,No,No,No,Yes,One year,Yes,Credit card (automatic),171.93,5106.92,Yes,2024-12-10
6868-LRUFQ,Female,0,Yes,No,51,Yes,Yes,No,No internet service,No internet service,No internet service,No internet service,No internet service,No internet service,Two year,Yes,Bank transfer (automatic),52.0,2607.55,No,2024-12-10
6706-ZBSGF,Female,0,Yes,No,22,Yes,Yes,Fiber optic,Yes,No,No,No,Yes,Yes,One year,Yes,Bank transfer (automatic),179.01,3910.33,No,2024-12-10
1710-IHNFM,Male,0,Yes,No,42,Yes,Yes,DSL,No,No,No,No,Yes,No,Two year,Yes,Electronic check,103.26,4232.08,Yes,2024-12-10
6032-ZLARG,Female,0,Yes,No,10,Yes,Yes,No,No internet service,No internet service,No internet service,No internet service,No internet service,No internet service,Month-to-month,Yes,Mailed check,64.88,654.77,No,2024-12-10
7046-IREEW,Male,0,Yes,No,42,Yes,Yes,DSL,Yes,Yes,Yes,No,Yes,No,One year,No,Mailed check,150.95,6386.46,No,2024-12-10
9930-FXVWO,Male,0,Yes,No,44,Yes,Yes,Fiber optic,Yes,No,Yes,Yes,Yes,Yes,One year,Yes,Mailed check,188.48,8416.94,Yes,2024-12-10
8058-NHUFK,Male,0,No,No,19,Yes,Yes,Fiber optic,No,No,No,Yes,No,Yes,One year,Yes,Mailed check,162.7,3031.29,No,2024-12-10
8581-WOIVI,Female,0,Yes,No,49,Yes,Yes,DSL,No,Yes,Yes,Yes,No,Yes,One year,Yes,Credit card (automatic),152.12,7602.23,No,2024-12-10
1417-GASTF,Male,0,Yes,No,18,Yes,Yes,No,No internet service,No internet service,No internet service,No internet service,No internet service,No internet service,One year,Yes,Credit card (automatic),61.74,1118.49,No,2024-12-10
5390-HYFZR,Male,0,Yes,No,24,Yes,No,Fiber optic,No,No,No,No,Yes,Yes,Month-to-month,Yes,Mailed check,154.07,3606.78,Yes,2024-12-10
4993-ZLNBH,Female,0,No,No,27,Yes,No,No,No internet service,No internet service,No internet service,No internet service,No internet service,No internet service,One year,Yes,Electronic check,38.27,1060.88,Yes,2024-12-10
4471-AWWMH,Female,0,Yes,No,24,Yes,No,No,No internet service,No internet service,No internet service,No internet service,No internet service,No internet service,Month-to-month,Yes,Electronic check,39.21,951.23,Yes,2024-12-10
9004-BQKTQ,Male,0,No,No,42,Yes,No,DSL,No,Yes,Yes,No,Yes,Yes,One year,Yes,Electronic check,129.82,5491.43,No,2024-12-10
4857-IYEIZ,Male,0,No,No,35,Yes,Yes,Fiber optic,Yes,No,No,No,Yes,Yes,Two year,No,Electronic check,154.97,5361.54,Yes,2024-12-10
3422-QTRHJ,Male,0,No,Yes,20,Yes,Yes,No,No internet service,No internet service,No internet service,No internet service,No internet service,No internet service,Two year,Yes,Electronic check,60.22,1199.54,Yes,2024-12-10
4988-IPEGU,Male,0,Yes,No,49,Yes,No,Fiber optic,Yes,No,Yes,Yes,Yes,Yes,Month-to-month,No,Credit card (automatic),185.79,9169.75,Yes,2024-12-10
8622-DQIYT,Male,0,Yes,No,26,Yes,No,Fiber optic,Yes,Yes,No,No,Yes,No,Month-to-month,Yes,Credit card (automatic),170.86,4466.88,Yes,2024-12-10
4246-QHVFW,Male,0,Yes,No,50,Yes,No,Fiber optic,Yes,Yes,Yes,Yes,Yes,Yes,Two year,Yes,Mailed check,181.88,9317.91,No,2024-12-10
1640-KCTSI,Male,0,Yes,No,45,Yes,Yes,DSL,No,Yes,Yes,No,Yes,No,Month-to-month,No,Bank transfer (automatic),148.12,6607.48,Yes,2024-12-10
7208-DBDKL,Female,0,Yes,No,63,Yes,Yes,Fiber optic,Yes,Yes,No,No,Yes,Yes,Two year,Yes,Electronic check,167.73,10666.65,Yes,2024-12-10
5889-KSDHT,Female,0,No,Yes,26,Yes,Yes,Fiber optic,No,Yes,No,No,Yes,Yes,Two year,Yes,Mailed check,159.09,4115.79,Yes,2024-12-10
8144-IOFKG,Female,0,Yes,Yes,44,Yes,No,Fiber optic,Yes,No,Yes,No,Yes,No,Month-to-month,No,Electronic check,160.67,7113.65,Yes,2024-12-10
9993-GEXEF,Male,0,No,No,54,No,No phone service,Fiber optic,Yes,No,Yes,No,Yes,Yes,Month-to-month,No,Bank transfer (automatic),152.61,8463.48,Yes,2024-12-10
5149-XOCEM,Male,0,No,No,20,No,No phone service,DSL,No,Yes,No,No,Yes,Yes,One year,Yes,Credit card (automatic),109.04,2135.09,No,2024-12-10
9427-PQGYY,Male,0,Yes,No,18,Yes,No,DSL,No,No,No,Yes,Yes,Yes,Two year,Yes,Bank transfer (automatic),111.55,2046.75,Yes,2024-12-10
8669-LVTLU,Male,0,Yes,No,50,Yes,No,Fiber optic,Yes,Yes,Yes,Yes,Yes,Yes,One year,Yes,Electronic check,183.09,9182.91,Yes,2024-12-10
1110-WMQRL,Female,0,No,No,48,Yes,Yes,DSL,No,No,No,Yes,No,Yes,Two year,No,Electronic check,105.21,4970.63,No,2024-12-10
3679-RQXPV,Female,1,Yes,No,41,Yes,Yes,DSL,Yes,No,Yes,No,No,Yes,One year,Yes,Mailed check,137.26,5536.87,No,2024-12-10
2080-OKTXS,Male,1,Yes,No,49,Yes,Yes,No,No internet service,No internet service,No internet service,No internet service,No internet service,No internet service,One year,Yes,Electronic check,63.32,3152.14,No,2024-12-10
3837-MCTHU,Male,0,Yes,Yes,48,Yes,Yes,DSL,Yes,No,Yes,No,Yes,Yes,Month-to-month,Yes,Electronic check,149.67,7201.18,Yes,2024-12-10
3585-FQLJF,Female,0,No,No,42,Yes,No,Fiber optic,No,Yes,No,Yes,Yes,Yes,Two year,Yes,Mailed check,156.28,6442.02,Yes,2024-12-10
3566-VQICJ,Male,0,No,No,32,Yes,Yes,Fiber optic,No,Yes,Yes,No,Yes,Yes,Two year,Yes,Bank transfer (automatic),163.65,5117.93,Yes,2024-12-10
8586-JEXBA,Male,0,No,No,54,Yes,Yes,DSL,Yes,Yes,No,Yes,Yes,No,Two year,Yes,Bank transfer (automatic),139.62,7356.08,No,2024-12-10
4904-HDEPA,Male,0,No,Yes,21,Yes,No,Fiber optic,Yes,Yes,Yes,Yes,Yes,Yes,Two year,Yes,Electronic check,173.8,3651.88,No,2024-12-10
3507-MZXHB,Female,0,Yes,No,27,No,No phone service,DSL,Yes,Yes,No,No,Yes,Yes,Month-to-month,Yes,Mailed check,122.42,3214.03,Yes,2024-12-10
5566-JPGYB,Female,0,No,No,29,Yes,No,Fiber optic,Yes,Yes,No,Yes,Yes,Yes,Month-to-month,Yes,Bank transfer (automatic),196.47,5765.76,Yes,2024-12-10
9555-YPOGO,Male,0,Yes,No,46,Yes,Yes,No,No internet service,No internet service,No internet service,No internet service,No internet service,No internet service,Two year,Yes,Credit card (automatic),60.45,2834.96,No,2024-12-10
7071-NPCFL,Male,0,Yes,No,24,Yes,No,DSL,No,Yes,No,Yes,Yes,Yes,Month-to-month,Yes,Electronic check,128.49,3160.45,Yes,2024-12-10
3620-KAOLB,Male,0,No,Yes,37,Yes,Yes,DSL,No,Yes,No,No,Yes,Yes,Two year,Yes,Bank transfer (automatic),134.99,4889.4,No,2024-12-10
4344-NCPAK,Female,0,Yes,No,26,Yes,Yes,Fiber optic,No,Yes,Yes,Yes,No,Yes,One year,Yes,Bank transfer (automatic),181.25,4659.14,Yes,2024-12-10
6083-UHZIY,Male,0,No,No,38,Yes,Yes,DSL,No,No,No,No,Yes,Yes,One year,No,Bank transfer (automatic),122.17,4619.13,Yes,2024-12-10
5108-UVXJP,Male,0,No,No,7,Yes,No,Fiber optic,Yes,No,Yes,Yes,Yes,Yes,One year,Yes,Mailed check,166.21,1188.36,Yes,2024-12-10
7460-DBZRD,Male,0,Yes,No,26,Yes,No,Fiber optic,Yes,No,No,Yes,Yes,No,One year,Yes,Credit card (automatic),164.58,4292.67,No,2024-12-10
3710-ZSQOT,Female,0,No,Yes,25,Yes,No,Fiber optic,Yes,No,Yes,Yes,No,No,Month-to-month,No,Mailed check,161.75,3961.82,Yes,2024-12-10
2644-UGBSA,Male,0,Yes,No,37,Yes,No,Fiber optic,Yes,No,Yes,No,Yes,Yes,Month-to-month,Yes,Mailed check,176.22,6523.93,Yes,2024-12-10
3837-QSXHP,Female,0,No,Yes,53,Yes,Yes,Fiber optic,Yes,Yes,No,No,Yes,Yes,Month-to-month,Yes,Electronic check,197.32,10565.42,Yes,2024-12-10
9342-KTLPM,Male,0,Yes,Yes,28,No,No phone service,Fiber optic,Yes,Yes,Yes,Yes,Yes,Yes,Two year,Yes,Electronic check,146.57,4031.99,No,2024-12-10
3517-IXMCE,Male,0,Yes,No,27,Yes,Yes,Fiber optic,Yes,Yes,No,Yes,Yes,Yes,Two year,No,Credit card (automatic),179.07,4866.98,Yes,2024-12-10
1688-OIIFM,Male,0,No,Yes,20,Yes,No,DSL,No,Yes,Yes,Yes,No,Yes,Month-to-month,Yes,Bank transfer (automatic),125.16,2514.2,No,2024-12-11
8291-DVKFS,Male,0,Yes,No,55,Yes,No,Fiber optic,No,Yes,Yes,No,No,Yes,Two year,Yes,Bank transfer (automatic),131.73,7346.66,No,2024-12-11
2294-VTPSL,Male,1,Yes,No,35,Yes,No,Fiber optic,Yes,No,No,No,Yes,Yes,One year,Yes,Credit card (automatic),156.08,5369.38,No,2024-12-11
1493-QEXWB,Female,0,No,No,45,No,No phone service,Fiber optic,No,No,No,Yes,Yes,Yes,Two year,No,Credit card (automatic),125.49,5745.13,No,2024-12-11
9867-HXVVY,Female,0,Yes,No,16,Yes,Yes,DSL,Yes,No,Yes,No,Yes,Yes,One year,No,Electronic check,151.62,2364.73,No,2024-12-11
7727-XDZTP,Male,0,Yes,No,48,Yes,Yes,Fiber optic,Yes,Yes,No,Yes,Yes,Yes,Month-to-month,Yes,Credit card (automatic),214.63,10238.05,Yes,2024-12-11
7197-CWLLU,Female,0,Yes,No,39,Yes,Yes,Fiber optic,Yes,No,No,Yes,Yes,Yes,Two year,Yes,Bank transfer (automatic),169.09,6616.05,Yes,2024-12-11
3846-PBYFC,Female,0,No,No,40,Yes,Yes,No,No internet service,No internet service,No internet service,No internet service,No internet service,No internet service,Month-to-month,Yes,Bank transfer (automatic),69.82,2813.39,No,2024-12-11
3711-JWJAC,Male,0,Yes,Yes,52,Yes,No,Fiber optic,No,No,No,No,Yes,No,Month-to-month,No,Credit card (automatic),143.48,7424.68,No,2024-12-11
2986-NNIYN,Male,1,No,No,36,Yes,No,Fiber optic,Yes,Yes,Yes,No,Yes,Yes,Month-to-month,Yes,Credit card (automatic),190.95,6723.82,Yes,2024-12-11
2040-KEHTV,Female,0,Yes,No,20,Yes,Yes,DSL,Yes,No,No,Yes,Yes,Yes,One year,Yes,Credit card (automatic),156.79,3180.5,No,2024-12-11
6505-LLEHI,Male,0,Yes,No,25,Yes,No,Fiber optic,No,No,Yes,No,Yes,Yes,One year,Yes,Electronic check,151.18,3824.62,No,2024-12-11
9448-USZNL,Female,0,Yes,No,34,Yes,Yes,DSL,Yes,No,Yes,No,No,Yes,Two year,Yes,Mailed check,129.08,4336.51,Yes,2024-12-11
8109-KKFUU,Female,0,Yes,Yes,23,Yes,No,No,No internet service,No internet service,No internet service,No internet service,No internet service,No internet service,One year,Yes,Bank transfer (automatic),40.26,937.09,No,2024-12-11
9948-HETPA,Female,0,No,No,32,Yes,No,No,No internet service,No internet service,No internet service,No internet service,No internet service,No internet service,Two year,Yes,Bank transfer (automatic),49.79,1582.93,No,2024-12-11
5392-UKYIE,Male,0,Yes,Yes,40,Yes,Yes,Fiber optic,Yes,Yes,Yes,Yes,Yes,Yes,Two year,Yes,Credit card (automatic),185.61,7475.47,No,2024-12-11
9038-RPORZ,Female,0,No,No,45,Yes,Yes,Fiber optic,Yes,No,Yes,No,Yes,Yes,Two year,Yes,Mailed check,163.02,7174.88,Yes,2024-12-11
1318-BQOUV,Male,0,Yes,No,31,Yes,Yes,Fiber optic,No,Yes,No,No,Yes,Yes,Month-to-month,No,Credit card (automatic),181.82,5605.5,Yes,2024-12-11
7866-UKVFR,Female,0,Yes,No,55,Yes,Yes,DSL,No,Yes,No,No,Yes,Yes,One year,Yes,Electronic check,124.33,6658.81,No,2024-12-11
6846-MUTFO,Male,0,No,Yes,34,Yes,No,Fiber optic,Yes,Yes,No,Yes,Yes,Yes,Month-to-month,No,Bank transfer (automatic),181.92,6000.67,Yes,2024-12-11
5263-GXNZD,Male,0,No,No,56,Yes,No,Fiber optic,No,Yes,Yes,Yes,Yes,Yes,Month-to-month,No,Credit card (automatic),193.85,10766.5,No,2024-12-11
1603-NSZKZ,Male,0,Yes,No,25,Yes,Yes,No,No internet service,No internet service,No internet service,No internet service,No internet service,No internet service,One year,Yes,Mailed check,65.48,1678.04,Yes,2024-12-11
3464-SVPBU,Female,0,Yes,No,26,Yes,Yes,Fiber optic,Yes,Yes,Yes,Yes,Yes,Yes,Month-to-month,Yes,Electronic check,200.38,5160.33,Yes,2024-12-11
4821-KGJWN,Female,1,No,No,45,Yes,Yes,Fiber optic,Yes,Yes,Yes,No,Yes,No,One year,Yes,Bank transfer (automatic),192.84,8750.59,Yes,2024-12-11
3710-ZGWQQ,Female,0,No,No,46,Yes,Yes,Fiber optic,Yes,No,No,No,Yes,Yes,One year,Yes,Mailed check,182.84,8452.26,Yes,2024-12-11
8333-DYYBC,Female,0,Yes,Yes,20,No,No phone service,No,No internet service,No internet service,No internet service,No internet service,No internet service,No internet service,One year,Yes,Credit card (automatic),28.78,566.47,No,2024-12-11
8158-WHLGD,Male,0,No,No,50,No,No phone service,Fiber optic,No,Yes,No,No,No,Yes,One year,No,Credit card (automatic),129.32,6372.72,No,2024-12-11
4408-RGKGU,Female,0,Yes,No,24,Yes,No,DSL,No,No,Yes,No,No,No,Month-to-month,No,Electronic check,104.26,2562.6,Yes,2024-12-11
2465-LCZGH,Male,0,No,No,23,No,No phone service,No,No internet service,No internet service,No internet service,No internet service,No internet service,No internet service,Two year,Yes,Bank transfer (automatic),18.5,422.35,No,2024-12-11
7229-DFYGZ,Female,0,Yes,Yes,44,Yes,No,Fiber optic,No,No,No,No,Yes,Yes,Month-to-month,No,Mailed check,163.2,7012.23,Yes,2024-12-11
2209-FPDDK,Male,0,No,No,20,Yes,No,No,No internet service,No internet service,No internet service,No internet service,No internet service,No internet service,One year,Yes,Credit card (automatic),48.01,977.99,Yes,2024-12-11
9558-PGSGE,Female,1,Yes,No,26,Yes,No,Fiber optic,No,Yes,No,No,Yes,Yes,Two year,Yes,Bank transfer (automatic),140.6,3599.2,No,2024-12-11
6641-WIMOE,Female,0,Yes,No,59,Yes,No,Fiber optic,No,Yes,Yes,Yes,Yes,No,One year,No,Mailed check,166.64,9811.38,Yes,2024-12-11
9198-QYOLS,Male,0,Yes,Yes,26,Yes,Yes,No,No internet service,No internet service,No internet service,No internet service,No internet service,No internet service,Two year,No,Bank transfer (automatic),54.55,1412.6,No,2024-12-11
2679-ZEXCO,Male,0,Yes,No,57,Yes,No,Fiber optic,No,No,Yes,Yes,No,No,Month-to-month,Yes,Credit card (automatic),147.04,8354.57,Yes,2024-12-11
5481-SBEHY,Female,0,No,No,40,Yes,No,Fiber optic,Yes,No,Yes,Yes,Yes,Yes,Two year,No,Bank transfer (automatic),163.31,6725.03,No,2024-12-11
9603-EBGBN,Female,1,No,No,48,Yes,No,Fiber optic,Yes,Yes,Yes,Yes,Yes,Yes,Month-to-month,Yes,Mailed check,193.49,9337.56,Yes,2024-12-11
2854-KIJNU,Female,0,No,Yes,48,Yes,No,Fiber optic,Yes,No,Yes,Yes,No,Yes,Month-to-month,Yes,Mailed check,190.14,9090.91,Yes,2024-12-11
6091-LFVVM,Male,0,No,No,40,Yes,Yes,Fiber optic,Yes,Yes,Yes,No,Yes,Yes,Two year,Yes,Credit card (automatic),178.89,6950.46,Yes,2024-12-11
4568-QKTHV,Female,0,Yes,No,8,Yes,No,Fiber optic,No,No,No,Yes,Yes,No,One year,No,Mailed check,148.54,1207.0,Yes,2024-12-11
2334-WNWBR,Female,0,No,No,40,Yes,No,Fiber optic,No,No,No,Yes,Yes,Yes,One year,Yes,Bank transfer (automatic),152.27,6184.63,No,2024-12-11
1002-DPQAU,Female,0,Yes,No,49,Yes,Yes,No,No internet service,No internet service,No internet service,No internet service,No internet service,No internet service,Month-to-month,No,Bank transfer (automatic),66.44,3198.94,Yes,2024-12-11
8290-QRVYE,Male,0,No,Yes,36,Yes,Yes,Fiber optic,No,Yes,No,No,Yes,Yes,Month-to-month,Yes,Credit card (automatic),190.08,6929.4,Yes,2024-12-12
7806-TRTND,Female,0,No,No,36,Yes,No,Fiber optic,Yes,Yes,Yes,Yes,Yes,Yes,Two year,No,Bank transfer (automatic),179.81,6557.8,No,2024-12-12
5029-DKKPA,Female,0,No,No,38,Yes,Yes,Fiber optic,Yes,Yes,Yes,No,Yes,Yes,One year,Yes,Credit card (automatic),190.12,7287.96,Yes,2024-12-12
1458-JEFLB,Male,0,No,No,33,Yes,No,DSL,Yes,No,Yes,No,Yes,Yes,Month-to-month,Yes,Credit card (automatic),141.81,4804.64,No,2024-12-12
2633-DRCDC,Male,0,No,Yes,56,Yes,Yes,DSL,Yes,Yes,No,No,No,Yes,Month-to-month,Yes,Bank transfer (automatic),135.94,7493.08,Yes,2024-12-12
7074-OTUIU,Female,0,Yes,No,14,Yes,Yes,No,No internet service,No internet service,No internet service,No internet service,No internet service,No internet service,Month-to-month,Yes,Bank transfer (automatic),65.65,931.42,Yes,2024-12-12
2239-BENHG,Male,1,No,No,42,Yes,Yes,Fiber optic,Yes,No,Yes,No,Yes,Yes,Two year,No,Bank transfer (automatic),169.82,7170.27,No,2024-12-12
4627-AODBK,Female,0,Yes,No,62,Yes,Yes,DSL,Yes,No,Yes,No,Yes,Yes,Month-to-month,Yes,Credit card (automatic),147.88,8912.11,Yes,2024-12-12
5420-VAJCM,Female,0,No,No,57,Yes,No,DSL,No,Yes,Yes,No,Yes,Yes,Month-to-month,Yes,Mailed check,128.7,7453.82,No,2024-12-12
2399-XEAWN,Female,0,Yes,No,50,Yes,No,DSL,No,Yes,Yes,No,Yes,Yes,Two year,Yes,Electronic check,123.16,6164.31,Yes,2024-12-12
6699-XZOHI,Female,0,Yes,No,16,Yes,Yes,Fiber optic,No,No,Yes,No,Yes,Yes,One year,Yes,Bank transfer (automatic),172.89,2764.58,No,2024-12-12
9366-WEHPQ,Female,0,Yes,No,34,Yes,No,Fiber optic,Yes,No,Yes,Yes,Yes,Yes,One year,Yes,Bank transfer (automatic),170.21,5786.37,No,2024-12-12
6674-SMRNP,Female,0,No,No,49,Yes,No,No,No internet service,No internet service,No internet service,No internet service,No internet service,No internet service,Month-to-month,Yes,Credit card (automatic),51.21,2541.26,Yes,2024-12-12
5505-PLLLC,Female,0,No,No,43,Yes,No,Fiber optic,No,Yes,No,No,No,Yes,Two year,No,Credit card (automatic),137.05,5916.92,No,2024-12-12
6396-SPQDS,Male,0,Yes,No,36,Yes,Yes,Fiber optic,No,Yes,Yes,Yes,Yes,Yes,Two year,Yes,Credit card (automatic),178.41,6279.35,Yes,2024-12-12
3223-OMVAF,Female,0,No,No,51,Yes,No,Fiber optic,Yes,No,No,Yes,No,Yes,One year,Yes,Bank transfer (automatic),168.15,8660.16,Yes,2024-12-12
7382-ZVUXT,Female,0,Yes,Yes,37,Yes,Yes,Fiber optic,Yes,Yes,No,No,Yes,Yes,Month-to-month,Yes,Mailed check,194.46,7328.92,Yes,2024-12-12
5749-PIBZG,Female,0,Yes,No,46,Yes,Yes,Fiber optic,No,Yes,Yes,No,Yes,No,One year,No,Bank transfer (automatic),168.32,7533.28,No,2024-12-12
5459-XNYHJ,Female,0,Yes,No,18,Yes,Yes,Fiber optic,Yes,No,Yes,No,Yes,Yes,Two year,Yes,Electronic check,173.53,3146.91,Yes,2024-12-12
7493-FBDJA,Male,0,Yes,Yes,29,Yes,Yes,DSL,Yes,Yes,Yes,Yes,Yes,Yes,Two year,No,Bank transfer (automatic),155.55,4555.18,Yes,2024-12-12
9772-VRJXE,Female,0,No,No,12,Yes,No,Fiber optic,No,Yes,Yes,Yes,Yes,Yes,Month-to-month,Yes,Mailed check,186.43,2273.14,No,2024-12-12
7660-CSLMN,Female,0,No,No,42,Yes,Yes,DSL,No,Yes,No,Yes,Yes,Yes,One year,No,Electronic check,152.44,6484.03,Yes,2024-12-12
2740-SMVLO,Female,0,No,No,27,Yes,No,DSL,Yes,No,No,No,Yes,Yes,One year,Yes,Electronic check,119.43,3147.3,Yes,2024-12-12
3515-EKHTL,Male,0,Yes,No,63,Yes,No,Fiber optic,No,No,Yes,No,Yes,No,Month-to-month,No,Bank transfer (automatic),150.33,9519.26,No,2024-12-12
7081-DCMUH,Male,0,No,No,44,Yes,No,DSL,Yes,No,No,No,Yes,No,One year,Yes,Electronic check,105.11,4724.17,Yes,2024-12-12
3790-CYUOY,Male,0,Yes,No,35,Yes,Yes,No,No internet service,No internet service,No internet service,No internet service,No internet service,No internet service,One year,No,Electronic check,55.28,1951.07,Yes,2024-12-12
3132-TOQVT,Male,0,Yes,No,51,Yes,Yes,DSL,Yes,Yes,No,No,Yes,Yes,One year,Yes,Bank transfer (automatic),140.09,7290.73,No,2024-12-12
9197-SHTKY,Male,0,Yes,No,56,No,No phone service,Fiber optic,No,Yes,Yes,No,Yes,Yes,Month-to-month,Yes,Credit card (automatic),159.0,8790.56,Yes,2024-12-12
4448-BCSSD,Female,0,Yes,No,33,Yes,Yes,No,No internet service,No internet service,No internet service,No internet service,No internet service,No internet service,One year,Yes,Credit card (automatic),58.72,1991.27,No,2024-12-12
9601-ECFVG,Male,0,No,No,17,Yes,No,No,No internet service,No internet service,No internet service,No internet service,No internet service,No internet service,Two year,Yes,Credit card (automatic),39.65,668.31,No,2024-12-12
6760-WBFOW,Female,0,No,No,34,Yes,No,Fiber optic,No,No,No,Yes,Yes,Yes,Month-to-month,No,Bank transfer (automatic),164.36,5508.51,Yes,2024-12-12
6723-DRODN,Female,0,No,No,47,Yes,No,DSL,Yes,Yes,No,No,Yes,Yes,One year,Yes,Credit card (automatic),126.69,6078.74,No,2024-12-12
6592-QNWGR,Male,0,Yes,Yes,58,Yes,No,Fiber optic,No,No,Yes,Yes,Yes,Yes,Two year,Yes,Bank transfer (automatic),154.12,8866.0,No,2024-12-12
1541-BSHIK,Female,0,Yes,No,42,Yes,No,DSL,Yes,No,No,No,No,No,One year,Yes,Electronic check,84.52,3612.49,No,2024-12-12
5704-OPWCN,Male,0,Yes,No,48,Yes,Yes,DSL,No,Yes,Yes,Yes,Yes,Yes,One year,Yes,Credit card (automatic),157.98,7761.22,Yes,2024-12-13
4496-VEUCT,Male,0,Yes,No,49,Yes,Yes,DSL,No,Yes,No,Yes,Yes,No,Two year,Yes,Bank transfer (automatic),117.71,5646.98,Yes,2024-12-13
6177-NPQBT,Male,0,Yes,No,64,Yes,No,DSL,No,Yes,Yes,Yes,Yes,Yes,Month-to-month,Yes,Mailed check,147.23,9433.19,Yes,2024-12-13
9859-PZNAN,Female,0,Yes,Yes,37,Yes,No,Fiber optic,Yes,Yes,Yes,Yes,Yes,Yes,Month-to-month,Yes,Mailed check,201.96,7401.04,Yes,2024-12-13
6989-CSLDF,Male,0,Yes,No,44,Yes,No,DSL,Yes,No,Yes,No,Yes,Yes,Two year,Yes,Credit card (automatic),117.89,5064.74,No,2024-12-13
6054-MWWTJ,Male,0,Yes,No,39,Yes,Yes,No,No internet service,No internet service,No internet service,No internet service,No internet service,No internet service,Two year,No,Credit card (automatic),56.34,2234.53,Yes,2024-12-13
6509-CVRBN,Male,0,Yes,No,42,Yes,No,DSL,Yes,Yes,No,No,Yes,Yes,Month-to-month,Yes,Electronic check,144.01,5927.82,Yes,2024-12-13
4400-JWRFG,Female,0,No,No,36,Yes,Yes,Fiber optic,Yes,Yes,No,Yes,Yes,Yes,One year,Yes,Credit card (automatic),186.32,6627.61,No,2024-12-13
7467-IJQWD,Male,0,No,No,37,Yes,Yes,No,No internet service,No internet service,No internet service,No internet service,No internet service,No internet service,Month-to-month,No,Credit card (automatic),57.39,2105.13,Yes,2024-12-13
8083-ZXHKL,Male,1,Yes,No,28,Yes,No,Fiber optic,No,Yes,No,Yes,Yes,No,Month-to-month,No,Mailed check,171.7,4811.91,No,2024-12-13
9640-ZQAPE,Female,0,No,Yes,28,Yes,Yes,Fiber optic,Yes,Yes,Yes,Yes,Yes,Yes,Two year,Yes,Credit card (automatic),182.97,5210.1,No,2024-12-13
2894-AEKGN,Female,0,No,No,38,Yes,No,Fiber optic,No,No,No,No,Yes,Yes,One year,Yes,Bank transfer (automatic),147.65,5637.13,No,2024-12-13
4093-GQKRE,Female,0,No,No,23,Yes,Yes,No,No internet service,No internet service,No internet service,No internet service,No internet service,No internet service,One year,Yes,Mailed check,72.87,1656.07,Yes,2024-12-13
3566-PFACX,Male,0,Yes,No,64,Yes,Yes,Fiber optic,No,No,Yes,Yes,Yes,Yes,Month-to-month,Yes,Bank transfer (automatic),193.53,12027.96,Yes,2024-12-13
5159-MPDCO,Female,0,No,No,57,Yes,Yes,Fiber optic,Yes,No,Yes,Yes,Yes,Yes,Month-to-month,Yes,Credit card (automatic),205.95,11668.05,Yes,2024-12-13
1062-FPYIG,Male,0,Yes,No,44,Yes,No,Fiber optic,Yes,Yes,No,No,Yes,Yes,Month-to-month,Yes,Mailed check,171.03,7489.03,No,2024-12-13
3830-NZCVV,Male,0,Yes,No,22,Yes,No,Fiber optic,Yes,Yes,No,No,Yes,Yes,Month-to-month,Yes,Mailed check,186.82,4122.12,Yes,2024-12-13
9763-IGCYU,Male,0,No,Yes,34,No,No phone service,DSL,Yes,Yes,No,No,Yes,Yes,One year,No,Credit card (automatic),102.93,3487.61,No,2024-12-13
4351-KBJDN,Male,1,Yes,No,20,Yes,No,Fiber optic,Yes,No,Yes,No,Yes,Yes,One year,Yes,Mailed check,159.41,3110.61,Yes,2024-12-13
9309-NKQFA,Female,0,Yes,No,18,Yes,No,No,No internet service,No internet service,No internet service,No internet service,No internet service,No internet service,One year,Yes,Credit card (automatic),42.19,774.74,No,2024-12-13
3155-IDJIE,Male,0,Yes,No,42,Yes,No,Fiber optic,Yes,No,Yes,No,Yes,No,Month-to-month,Yes,Mailed check,162.81,6886.34,No,2024-12-13
1348-VIQAE,Female,0,No,No,46,Yes,No,Fiber optic,No,Yes,No,No,Yes,Yes,One year,Yes,Bank transfer (automatic),156.71,7142.22,No,2024-12-13
1764-FYRAL,Male,0,Yes,Yes,63,No,No phone service,No,No internet service,No internet service,No internet service,No internet service,No internet service,No internet service,Two year,Yes,Mailed check,29.19,1830.12,Yes,2024-12-13
8028-NEFBX,Male,0,Yes,No,55,Yes,Yes,Fiber optic,Yes,Yes,Yes,No,Yes,Yes,Two year,Yes,Bank transfer (automatic),174.35,9395.98,No,2024-12-13
7274-BPAEB,Female,1,Yes,No,30,Yes,No,Fiber optic,Yes,No,Yes,No,Yes,Yes,Month-to-month,Yes,Credit card (automatic),177.28,5429.17,Yes,2024-12-13
4382-RTFOO,Male,0,No,No,67,Yes,Yes,DSL,Yes,Yes,No,No,No,No,Two year,No,Credit card (automatic),115.73,7634.67,No,2024-12-13
8091-FQVPY,Female,0,No,No,12,Yes,No,Fiber optic,No,Yes,No,Yes,Yes,No,One year,No,Mailed check,149.15,1831.66,Yes,2024-12-13
9484-JBKUZ,Male,0,No,Yes,21,Yes,No,Fiber optic,Yes,No,No,Yes,Yes,Yes,One year,Yes,Electronic check,171.16,3657.85,Yes,2024-12-13
9014-XROUC,Male,1,Yes,No,19,Yes,Yes,Fiber optic,Yes,No,Yes,Yes,Yes,No,One year,Yes,Bank transfer (automatic),181.21,3490.81,No,2024-12-13
6875-RKYQF,Female,0,No,No,33,Yes,Yes,DSL,Yes,No,Yes,Yes,Yes,Yes,Two year,Yes,Electronic check,138.13,4499.77,No,2024-12-13
8749-BNIOM,Male,0,Yes,Yes,64,Yes,Yes,Fiber optic,No,Yes,No,No,Yes,Yes,Month-to-month,No,Mailed check,182.48,11884.32,Yes,2024-12-13
6594-ITGTT,Female,0,Yes,No,8,Yes,Yes,Fiber optic,Yes,No,Yes,No,Yes,Yes,One year,No,Electronic check,186.27,1470.06,No,2024-12-13
8954-INDKR,Male,0,No,No,12,Yes,Yes,DSL,Yes,Yes,No,Yes,Yes,Yes,Two year,Yes,Mailed check,146.53,1748.29,No,2024-12-13
6819-BPSYB,Male,0,No,Yes,42,Yes,No,Fiber optic,No,Yes,Yes,No,No,Yes,One year,Yes,Bank transfer (automatic),154.94,6369.46,Yes,2024-12-13
6168-NLBBD,Female,0,Yes,No,23,Yes,Yes,Fiber optic,No,Yes,No,No,Yes,Yes,Month-to-month,Yes,Credit card (automatic),196.19,4536.06,Yes,2024-12-13
7290-BVFQG,Male,0,No,No,12,Yes,Yes,DSL,Yes,No,Yes,Yes,Yes,Yes,Two year,Yes,Credit card (automatic),148.34,1799.79,No,2024-12-13
6415-FUAQK,Male,1,Yes,Yes,59,Yes,Yes,DSL,No,No,Yes,Yes,Yes,Yes,Month-to-month,Yes,Mailed check,156.54,9344.9,Yes,2024-12-13
9827-TSJDW,Male,0,Yes,No,44,Yes,No,Fiber optic,No,Yes,No,Yes,Yes,Yes,One year,Yes,Bank transfer (automatic),168.94,7223.91,No,2024-12-13
9759-VQFDZ,Female,0,No,Yes,64,Yes,Yes,Fiber optic,No,No,No,No,Yes,Yes,Two year,No,Credit card (automatic),151.94,10009.03,No,2024-12-13
2684-ERKLY,Female,1,Yes,No,33,Yes,Yes,DSL,No,No,No,Yes,Yes,Yes,One year,Yes,Electronic check,126.84,4294.63,Yes,2024-12-13
8260-GVPLT,Male,1,No,No,56,Yes,No,Fiber optic,Yes,No,Yes,Yes,Yes,No,Two year,Yes,Electronic check,142.52,8048.73,No,2024-12-13
8267-KSIXC,Male,0,Yes,No,25,Yes,No,Fiber optic,No,Yes,Yes,Yes,Yes,Yes,Two year,Yes,Electronic check,161.8,4097.91,No,2024-12-13
2518-CXNPE,Male,0,No,No,47,Yes,No,DSL,Yes,Yes,No,Yes,Yes,Yes,Two year,Yes,Bank transfer (automatic),121.22,5750.96,No,2024-12-13
8021-BRYTD,Male,0,Yes,Yes,40,Yes,Yes,Fiber optic,No,Yes,No,No,Yes,Yes,One year,Yes,Bank transfer (automatic),177.52,7139.33,Yes,2024-12-14
5103-NISLB,Female,0,No,No,34,No,No phone service,Fiber optic,No,No,No,No,Yes,Yes,One year,Yes,Bank transfer (automatic),125.9,4234.06,No,2024-12-14
5731-EOSMA,Male,0,Yes,No,41,Yes,Yes,Fiber optic,No,No,No,No,Yes,Yes,Two year,Yes,Credit card (automatic),161.01,6785.86,No,2024-12-14
7445-YNCYL,Female,0,Yes,No,39,Yes,Yes,No,No internet service,No internet service,No internet service,No internet service,No internet service,No internet service,One year,Yes,Credit card (automatic),51.61,2010.04,Yes,2024-12-14
2236-RSCJT,Male,0,Yes,No,52,Yes,No,No,No internet service,No internet service,No internet service,No internet service,No internet service,No internet service,Month-to-month,Yes,Mailed check,48.39,2523.0,No,2024-12-14
7147-FXCOA,Male,0,Yes,No,38,Yes,No,Fiber optic,No,Yes,No,Yes,Yes,Yes,One year,Yes,Electronic check,157.46,5922.58,Yes,2024-12-14
8169-URYEH,Male,0,No,No,26,No,No phone service,Fiber optic,Yes,No,Yes,Yes,Yes,Yes,Month-to-month,Yes,Credit card (automatic),157.64,4156.9,Yes,2024-12-14
4416-RFBUO,Male,0,Yes,No,54,Yes,No,No,No internet service,No internet service,No internet service,No internet service,No internet service,No internet service,Month-to-month,Yes,Credit card (automatic),50.51,2723.55,Yes,2024-12-14
6503-HAYHN,Female,0,Yes,Yes,25,Yes,No,Fiber optic,No,No,No,No,No,Yes,Two year,Yes,Bank transfer (automatic),132.37,3302.26,Yes,2024-12-14
7623-DYJSI,Male,0,No,No,34,Yes,Yes,No,No internet service,No internet service,No internet service,No internet service,No internet service,No internet service,Month-to-month,No,Credit card (automatic),57.47,1912.84,Yes,2024-12-14
2530-ODAWY,Female,0,No,Yes,18,Yes,Yes,DSL,Yes,Yes,Yes,No,Yes,Yes,Month-to-month,Yes,Credit card (automatic),169.38,3022.33,Yes,2024-12-14
6054-CRUSM,Male,0,Yes,No,52,Yes,Yes,Fiber optic,Yes,Yes,Yes,No,Yes,Yes,Two year,Yes,Credit card (automatic),175.45,9019.15,No,2024-12-14
4248-FFKRQ,Female,0,Yes,Yes,53,Yes,Yes,Fiber optic,Yes,Yes,Yes,No,Yes,No,One year,No,Credit card (automatic),184.74,9859.83,No,2024-12-14
1184-RGEXN,Male,0,No,No,30,Yes,Yes,Fiber optic,No,Yes,No,No,No,Yes,One year,Yes,Electronic check,159.4,4829.42,No,2024-12-14
3148-PWQGT,Male,0,No,No,52,No,No phone service,Fiber optic,No,Yes,Yes,No,Yes,Yes,One year,No,Credit card (automatic),140.92,7139.97,Yes,2024-12-14
5447-PCGDT,Male,0,Yes,No,31,Yes,Yes,Fiber optic,No,No,Yes,No,Yes,Yes,One year,No,Mailed check,174.49,5431.55,No,2024-12-14
3246-PUTYA,Male,0,Yes,Yes,43,Yes,No,Fiber optic,Yes,Yes,No,No,Yes,Yes,One year,No,Credit card (automatic),166.64,7267.8,Yes,2024-12-14
5117-OVJWD,Male,0,Yes,No,30,Yes,No,Fiber optic,No,Yes,Yes,Yes,Yes,No,One year,Yes,Credit card (automatic),155.12,4611.38,No,2024-12-14
6449-MUMMR,Male,0,Yes,No,39,Yes,Yes,Fiber optic,Yes,No,No,No,Yes,Yes,Month-to-month,Yes,Bank transfer (automatic),188.52,7462.23,No,2024-12-14
1317-BIRPL,Male,0,Yes,No,50,Yes,Yes,Fiber optic,No,Yes,Yes,Yes,Yes,Yes,Month-to-month,Yes,Electronic check,214.12,10925.91,Yes,2024-12-14
8993-TGBVM,Male,1,No,Yes,46,No,No phone service,Fiber optic,No,Yes,No,No,Yes,Yes,One year,No,Bank transfer (automatic),132.38,5955.82,No,2024-12-14
3908-RUFJB,Female,0,Yes,No,32,Yes,No,No,No internet service,No internet service,No internet service,No internet service,No internet service,No internet service,Month-to-month,Yes,Electronic check,52.58,1656.99,Yes,2024-12-14
3335-BVFLS,Male,0,Yes,No,39,Yes,No,DSL,Yes,No,No,No,Yes,Yes,One year,Yes,Credit card (automatic),115.84,4401.13,No,2024-12-14
7441-LIGUB,Female,0,No,No,33,Yes,Yes,DSL,Yes,Yes,Yes,No,Yes,Yes,One year,Yes,Credit card (automatic),147.56,4909.0,No,2024-12-14
8356-LDFFA,Male,0,Yes,Yes,31,Yes,Yes,DSL,No,No,No,Yes,Yes,No,Month-to-month,No,Bank transfer (automatic),135.73,4191.64,No,2024-12-14
3545-ISNKH,Female,1,Yes,No,36,No,No phone service,Fiber optic,No,Yes,No,No,Yes,Yes,Two year,Yes,Electronic check,121.91,4486.14,No,2024-12-14
4434-YWMMJ,Male,0,No,No,36,Yes,Yes,Fiber optic,Yes,No,Yes,Yes,Yes,Yes,Two year,Yes,Mailed check,172.6,6274.24,No,2024-12-14
2358-STVXI,Male,1,No,No,43,Yes,Yes,DSL,No,No,No,No,Yes,Yes,Month-to-month,Yes,Credit card (automatic),132.1,5806.64,Yes,2024-12-14
8343-QIRYJ,Male,0,Yes,No,56,Yes,Yes,DSL,No,No,No,No,Yes,Yes,One year,Yes,Bank transfer (automatic),132.76,7307.67,No,2024-12-14
6211-PSUBK,Female,0,No,Yes,38,No,No phone service,No,No internet service,No internet service,No internet service,No internet service,No internet service,No internet service,Month-to-month,No,Electronic check,24.63,933.73,Yes,2024-12-14
6375-AHFNV,Female,1,Yes,No,21,No,No phone service,DSL,Yes,Yes,Yes,Yes,Yes,Yes,Month-to-month,Yes,Mailed check,133.99,2752.95,No,2024-12-14
4167-KWNAZ,Female,0,Yes,No,42,Yes,Yes,Fiber optic,No,No,No,Yes,Yes,Yes,Two year,Yes,Bank transfer (automatic),154.14,6609.28,No,2024-12-14
3322-SEJCK,Male,0,Yes,No,36,Yes,No,Fiber optic,Yes,Yes,No,No,Yes,Yes,One year,Yes,Electronic check,164.63,5883.74,No,2024-12-14
9293-LWKSE,Male,0,Yes,No,20,Yes,No,Fiber optic,No,Yes,Yes,No,Yes,Yes,Two year,No,Mailed check,153.45,3072.77,No,2024-12-14
7488-PLDFK,Male,0,Yes,No,56,Yes,Yes,Fiber optic,Yes,Yes,No,Yes,Yes,Yes,Month-to-month,Yes,Credit card (automatic),204.62,11269.18,No,2024-12-14
3088-IRGCO,Male,0,Yes,No,16,Yes,No,Fiber optic,Yes,Yes,No,Yes,Yes,Yes,Two year,Yes,Credit card (automatic),156.78,2471.44,No,2024-12-14
9613-QHHOS,Male,0,Yes,Yes,28,Yes,Yes,Fiber optic,Yes,No,Yes,Yes,Yes,Yes,Month-to-month,Yes,Credit card (automatic),206.19,5829.01,No,2024-12-14
8855-OETTF,Female,0,Yes,No,45,Yes,Yes,Fiber optic,Yes,No,Yes,Yes,No,Yes,Two year,No,Bank transfer (automatic),169.13,7731.59,No,2024-12-14
5116-XEYZX,Female,0,Yes,No,33,Yes,Yes,DSL,No,No,No,Yes,Yes,Yes,Two year,Yes,Electronic check,128.03,4126.41,Yes,2024-12-14
9001-LREOO,Male,0,Yes,No,58,Yes,Yes,Fiber optic,No,Yes,Yes,No,Yes,Yes,Two year,Yes,Credit card (automatic),160.13,9531.29,Yes,2024-12-14
3963-XZQOB,Female,0,No,No,21,Yes,Yes,DSL,Yes,Yes,Yes,Yes,Yes,Yes,One year,Yes,Electronic check,163.14,3410.31,No,2024-12-14
2923-JRABR,Male,0,Yes,No,34,Yes,No,Fiber optic,No,No,No,No,Yes,Yes,One year,Yes,Bank transfer (automatic),146.04,5024.25,No,2024-12-14
8203-NLNCO,Female,1,No,No,53,Yes,Yes,DSL,Yes,Yes,Yes,Yes,Yes,Yes,Two year,Yes,Credit card (automatic),151.99,7892.68,No,2024-12-15
7378-FXPYO,Female,0,No,No,39,Yes,Yes,Fiber optic,No,Yes,Yes,Yes,No,No,Two year,No,Credit card (automatic),155.85,6087.19,No,2024-12-15
7706-ZMBAR,Female,0,No,No,47,Yes,Yes,No,No internet service,No internet service,No internet service,No internet service,No internet service,No internet service,Two year,Yes,Bank transfer (automatic),67.9,3173.7,No,2024-12-15
1217-WYEXN,Female,0,Yes,No,40,No,No phone service,No,No internet service,No internet service,No internet service,No internet service,No internet service,No internet service,Two year,Yes,Credit card (automatic),18.5,724.76,No,2024-12-15
2086-HXYOK,Male,0,No,No,23,No,No phone service,Fiber optic,No,Yes,Yes,No,Yes,Yes,Two year,No,Credit card (automatic),128.97,2903.31,Yes,2024-12-15
6719-HXPPX,Female,0,No,No,56,No,No phone service,No,No internet service,No internet service,No internet service,No internet service,No internet service,No internet service,Month-to-month,No,Mailed check,27.99,1553.67,Yes,2024-12-15
9292-TQITW,Male,0,No,No,26,Yes,No,No,No internet service,No internet service,No internet service,No internet service,No internet service,No internet service,Month-to-month,Yes,Bank transfer (automatic),44.05,1143.78,No,2024-12-15
3995-OGZFY,Female,0,Yes,Yes,12,Yes,Yes,Fiber optic,No,Yes,No,Yes,No,Yes,One year,Yes,Electronic check,179.58,2140.63,Yes,2024-12-15
7188-BMIBD,Female,0,Yes,No,51,Yes,No,Fiber optic,Yes,Yes,Yes,No,Yes,Yes,Month-to-month,Yes,Credit card (automatic),178.28,8932.1,No,2024-12-15
8676-FUSVU,Female,0,Yes,No,29,No,No phone service,DSL,No,No,No,Yes,Yes,Yes,One year,No,Mailed check,94.3,2675.23,No,2024-12-15
9166-MYEMH,Female,0,Yes,No,19,Yes,Yes,Fiber optic,No,Yes,Yes,Yes,Yes,No,One year,Yes,Credit card (automatic),189.85,3574.63,No,2024-12-15
4059-RWYDG,Female,0,No,Yes,22,Yes,Yes,Fiber optic,Yes,Yes,Yes,No,Yes,Yes,Two year,Yes,Credit card (automatic),175.71,3969.6,No,2024-12-15
8501-AJNCJ,Male,0,No,No,56,Yes,No,Fiber optic,No,Yes,Yes,Yes,Yes,Yes,One year,No,Credit card (automatic),178.94,10038.09,No,2024-12-15
7115-PRTAT,Male,0,No,Yes,41,Yes,Yes,DSL,Yes,Yes,No,Yes,Yes,Yes,Month-to-month,Yes,Bank transfer (automatic),164.28,6625.72,Yes,2024-12-15
7373-VZLRT,Female,0,Yes,No,44,No,No phone service,Fiber optic,Yes,Yes,No,No,No,Yes,Month-to-month,Yes,Electronic check,147.38,6510.52,No,2024-12-15
6083-THJYM,Female,0,Yes,No,44,Yes,No,DSL,No,Yes,No,No,Yes,Yes,Two year,Yes,Electronic check,101.49,4416.57,Yes,2024-12-15
1467-YBUHE,Female,0,Yes,No,53,Yes,No,Fiber optic,Yes,Yes,Yes,No,Yes,Yes,Two year,Yes,Credit card (automatic),167.21,8610.76,Yes,2024-12-15
6269-LYIIM,Male,0,Yes,No,11,Yes,No,No,No internet service,No internet service,No internet service,No internet service,No internet service,No internet service,Month-to-month,No,Credit card (automatic),43.82,470.79,Yes,2024-12-15
2451-VJUSW,Male,0,No,No,53,Yes,No,Fiber optic,Yes,No,Yes,No,Yes,No,One year,Yes,Credit card (automatic),147.03,7771.77,No,2024-12-15
9214-ONFEZ,Female,0,Yes,Yes,31,Yes,Yes,Fiber optic,No,No,No,No,Yes,Yes,One year,Yes,Bank transfer (automatic),165.45,5252.61,Yes,2024-12-15
5409-BJXYI,Male,0,No,No,64,No,No phone service,Fiber optic,Yes,Yes,No,Yes,Yes,Yes,Two year,Yes,Bank transfer (automatic),137.0,8650.06,Yes,2024-12-15
9731-UURVO,Male,0,Yes,No,29,Yes,Yes,DSL,No,No,Yes,No,Yes,Yes,Two year,No,Credit card (automatic),123.21,3482.71,Yes,2024-12-15
7767-LXLDC,Male,0,Yes,Yes,18,Yes,Yes,Fiber optic,Yes,Yes,Yes,No,Yes,Yes,Month-to-month,Yes,Bank transfer (automatic),208.72,3733.0,Yes,2024-12-15
2095-ZMLWB,Female,0,No,No,55,Yes,Yes,DSL,Yes,Yes,No,No,Yes,Yes,One year,Yes,Credit card (automatic),144.12,7916.53,Yes,2024-12-15
4549-EZSKT,Male,0,No,Yes,46,Yes,Yes,DSL,Yes,Yes,Yes,No,Yes,Yes,Two year,Yes,Mailed check,144.14,6503.03,No,2024-12-15
3490-GSXJC,Female,0,No,No,24,Yes,Yes,DSL,Yes,Yes,Yes,Yes,Yes,Yes,One year,Yes,Mailed check,173.92,4235.27,Yes,2024-12-15
9690-KDUCO,Male,0,Yes,Yes,32,Yes,Yes,Fiber optic,No,Yes,Yes,Yes,Yes,Yes,Month-to-month,Yes,Electronic check,205.9,6573.47,Yes,2024-12-15
5725-PISMA,Female,0,No,No,55,Yes,Yes,Fiber optic,No,Yes,No,No,No,Yes,Month-to-month,Yes,Bank transfer (automatic),169.21,9103.68,Yes,2024-12-15
8875-NWEMI,Female,0,No,Yes,56,Yes,Yes,Fiber optic,Yes,Yes,No,Yes,Yes,Yes,One year,Yes,Credit card (automatic),197.28,10723.77,No,2024-12-15
6207-OGMVG,Female,0,Yes,No,39,Yes,Yes,Fiber optic,Yes,Yes,Yes,No,Yes,Yes,Two year,No,Bank transfer (automatic),171.68,6865.02,No,2024-12-15
5833-OMRFK,Female,0,Yes,No,40,Yes,Yes,DSL,Yes,Yes,No,No,Yes,Yes,Two year,No,Mailed check,137.24,5522.83,No,2024-12-15
8738-HSBGR,Male,0,Yes,No,25,Yes,Yes,No,No internet service,No internet service,No internet service,No internet service,No internet service,No internet service,Month-to-month,Yes,Electronic check,64.45,1653.12,Yes,2024-12-15
8161-LMHNP,Female,0,Yes,No,50,Yes,Yes,Fiber optic,No,Yes,Yes,No,No,Yes,Month-to-month,Yes,Electronic check,175.8,8563.33,No,2024-12-15
1927-OEVBM,Male,1,Yes,No,46,Yes,Yes,Fiber optic,No,Yes,No,Yes,Yes,Yes,Month-to-month,Yes,Credit card (automatic),196.35,8803.1,Yes,2024-12-15
4798-ZEEOD,Female,0,Yes,Yes,28,Yes,No,Fiber optic,Yes,No,Yes,Yes,Yes,Yes,Month-to-month,No,Mailed check,194.99,5379.21,No,2024-12-15
2195-EJDXS,Female,0,Yes,No,47,Yes,Yes,No,No internet service,No internet service,No internet service,No internet service,No internet service,No internet service,Two year,Yes,Bank transfer (automatic),58.71,2813.42,No,2024-12-15
4248-ERBSZ,Male,0,Yes,Yes,32,Yes,No,DSL,No,Yes,No,Yes,Yes,Yes,Month-to-month,No,Mailed check,137.61,4442.96,No,2024-12-15
5346-KWRWB,Female,0,Yes,Yes,43,Yes,Yes,DSL,Yes,Yes,Yes,Yes,No,No,Two year,No,Bank transfer (automatic),133.37,5569.86,No,2024-12-15
5377-JLMYW,Female,0,No,No,30,Yes,No,No,No internet service,No internet service,No internet service,No internet service,No internet service,No internet service,Two year,Yes,Mailed check,29.12,879.15,No,2024-12-15
7865-WBDSC,Male,0,Yes,No,14,Yes,No,Fiber optic,No,Yes,No,Yes,Yes,Yes,Two year,Yes,Mailed check,156.86,2208.5,No,2024-12-15
3562-BBTMW,Female,0,No,No,53,Yes,No,Fiber optic,No,No,No,Yes,Yes,Yes,Month-to-month,No,Bank transfer (automatic),160.9,8516.7,Yes,2024-12-15
4495-TYBNM,Female,0,No,No,58,Yes,Yes,Fiber optic,No,No,No,Yes,Yes,No,Two year,Yes,Credit card (automatic),142.57,8425.18,No,2024-12-15
7872-EBPIT,Male,0,Yes,No,21,Yes,No,Fiber optic,Yes,No,Yes,Yes,Yes,Yes,Two year,Yes,Mailed check,162.31,3442.18,No,2024-12-16
8263-RATRP,Female,0,Yes,No,25,Yes,No,Fiber optic,Yes,Yes,No,Yes,Yes,Yes,Month-to-month,No,Bank transfer (automatic),183.42,4584.04,Yes,2024-12-16
1128-RLTKK,Female,0,No,No,24,Yes,No,Fiber optic,Yes,Yes,No,Yes,Yes,Yes,One year,No,Mailed check,172.29,4182.67,Yes,2024-12-16
3068-JUBPP,Male,0,Yes,No,46,No,No phone service,DSL,No,Yes,No,Yes,No,Yes,One year,Yes,Electronic check,91.0,4242.95,No,2024-12-16
8743-UQAPM,Male,0,Yes,Yes,51,Yes,No,Fiber optic,Yes,Yes,No,Yes,No,Yes,One year,No,Mailed check,168.08,8674.61,No,2024-12-16
4507-FMJSZ,Male,0,Yes,No,30,Yes,Yes,Fiber optic,Yes,No,Yes,Yes,Yes,Yes,One year,No,Credit card (automatic),190.5,5714.35,Yes,2024-12-16
5414-ZLSDP,Male,0,Yes,No,66,Yes,Yes,Fiber optic,Yes,Yes,Yes,Yes,Yes,Yes,One year,Yes,Bank transfer (automatic),201.2,13366.19,No,2024-12-16
2987-GUXUY,Male,0,No,No,13,No,No phone service,Fiber optic,Yes,Yes,Yes,Yes,No,Yes,One year,No,Bank transfer (automatic),149.04,1925.61,Yes,2024-12-16
2334-SELXJ,Female,0,No,No,27,Yes,No,Fiber optic,No,No,Yes,Yes,Yes,Yes,One year,Yes,Credit card (automatic),169.24,4647.85,Yes,2024-12-16
1166-TZEQC,Female,0,Yes,Yes,42,No,No phone service,Fiber optic,No,No,No,Yes,Yes,Yes,Month-to-month,No,Credit card (automatic),142.05,6114.66,Yes,2024-12-16
4081-TLKAR,Female,0,Yes,No,42,Yes,Yes,Fiber optic,Yes,No,No,Yes,Yes,Yes,One year,Yes,Credit card (automatic),184.68,7926.6,Yes,2024-12-16
8375-IHDPO,Female,0,No,No,31,Yes,Yes,DSL,No,Yes,No,Yes,Yes,Yes,Two year,No,Bank transfer (automatic),139.57,4267.23,Yes,2024-12-16
5657-ASLGX,Male,0,No,No,49,Yes,Yes,Fiber optic,Yes,Yes,No,Yes,Yes,Yes,Month-to-month,No,Bank transfer (automatic),216.36,10716.98,Yes,2024-12-16
6667-PDYQZ,Female,0,Yes,No,38,Yes,Yes,DSL,No,No,No,No,Yes,Yes,Month-to-month,Yes,Credit card (automatic),129.17,4859.01,Yes,2024-12-16
3128-CCPHP,Male,0,Yes,No,35,Yes,Yes,DSL,Yes,Yes,No,Yes,Yes,Yes,Month-to-month,Yes,Electronic check,157.76,5406.84,Yes,2024-12-16
1212-FULAT,Female,0,No,Yes,60,Yes,No,DSL,Yes,Yes,No,Yes,Yes,No,Month-to-month,Yes,Bank transfer (automatic),139.82,8420.66,No,2024-12-16
2421-XXVNV,Male,0,Yes,Yes,50,Yes,Yes,Fiber optic,Yes,Yes,Yes,Yes,Yes,Yes,One year,Yes,Bank transfer (automatic),201.94,10069.57,No,2024-12-16
9089-TDCXS,Male,0,No,No,55,Yes,Yes,Fiber optic,Yes,No,Yes,Yes,Yes,No,Two year,Yes,Bank transfer (automatic),162.23,9188.02,Yes,2024-12-16
9918-PXKVW,Female,0,Yes,No,61,Yes,Yes,DSL,Yes,No,Yes,Yes,Yes,Yes,Two year,No,Bank transfer (automatic),144.92,9095.55,No,2024-12-16
9030-GEERG,Female,0,Yes,No,9,Yes,Yes,Fiber optic,Yes,Yes,Yes,No,Yes,Yes,Month-to-month,No,Mailed check,203.66,1798.67,Yes,2024-12-16
2390-OBXEB,Male,0,Yes,No,50,Yes,Yes,Fiber optic,No,No,No,No,Yes,No,One year,Yes,Mailed check,152.41,7559.59,No,2024-12-16
1804-JTLTT,Male,0,No,No,44,Yes,Yes,Fiber optic,Yes,Yes,Yes,Yes,Yes,Yes,One year,Yes,Electronic check,190.45,8532.61,No,2024-12-16
2482-SGNYP,Male,0,No,No,38,No,No phone service,No,No internet service,No internet service,No internet service,No internet service,No internet service,No internet service,Two year,Yes,Bank transfer (automatic),18.5,719.98,No,2024-12-16
7457-UPURX,Male,0,No,No,43,Yes,Yes,Fiber optic,Yes,Yes,No,No,Yes,Yes,One year,Yes,Bank transfer (automatic),183.5,7849.51,Yes,2024-12-16
7883-LEKJA,Female,0,Yes,No,57,Yes,Yes,Fiber optic,Yes,No,No,No,Yes,Yes,Two year,Yes,Mailed check,156.73,8866.84,No,2024-12-16
4863-FDJQN,Female,0,No,No,10,No,No phone service,Fiber optic,Yes,No,Yes,Yes,Yes,Yes,Month-to-month,Yes,Bank transfer (automatic),161.5,1639.19,No,2024-12-16
4966-FNMUU,Female,0,No,Yes,30,Yes,Yes,No,No internet service,No internet service,No internet service,No internet service,No internet service,No internet service,Month-to-month,Yes,Bank transfer (automatic),62.64,1924.11,Yes,2024-12-16
3223-OIVQI,Female,0,Yes,No,23,Yes,No,DSL,No,No,Yes,No,Yes,Yes,Month-to-month,Yes,Bank transfer (automatic),117.96,2764.07,Yes,2024-12-16
6226-PNVPX,Female,0,No,Yes,56,Yes,Yes,Fiber optic,Yes,Yes,No,Yes,No,Yes,One year,Yes,Bank transfer (automatic),182.27,10426.57,No,2024-12-16
3796-XRQXW,Male,0,No,No,31,Yes,Yes,Fiber optic,Yes,Yes,Yes,Yes,Yes,No,One year,Yes,Credit card (automatic),190.56,5854.64,Yes,2024-12-16
6241-CAOYF,Female,0,Yes,No,40,Yes,Yes,DSL,Yes,Yes,Yes,No,Yes,Yes,Month-to-month,Yes,Bank transfer (automatic),161.57,6479.2,Yes,2024-12-16
6773-TBTOQ,Female,1,Yes,No,33,Yes,Yes,DSL,Yes,Yes,No,Yes,No,Yes,Two year,Yes,Mailed check,133.27,4372.1,No,2024-12-16
4467-WBJYU,Female,0,Yes,Yes,20,Yes,No,Fiber optic,Yes,Yes,Yes,Yes,Yes,Yes,Month-to-month,Yes,Electronic check,199.24,3924.09,Yes,2024-12-16
3685-NSVVE,Female,0,No,Yes,31,Yes,No,Fiber optic,No,No,No,No,No,Yes,One year,Yes,Electronic check,138.05,4226.81,Yes,2024-12-16
5127-GUDPH,Female,0,No,No,46,Yes,No,Fiber optic,No,No,Yes,No,Yes,Yes,One year,No,Electronic check,152.85,7153.42,Yes,2024-12-16
1389-SJOHH,Female,0,No,Yes,22,Yes,No,DSL,No,No,Yes,No,Yes,Yes,One year,Yes,Electronic check,118.69,2544.64,Yes,2024-12-16
5081-DEBSA,Male,0,Yes,No,43,Yes,No,Fiber optic,Yes,No,No,No,Yes,Yes,Two year,Yes,Credit card (automatic),138.1,5987.2,No,2024-12-17
3952-ASDRU,Male,0,Yes,No,57,Yes,Yes,Fiber optic,Yes,Yes,Yes,Yes,Yes,No,Two year,No,Bank transfer (automatic),177.86,10082.37,Yes,2024-12-17
9305-YZUIN,Female,0,Yes,No,55,No,No phone service,Fiber optic,Yes,Yes,Yes,No,Yes,Yes,Two year,Yes,Mailed check,151.04,8474.73,No,2024-12-17
2570-IJSLJ,Female,0,Yes,No,26,No,No phone service,Fiber optic,Yes,No,No,No,Yes,Yes,One year,Yes,Electronic check,136.51,3569.18,No,2024-12-17
2383-WCNND,Female,0,Yes,No,54,No,No phone service,Fiber optic,No,Yes,Yes,No,Yes,Yes,One year,Yes,Bank transfer (automatic),146.62,7696.14,No,2024-12-17
7941-SHMEZ,Male,0,Yes,No,47,Yes,No,Fiber optic,No,No,Yes,No,Yes,Yes,One year,Yes,Mailed check,167.51,7813.39,No,2024-12-17
8244-HXKHA,Female,0,Yes,Yes,23,Yes,No,Fiber optic,Yes,Yes,No,No,Yes,Yes,Two year,Yes,Credit card (automatic),165.35,3831.0,Yes,2024-12-17
1275-PSWPJ,Female,0,Yes,No,19,Yes,No,DSL,Yes,No,Yes,No,Yes,No,Two year,No,Credit card (automatic),119.55,2301.47,No,2024-12-17
8851-GKDXR,Female,0,Yes,Yes,43,No,No phone service,Fiber optic,Yes,No,Yes,Yes,No,Yes,Two year,Yes,Electronic check,133.29,5794.82,No,2024-12-17
3296-THLSF,Male,0,No,No,48,Yes,No,No,No internet service,No internet service,No internet service,No internet service,No internet service,No internet service,One year,Yes,Bank transfer (automatic),36.67,1798.79,No,2024-12-17
9024-MHZRI,Male,0,Yes,No,58,Yes,Yes,Fiber optic,Yes,No,Yes,Yes,Yes,Yes,Month-to-month,Yes,Credit card (automatic),201.55,12014.57,Yes,2024-12-17
8972-HWMKO,Female,0,Yes,No,54,No,No phone service,Fiber optic,No,No,Yes,No,Yes,No,One year,Yes,Credit card (automatic),116.6,6147.91,Yes,2024-12-17
9439-EKRKR,Male,0,No,Yes,19,Yes,No,No,No internet service,No internet service,No internet service,No internet service,No internet service,No internet service,Two year,No,Mailed check,35.35,662.77,Yes,2024-12-17
2147-IDDDZ,Female,1,Yes,No,29,Yes,No,Fiber optic,Yes,No,No,Yes,Yes,Yes,Two year,Yes,Mailed check,158.64,4649.17,No,2024-12-17
4397-MQEZR,Male,0,No,No,32,Yes,Yes,No,No internet service,No internet service,No internet service,No internet service,No internet service,No internet service,Month-to-month,Yes,Mailed check,66.2,2160.75,Yes,2024-12-17
1937-DBMHD,Male,0,No,Yes,33,Yes,No,Fiber optic,Yes,Yes,Yes,Yes,Yes,Yes,Month-to-month,No,Credit card (automatic),194.29,6232.43,No,2024-12-17
3447-VRSDK,Male,0,Yes,No,49,Yes,No,Fiber optic,Yes,Yes,No,No,Yes,Yes,Two year,Yes,Credit card (automatic),151.88,7620.25,Yes,2024-12-17
5798-QAVOT,Male,0,No,No,52,Yes,No,DSL,Yes,No,No,Yes,No,No,Month-to-month,Yes,Electronic check,124.08,6541.54,Yes,2024-12-17
9724-HAFGL,Female,0,Yes,No,45,Yes,No,Fiber optic,Yes,Yes,No,Yes,No,Yes,Month-to-month,No,Mailed check,173.79,7851.36,Yes,2024-12-17
3276-RHDPX,Female,0,Yes,No,58,Yes,No,Fiber optic,No,No,No,No,Yes,Yes,One year,Yes,Electronic check,153.09,8800.86,No,2024-12-17
4136-KCJOV,Male,0,No,No,60,Yes,Yes,Fiber optic,Yes,No,No,Yes,Yes,Yes,One year,Yes,Credit card (automatic),176.87,10717.07,No,2024-12-17
6506-DVXFP,Male,0,Yes,No,57,Yes,No,DSL,Yes,No,No,No,Yes,Yes,One year,No,Electronic check,129.28,7385.54,No,2024-12-17
1784-ACVKA,Female,0,No,No,40,Yes,No,Fiber optic,Yes,Yes,Yes,Yes,No,Yes,Two year,Yes,Mailed check,156.87,6107.68,No,2024-12-17
8845-EKPYA,Female,0,No,No,34,Yes,No,No,No internet service,No internet service,No internet service,No internet service,No internet service,No internet service,Month-to-month,No,Mailed check,54.62,1870.71,Yes,2024-12-17
7550-BLLBT,Male,0,Yes,No,32,Yes,Yes,DSL,No,Yes,Yes,No,Yes,Yes,Month-to-month,Yes,Electronic check,168.24,5428.12,Yes,2024-12-17
2084-RBVLN,Male,0,Yes,No,28,Yes,Yes,No,No internet service,No internet service,No internet service,No internet service,No internet service,No internet service,Month-to-month,Yes,Electronic check,59.53,1702.85,Yes,2024-12-17
9099-CMNKC,Female,0,No,No,38,Yes,Yes,Fiber optic,No,Yes,No,No,Yes,No,Two year,Yes,Bank transfer (automatic),149.97,5798.31,No,2024-12-17
4778-SPJSW,Female,0,Yes,No,44,Yes,No,Fiber optic,No,Yes,Yes,No,Yes,Yes,One year,Yes,Credit card (automatic),164.32,7344.19,No,2024-12-17
6049-JTBBI,Male,0,Yes,Yes,25,Yes,Yes,Fiber optic,No,Yes,Yes,Yes,Yes,Yes,Two year,Yes,Bank transfer (automatic),172.26,4339.1,No,2024-12-17
5476-GRGMA,Female,0,No,No,36,Yes,No,DSL,No,No,Yes,Yes,Yes,No,Month-to-month,Yes,Credit card (automatic),117.33,4101.24,Yes,2024-12-17
5797-NOPYJ,Male,0,Yes,No,59,Yes,Yes,Fiber optic,Yes,Yes,Yes,Yes,Yes,Yes,Two year,Yes,Credit card (automatic),184.25,10984.33,No,2024-12-17
4552-QWUOZ,Female,0,No,No,61,Yes,Yes,Fiber optic,Yes,Yes,Yes,No,Yes,Yes,Two year,Yes,Electronic check,176.45,10790.39,Yes,2024-12-17
7720-CPNVL,Female,0,Yes,No,27,Yes,Yes,Fiber optic,No,No,No,No,No,Yes,Two year,Yes,Credit card (automatic),128.1,3497.97,Yes,2024-12-17
1329-YSCYE,Male,0,No,No,20,Yes,Yes,No,No internet service,No internet service,No internet service,No internet service,No internet service,No internet service,One year,Yes,Mailed check,52.49,1020.75,No,2024-12-17
4748-RRHTR,Male,0,Yes,Yes,4,Yes,Yes,Fiber optic,No,Yes,Yes,Yes,Yes,Yes,Two year,Yes,Mailed check,167.05,671.18,No,2024-12-17
2401-KUQCN,Female,0,No,No,28,Yes,No,Fiber optic,No,Yes,Yes,No,Yes,Yes,One year,Yes,Bank transfer (automatic),165.7,4624.8,No,2024-12-17
5662-YBNWB,Female,0,No,No,29,Yes,No,No,No internet service,No internet service,No internet service,No internet service,No internet service,No internet service,Two year,Yes,Electronic check,32.97,964.84,No,2024-12-17
3782-NDHOI,Female,0,Yes,No,12,Yes,Yes,No,No internet service,No internet service,No internet service,No internet service,No internet service,No internet service,Two year,Yes,Mailed check,50.33,601.6,No,2024-12-17
7709-LIHHC,Female,1,No,No,17,Yes,No,Fiber optic,Yes,No,Yes,No,Yes,Yes,Two year,No,Bank transfer (automatic),160.68,2730.7,No,2024-12-17
8794-XGBHI,Female,0,No,Yes,60,No,No phone service,Fiber optic,No,No,No,No,No,Yes,Month-to-month,Yes,Bank transfer (automatic),115.0,6858.74,Yes,2024-12-17
8699-TZCDW,Male,0,No,No,25,Yes,No,DSL,No,Yes,Yes,Yes,Yes,Yes,One year,Yes,Credit card (automatic),138.24,3456.87,No,2024-12-17
8751-WLUDE,Female,0,Yes,No,38,Yes,Yes,Fiber optic,No,Yes,Yes,Yes,Yes,Yes,One year,No,Bank transfer (automatic),204.09,7745.64,No,2024-12-17
3913-WPGTD,Male,0,Yes,No,38,Yes,No,No,No internet service,No internet service,No internet service,No internet service,No internet service,No internet service,Month-to-month,Yes,Electronic check,45.74,1730.56,No,2024-12-17
1533-XMUDH,Female,0,Yes,No,23,Yes,Yes,Fiber optic,Yes,Yes,No,Yes,Yes,Yes,Month-to-month,No,Bank transfer (automatic),216.49,5117.42,Yes,2024-12-17
7487-KRVKD,Female,0,No,No,32,Yes,Yes,No,No internet service,No internet service,No internet service,No internet service,No internet service,No internet service,One year,Yes,Bank transfer (automatic),55.08,1769.43,No,2024-12-17
9489-LFUWY,Female,0,Yes,No,23,No,No phone service,Fiber optic,No,No,Yes,Yes,Yes,Yes,Two year,No,Credit card (automatic),129.49,2946.26,No,2024-12-17
4128-PBCGO,Male,0,Yes,No,58,Yes,Yes,Fiber optic,Yes,No,No,No,Yes,Yes,Two year,Yes,Mailed check,157.8,8990.66,Yes,2024-12-18
6599-XUWLG,Male,0,No,Yes,28,Yes,Yes,DSL,Yes,No,No,Yes,No,Yes,One year,Yes,Bank transfer (automatic),133.99,3647.7,Yes,2024-12-18
2783-XJMAN,Male,0,No,No,21,Yes,Yes,Fiber optic,No,Yes,No,No,No,No,One year,Yes,Bank transfer (automatic),169.16,3651.9,No,2024-12-18
8477-QZPAS,Male,0,Yes,No,33,Yes,No,No,No internet service,No internet service,No internet service,No internet service,No internet service,No internet service,One year,Yes,Bank transfer (automatic),38.54,1297.94,No,2024-12-18
4978-FMWWH,Female,0,Yes,No,31,Yes,Yes,Fiber optic,No,No,No,No,No,Yes,One year,Yes,Credit card (automatic),154.87,4819.46,No,2024-12-18
5512-LTBKS,Female,0,No,No,39,Yes,No,Fiber optic,No,Yes,No,Yes,Yes,Yes,Two year,No,Bank transfer (automatic),160.05,6273.8,No,2024-12-18
3293-TXCBQ,Female,0,No,No,30,Yes,Yes,DSL,No,Yes,No,No,Yes,Yes,One year,No,Bank transfer (automatic),135.92,4197.32,No,2024-12-18
9445-UAQML,Male,0,No,No,47,Yes,Yes,Fiber optic,Yes,Yes,Yes,No,Yes,Yes,One year,Yes,Credit card (automatic),185.62,8484.24,No,2024-12-18
6885-PCRAL,Male,0,No,No,52,Yes,Yes,Fiber optic,Yes,No,Yes,No,Yes,Yes,One year,Yes,Bank transfer (automatic),193.11,9749.59,No,2024-12-18
6281-MQWRK,Female,0,Yes,No,63,Yes,No,Fiber optic,No,No,Yes,Yes,Yes,Yes,Month-to-month,Yes,Bank transfer (automatic),186.54,12085.98,No,2024-12-18
5593-DQIEE,Female,1,Yes,No,35,Yes,No,No,No internet service,No internet service,No internet service,No internet service,No internet service,No internet service,Month-to-month,Yes,Bank transfer (automatic),42.9,1468.37,Yes,2024-12-18
5296-EHCHU,Male,0,Yes,Yes,40,Yes,Yes,Fiber optic,Yes,No,Yes,No,Yes,No,One year,Yes,Mailed check,169.19,6695.55,No,2024-12-18
9918-PIAET,Male,0,No,No,40,Yes,Yes,Fiber optic,No,Yes,Yes,No,Yes,Yes,One year,Yes,Mailed check,179.82,7145.98,No,2024-12-18
7106-BBCYG,Male,0,No,No,32,Yes,Yes,Fiber optic,No,Yes,Yes,No,Yes,Yes,One year,No,Mailed check,183.61,5924.14,No,2024-12-18
5619-BPCHF,Male,0,Yes,No,15,Yes,Yes,Fiber optic,No,No,Yes,No,Yes,Yes,Month-to-month,No,Credit card (automatic),183.15,2817.9,Yes,2024-12-18
4855-WYEQJ,Male,0,Yes,No,41,Yes,Yes,Fiber optic,No,Yes,No,No,No,Yes,One year,Yes,Mailed check,163.01,6805.74,No,2024-12-18
8835-URCWE,Female,0,Yes,No,21,Yes,No,Fiber optic,No,Yes,No,No,Yes,Yes,Month-to-month,Yes,Bank transfer (automatic),170.48,3514.44,No,2024-12-18
6774-MXBOC,Female,0,No,No,34,Yes,Yes,No,No internet service,No internet service,No internet service,No internet service,No internet service,No internet service,One year,Yes,Credit card (automatic),56.86,1890.31,No,2024-12-18
9461-HLXUF,Male,0,No,Yes,31,Yes,No,No,No internet service,No internet service,No internet service,No internet service,No internet service,No internet service,One year,No,Credit card (automatic),43.85,1344.26,Yes,2024-12-18
9447-NESOD,Male,0,No,No,52,Yes,No,No,No internet service,No internet service,No internet service,No internet service,No internet service,No internet service,One year,No,Bank transfer (automatic),39.37,2024.73,Yes,2024-12-18
8585-TOUXO,Female,0,Yes,No,25,Yes,No,No,No internet service,No internet service,No internet service,No internet service,No internet service,No internet service,One year,No,Credit card (automatic),46.31,1182.76,No,2024-12-18
1193-GTOIY,Male,0,Yes,No,50,Yes,Yes,DSL,Yes,Yes,No,No,Yes,Yes,Month-to-month,No,Credit card (automatic),162.81,8369.01,No,2024-12-18
5571-YYHHR,Male,0,Yes,No,32,Yes,No,Fiber optic,No,No,No,Yes,Yes,Yes,Month-to-month,Yes,Bank transfer (automatic),170.07,5498.37,Yes,2024-12-18
9887-JOWHE,Female,0,Yes,No,33,Yes,Yes,Fiber optic,No,Yes,Yes,No,Yes,Yes,One year,Yes,Credit card (automatic),181.92,6147.02,Yes,2024-12-18
4006-HZUGP,Male,0,Yes,Yes,34,Yes,Yes,Fiber optic,No,Yes,Yes,Yes,Yes,Yes,Month-to-month,No,Bank transfer (automatic),208.04,7097.39,No,2024-12-18
2936-DYJAD,Female,0,No,No,40,Yes,No,Fiber optic,No,No,No,Yes,Yes,Yes,Month-to-month,Yes,Mailed check,167.68,6587.32,Yes,2024-12-18
1779-EXNPQ,Male,0,Yes,Yes,41,Yes,No,No,No internet service,No internet service,No internet service,No internet service,No internet service,No internet service,One year,No,Electronic check,41.63,1736.04,No,2024-12-18
1589-LNXBS,Female,0,No,No,50,No,No phone service,Fiber optic,Yes,Yes,Yes,No,Yes,Yes,One year,Yes,Mailed check,174.14,8627.47,Yes,2024-12-18
7845-SFSUM,Female,0,No,No,34,Yes,Yes,No,No internet service,No internet service,No internet service,No internet service,No internet service,No internet service,Two year,No,Credit card (automatic),49.88,1665.74,No,2024-12-18
6277-RNCOU,Female,0,Yes,No,45,Yes,No,DSL,Yes,Yes,Yes,No,Yes,Yes,One year,Yes,Credit card (automatic),143.98,6298.19,Yes,2024-12-18
6312-FOTEA,Male,0,No,No,12,Yes,Yes,Fiber optic,No,No,Yes,Yes,Yes,Yes,Two year,No,Electronic check,168.49,2051.4,Yes,2024-12-18
9579-DUSTO,Male,0,No,Yes,42,Yes,Yes,Fiber optic,No,Yes,No,No,Yes,Yes,Two year,Yes,Mailed check,174.18,7309.93,No,2024-12-18
7262-YXDFI,Male,0,Yes,No,30,Yes,Yes,Fiber optic,No,Yes,Yes,No,Yes,Yes,One year,Yes,Mailed check,181.28,5486.66,No,2024-12-18
1487-JYEVQ,Female,0,No,No,59,Yes,Yes,Fiber optic,No,Yes,No,Yes,Yes,Yes,Month-to-month,Yes,Credit card (automatic),199.64,11530.45,No,2024-12-18
9404-JYNGF,Female,0,No,Yes,48,Yes,Yes,Fiber optic,No,Yes,Yes,Yes,Yes,Yes,Two year,No,Bank transfer (automatic),179.98,8405.64,No,2024-12-19
8510-AAWGQ,Female,0,No,No,41,Yes,No,Fiber optic,No,No,Yes,No,Yes,Yes,Two year,Yes,Bank transfer (automatic),149.9,6100.5,No,2024-12-19
6598-PBPCX,Male,0,No,No,44,Yes,No,Fiber optic,Yes,No,Yes,No,Yes,Yes,One year,Yes,Credit card (automatic),175.43,7690.84,No,2024-12-19
2362-FYUGJ,Male,0,Yes,No,27,Yes,Yes,Fiber optic,Yes,Yes,Yes,No,Yes,Yes,One year,Yes,Mailed check,196.64,5353.28,No,2024-12-19
1431-BIVXX,Male,1,No,No,24,No,No phone service,Fiber optic,No,No,Yes,Yes,Yes,Yes,One year,Yes,Electronic check,150.03,3566.93,Yes,2024-12-19
3472-SXZHM,Female,0,No,Yes,24,No,No phone service,DSL,No,Yes,Yes,Yes,Yes,Yes,Month-to-month,Yes,Mailed check,119.69,2890.91,Yes,2024-12-19
6473-SJUEO,Female,0,Yes,No,16,Yes,No,Fiber optic,Yes,No,No,Yes,Yes,Yes,One year,Yes,Mailed check,163.26,2621.16,No,2024-12-19
6472-NMMTN,Female,0,No,No,32,Yes,No,No,No internet service,No internet service,No internet service,No internet service,No internet service,No internet service,Month-to-month,Yes,Bank transfer (automatic),39.27,1287.07,Yes,2024-12-19
6512-HYVLS,Male,0,Yes,Yes,23,No,No phone service,Fiber optic,Yes,Yes,No,No,Yes,Yes,Month-to-month,Yes,Mailed check,151.84,3453.53,Yes,2024-12-19
8787-EGISN,Female,0,No,Yes,21,Yes,No,Fiber optic,Yes,Yes,No,No,Yes,Yes,Two year,Yes,Credit card (automatic),149.55,3117.95,Yes,2024-12-19
8062-PAQBR,Female,0,No,No,57,Yes,No,No,No internet service,No internet service,No internet service,No internet service,No internet service,No internet service,Two year,Yes,Credit card (automatic),29.67,1670.06,No,2024-12-19
9090-GEWKM,Male,0,Yes,No,44,Yes,No,Fiber optic,Yes,Yes,No,Yes,Yes,Yes,Two year,No,Credit card (automatic),166.22,7207.36,No,2024-12-19
4684-JBQSV,Female,0,Yes,No,52,Yes,No,DSL,No,Yes,Yes,Yes,Yes,Yes,Month-to-month,Yes,Bank transfer (automatic),146.15,7569.78,Yes,2024-12-19
6615-PEDEI,Male,0,No,No,63,Yes,Yes,No,No internet service,No internet service,No internet service,No internet service,No internet service,No internet service,Two year,Yes,Mailed check,55.54,3443.4,No,2024-12-19
1307-EJMBS,Female,0,Yes,Yes,52,Yes,No,No,No internet service,No internet service,No internet service,No internet service,No internet service,No internet service,One year,No,Mailed check,34.71,1831.27,No,2024-12-19
5763-YEHPB,Male,0,Yes,No,32,Yes,No,Fiber optic,Yes,Yes,Yes,No,Yes,Yes,One year,Yes,Electronic check,180.75,5622.22,Yes,2024-12-19
9348-TFIEI,Male,1,Yes,No,59,Yes,Yes,DSL,No,Yes,Yes,No,Yes,Yes,Two year,Yes,Credit card (automatic),128.53,7627.13,Yes,2024-12-19
4486-DHOJO,Male,0,No,Yes,37,Yes,Yes,Fiber optic,No,Yes,No,Yes,Yes,No,One year,Yes,Credit card (automatic),176.2,6659.53,Yes,2024-12-19
2636-XMJGR,Male,0,Yes,No,30,Yes,Yes,Fiber optic,No,Yes,Yes,No,Yes,Yes,Two year,Yes,Credit card (automatic),174.57,5240.11,Yes,2024-12-19
8947-KDIBM,Male,0,No,No,43,Yes,No,Fiber optic,No,Yes,No,No,Yes,Yes,Month-to-month,No,Credit card (automatic),171.82,7371.07,Yes,2024-12-19
3470-VMGDE,Male,0,Yes,No,41,Yes,No,Fiber optic,Yes,No,Yes,Yes,No,No,Month-to-month,Yes,Credit card (automatic),168.5,7115.2,Yes,2024-12-19
1065-XQQWY,Female,0,No,No,38,Yes,Yes,DSL,Yes,Yes,No,Yes,Yes,No,One year,Yes,Bank transfer (automatic),148.2,5542.97,Yes,2024-12-19
5662-NBUPB,Male,0,Yes,No,4,Yes,Yes,Fiber optic,Yes,Yes,No,No,Yes,No,One year,Yes,Credit card (automatic),177.23,703.12,Yes,2024-12-19
3308-VFOAN,Female,0,Yes,No,54,Yes,Yes,DSL,Yes,Yes,No,Yes,Yes,Yes,One year,Yes,Mailed check,152.57,8322.37,No,2024-12-19
9232-TMRCO,Female,0,No,No,23,Yes,Yes,Fiber optic,Yes,No,Yes,No,Yes,Yes,Month-to-month,Yes,Credit card (automatic),201.56,4766.04,Yes,2024-12-19
5909-HCCYV,Female,1,Yes,No,41,Yes,No,No,No internet service,No internet service,No internet service,No internet service,No internet service,No internet service,Month-to-month,Yes,Mailed check,44.55,1880.1,Yes,2024-12-19
6272-DZTKK,Male,0,Yes,Yes,35,Yes,Yes,Fiber optic,Yes,Yes,Yes,Yes,Yes,Yes,Month-to-month,Yes,Credit card (automatic),226.0,7864.82,Yes,2024-12-19
8783-UKKDE,Female,0,Yes,No,18,Yes,Yes,No,No internet service,No internet service,No internet service,No internet service,No internet service,No internet service,One year,Yes,Credit card (automatic),56.74,1049.96,No,2024-12-19
4373-RJVQE,Female,1,Yes,No,68,Yes,Yes,Fiber optic,Yes,No,No,No,Yes,Yes,Two year,No,Electronic check,171.42,11863.21,No,2024-12-19
6513-BCMQR,Female,0,No,No,55,Yes,Yes,DSL,Yes,Yes,No,Yes,Yes,Yes,Two year,No,Credit card (automatic),150.92,8175.37,Yes,2024-12-19
3902-ZIUWV,Female,0,No,No,47,Yes,Yes,DSL,Yes,No,Yes,No,No,Yes,Two year,No,Credit card (automatic),122.23,5664.03,No,2024-12-19
6990-NLQLZ,Male,0,Yes,Yes,40,Yes,Yes,DSL,Yes,No,Yes,Yes,Yes,Yes,One year,Yes,Mailed check,155.97,6416.15,No,2024-12-19
1889-QEIOW,Female,0,Yes,No,59,Yes,No,Fiber optic,Yes,Yes,Yes,No,Yes,Yes,Month-to-month,Yes,Bank transfer (automatic),182.81,10659.11,No,2024-12-19
3295-XLEDA,Male,0,No,No,34,Yes,Yes,Fiber optic,No,No,No,Yes,Yes,Yes,One year,Yes,Mailed check,169.99,5933.41,No,2024-12-19
7473-CIDXE,Female,0,Yes,No,46,Yes,No,Fiber optic,No,Yes,Yes,Yes,Yes,Yes,One year,Yes,Mailed check,173.06,7723.92,No,2024-12-19
6792-NZGAG,Male,0,Yes,No,62,Yes,No,Fiber optic,No,No,Yes,No,Yes,Yes,Two year,Yes,Bank transfer (automatic),129.85,8227.78,No,2024-12-19
4619-FUSEH,Female,0,Yes,No,31,Yes,Yes,Fiber optic,Yes,Yes,No,Yes,Yes,Yes,Two year,No,Mailed check,175.62,5421.87,No,2024-12-19
2758-KLQJR,Male,0,Yes,No,56,No,No phone service,No,No internet service,No internet service,No internet service,No internet service,No internet service,No internet service,Month-to-month,Yes,Bank transfer (automatic),18.5,1063.24,Yes,2024-12-19
7295-AIMVE,Male,0,No,No,33,Yes,No,DSL,Yes,No,No,Yes,Yes,Yes,One year,No,Bank transfer (automatic),125.83,4179.16,No,2024-12-19
8816-TELJJ,Male,0,Yes,Yes,10,Yes,No,Fiber optic,No,Yes,Yes,No,Yes,No,One year,No,Credit card (automatic),161.48,1601.5,No,2024-12-19
6834-PYQNL,Male,0,No,No,37,No,No phone service,Fiber optic,Yes,No,No,Yes,Yes,Yes,Month-to-month,Yes,Bank transfer (automatic),161.19,5972.87,Yes,2024-12-19
6086-DMTVR,Female,0,Yes,No,31,Yes,No,Fiber optic,Yes,Yes,Yes,No,Yes,Yes,One year,Yes,Electronic check,179.68,5720.69,No,2024-12-19
1893-VFYJA,Female,0,Yes,No,45,Yes,Yes,Fiber optic,Yes,Yes,Yes,No,Yes,Yes,One year,Yes,Bank transfer (automatic),198.4,8815.9,Yes,2024-12-19
1611-XUSMB,Female,0,Yes,No,26,Yes,Yes,Fiber optic,Yes,No,Yes,Yes,Yes,Yes,One year,Yes,Mailed check,199.24,5267.45,No,2024-12-19
5039-UYEVK,Male,0,Yes,No,25,Yes,Yes,No,No internet service,No internet service,No internet service,No internet service,No internet service,No internet service,Month-to-month,No,Credit card (automatic),59.17,1475.98,No,2024-12-19
8151-QNABT,Female,0,Yes,No,51,Yes,Yes,DSL,No,Yes,Yes,No,Yes,Yes,Month-to-month,Yes,Electronic check,156.74,8196.11,Yes,2024-12-20
8161-WFDWO,Male,0,Yes,Yes,39,Yes,Yes,Fiber optic,Yes,Yes,Yes,No,Yes,No,Month-to-month,Yes,Bank transfer (automatic),194.11,7752.85,No,2024-12-20
6233-WMHMF,Female,0,Yes,No,52,Yes,No,No,No internet service,No internet service,No internet service,No internet service,No internet service,No internet service,Month-to-month,No,Bank transfer (automatic),37.14,1959.43,Yes,2024-12-20
3440-GRIGW,Female,1,Yes,No,32,Yes,No,Fiber optic,Yes,Yes,Yes,No,Yes,No,Two year,Yes,Credit card (automatic),152.4,4770.58,Yes,2024-12-20
3471-QRGNY,Female,0,Yes,No,13,Yes,Yes,No,No internet service,No internet service,No internet service,No internet service,No internet service,No internet service,Month-to-month,No,Electronic check,68.24,909.37,Yes,2024-12-20
9425-MQOCS,Male,0,No,No,46,No,No phone service,No,No internet service,No internet service,No internet service,No internet service,No internet service,No internet service,Two year,Yes,Bank transfer (automatic),18.5,870.4,No,2024-12-20
3658-WQPLD,Male,0,Yes,No,8,Yes,No,DSL,Yes,Yes,Yes,No,Yes,Yes,One year,Yes,Mailed check,133.68,1072.94,No,2024-12-20
6569-TMVEE,Female,0,Yes,No,30,Yes,Yes,No,No internet service,No internet service,No internet service,No internet service,No internet service,No internet service,Month-to-month,Yes,Credit card (automatic),63.36,1913.69,No,2024-12-20
4940-XOBPZ,Female,0,No,No,44,Yes,No,Fiber optic,No,No,No,Yes,Yes,Yes,One year,No,Credit card (automatic),159.16,7028.98,No,2024-12-20
5499-FUKPY,Male,0,Yes,No,31,Yes,Yes,Fiber optic,Yes,Yes,Yes,Yes,Yes,Yes,Two year,Yes,Bank transfer (automatic),182.28,5738.95,No,2024-12-20
2825-IWSWW,Female,0,Yes,No,37,Yes,No,DSL,Yes,No,No,Yes,Yes,Yes,Two year,Yes,Bank transfer (automatic),104.77,3891.14,No,2024-12-20
4163-SLUEM,Male,0,Yes,No,49,Yes,Yes,DSL,Yes,No,Yes,Yes,Yes,Yes,Month-to-month,Yes,Bank transfer (automatic),162.96,7928.32,No,2024-12-20
3663-TDRIU,Male,0,No,Yes,34,Yes,Yes,Fiber optic,Yes,No,No,Yes,Yes,Yes,Two year,Yes,Bank transfer (automatic),170.28,5923.88,Yes,2024-12-20
6459-DYLKE,Female,0,Yes,No,39,Yes,Yes,Fiber optic,Yes,No,Yes,No,Yes,Yes,One year,Yes,Bank transfer (automatic),179.55,6874.32,No,2024-12-20
6034-NBFVF,Female,0,No,Yes,30,Yes,Yes,No,No internet service,No internet service,No internet service,No internet service,No internet service,No internet service,One year,No,Credit card (automatic),56.54,1650.04,No,2024-12-20
8994-VJUKD,Male,0,No,No,19,Yes,No,Fiber optic,Yes,No,No,No,Yes,Yes,One year,Yes,Mailed check,157.07,2959.44,Yes,2024-12-20
9384-TMFTP,Male,1,Yes,No,25,Yes,Yes,Fiber optic,Yes,No,Yes,Yes,Yes,Yes,Two year,Yes,Electronic check,176.91,4348.02,Yes,2024-12-20
9950-UJUGJ,Female,0,Yes,No,51,No,No phone service,Fiber optic,No,Yes,No,No,Yes,Yes,One year,No,Bank transfer (automatic),138.19,6858.24,No,2024-12-20
3060-JBLVK,Male,0,Yes,No,41,Yes,Yes,Fiber optic,Yes,Yes,Yes,Yes,Yes,Yes,One year,Yes,Credit card (automatic),199.62,8250.59,Yes,2024-12-20
7868-KNCCY,Male,0,No,No,42,Yes,Yes,Fiber optic,No,No,No,No,Yes,Yes,Month-to-month,Yes,Credit card (automatic),178.83,7682.02,Yes,2024-12-20
7312-CLJSV,Male,0,Yes,Yes,51,Yes,Yes,No,No internet service,No internet service,No internet service,No internet service,No internet service,No internet service,Month-to-month,Yes,Credit card (automatic),69.19,3633.5,No,2024-12-20
4352-NZJLL,Male,0,No,No,40,Yes,No,Fiber optic,Yes,Yes,Yes,Yes,Yes,Yes,One year,No,Credit card (automatic),185.23,7609.41,Yes,2024-12-20
9415-ISXHF,Female,0,Yes,No,66,Yes,Yes,Fiber optic,No,Yes,No,Yes,Yes,Yes,One year,Yes,Electronic check,180.49,12084.49,Yes,2024-12-20
1907-NSTMT,Male,0,No,No,30,Yes,Yes,Fiber optic,Yes,Yes,No,No,Yes,Yes,Two year,Yes,Bank transfer (automatic),165.98,4920.42,Yes,2024-12-20
3581-NTJNB,Male,0,No,No,44,Yes,No,No,No internet service,No internet service,No internet service,No internet service,No internet service,No internet service,One year,Yes,Bank transfer (automatic),36.58,1563.9,No,2024-12-20
8445-ENPXJ,Male,0,Yes,No,29,Yes,No,Fiber optic,Yes,Yes,No,Yes,Yes,Yes,One year,Yes,Electronic check,168.62,4995.11,Yes,2024-12-20
2485-LXIZD,Female,0,Yes,Yes,12,Yes,Yes,Fiber optic,Yes,Yes,No,No,No,Yes,Two year,Yes,Credit card (automatic),170.02,1999.57,No,2024-12-20
9100-ESOSP,Male,0,No,No,54,Yes,Yes,No,No internet service,No internet service,No internet service,No internet service,No internet service,No internet service,Month-to-month,No,Bank transfer (automatic),60.5,3258.67,No,2024-12-20
2988-QUKEQ,Male,0,Yes,No,49,Yes,Yes,Fiber optic,No,Yes,No,Yes,Yes,Yes,Month-to-month,Yes,Credit card (automatic),194.19,9503.65,No,2024-12-20
3084-CDGMH,Male,0,No,No,29,Yes,Yes,Fiber optic,No,Yes,Yes,No,Yes,Yes,Month-to-month,Yes,Credit card (automatic),207.89,5862.41,No,2024-12-20
6444-WNHMY,Female,0,No,No,45,No,No phone service,Fiber optic,Yes,Yes,No,Yes,Yes,Yes,One year,Yes,Mailed check,150.38,6678.41,Yes,2024-12-20
8648-WHFFD,Female,0,Yes,No,12,Yes,No,Fiber optic,No,No,Yes,Yes,Yes,Yes,One year,No,Bank transfer (automatic),161.48,1957.71,No,2024-12-20
4202-VRXQU,Female,0,No,No,44,Yes,Yes,Fiber optic,Yes,No,Yes,No,Yes,No,Month-to-month,No,Electronic check,189.34,8217.47,No,2024-12-20
3994-HVKPG,Female,0,No,No,21,Yes,Yes,DSL,No,Yes,Yes,No,Yes,No,Two year,No,Electronic check,125.37,2635.14,Yes,2024-12-20
1016-YUODH,Female,0,Yes,Yes,45,No,No phone service,DSL,No,No,Yes,No,Yes,Yes,Month-to-month,Yes,Mailed check,91.78,4086.59,Yes,2024-12-20
5793-BDPEY,Male,0,Yes,No,48,Yes,Yes,Fiber optic,Yes,Yes,Yes,No,Yes,Yes,One year,No,Credit card (automatic),178.58,8684.21,No,2024-12-20
6409-QZULL,Male,0,No,Yes,52,Yes,Yes,Fiber optic,No,No,Yes,No,Yes,Yes,One year,Yes,Mailed check,161.51,8176.33,No,2024-12-20
2098-YRLMU,Female,0,No,No,27,Yes,Yes,Fiber optic,No,Yes,Yes,Yes,Yes,Yes,One year,Yes,Bank transfer (automatic),180.54,4855.94,No,2024-12-20
1620-FJTJD,Male,0,Yes,No,22,Yes,Yes,Fiber optic,Yes,Yes,Yes,No,Yes,Yes,One year,Yes,Bank transfer (automatic),190.87,4214.82,No,2024-12-20
1194-TSRPZ,Female,0,No,No,23,Yes,Yes,Fiber optic,No,Yes,Yes,No,Yes,Yes,Month-to-month,No,Bank transfer (automatic),192.79,4330.73,No,2024-12-20
4055-KNMTZ,Male,0,Yes,No,38,Yes,No,Fiber optic,No,No,No,Yes,Yes,Yes,Month-to-month,Yes,Mailed check,169.82,6456.65,No,2024-12-20
1584-OMLZK,Female,0,Yes,Yes,61,Yes,No,Fiber optic,Yes,No,No,No,No,No,Two year,Yes,Credit card (automatic),127.25,7789.9,Yes,2024-12-20
6429-CRTCY,Female,0,No,No,38,Yes,Yes,Fiber optic,No,No,Yes,Yes,Yes,Yes,One year,No,Bank transfer (automatic),185.71,7041.39,No,2024-12-20
5015-OJVDO,Female,0,Yes,No,22,No,No phone service,No,No internet service,No internet service,No internet service,No internet service,No internet service,No internet service,One year,Yes,Mailed check,25.43,558.83,No,2024-12-21
6780-LJFIY,Male,0,No,No,37,Yes,Yes,Fiber optic,Yes,No,No,No,Yes,Yes,Month-to-month,Yes,Mailed check,192.51,6910.79,Yes,2024-12-21
6503-QGVZK,Female,0,Yes,No,17,Yes,Yes,Fiber optic,No,Yes,Yes,No,Yes,No,Two year,No,Electronic check,158.05,2758.84,Yes,2024-12-21
3532-HMDBZ,Male,0,No,No,47,Yes,Yes,Fiber optic,Yes,Yes,No,Yes,Yes,No,Month-to-month,No,Mailed check,193.44,9155.82,No,2024-12-21
1511-ATGMZ,Female,0,No,No,10,No,No phone service,Fiber optic,No,Yes,Yes,No,No,No,One year,Yes,Bank transfer (automatic),126.05,1230.29,Yes,2024-12-21
1585-RZRLB,Female,0,No,No,34,Yes,Yes,No,No internet service,No internet service,No internet service,No internet service,No internet service,No internet service,Two year,Yes,Mailed check,48.8,1611.27,No,2024-12-21
9118-DSZYE,Male,1,Yes,No,24,Yes,No,Fiber optic,No,Yes,Yes,No,Yes,Yes,One year,Yes,Bank transfer (automatic),176.28,4210.11,No,2024-12-21
4000-TJYEV,Female,0,No,No,41,Yes,No,Fiber optic,No,No,Yes,Yes,Yes,Yes,Two year,No,Bank transfer (automatic),156.87,6419.05,Yes,2024-12-21
6885-XRQTN,Female,0,No,No,19,No,No phone service,Fiber optic,Yes,Yes,Yes,No,Yes,No,Month-to-month,Yes,Mailed check,157.43,2933.4,Yes,2024-12-21
5637-PFCRQ,Female,0,No,No,4,Yes,Yes,Fiber optic,Yes,Yes,No,No,Yes,Yes,One year,No,Electronic check,184.39,744.16,Yes,2024-12-21
3655-QIXLH,Male,0,Yes,No,52,No,No phone service,Fiber optic,Yes,Yes,Yes,No,Yes,Yes,Month-to-month,No,Credit card (automatic),177.13,9306.91,No,2024-12-21
6678-GDMUX,Male,0,Yes,No,36,Yes,Yes,No,No internet service,No internet service,No internet service,No internet service,No internet service,No internet service,One year,Yes,Electronic check,59.32,2183.0,No,2024-12-21
6137-MOLVI,Female,0,No,No,49,Yes,No,DSL,Yes,Yes,No,No,No,Yes,One year,No,Electronic check,120.65,5790.44,Yes,2024-12-21
3621-BJVAM,Male,1,No,No,62,Yes,Yes,DSL,No,Yes,No,Yes,Yes,Yes,Month-to-month,Yes,Bank transfer (automatic),156.66,9857.02,No,2024-12-21
5546-ZCTCT,Female,0,Yes,No,14,Yes,Yes,Fiber optic,Yes,No,No,No,Yes,Yes,Two year,Yes,Bank transfer (automatic),160.75,2271.08,No,2024-12-21
6745-VSGUG,Male,0,Yes,No,30,Yes,Yes,Fiber optic,No,No,Yes,Yes,Yes,Yes,Month-to-month,Yes,Credit card (automatic),196.95,5914.96,Yes,2024-12-21
8027-QNAYQ,Female,0,Yes,No,44,Yes,Yes,Fiber optic,Yes,No,Yes,Yes,Yes,Yes,Month-to-month,Yes,Mailed check,225.55,9939.07,Yes,2024-12-21
8016-KZYTA,Female,0,Yes,No,24,Yes,Yes,DSL,Yes,No,No,No,Yes,Yes,One year,Yes,Electronic check,142.85,3464.37,No,2024-12-21
5444-QHWYU,Male,0,No,No,46,Yes,No,Fiber optic,No,Yes,Yes,Yes,Yes,Yes,One year,Yes,Electronic check,178.72,8003.96,Yes,2024-12-21
9079-PSFKF,Female,0,No,No,35,Yes,Yes,Fiber optic,Yes,Yes,Yes,No,Yes,Yes,Month-to-month,No,Mailed check,194.71,6875.97,Yes,2024-12-21
4950-EXYHZ,Female,0,Yes,No,55,Yes,Yes,No,No internet service,No internet service,No internet service,No internet service,No internet service,No internet service,Month-to-month,No,Mailed check,56.59,3150.72,Yes,2024-12-21
6763-MGHYJ,Female,0,Yes,No,32,Yes,No,Fiber optic,Yes,No,No,Yes,Yes,No,One year,No,Bank transfer (automatic),154.1,4799.6,Yes,2024-12-21
8038-ZEVFA,Female,0,Yes,Yes,23,Yes,Yes,Fiber optic,Yes,Yes,No,No,Yes,Yes,One year,Yes,Credit card (automatic),184.82,4154.34,No,2024-12-21
2431-NGYUY,Male,0,No,No,47,Yes,Yes,Fiber optic,No,Yes,No,Yes,Yes,Yes,One year,Yes,Credit card (automatic),189.59,9104.37,No,2024-12-21
6232-NZHXG,Female,0,No,No,50,Yes,Yes,No,No internet service,No internet service,No internet service,No internet service,No internet service,No internet service,Month-to-month,Yes,Mailed check,64.93,3263.19,No,2024-12-21
8777-GNYGF,Female,0,No,No,40,Yes,Yes,Fiber optic,Yes,Yes,No,Yes,Yes,Yes,Two year,Yes,Bank transfer (automatic),191.54,7681.78,No,2024-12-21
8572-PSVWO,Male,0,Yes,No,41,Yes,No,Fiber optic,Yes,Yes,No,Yes,Yes,Yes,Two year,No,Credit card (automatic),169.54,6928.83,No,2024-12-21
9627-MAUFT,Male,0,No,Yes,24,Yes,Yes,Fiber optic,Yes,Yes,Yes,No,Yes,Yes,One year,Yes,Bank transfer (automatic),192.54,4508.58,Yes,2024-12-21
1828-WJZCW,Male,0,No,No,43,No,No phone service,Fiber optic,Yes,No,Yes,Yes,No,Yes,Month-to-month,No,Mailed check,149.7,6582.75,Yes,2024-12-21
6139-ISZPX,Female,0,Yes,No,16,Yes,Yes,Fiber optic,No,Yes,Yes,No,Yes,Yes,Two year,Yes,Bank transfer (automatic),174.47,2850.9,No,2024-12-21
7957-JPGXB,Male,0,Yes,No,70,Yes,Yes,Fiber optic,No,No,Yes,Yes,Yes,Yes,One year,Yes,Bank transfer (automatic),183.72,12617.72,Yes,2024-12-21
9800-FTIQF,Female,0,Yes,No,57,Yes,Yes,Fiber optic,No,No,No,Yes,Yes,Yes,One year,Yes,Bank transfer (automatic),174.63,9666.73,No,2024-12-21
3816-IXOSV,Male,0,No,No,46,Yes,Yes,DSL,Yes,Yes,Yes,No,Yes,Yes,Two year,Yes,Mailed check,139.31,6225.97,No,2024-12-21
9230-HLWWL,Female,0,Yes,No,37,Yes,No,Fiber optic,Yes,Yes,No,No,Yes,Yes,One year,Yes,Electronic check,166.48,6302.67,Yes,2024-12-21
6234-JZONK,Female,0,No,No,57,Yes,No,Fiber optic,Yes,Yes,Yes,No,Yes,Yes,Two year,Yes,Electronic check,167.08,9308.39,Yes,2024-12-21
1360-EUNUV,Male,0,No,No,36,Yes,Yes,DSL,Yes,Yes,No,Yes,Yes,Yes,One year,No,Credit card (automatic),151.02,5570.73,No,2024-12-21
6529-HKTMP,Male,0,Yes,Yes,50,Yes,Yes,Fiber optic,No,Yes,Yes,No,Yes,No,One year,Yes,Credit card (automatic),171.65,8570.03,No,2024-12-21
1130-ZRMVX,Female,0,Yes,No,44,Yes,Yes,Fiber optic,Yes,No,Yes,Yes,Yes,Yes,One year,Yes,Credit card (automatic),189.78,8354.26,No,2024-12-21
7122-QKDHU,Male,0,No,Yes,40,Yes,Yes,Fiber optic,Yes,No,No,No,Yes,Yes,One year,Yes,Bank transfer (automatic),184.57,7252.22,Yes,2024-12-21
2857-WQNKN,Male,0,No,No,49,Yes,Yes,Fiber optic,Yes,No,No,No,Yes,Yes,Two year,No,Bank transfer (automatic),164.03,7811.56,Yes,2024-12-21
2515-COMPC,Male,0,No,Yes,31,Yes,No,Fiber optic,No,Yes,No,Yes,Yes,Yes,Two year,Yes,Bank transfer (automatic),170.48,5415.27,No,2024-12-21
8640-CDAQV,Female,0,Yes,No,25,No,No phone service,Fiber optic,No,Yes,No,Yes,Yes,Yes,One year,No,Mailed check,139.89,3478.11,No,2024-12-21
5677-APXPU,Male,0,No,Yes,26,Yes,Yes,Fiber optic,No,No,Yes,No,Yes,Yes,One year,Yes,Bank transfer (automatic),173.78,4608.87,No,2024-12-21
8539-PXNRX,Male,0,Yes,No,39,Yes,Yes,Fiber optic,No,No,Yes,No,Yes,Yes,One year,Yes,Bank transfer (automatic),175.97,6882.6,Yes,2024-12-21
8103-EPIWO,Male,0,No,No,50,Yes,No,DSL,Yes,No,Yes,No,No,Yes,Month-to-month,No,Credit card (automatic),122.41,6267.12,No,2024-12-21
2359-FJODT,Female,0,No,No,34,Yes,Yes,DSL,Yes,No,Yes,No,Yes,Yes,Two year,Yes,Bank transfer (automatic),135.23,4546.96,No,2024-12-21
5178-WMOFL,Female,0,Yes,No,56,Yes,Yes,Fiber optic,Yes,No,Yes,No,Yes,Yes,One year,Yes,Credit card (automatic),183.23,10401.69,No,2024-12-21
2984-JJOSM,Male,0,No,Yes,56,Yes,Yes,DSL,Yes,Yes,No,No,Yes,Yes,One year,Yes,Credit card (automatic),140.37,7919.2,Yes,2024-12-21
5498-NACCT,Female,0,Yes,Yes,38,Yes,No,Fiber optic,Yes,No,No,Yes,Yes,Yes,One year,Yes,Mailed check,172.72,6394.97,No,2024-12-21
6177-AJCZK,Female,0,No,No,64,No,No phone service,Fiber optic,Yes,No,Yes,No,Yes,Yes,One year,Yes,Bank transfer (automatic),158.27,10241.34,Yes,2024-12-22
7780-FFEAE,Male,0,Yes,No,53,Yes,Yes,Fiber optic,No,Yes,Yes,No,Yes,Yes,One year,No,Credit card (automatic),181.89,9790.84,No,2024-12-22
8121-PWDGR,Female,0,Yes,No,57,Yes,Yes,DSL,No,Yes,No,Yes,Yes,Yes,One year,Yes,Electronic check,136.75,7970.07,Yes,2024-12-22
3973-DHVKR,Male,0,Yes,No,32,Yes,Yes,No,No internet service,No internet service,No internet service,No internet service,No internet service,No internet service,Two year,Yes,Credit card (automatic),42.34,1393.24,No,2024-12-22
5315-FAKBZ,Female,0,Yes,No,31,No,No phone service,DSL,Yes,No,No,No,Yes,Yes,Month-to-month,Yes,Credit card (automatic),95.16,2993.95,Yes,2024-12-22
6143-TIQHH,Female,0,Yes,No,40,Yes,Yes,No,No internet service,No internet service,No internet service,No internet service,No internet service,No internet service,Month-to-month,Yes,Mailed check,74.75,2921.86,Yes,2024-12-22
1806-LNIGN,Male,1,No,Yes,21,Yes,No,Fiber optic,No,Yes,Yes,No,Yes,Yes,Two year,Yes,Bank transfer (automatic),149.41,3108.2,No,2024-12-22
2179-XFFPY,Male,0,Yes,No,45,No,No phone service,No,No internet service,No internet service,No internet service,No internet service,No internet service,No internet service,Two year,No,Electronic check,18.5,844.02,No,2024-12-22
5419-AFUUX,Male,0,Yes,No,38,Yes,Yes,DSL,Yes,Yes,No,No,Yes,Yes,One year,Yes,Bank transfer (automatic),155.39,5742.8,No,2024-12-22
3781-OYCVU,Female,0,Yes,Yes,55,Yes,Yes,Fiber optic,No,Yes,Yes,Yes,Yes,Yes,Two year,Yes,Bank transfer (automatic),179.92,9721.86,No,2024-12-22
2343-BNTMM,Male,0,Yes,No,59,Yes,No,Fiber optic,Yes,Yes,Yes,No,Yes,Yes,One year,Yes,Bank transfer (automatic),190.81,11511.55,No,2024-12-22
5468-ALQKN,Male,0,Yes,No,40,Yes,Yes,Fiber optic,Yes,No,Yes,Yes,Yes,Yes,One year,Yes,Bank transfer (automatic),190.58,7716.52,Yes,2024-12-22
3868-GKTXD,Female,0,No,No,43,Yes,Yes,Fiber optic,Yes,Yes,Yes,No,No,Yes,One year,No,Mailed check,180.16,7945.16,No,2024-12-22
9105-NXELB,Female,0,Yes,No,45,Yes,Yes,Fiber optic,Yes,No,No,Yes,Yes,Yes,Two year,No,Electronic check,166.6,7570.43,No,2024-12-22
3189-PZQNV,Male,0,Yes,No,21,Yes,Yes,DSL,Yes,Yes,Yes,Yes,Yes,Yes,One year,Yes,Bank transfer (automatic),173.0,3553.6,No,2024-12-22
9737-HBAYX,Female,0,Yes,No,55,Yes,No,Fiber optic,Yes,Yes,No,Yes,No,Yes,Two year,No,Credit card (automatic),146.88,8176.19,No,2024-12-22
7389-YBTAA,Female,0,Yes,No,17,Yes,No,Fiber optic,Yes,No,No,Yes,Yes,Yes,One year,No,Electronic check,167.81,2904.67,Yes,2024-12-22
4138-WACRS,Male,0,No,Yes,36,Yes,Yes,Fiber optic,No,Yes,Yes,Yes,Yes,Yes,Month-to-month,Yes,Electronic check,213.04,7531.58,No,2024-12-22
2651-EQWAD,Female,0,Yes,No,22,Yes,No,Fiber optic,Yes,No,No,Yes,Yes,Yes,Two year,No,Bank transfer (automatic),151.93,3288.61,Yes,2024-12-22
7015-DUYBL,Female,0,No,No,29,Yes,Yes,DSL,Yes,Yes,No,No,Yes,Yes,One year,Yes,Electronic check,142.96,4146.48,Yes,2024-12-22
6113-JJPBK,Male,0,Yes,Yes,42,Yes,Yes,DSL,No,Yes,Yes,Yes,No,Yes,Two year,Yes,Bank transfer (automatic),136.71,5868.48,Yes,2024-12-22
5121-ZGXKC,Male,0,No,No,41,Yes,Yes,Fiber optic,No,Yes,Yes,Yes,Yes,Yes,One year,No,Mailed check,195.01,8078.71,No,2024-12-22
9514-DYXVK,Male,0,Yes,Yes,26,Yes,No,DSL,No,No,No,Yes,Yes,Yes,One year,No,Mailed check,113.05,2915.86,No,2024-12-22
9420-GLYFB,Male,0,Yes,Yes,37,Yes,Yes,Fiber optic,No,No,No,No,Yes,No,Two year,No,Credit card (automatic),129.97,4694.26,No,2024-12-22
5905-DNKUQ,Male,0,No,Yes,12,Yes,No,No,No internet service,No internet service,No internet service,No internet service,No internet service,No internet service,One year,No,Credit card (automatic),40.46,497.8,No,2024-12-22
4141-QXWWC,Female,0,No,No,49,No,No phone service,Fiber optic,Yes,Yes,No,Yes,Yes,No,One year,Yes,Bank transfer (automatic),149.37,7108.54,No,2024-12-22
4166-SNVVX,Female,0,Yes,Yes,15,No,No phone service,Fiber optic,Yes,No,Yes,Yes,No,Yes,One year,Yes,Credit card (automatic),143.86,2117.8,No,2024-12-22
3320-VVDLU,Male,0,Yes,No,55,Yes,Yes,Fiber optic,Yes,Yes,Yes,Yes,Yes,Yes,Month-to-month,Yes,Bank transfer (automatic),215.29,11579.09,Yes,2024-12-22
7232-UYTPU,Female,0,Yes,Yes,59,Yes,No,Fiber optic,No,No,Yes,Yes,Yes,Yes,Month-to-month,No,Mailed check,169.16,10221.09,Yes,2024-12-22
1933-AGDFQ,Female,0,Yes,No,32,Yes,Yes,Fiber optic,No,Yes,No,Yes,Yes,Yes,Two year,Yes,Electronic check,168.91,5548.21,No,2024-12-22
2109-HCUQV,Female,0,Yes,Yes,52,Yes,Yes,Fiber optic,No,No,No,Yes,Yes,No,Month-to-month,No,Bank transfer (automatic),173.99,8865.28,No,2024-12-22
6630-OMPBF,Female,0,No,No,45,Yes,Yes,Fiber optic,Yes,No,No,No,No,Yes,Month-to-month,Yes,Credit card (automatic),177.26,7851.07,No,2024-12-22
8420-FBMTM,Female,0,No,Yes,37,Yes,No,Fiber optic,Yes,No,No,Yes,Yes,Yes,Month-to-month,Yes,Bank transfer (automatic),184.31,6762.13,No,2024-12-22
2783-AOWWR,Male,0,No,Yes,36,Yes,Yes,Fiber optic,No,No,Yes,No,Yes,No,Month-to-month,Yes,Electronic check,178.4,6565.48,Yes,2024-12-22
6116-UYCOT,Female,0,No,No,22,Yes,Yes,Fiber optic,No,Yes,No,No,No,Yes,One year,Yes,Bank transfer (automatic),166.19,3647.49,Yes,2024-12-22
6854-ASFJV,Female,0,Yes,No,43,Yes,Yes,DSL,Yes,Yes,Yes,No,Yes,Yes,Month-to-month,Yes,Bank transfer (automatic),171.11,7484.06,Yes,2024-12-22
1425-BVBUP,Male,0,Yes,No,39,Yes,Yes,DSL,Yes,Yes,No,No,Yes,Yes,Two year,Yes,Credit card (automatic),126.88,4833.07,No,2024-12-22
9809-UPRYJ,Female,0,No,No,50,Yes,Yes,Fiber optic,Yes,Yes,Yes,No,Yes,Yes,Two year,Yes,Credit card (automatic),174.9,8709.03,Yes,2024-12-22
9411-WZTFK,Female,0,Yes,No,48,Yes,Yes,Fiber optic,Yes,Yes,No,Yes,Yes,Yes,One year,No,Mailed check,191.35,9258.6,No,2024-12-22
2262-UYMBN,Female,0,Yes,No,24,Yes,No,DSL,No,No,Yes,Yes,Yes,No,Month-to-month,Yes,Mailed check,135.09,3253.1,Yes,2024-12-22
6020-QKFQM,Female,0,Yes,No,37,Yes,Yes,No,No internet service,No internet service,No internet service,No internet service,No internet service,No internet service,One year,No,Electronic check,52.6,1891.7,Yes,2024-12-22
6519-PDHOM,Male,1,No,No,30,Yes,No,Fiber optic,No,Yes,No,Yes,Yes,Yes,Two year,Yes,Electronic check,148.34,4338.02,Yes,2024-12-22
8632-SKSBB,Male,0,No,Yes,34,Yes,Yes,No,No internet service,No internet service,No internet service,No internet service,No internet service,No internet service,One year,Yes,Mailed check,61.86,2078.67,No,2024-12-22
2196-TPIVC,Female,0,Yes,No,44,Yes,No,Fiber optic,Yes,Yes,Yes,Yes,Yes,Yes,One year,No,Bank transfer (automatic),187.42,8413.82,No,2024-12-22
9304-KSBST,Female,0,No,No,30,Yes,No,Fiber optic,No,No,Yes,No,Yes,Yes,Month-to-month,No,Mailed check,170.91,5241.44,Yes,2024-12-23
4766-HXWPR,Female,0,Yes,No,51,Yes,No,Fiber optic,Yes,Yes,Yes,Yes,Yes,Yes,Two year,No,Credit card (automatic),182.77,9057.07,No,2024-12-23
2936-OSJZX,Female,0,Yes,No,58,Yes,No,Fiber optic,No,No,Yes,Yes,Yes,Yes,One year,Yes,Bank transfer (automatic),165.45,9550.38,No,2024-12-23
8861-AELOP,Male,0,Yes,No,35,Yes,No,DSL,No,No,No,No,Yes,Yes,One year,No,Credit card (automatic),104.01,3567.53,No,2024-12-23
1084-XHQHC,Female,0,No,No,26,Yes,No,Fiber optic,Yes,No,Yes,Yes,Yes,Yes,Month-to-month,Yes,Electronic check,184.58,4919.56,Yes,2024-12-23
6344-ZCPCN,Female,0,Yes,No,12,Yes,No,No,No internet service,No internet service,No internet service,No internet service,No internet service,No internet service,One year,Yes,Mailed check,48.97,578.01,No,2024-12-23
6043-GBJMD,Female,0,Yes,No,39,Yes,No,DSL,No,No,Yes,Yes,Yes,Yes,One year,No,Mailed check,127.07,5024.27,No,2024-12-23
1129-ULYPP,Male,0,No,No,24,Yes,Yes,Fiber optic,Yes,Yes,Yes,Yes,Yes,Yes,One year,Yes,Bank transfer (automatic),208.25,4989.33,No,2024-12-23
9017-OOVMM,Female,0,No,Yes,51,Yes,Yes,Fiber optic,Yes,Yes,No,No,Yes,Yes,One year,Yes,Electronic check,180.34,8966.75,No,2024-12-23
3126-CEJVQ,Female,0,No,No,49,Yes,No,DSL,Yes,Yes,Yes,Yes,Yes,Yes,One year,Yes,Mailed check,149.61,7334.25,No,2024-12-23
6737-TRPSG,Male,0,Yes,No,43,Yes,Yes,Fiber optic,Yes,Yes,Yes,Yes,Yes,Yes,Month-to-month,Yes,Bank transfer (automatic),212.62,9297.72,Yes,2024-12-23
7630-HOPQW,Female,0,Yes,No,54,No,No phone service,No,No internet service,No internet service,No internet service,No internet service,No internet service,No internet service,One year,Yes,Credit card (automatic),18.5,1006.37,No,2024-12-23
7832-OZWOU,Male,0,Yes,No,48,Yes,Yes,Fiber optic,Yes,Yes,No,No,Yes,Yes,Two year,Yes,Electronic check,181.19,8587.93,No,2024-12-23
3908-IXQAD,Male,0,Yes,Yes,24,Yes,No,No,No internet service,No internet service,No internet service,No internet service,No internet service,No internet service,One year,Yes,Bank transfer (automatic),47.89,1142.46,No,2024-12-23
1386-LLAFE,Male,0,Yes,No,14,Yes,No,No,No internet service,No internet service,No internet service,No internet service,No internet service,No internet service,Month-to-month,No,Credit card (automatic),48.09,667.25,No,2024-12-23
9409-PEGQT,Female,0,No,No,30,Yes,Yes,Fiber optic,Yes,Yes,No,No,Yes,Yes,Month-to-month,Yes,Electronic check,209.84,6344.7,Yes,2024-12-23
9391-VLAUZ,Male,1,Yes,No,15,Yes,Yes,Fiber optic,Yes,No,No,No,Yes,No,Month-to-month,Yes,Credit card (automatic),177.35,2640.43,Yes,2024-12-23
4573-FTXIJ,Female,0,Yes,No,51,Yes,Yes,Fiber optic,No,No,No,No,Yes,Yes,Month-to-month,No,Bank transfer (automatic),184.0,9323.11,Yes,2024-12-23
6366-EAPAP,Female,0,Yes,No,39,Yes,No,Fiber optic,No,Yes,No,No,No,Yes,Two year,Yes,Bank transfer (automatic),135.67,5332.0,Yes,2024-12-23
2992-TRWHP,Male,0,No,No,24,Yes,No,Fiber optic,Yes,Yes,Yes,Yes,No,Yes,Two year,Yes,Credit card (automatic),160.83,3972.99,Yes,2024-12-23
3068-XIOCW,Male,0,Yes,Yes,21,Yes,No,Fiber optic,Yes,Yes,No,No,Yes,No,Month-to-month,Yes,Bank transfer (automatic),162.25,3502.27,Yes,2024-12-23
4303-IPMSI,Male,0,No,Yes,28,Yes,No,Fiber optic,No,No,No,No,No,Yes,One year,Yes,Credit card (automatic),136.93,3729.05,Yes,2024-12-23
1274-XASWN,Female,0,Yes,No,40,Yes,No,Fiber optic,No,No,No,Yes,Yes,No,One year,Yes,Bank transfer (automatic),148.72,5979.89,No,2024-12-23
5357-QNJLL,Male,1,No,No,13,No,No phone service,Fiber optic,Yes,No,Yes,No,Yes,Yes,Two year,Yes,Bank transfer (automatic),127.14,1621.27,No,2024-12-23
7961-EFYEX,Female,0,Yes,No,34,Yes,Yes,Fiber optic,Yes,No,No,Yes,No,Yes,Two year,No,Electronic check,165.33,5689.49,Yes,2024-12-23
8265-VMQCV,Male,0,No,No,16,Yes,No,Fiber optic,No,Yes,Yes,Yes,Yes,Yes,Month-to-month,Yes,Electronic check,206.59,3302.69,Yes,2024-12-23
4070-USEFF,Male,0,Yes,No,41,Yes,No,DSL,No,No,Yes,No,Yes,No,Two year,Yes,Credit card (automatic),95.45,3874.44,No,2024-12-23
8534-AOTLA,Male,1,No,No,28,Yes,Yes,Fiber optic,No,Yes,No,No,Yes,Yes,Two year,Yes,Credit card (automatic),160.86,4540.94,No,2024-12-23
1832-IKTAI,Male,0,Yes,Yes,61,Yes,Yes,No,No internet service,No internet service,No internet service,No internet service,No internet service,No internet service,Two year,Yes,Bank transfer (automatic),50.41,3091.37,No,2024-12-23
9073-CTHVI,Male,0,Yes,No,26,Yes,No,Fiber optic,Yes,No,Yes,No,Yes,Yes,Month-to-month,No,Bank transfer (automatic),187.49,4832.88,Yes,2024-12-23
8244-DUFOC,Female,0,Yes,No,42,Yes,No,DSL,No,No,Yes,Yes,Yes,Yes,Two year,Yes,Credit card (automatic),118.04,5046.16,No,2024-12-23
6188-RTPOF,Male,0,Yes,No,59,Yes,Yes,Fiber optic,No,No,No,No,Yes,Yes,Two year,Yes,Credit card (automatic),155.49,9391.87,No,2024-12-23
5007-WKDAQ,Male,0,Yes,No,33,Yes,No,Fiber optic,Yes,No,No,Yes,No,No,Two year,No,Bank transfer (automatic),123.92,4098.6,Yes,2024-12-23
4753-YIIJN,Female,0,Yes,No,42,Yes,Yes,DSL,No,Yes,No,Yes,Yes,Yes,Two year,Yes,Bank transfer (automatic),131.05,5547.13,No,2024-12-23
3989-YANYA,Female,0,Yes,No,38,Yes,No,DSL,Yes,No,No,No,Yes,Yes,One year,Yes,Electronic check,123.91,4779.03,Yes,2024-12-23
3774-FHAMC,Female,0,No,No,54,Yes,No,DSL,Yes,Yes,Yes,Yes,Yes,Yes,One year,Yes,Bank transfer (automatic),150.61,8175.12,No,2024-12-23
2814-UAHJW,Male,0,Yes,No,22,Yes,Yes,Fiber optic,Yes,Yes,Yes,No,No,Yes,One year,Yes,Bank transfer (automatic),189.49,4291.75,No,2024-12-23
7273-KHJYP,Female,0,No,No,43,Yes,Yes,DSL,Yes,Yes,Yes,Yes,Yes,Yes,One year,Yes,Electronic check,168.91,7218.71,Yes,2024-12-23
3330-TJHKE,Male,0,Yes,No,41,No,No phone service,Fiber optic,Yes,Yes,Yes,Yes,Yes,Yes,Two year,Yes,Credit card (automatic),145.7,6146.73,Yes,2024-12-24
6323-CRNHG,Female,0,Yes,No,47,No,No phone service,Fiber optic,Yes,Yes,Yes,Yes,Yes,No,One year,Yes,Mailed check,158.91,7427.56,No,2024-12-24
9173-UITTX,Male,0,No,No,42,Yes,Yes,Fiber optic,No,No,Yes,No,Yes,Yes,Two year,Yes,Credit card (automatic),171.47,7287.65,No,2024-12-24
1195-GTFYK,Male,0,Yes,No,60,Yes,No,DSL,No,Yes,Yes,No,Yes,No,Two year,Yes,Bank transfer (automatic),117.61,6899.39,Yes,2024-12-24
1758-WVORG,Male,1,Yes,No,13,Yes,Yes,Fiber optic,No,Yes,No,Yes,Yes,Yes,Month-to-month,Yes,Mailed check,205.05,2679.01,Yes,2024-12-24
1798-LYLHT,Female,0,No,No,54,Yes,Yes,DSL,No,No,Yes,Yes,Yes,Yes,Month-to-month,No,Bank transfer (automatic),154.66,8202.51,No,2024-12-24
1296-RBVZA,Female,0,Yes,No,41,Yes,No,DSL,Yes,No,Yes,No,Yes,Yes,Month-to-month,Yes,Bank transfer (automatic),144.26,5927.67,No,2024-12-24
1813-KNSTC,Male,1,No,No,30,Yes,Yes,DSL,No,No,No,No,Yes,No,Month-to-month,Yes,Mailed check,116.47,3594.19,No,2024-12-24
1064-EJBCB,Male,0,Yes,No,14,Yes,Yes,Fiber optic,Yes,Yes,Yes,No,Yes,Yes,Month-to-month,Yes,Bank transfer (automatic),212.19,2977.41,Yes,2024-12-24
3032-WLVPX,Female,0,Yes,No,23,Yes,No,Fiber optic,No,No,Yes,Yes,Yes,Yes,Month-to-month,Yes,Credit card (automatic),180.1,4042.44,No,2024-12-24
3411-NPNWN,Female,0,No,No,42,Yes,No,Fiber optic,Yes,Yes,No,Yes,No,Yes,Month-to-month,No,Credit card (automatic),173.7,7430.87,Yes,2024-12-24
5633-BWEPU,Female,0,Yes,No,27,Yes,Yes,Fiber optic,Yes,No,Yes,Yes,Yes,Yes,Month-to-month,Yes,Bank transfer (automatic),207.16,5589.17,Yes,2024-12-24
1759-MGGGB,Male,0,Yes,No,33,Yes,Yes,No,No internet service,No internet service,No internet service,No internet service,No internet service,No internet service,One year,Yes,Credit card (automatic),62.12,2099.8,No,2024-12-24
5708-CUCDZ,Male,0,Yes,No,60,Yes,Yes,DSL,Yes,No,No,No,Yes,Yes,One year,Yes,Bank transfer (automatic),133.72,8246.25,Yes,2024-12-24
4822-NPEBF,Male,0,Yes,No,24,Yes,Yes,Fiber optic,Yes,Yes,Yes,Yes,Yes,Yes,One year,Yes,Bank transfer (automatic),203.93,5030.37,No,2024-12-24
3742-DGQMU,Female,0,Yes,No,43,Yes,No,Fiber optic,Yes,No,Yes,No,Yes,Yes,Two year,Yes,Bank transfer (automatic),156.19,6882.9,Yes,2024-12-24
8144-XUURE,Female,1,Yes,No,44,Yes,Yes,DSL,No,Yes,Yes,No,Yes,Yes,One year,No,Mailed check,150.66,6500.46,Yes,2024-12-24
9202-SAWNG,Female,1,Yes,No,36,Yes,No,Fiber optic,No,No,Yes,Yes,No,Yes,One year,Yes,Mailed check,159.63,5855.21,Yes,2024-12-24
4303-ULHHX,Female,0,Yes,No,46,No,No phone service,Fiber optic,Yes,Yes,Yes,No,Yes,Yes,Month-to-month,Yes,Credit card (automatic),170.29,7630.75,Yes,2024-12-24
2574-RIEAS,Female,0,Yes,No,62,Yes,Yes,Fiber optic,No,Yes,No,No,No,Yes,Month-to-month,Yes,Mailed check,187.52,11723.47,No,2024-12-24
7856-SAMBJ,Female,0,Yes,No,13,Yes,Yes,Fiber optic,No,No,No,No,Yes,Yes,Month-to-month,No,Credit card (automatic),171.62,2248.43,No,2024-12-24
5284-NVMQE,Female,0,Yes,No,25,Yes,Yes,Fiber optic,No,No,No,Yes,Yes,Yes,One year,Yes,Credit card (automatic),185.61,4573.83,No,2024-12-24
3316-ZDKAE,Female,0,No,No,17,Yes,No,Fiber optic,Yes,Yes,Yes,No,No,Yes,One year,Yes,Credit card (automatic),157.51,2720.31,No,2024-12-24
2865-QSDMH,Male,0,Yes,No,24,Yes,Yes,Fiber optic,Yes,Yes,Yes,No,Yes,No,One year,Yes,Bank transfer (automatic),175.41,4205.35,No,2024-12-24
4024-TPGAY,Female,0,Yes,No,32,Yes,Yes,Fiber optic,Yes,No,Yes,No,Yes,Yes,Two year,No,Bank transfer (automatic),177.6,5803.1,No,2024-12-24
3000-BMSQZ,Female,0,Yes,No,35,Yes,No,Fiber optic,No,Yes,No,Yes,Yes,Yes,One year,Yes,Credit card (automatic),171.29,5988.41,No,2024-12-24
5174-HDYUH,Male,0,No,No,33,Yes,Yes,Fiber optic,Yes,No,Yes,No,Yes,No,Month-to-month,Yes,Electronic check,185.23,5991.16,Yes,2024-12-24
3027-FNQDM,Female,0,Yes,No,58,No,No phone service,Fiber optic,No,Yes,Yes,No,Yes,Yes,One year,Yes,Bank transfer (automatic),142.59,8082.08,No,2024-12-24
2376-FYACR,Male,0,Yes,No,24,Yes,No,Fiber optic,No,No,No,Yes,Yes,Yes,Month-to-month,Yes,Credit card (automatic),168.57,4015.09,No,2024-12-24
6998-FQSKM,Male,0,No,No,46,Yes,Yes,Fiber optic,No,No,Yes,No,Yes,Yes,One year,No,Bank transfer (automatic),175.42,7835.42,Yes,2024-12-24
8357-EMYFP,Female,0,Yes,No,27,Yes,No,No,No internet service,No internet service,No internet service,No internet service,No internet service,No internet service,One year,No,Credit card (automatic),56.24,1494.77,No,2024-12-24
2478-FXWAS,Female,0,No,No,60,Yes,Yes,Fiber optic,No,Yes,No,No,No,Yes,Month-to-month,No,Bank transfer (automatic),173.02,10573.73,No,2024-12-24
8698-BEIOM,Male,0,No,No,47,Yes,Yes,DSL,No,No,Yes,Yes,Yes,Yes,Month-to-month,Yes,Bank transfer (automatic),158.69,7583.12,Yes,2024-12-24
7952-TWJAC,Female,1,Yes,No,30,Yes,No,Fiber optic,Yes,No,No,Yes,Yes,Yes,Month-to-month,Yes,Mailed check,170.57,5006.14,No,2024-12-25
8469-EHGFA,Male,0,No,Yes,23,Yes,Yes,Fiber optic,Yes,Yes,Yes,No,Yes,No,One year,Yes,Electronic check,186.47,4216.09,Yes,2024-12-25
9141-SLWNN,Female,0,No,No,45,Yes,Yes,No,No internet service,No internet service,No internet service,No internet service,No internet service,No internet service,Month-to-month,Yes,Mailed check,60.64,2727.58,Yes,2024-12-25
2412-GMPPE,Female,0,Yes,No,49,Yes,Yes,Fiber optic,No,Yes,Yes,Yes,Yes,Yes,Two year,No,Bank transfer (automatic),178.99,8871.11,No,2024-12-25
6720-THGMM,Female,0,Yes,No,53,Yes,No,Fiber optic,Yes,Yes,No,Yes,Yes,Yes,One year,Yes,Credit card (automatic),185.18,9844.58,No,2024-12-25
8711-ILHCP,Female,0,Yes,Yes,11,Yes,No,No,No internet service,No internet service,No internet service,No internet service,No internet service,No internet service,Two year,Yes,Mailed check,34.13,380.32,No,2024-12-25
4765-RYJLG,Female,0,Yes,No,26,Yes,No,Fiber optic,Yes,Yes,No,No,Yes,Yes,One year,Yes,Mailed check,164.91,4175.82,No,2024-12-25
5087-ZSIXE,Male,0,Yes,Yes,50,Yes,Yes,No,No internet service,No internet service,No internet service,No internet service,No internet service,No internet service,One year,Yes,Credit card (automatic),73.23,3705.0,No,2024-12-25
2219-XSCSC,Female,0,No,No,55,Yes,Yes,DSL,No,Yes,No,No,Yes,No,Two year,Yes,Bank transfer (automatic),121.47,6750.88,No,2024-12-25
2566-BHHTC,Female,0,Yes,No,42,Yes,Yes,Fiber optic,Yes,Yes,No,No,Yes,Yes,Month-to-month,No,Electronic check,205.47,8415.67,Yes,2024-12-25
5806-FFJKF,Male,0,No,Yes,49,Yes,No,Fiber optic,Yes,Yes,No,Yes,Yes,Yes,Month-to-month,Yes,Bank transfer (automatic),194.96,9658.66,No,2024-12-25
9445-ROWSJ,Male,1,No,No,46,Yes,No,Fiber optic,Yes,No,No,No,No,Yes,One year,Yes,Electronic check,142.57,6728.69,No,2024-12-25
4785-BBFCF,Female,0,No,No,52,Yes,No,Fiber optic,Yes,Yes,Yes,Yes,Yes,Yes,Month-to-month,Yes,Credit card (automatic),212.41,10732.8,No,2024-12-25
2948-VBPHO,Female,0,Yes,No,44,No,No phone service,Fiber optic,Yes,Yes,Yes,Yes,Yes,Yes,Two year,Yes,Bank transfer (automatic),153.18,6781.7,No,2024-12-25
8536-IVDXY,Male,0,Yes,No,54,Yes,Yes,Fiber optic,Yes,Yes,Yes,Yes,Yes,Yes,One year,No,Mailed check,203.43,11100.64,Yes,2024-12-25
1254-VUWRH,Female,0,Yes,No,35,No,No phone service,DSL,No,Yes,Yes,Yes,No,Yes,One year,No,Electronic check,107.71,3695.65,No,2024-12-25
4701-PAZPG,Female,0,Yes,No,26,Yes,Yes,Fiber optic,Yes,Yes,Yes,Yes,Yes,Yes,Two year,Yes,Electronic check,186.1,4867.36,No,2024-12-25
6545-BGBVL,Male,1,No,No,34,Yes,No,Fiber optic,Yes,No,Yes,Yes,Yes,Yes,Month-to-month,Yes,Electronic check,199.77,6634.47,Yes,2024-12-25
4498-RVUJD,Female,0,Yes,Yes,32,Yes,Yes,DSL,Yes,Yes,Yes,No,Yes,No,One year,Yes,Electronic check,152.92,4787.54,No,2024-12-25
4540-ZICCA,Female,0,Yes,Yes,50,Yes,Yes,Fiber optic,No,No,Yes,No,Yes,Yes,Month-to-month,Yes,Mailed check,180.56,8788.8,Yes,2024-12-25
8292-BNZHG,Male,0,Yes,Yes,53,Yes,Yes,DSL,No,Yes,No,No,Yes,Yes,Month-to-month,Yes,Bank transfer (automatic),146.73,7988.36,No,2024-12-25
2205-LXNQW,Male,0,No,No,60,Yes,No,Fiber optic,No,Yes,No,Yes,No,Yes,Month-to-month,No,Bank transfer (automatic),172.34,10417.31,Yes,2024-12-25
7278-XEPRE,Female,0,No,Yes,19,Yes,No,Fiber optic,No,No,Yes,No,Yes,Yes,One year,No,Credit card (automatic),157.73,2957.65,No,2024-12-25
8584-AEJYW,Female,1,No,No,26,Yes,No,DSL,Yes,Yes,Yes,No,Yes,Yes,One year,Yes,Mailed check,136.26,3580.43,No,2024-12-25
3602-VXREY,Female,0,Yes,No,63,Yes,No,Fiber optic,No,Yes,Yes,No,Yes,Yes,One year,Yes,Mailed check,163.88,10627.91,Yes,2024-12-25
6023-XQSVK,Male,0,No,No,63,Yes,Yes,Fiber optic,No,No,No,No,Yes,Yes,Month-to-month,Yes,Electronic check,188.45,11801.08,Yes,2024-12-25
7465-GUNAL,Female,0,Yes,No,19,Yes,No,Fiber optic,Yes,Yes,Yes,Yes,Yes,Yes,One year,Yes,Bank transfer (automatic),188.27,3620.62,No,2024-12-25
5231-JHIXU,Female,0,No,No,37,Yes,No,Fiber optic,No,No,Yes,Yes,Yes,Yes,One year,Yes,Credit card (automatic),173.46,6560.74,No,2024-12-25
5268-FASJB,Female,0,Yes,No,59,Yes,Yes,Fiber optic,Yes,Yes,Yes,Yes,Yes,Yes,One year,No,Credit card (automatic),198.68,11806.69,Yes,2024-12-25
4624-ZDLJX,Female,0,No,No,46,Yes,No,No,No internet service,No internet service,No internet service,No internet service,No internet service,No internet service,Month-to-month,Yes,Mailed check,33.94,1539.17,Yes,2024-12-25
3125-EPPQO,Female,0,No,No,22,Yes,No,Fiber optic,Yes,Yes,No,Yes,No,Yes,Two year,Yes,Electronic check,157.54,3471.42,No,2024-12-25
2327-HXABC,Female,0,No,Yes,41,Yes,No,Fiber optic,No,Yes,Yes,No,Yes,Yes,One year,Yes,Credit card (automatic),169.13,6971.74,No,2024-12-25
5081-XTFRE,Male,0,Yes,No,33,Yes,Yes,Fiber optic,Yes,Yes,Yes,Yes,Yes,Yes,One year,No,Credit card (automatic),212.57,7038.18,No,2024-12-25
6492-DLXUF,Female,0,No,No,60,No,No phone service,Fiber optic,Yes,No,Yes,No,Yes,No,One year,No,Mailed check,136.28,8011.8,No,2024-12-25
6791-BJXSC,Male,0,No,No,54,Yes,No,Fiber optic,Yes,No,No,No,Yes,Yes,One year,No,Credit card (automatic),155.81,8510.14,Yes,2024-12-25
5999-UUYBG,Female,0,Yes,No,35,Yes,No,No,No internet service,No internet service,No internet service,No internet service,No internet service,No internet service,Month-to-month,No,Credit card (automatic),44.35,1540.52,No,2024-12-25
9396-EREFD,Female,0,Yes,Yes,40,Yes,Yes,No,No internet service,No internet service,No internet service,No internet service,No internet service,No internet service,Two year,Yes,Electronic check,51.09,2025.45,No,2024-12-25
2912-GYSXO,Female,0,Yes,Yes,61,Yes,No,Fiber optic,Yes,No,No,No,Yes,Yes,Two year,No,Mailed check,131.98,8164.15,No,2024-12-25
2107-MQQMO,Male,0,Yes,No,26,Yes,Yes,DSL,No,Yes,Yes,Yes,Yes,Yes,Two year,Yes,Mailed check,141.9,3779.01,No,2024-12-25
8047-UYVXS,Male,0,Yes,No,62,Yes,Yes,Fiber optic,No,Yes,No,No,Yes,Yes,Month-to-month,Yes,Mailed check,196.8,12184.38,Yes,2024-12-25
8237-VNAYK,Male,0,Yes,No,49,Yes,No,Fiber optic,No,Yes,Yes,No,Yes,Yes,Month-to-month,Yes,Mailed check,176.57,8666.77,No,2024-12-25
4591-HQEAB,Female,0,Yes,Yes,42,Yes,No,DSL,No,Yes,No,Yes,Yes,Yes,Two year,Yes,Bank transfer (automatic),118.62,5056.73,No,2024-12-25
4417-WYPLB,Female,0,Yes,No,24,Yes,No,Fiber optic,Yes,No,Yes,No,Yes,Yes,One year,Yes,Mailed check,169.55,4158.41,Yes,2024-12-26
4647-IYBRH,Female,0,Yes,No,29,Yes,Yes,Fiber optic,No,No,No,No,Yes,Yes,Month-to-month,No,Credit card (automatic),180.51,5377.92,Yes,2024-12-26
8362-QCAJA,Male,0,Yes,No,35,Yes,No,DSL,Yes,Yes,No,Yes,Yes,Yes,One year,Yes,Credit card (automatic),137.78,4766.32,Yes,2024-12-26
4178-GYNKY,Female,0,Yes,No,13,Yes,Yes,DSL,Yes,Yes,No,No,Yes,Yes,One year,Yes,Bank transfer (automatic),150.11,1992.07,No,2024-12-26
2116-SVMEE,Male,0,Yes,No,45,Yes,No,DSL,Yes,Yes,Yes,Yes,Yes,Yes,One year,No,Mailed check,153.62,6783.93,No,2024-12-26
1781-CZBBO,Female,0,Yes,No,50,Yes,No,DSL,No,Yes,Yes,No,No,Yes,One year,Yes,Mailed check,124.45,6208.81,No,2024-12-26
5830-BFOIM,Male,0,No,No,69,Yes,No,Fiber optic,Yes,Yes,Yes,No,Yes,Yes,Two year,Yes,Credit card (automatic),151.54,10320.62,Yes,2024-12-26
3103-QAXVA,Male,0,Yes,No,51,Yes,Yes,Fiber optic,Yes,Yes,Yes,Yes,No,No,Month-to-month,Yes,Mailed check,188.83,9556.27,Yes,2024-12-26
4689-VZAVM,Female,0,No,No,31,Yes,Yes,No,No internet service,No internet service,No internet service,No internet service,No internet service,No internet service,Month-to-month,Yes,Credit card (automatic),67.59,2085.75,Yes,2024-12-26
5243-KNTNS,Male,0,No,No,66,No,No phone service,Fiber optic,Yes,Yes,Yes,Yes,Yes,Yes,One year,Yes,Mailed check,166.37,11185.7,No,2024-12-26
7995-FRYDL,Female,0,No,No,67,Yes,No,No,No internet service,No internet service,No internet service,No internet service,No internet service,No internet service,Two year,Yes,Bank transfer (automatic),34.11,2350.48,No,2024-12-26
5745-FERKN,Male,0,No,No,6,Yes,No,Fiber optic,Yes,Yes,No,No,Yes,Yes,One year,No,Bank transfer (automatic),179.85,1054.01,No,2024-12-26
2067-NDDHK,Female,0,No,No,47,No,No phone service,DSL,Yes,Yes,Yes,No,Yes,Yes,One year,Yes,Credit card (automatic),121.12,5558.36,Yes,2024-12-26
4972-IVWDO,Female,0,No,No,45,Yes,Yes,Fiber optic,Yes,Yes,No,No,Yes,Yes,One year,Yes,Bank transfer (automatic),183.59,8413.97,No,2024-12-26
9409-JDGZC,Female,0,No,No,24,Yes,Yes,No,No internet service,No internet service,No internet service,No internet service,No internet service,No internet service,One year,Yes,Bank transfer (automatic),52.74,1247.66,No,2024-12-26
8047-EORQG,Male,0,Yes,No,36,Yes,No,Fiber optic,Yes,Yes,No,Yes,Yes,Yes,Month-to-month,Yes,Credit card (automatic),186.85,6637.59,Yes,2024-12-26
8895-DWUGH,Male,0,No,No,27,Yes,No,Fiber optic,Yes,No,Yes,Yes,Yes,Yes,Month-to-month,Yes,Electronic check,188.21,5062.42,No,2024-12-26
5672-NOZBA,Female,0,Yes,Yes,40,Yes,Yes,DSL,Yes,No,Yes,Yes,Yes,Yes,One year,Yes,Bank transfer (automatic),154.33,6040.73,Yes,2024-12-26
6979-WDTLH,Female,0,No,No,38,Yes,No,Fiber optic,Yes,No,Yes,Yes,Yes,Yes,One year,Yes,Electronic check,171.0,6585.78,No,2024-12-26
2743-YEZGB,Female,0,Yes,No,48,Yes,Yes,No,No internet service,No internet service,No internet service,No internet service,No internet service,No internet service,One year,No,Electronic check,71.92,3468.85,Yes,2024-12-26
1646-JNLPM,Female,0,Yes,No,59,Yes,No,No,No internet service,No internet service,No internet service,No internet service,No internet service,No internet service,One year,Yes,Bank transfer (automatic),38.29,2218.37,No,2024-12-26
7039-YDNKV,Female,0,Yes,Yes,52,Yes,Yes,No,No internet service,No internet service,No internet service,No internet service,No internet service,No internet service,Month-to-month,Yes,Credit card (automatic),57.36,3058.87,No,2024-12-26
1934-TDLNT,Female,0,Yes,Yes,63,Yes,Yes,Fiber optic,No,Yes,Yes,No,Yes,Yes,Two year,Yes,Credit card (automatic),173.02,10759.91,No,2024-12-26
1339-UKTXH,Female,1,No,No,43,Yes,Yes,Fiber optic,No,No,Yes,Yes,No,Yes,Month-to-month,No,Mailed check,177.81,7625.89,No,2024-12-26
7060-DTZFH,Male,0,Yes,No,48,No,No phone service,Fiber optic,Yes,Yes,Yes,No,Yes,Yes,Month-to-month,Yes,Mailed check,159.48,7831.43,Yes,2024-12-26
3902-NNCQZ,Female,0,Yes,No,61,Yes,No,Fiber optic,Yes,No,Yes,No,Yes,Yes,Two year,No,Electronic check,159.04,9947.63,Yes,2024-12-26
4257-ETXJI,Female,0,Yes,No,57,Yes,Yes,Fiber optic,No,No,Yes,Yes,Yes,Yes,Two year,Yes,Electronic check,170.05,9591.05,Yes,2024-12-26
1169-DBLRZ,Male,0,No,Yes,46,Yes,No,Fiber optic,No,Yes,Yes,No,Yes,Yes,Two year,No,Mailed check,156.74,7368.82,Yes,2024-12-26
2328-ZZXHG,Female,0,Yes,No,34,Yes,Yes,No,No internet service,No internet service,No internet service,No internet service,No internet service,No internet service,Two year,No,Credit card (automatic),59.38,2007.04,No,2024-12-26
6350-QKTXZ,Female,0,No,No,58,Yes,No,Fiber optic,Yes,No,Yes,No,Yes,Yes,Month-to-month,Yes,Credit card (automatic),176.56,9995.8,No,2024-12-26
6654-FVWAU,Male,0,Yes,No,25,Yes,Yes,DSL,Yes,No,Yes,No,Yes,Yes,Month-to-month,No,Mailed check,151.14,3861.98,Yes,2024-12-26
4821-QWOCZ,Female,0,Yes,No,31,Yes,Yes,Fiber optic,Yes,No,No,Yes,Yes,No,One year,Yes,Credit card (automatic),180.08,5708.16,No,2024-12-26
1522-FZIJI,Female,0,No,No,22,Yes,No,Fiber optic,Yes,Yes,Yes,No,Yes,Yes,Two year,Yes,Mailed check,165.49,3736.16,No,2024-12-26
3318-UUSIX,Female,0,Yes,No,45,Yes,Yes,Fiber optic,No,No,Yes,Yes,Yes,Yes,Month-to-month,Yes,Credit card (automatic),206.23,9531.42,No,2024-12-26
8687-RJPQI,Male,0,Yes,No,46,Yes,No,No,No internet service,No internet service,No internet service,No internet service,No internet service,No internet service,One year,Yes,Bank transfer (automatic),41.77,1928.68,No,2024-12-26
1883-IQHMM,Female,0,No,No,25,Yes,Yes,Fiber optic,No,Yes,Yes,No,No,Yes,One year,Yes,Electronic check,179.77,4401.63,No,2024-12-26
2452-JVQLK,Male,0,No,Yes,40,Yes,Yes,No,No internet service,No internet service,No internet service,No internet service,No internet service,No internet service,Month-to-month,Yes,Mailed check,55.68,2262.82,No,2024-12-26
7787-SYMMI,Male,0,No,No,64,Yes,No,DSL,No,No,Yes,No,Yes,Yes,Two year,Yes,Bank transfer (automatic),105.12,6754.96,No,2024-12-26
2755-MJHDT,Male,0,Yes,No,57,Yes,Yes,Fiber optic,Yes,Yes,Yes,Yes,Yes,Yes,One year,Yes,Bank transfer (automatic),203.08,11756.17,No,2024-12-26
5829-JXJII,Female,0,Yes,No,46,No,No phone service,Fiber optic,No,Yes,No,Yes,Yes,Yes,Two year,Yes,Credit card (automatic),132.04,6096.42,No,2024-12-26
2655-VRBVE,Female,0,No,No,17,Yes,No,No,No internet service,No internet service,No internet service,No internet service,No internet service,No internet service,Two year,Yes,Credit card (automatic),33.36,557.59,No,2024-12-26
4731-RQRAI,Male,0,No,No,13,Yes,Yes,Fiber optic,No,Yes,Yes,Yes,Yes,Yes,Two year,No,Electronic check,191.51,2540.0,No,2024-12-26
8654-FHGYA,Male,0,No,No,60,Yes,Yes,Fiber optic,Yes,Yes,Yes,No,Yes,Yes,One year,No,Mailed check,200.37,12060.28,Yes,2024-12-26
7871-DOVZX,Female,0,Yes,Yes,21,Yes,Yes,DSL,Yes,No,Yes,Yes,Yes,Yes,One year,Yes,Electronic check,169.78,3543.79,Yes,2024-12-26
9484-IDFUB,Male,0,Yes,Yes,52,Yes,No,DSL,No,Yes,Yes,No,Yes,Yes,One year,Yes,Mailed check,132.19,6917.2,No,2024-12-27
9395-EJYNO,Male,1,No,Yes,27,Yes,Yes,No,No internet service,No internet service,No internet service,No internet service,No internet service,No internet service,Month-to-month,Yes,Electronic check,63.34,1706.23,Yes,2024-12-27
8712-PXCJQ,Male,0,Yes,No,45,Yes,Yes,Fiber optic,No,Yes,Yes,Yes,Yes,Yes,Month-to-month,Yes,Credit card (automatic),204.5,9083.57,Yes,2024-12-27
5860-XKOUO,Female,0,Yes,No,61,Yes,Yes,Fiber optic,No,Yes,No,No,Yes,Yes,One year,Yes,Credit card (automatic),180.76,11133.05,Yes,2024-12-27
1970-FRIPR,Male,0,No,No,26,Yes,No,Fiber optic,No,Yes,Yes,Yes,Yes,Yes,One year,Yes,Mailed check,175.98,4625.37,No,2024-12-27
8255-MCLKZ,Male,0,No,No,48,Yes,No,DSL,No,Yes,Yes,No,Yes,Yes,Month-to-month,No,Bank transfer (automatic),141.47,6932.26,No,2024-12-27
3234-MFGHG,Male,0,Yes,No,51,Yes,Yes,No,No internet service,No internet service,No internet service,No internet service,No internet service,No internet service,One year,Yes,Mailed check,56.45,2854.88,No,2024-12-27
9474-EZXFQ,Male,1,Yes,No,21,Yes,No,Fiber optic,Yes,Yes,Yes,Yes,Yes,Yes,One year,Yes,Bank transfer (automatic),195.44,4091.8,No,2024-12-27
4221-XJOXD,Male,0,Yes,Yes,39,No,No phone service,DSL,No,Yes,Yes,No,Yes,Yes,Two year,Yes,Mailed check,95.66,3825.75,No,2024-12-27
9458-YEWPI,Female,0,Yes,No,44,Yes,Yes,Fiber optic,No,No,Yes,No,No,Yes,Month-to-month,No,Credit card (automatic),177.64,7756.78,Yes,2024-12-27
4044-QRLOI,Male,0,No,No,49,Yes,No,No,No internet service,No internet service,No internet service,No internet service,No internet service,No internet service,Month-to-month,Yes,Bank transfer (automatic),39.38,1932.39,Yes,2024-12-27
7389-IAZGT,Female,0,No,No,22,No,No phone service,Fiber optic,Yes,No,Yes,No,Yes,Yes,One year,Yes,Bank transfer (automatic),155.33,3315.23,No,2024-12-27
8762-LDUFM,Female,0,No,No,47,Yes,No,No,No internet service,No internet service,No internet service,No internet service,No internet service,No internet service,One year,Yes,Bank transfer (automatic),43.0,2002.41,No,2024-12-27
2896-LQIKT,Male,0,Yes,No,42,Yes,No,DSL,No,Yes,No,Yes,No,Yes,One year,Yes,Bank transfer (automatic),116.97,4990.68,No,2024-12-27
2344-DOYIZ,Female,0,Yes,No,34,Yes,No,DSL,Yes,No,No,Yes,Yes,Yes,One year,Yes,Bank transfer (automatic),123.51,4118.49,No,2024-12-27
4899-SJZWL,Male,0,No,No,62,Yes,Yes,Fiber optic,No,Yes,Yes,Yes,Yes,Yes,One year,No,Bank transfer (automatic),193.63,11971.64,No,2024-12-27
8998-AMLRA,Male,0,Yes,No,22,Yes,No,Fiber optic,Yes,No,Yes,No,No,No,Two year,No,Credit card (automatic),134.71,3002.9,No,2024-12-27
8676-OZRNK,Male,0,Yes,No,45,Yes,No,Fiber optic,Yes,No,No,Yes,Yes,Yes,Two year,Yes,Mailed check,154.68,6840.66,No,2024-12-27
9337-RQIUS,Female,1,Yes,No,59,Yes,No,Fiber optic,Yes,No,Yes,No,Yes,Yes,One year,Yes,Mailed check,170.4,9888.64,No,2024-12-27
8698-JAYQT,Male,0,Yes,Yes,18,Yes,Yes,Fiber optic,Yes,Yes,No,Yes,Yes,Yes,One year,Yes,Credit card (automatic),197.48,3559.9,No,2024-12-27
3249-XDJPH,Female,0,Yes,Yes,50,Yes,No,No,No internet service,No internet service,No internet service,No internet service,No internet service,No internet service,One year,Yes,Electronic check,47.46,2311.81,Yes,2024-12-27
6299-IQHOR,Male,1,Yes,Yes,43,No,No phone service,No,No internet service,No internet service,No internet service,No internet service,No internet service,No internet service,One year,No,Mailed check,19.28,849.09,No,2024-12-27
1394-PFAXW,Male,0,No,No,28,Yes,Yes,Fiber optic,Yes,No,No,No,Yes,No,One year,Yes,Bank transfer (automatic),164.25,4710.47,No,2024-12-27
4211-VGKQO,Female,0,No,No,44,Yes,Yes,Fiber optic,Yes,No,Yes,No,Yes,Yes,Two year,Yes,Credit card (automatic),158.3,6949.36,Yes,2024-12-27
7772-NZNAI,Male,0,Yes,Yes,49,Yes,Yes,DSL,Yes,Yes,Yes,No,Yes,Yes,One year,Yes,Electronic check,158.38,7962.7,No,2024-12-27
8357-NZKII,Female,0,No,Yes,63,Yes,Yes,No,No internet service,No internet service,No internet service,No internet service,No internet service,No internet service,Month-to-month,Yes,Credit card (automatic),63.4,3908.33,Yes,2024-12-27
2544-CDTIU,Female,0,No,No,30,Yes,No,No,No internet service,No internet service,No internet service,No internet service,No internet service,No internet service,Month-to-month,No,Mailed check,50.04,1462.5,No,2024-12-27
9792-IQLXJ,Male,0,Yes,No,18,Yes,Yes,Fiber optic,Yes,Yes,Yes,Yes,No,Yes,Two year,Yes,Electronic check,186.97,3442.7,No,2024-12-27
2460-AMZSN,Female,1,Yes,Yes,69,Yes,Yes,Fiber optic,Yes,No,Yes,No,Yes,Yes,One year,No,Credit card (automatic),184.43,12647.53,No,2024-12-27
8129-LKJZC,Female,0,No,No,46,Yes,Yes,DSL,Yes,Yes,No,Yes,Yes,Yes,One year,Yes,Bank transfer (automatic),162.61,7359.01,No,2024-12-27
5782-OCJOK,Female,0,No,No,45,Yes,Yes,No,No internet service,No internet service,No internet service,No internet service,No internet service,No internet service,One year,No,Credit card (automatic),57.01,2530.14,No,2024-12-27
8780-EHUVP,Male,0,Yes,No,35,Yes,No,Fiber optic,No,Yes,No,Yes,Yes,Yes,One year,No,Credit card (automatic),175.89,6153.03,No,2024-12-27
3302-WKOAC,Female,0,Yes,No,14,Yes,No,DSL,No,Yes,Yes,No,Yes,Yes,Two year,No,Credit card (automatic),117.48,1601.85,No,2024-12-27
8418-MOXUW,Female,1,No,No,39,Yes,No,DSL,Yes,Yes,No,No,Yes,Yes,One year,Yes,Bank transfer (automatic),132.82,5288.19,Yes,2024-12-28
6338-MKYLB,Male,0,No,No,10,No,No phone service,Fiber optic,Yes,Yes,Yes,Yes,Yes,No,One year,Yes,Credit card (automatic),154.28,1538.82,No,2024-12-28
3075-LSXEE,Female,0,Yes,No,65,Yes,No,DSL,Yes,No,Yes,Yes,Yes,Yes,One year,Yes,Credit card (automatic),145.89,9747.52,No,2024-12-28
6281-FENYP,Female,0,No,No,46,Yes,Yes,Fiber optic,No,Yes,No,Yes,Yes,Yes,Two year,No,Mailed check,160.84,7374.36,No,2024-12-28
5930-YFUJL,Female,0,No,No,31,Yes,Yes,Fiber optic,Yes,Yes,No,Yes,Yes,Yes,One year,No,Bank transfer (automatic),196.08,5924.11,No,2024-12-28
9383-WOWYB,Male,1,No,No,41,Yes,No,Fiber optic,Yes,No,No,Yes,Yes,Yes,One year,Yes,Bank transfer (automatic),161.68,6515.3,Yes,2024-12-28
5572-KWDER,Female,0,Yes,No,61,Yes,No,Fiber optic,Yes,Yes,Yes,Yes,Yes,Yes,Two year,No,Bank transfer (automatic),178.64,11069.79,No,2024-12-28
4571-PAQXB,Female,0,No,No,56,Yes,Yes,Fiber optic,Yes,Yes,No,Yes,Yes,Yes,One year,Yes,Bank transfer (automatic),193.6,11081.45,No,2024-12-28
3425-AKMHL,Male,1,Yes,No,60,Yes,Yes,Fiber optic,Yes,Yes,No,Yes,Yes,Yes,Two year,Yes,Mailed check,180.46,11134.53,No,2024-12-28
8505-QASRU,Female,0,Yes,No,20,Yes,Yes,Fiber optic,No,No,No,No,Yes,Yes,Two year,No,Credit card (automatic),150.52,2990.08,No,2024-12-28
9739-QXMKP,Male,1,No,No,14,Yes,Yes,Fiber optic,Yes,Yes,Yes,Yes,Yes,No,Month-to-month,Yes,Bank transfer (automatic),201.95,2748.86,Yes,2024-12-28
2072-INXEM,Female,0,No,No,36,Yes,Yes,Fiber optic,Yes,No,Yes,No,Yes,Yes,One year,Yes,Electronic check,180.32,6607.55,Yes,2024-12-28
5158-TNPGH,Male,0,No,No,23,Yes,Yes,Fiber optic,No,No,No,Yes,Yes,Yes,One year,Yes,Bank transfer (automatic),179.85,4048.43,No,2024-12-28
7946-EARDC,Female,0,Yes,No,53,Yes,Yes,Fiber optic,No,No,Yes,No,Yes,No,Two year,Yes,Bank transfer (automatic),149.95,8166.25,Yes,2024-12-28
1563-VMWIZ,Male,0,Yes,Yes,43,Yes,No,Fiber optic,Yes,Yes,No,Yes,Yes,Yes,One year,Yes,Credit card (automatic),182.23,7880.42,No,2024-12-28
5719-UVYAO,Male,0,No,No,20,Yes,Yes,Fiber optic,No,Yes,No,Yes,Yes,Yes,Two year,Yes,Bank transfer (automatic),162.03,3168.63,Yes,2024-12-28
1803-HWFWJ,Male,0,Yes,No,21,Yes,No,Fiber optic,Yes,No,Yes,No,Yes,Yes,Month-to-month,Yes,Electronic check,182.78,3860.26,Yes,2024-12-28
9898-AGZQO,Male,0,Yes,No,28,No,No phone service,Fiber optic,Yes,Yes,No,No,No,Yes,Two year,Yes,Electronic check,125.23,3409.18,Yes,2024-12-28
3099-TGUEL,Male,0,Yes,No,39,Yes,No,Fiber optic,No,Yes,Yes,No,Yes,Yes,One year,No,Bank transfer (automatic),175.36,6903.0,No,2024-12-28
2672-QZOVN,Male,0,Yes,Yes,38,Yes,No,Fiber optic,No,Yes,No,Yes,Yes,Yes,Two year,No,Bank transfer (automatic),154.63,5790.36,Yes,2024-12-28
7979-VZOEB,Female,1,No,Yes,54,Yes,Yes,Fiber optic,No,Yes,Yes,Yes,Yes,No,One year,Yes,Electronic check,181.35,9734.04,No,2024-12-28
9137-IYGZC,Female,0,Yes,No,24,Yes,No,DSL,No,Yes,No,Yes,Yes,Yes,Two year,No,Bank transfer (automatic),118.09,2885.3,Yes,2024-12-28
6743-FUTKB,Female,0,Yes,Yes,39,Yes,Yes,Fiber optic,Yes,No,Yes,No,Yes,Yes,Month-to-month,Yes,Bank transfer (automatic),205.53,8002.31,Yes,2024-12-28
9463-WILBO,Male,0,Yes,Yes,51,Yes,No,Fiber optic,No,No,Yes,No,No,Yes,Month-to-month,Yes,Credit card (automatic),161.54,8253.53,Yes,2024-12-28
2601-MPGOV,Female,0,No,Yes,40,Yes,No,DSL,Yes,Yes,Yes,No,Yes,Yes,Two year,No,Credit card (automatic),124.88,5076.31,Yes,2024-12-28
1801-ESSGH,Male,0,No,No,65,Yes,Yes,Fiber optic,No,No,Yes,No,Yes,Yes,Two year,No,Bank transfer (automatic),159.89,10134.72,Yes,2024-12-28
9682-CBOTJ,Female,0,Yes,No,50,Yes,No,Fiber optic,Yes,Yes,No,Yes,Yes,Yes,Two year,No,Mailed check,165.87,8103.35,No,2024-12-28
3869-NCEQN,Male,0,No,No,54,Yes,No,Fiber optic,No,Yes,Yes,No,Yes,No,Two year,Yes,Electronic check,142.56,7841.23,Yes,2024-12-28
7249-MWYKC,Female,0,Yes,No,57,Yes,Yes,Fiber optic,Yes,No,No,No,Yes,Yes,Two year,No,Mailed check,149.63,8332.38,Yes,2024-12-28
5706-TPCYR,Female,0,No,No,39,Yes,No,Fiber optic,No,No,Yes,Yes,Yes,Yes,Month-to-month,Yes,Bank transfer (automatic),182.33,6950.49,Yes,2024-12-28
4026-YXEIW,Male,0,Yes,No,54,Yes,No,Fiber optic,No,Yes,Yes,No,Yes,No,Two year,No,Mailed check,136.8,7475.64,Yes,2024-12-28
2183-YCDRP,Male,0,No,No,6,Yes,No,Fiber optic,Yes,No,Yes,No,Yes,Yes,Month-to-month,No,Mailed check,176.76,1031.37,No,2024-12-28
6390-IJJBJ,Male,0,Yes,Yes,51,Yes,Yes,DSL,Yes,Yes,Yes,No,Yes,Yes,Two year,Yes,Credit card (automatic),135.56,6979.61,No,2024-12-28
7980-TWSPZ,Female,0,Yes,No,30,Yes,Yes,Fiber optic,Yes,Yes,Yes,Yes,Yes,Yes,Month-to-month,Yes,Credit card (automatic),217.29,6698.88,No,2024-12-28
7980-XFFNK,Male,0,Yes,No,44,Yes,Yes,Fiber optic,No,Yes,No,No,Yes,No,Month-to-month,Yes,Electronic check,171.77,7464.49,Yes,2024-12-28
1028-SDJBL,Male,0,No,No,63,Yes,Yes,Fiber optic,Yes,Yes,Yes,Yes,Yes,Yes,Month-to-month,Yes,Mailed check,219.59,14057.84,Yes,2024-12-28
6606-NLBMS,Male,0,No,No,17,Yes,No,DSL,Yes,Yes,Yes,No,Yes,Yes,Two year,No,Bank transfer (automatic),138.29,2363.7,No,2024-12-28
6470-XEHLL,Male,0,No,No,38,Yes,Yes,No,No internet service,No internet service,No internet service,No internet service,No internet service,No internet service,Month-to-month,Yes,Mailed check,74.09,2834.24,Yes,2024-12-28
8572-BXKWW,Female,1,No,No,30,Yes,No,DSL,Yes,Yes,Yes,No,Yes,Yes,Two year,No,Credit card (automatic),126.83,3860.17,No,2024-12-28
1466-KXMRR,Male,0,Yes,No,25,Yes,No,Fiber optic,Yes,Yes,Yes,Yes,Yes,Yes,Two year,Yes,Bank transfer (automatic),175.68,4323.38,Yes,2024-12-28
2627-TWEGG,Male,0,Yes,Yes,53,Yes,Yes,Fiber optic,No,No,Yes,Yes,Yes,Yes,Month-to-month,Yes,Bank transfer (automatic),210.59,11367.57,No,2024-12-28
1403-RTPYI,Female,0,No,No,46,Yes,Yes,Fiber optic,No,Yes,Yes,No,Yes,Yes,Month-to-month,Yes,Credit card (automatic),199.44,9147.52,Yes,2024-12-28
7306-QBMYU,Female,0,Yes,No,48,Yes,No,DSL,Yes,Yes,No,Yes,Yes,No,Two year,No,Mailed check,116.52,5614.43,No,2024-12-29
1807-BFNGM,Male,0,Yes,Yes,32,Yes,No,Fiber optic,Yes,Yes,Yes,Yes,Yes,Yes,Month-to-month,Yes,Credit card (automatic),195.32,6276.46,No,2024-12-29
4064-QMJGA,Male,0,Yes,No,16,Yes,Yes,Fiber optic,Yes,Yes,Yes,No,Yes,Yes,Two year,No,Mailed check,187.95,3000.25,No,2024-12-29
2074-EBJSU,Female,0,Yes,No,53,Yes,Yes,DSL,No,Yes,Yes,Yes,Yes,No,Month-to-month,Yes,Bank transfer (automatic),153.4,8070.41,Yes,2024-12-29
2615-XUDQO,Male,0,Yes,No,46,Yes,Yes,No,No internet service,No internet service,No internet service,No internet service,No internet service,No internet service,One year,Yes,Electronic check,62.89,2914.98,No,2024-12-29
8175-PZRPC,Male,0,No,No,32,Yes,No,Fiber optic,Yes,Yes,Yes,No,Yes,Yes,One year,Yes,Credit card (automatic),171.37,5340.38,Yes,2024-12-29
6623-YDJBI,Female,0,Yes,Yes,23,Yes,No,No,No internet service,No internet service,No internet service,No internet service,No internet service,No internet service,One year,Yes,Bank transfer (automatic),42.0,969.44,Yes,2024-12-29
7449-JAKQS,Female,0,Yes,Yes,56,Yes,No,Fiber optic,No,Yes,Yes,No,Yes,Yes,Month-to-month,No,Mailed check,182.57,9961.12,Yes,2024-12-29
4182-HATSK,Male,0,Yes,Yes,33,Yes,No,Fiber optic,No,Yes,Yes,Yes,No,No,Two year,Yes,Electronic check,134.03,4387.23,Yes,2024-12-29
9623-BJPMO,Male,0,Yes,No,60,Yes,Yes,Fiber optic,Yes,No,Yes,Yes,Yes,No,One year,Yes,Credit card (automatic),186.53,11086.31,No,2024-12-29
2023-QIWPF,Female,0,Yes,No,33,Yes,Yes,No,No internet service,No internet service,No internet service,No internet service,No internet service,No internet service,Two year,Yes,Electronic check,53.78,1722.45,Yes,2024-12-29
8522-PTLCK,Male,0,Yes,No,59,Yes,No,No,No internet service,No internet service,No internet service,No internet service,No internet service,No internet service,Month-to-month,Yes,Credit card (automatic),47.11,2705.63,Yes,2024-12-29
6936-EBPJC,Female,0,Yes,No,34,No,No phone service,DSL,Yes,Yes,No,No,Yes,Yes,Month-to-month,Yes,Mailed check,112.91,3843.63,No,2024-12-29
8760-VFQVJ,Female,0,No,No,37,Yes,Yes,Fiber optic,Yes,Yes,No,No,Yes,Yes,Month-to-month,Yes,Credit card (automatic),202.95,7646.81,Yes,2024-12-29
2199-CUMRH,Male,0,Yes,No,28,Yes,Yes,Fiber optic,Yes,Yes,Yes,Yes,Yes,Yes,Two year,No,Mailed check,190.34,5261.84,No,2024-12-29
9388-PJIAG,Female,0,No,No,17,Yes,Yes,Fiber optic,Yes,No,Yes,No,Yes,Yes,Month-to-month,Yes,Credit card (automatic),192.95,3268.87,Yes,2024-12-29
4950-TCKGQ,Female,0,No,No,52,No,No phone service,DSL,Yes,Yes,Yes,No,Yes,Yes,Two year,No,Mailed check,104.27,5349.28,No,2024-12-29
6472-BRQYL,Male,0,Yes,Yes,30,Yes,Yes,Fiber optic,No,Yes,No,Yes,No,No,Month-to-month,Yes,Bank transfer (automatic),179.2,5283.03,No,2024-12-29
2524-VLTSC,Female,0,Yes,No,24,Yes,No,DSL,Yes,Yes,Yes,No,Yes,No,One year,Yes,Electronic check,129.23,3021.16,Yes,2024-12-29
4756-GXVWD,Male,0,Yes,No,30,Yes,Yes,DSL,Yes,Yes,Yes,Yes,Yes,Yes,Two year,No,Electronic check,146.23,4376.19,Yes,2024-12-29
3623-XUZEU,Male,0,No,Yes,40,Yes,Yes,Fiber optic,No,No,Yes,No,Yes,Yes,Two year,No,Credit card (automatic),154.05,6107.3,No,2024-12-29
4032-VNXOQ,Female,0,Yes,No,36,No,No phone service,Fiber optic,Yes,Yes,No,Yes,Yes,Yes,Month-to-month,No,Credit card (automatic),182.34,6708.11,Yes,2024-12-29
9833-CDGIS,Male,0,Yes,No,19,Yes,Yes,Fiber optic,Yes,Yes,Yes,No,Yes,Yes,One year,Yes,Bank transfer (automatic),208.46,3888.4,Yes,2024-12-29
2632-CQFIZ,Female,0,Yes,No,43,Yes,Yes,Fiber optic,No,Yes,Yes,No,No,Yes,One year,Yes,Credit card (automatic),169.71,7309.07,No,2024-12-29
2093-QNRAF,Male,0,No,No,35,Yes,No,Fiber optic,Yes,Yes,No,No,Yes,Yes,One year,No,Electronic check,171.59,6098.79,No,2024-12-29
8085-KVRAR,Male,0,Yes,No,40,Yes,Yes,DSL,No,Yes,Yes,No,Yes,Yes,Two year,No,Electronic check,137.44,5640.32,No,2024-12-29
9993-ZEIDS,Female,0,No,Yes,61,Yes,No,No,No internet service,No internet service,No internet service,No internet service,No internet service,No internet service,Month-to-month,No,Mailed check,41.55,2543.01,No,2024-12-29
2560-VWLRP,Male,0,Yes,No,22,Yes,Yes,No,No internet service,No internet service,No internet service,No internet service,No internet service,No internet service,Two year,Yes,Mailed check,44.87,1009.83,No,2024-12-29
6882-VSAPT,Female,0,No,No,33,Yes,No,Fiber optic,Yes,Yes,Yes,No,Yes,Yes,One year,No,Mailed check,173.37,5803.85,No,2024-12-29
2128-IGBZO,Female,0,No,No,29,Yes,No,Fiber optic,Yes,Yes,Yes,Yes,Yes,Yes,Month-to-month,Yes,Mailed check,196.59,5531.16,No,2024-12-29
5336-HWUTX,Male,0,Yes,Yes,45,Yes,No,Fiber optic,No,No,No,No,Yes,Yes,One year,Yes,Credit card (automatic),147.16,6700.57,Yes,2024-12-29
7669-KIZFV,Male,0,No,No,42,Yes,No,Fiber optic,No,Yes,Yes,No,Yes,Yes,Month-to-month,Yes,Bank transfer (automatic),183.31,7902.39,No,2024-12-29
3022-RVKSY,Female,0,Yes,No,44,Yes,No,No,No internet service,No internet service,No internet service,No internet service,No internet service,No internet service,Month-to-month,No,Credit card (automatic),45.78,2005.41,No,2024-12-29
7088-GEVZH,Male,0,No,Yes,53,Yes,Yes,Fiber optic,Yes,No,No,No,Yes,Yes,Month-to-month,Yes,Credit card (automatic),194.27,10153.51,Yes,2024-12-29
2080-EKJJR,Male,0,Yes,No,45,Yes,Yes,Fiber optic,No,Yes,No,No,Yes,Yes,One year,Yes,Bank transfer (automatic),168.68,7788.3,No,2024-12-29
8166-HOOWT,Male,0,No,No,16,Yes,No,DSL,No,Yes,Yes,Yes,Yes,Yes,Month-to-month,Yes,Mailed check,153.58,2431.36,No,2024-12-29
4037-YCLMB,Female,0,Yes,No,39,Yes,No,DSL,No,Yes,No,Yes,Yes,Yes,Month-to-month,Yes,Bank transfer (automatic),150.6,5913.16,No,2024-12-29
4500-AIACT,Female,1,No,No,38,Yes,No,Fiber optic,Yes,No,Yes,Yes,Yes,Yes,Two year,Yes,Bank transfer (automatic),169.52,6581.89,No,2024-12-29
4562-ZJHVV,Female,0,Yes,No,41,Yes,Yes,DSL,Yes,Yes,Yes,No,Yes,Yes,One year,Yes,Electronic check,168.18,6751.33,No,2024-12-29
7870-ZMUON,Female,1,No,Yes,43,Yes,No,No,No internet service,No internet service,No internet service,No internet service,No internet service,No internet service,Month-to-month,Yes,Bank transfer (automatic),45.09,1927.74,Yes,2024-12-29
7481-KICQP,Female,0,Yes,No,54,Yes,Yes,Fiber optic,No,Yes,Yes,No,Yes,Yes,Month-to-month,Yes,Credit card (automatic),201.91,10856.25,Yes,2024-12-30
2154-YBDIJ,Male,0,No,No,55,Yes,Yes,Fiber optic,Yes,No,No,Yes,Yes,Yes,One year,Yes,Credit card (automatic),179.96,9764.14,No,2024-12-30
8287-DQEZV,Female,0,Yes,No,33,Yes,No,Fiber optic,Yes,No,No,No,Yes,Yes,Month-to-month,Yes,Electronic check,166.07,5318.54,Yes,2024-12-30
9840-QUZQP,Male,0,No,No,12,Yes,Yes,Fiber optic,Yes,Yes,Yes,Yes,Yes,Yes,Month-to-month,No,Credit card (automatic),232.38,2794.91,Yes,2024-12-30
5651-DUOBA,Male,0,Yes,No,19,Yes,No,Fiber optic,No,Yes,No,No,Yes,Yes,Two year,Yes,Electronic check,139.82,2609.32,No,2024-12-30
7213-ZWNZQ,Male,0,No,No,50,Yes,Yes,Fiber optic,Yes,No,Yes,No,Yes,Yes,One year,Yes,Bank transfer (automatic),180.31,9079.47,No,2024-12-30
1796-DKDOC,Female,0,No,No,36,Yes,Yes,Fiber optic,Yes,No,No,Yes,Yes,Yes,One year,Yes,Bank transfer (automatic),189.6,6945.85,No,2024-12-30
8013-VBOMN,Male,1,No,No,43,No,No phone service,Fiber optic,No,Yes,No,Yes,Yes,Yes,Two year,Yes,Bank transfer (automatic),137.51,5752.89,No,2024-12-30
1298-ITGOP,Female,0,Yes,No,49,Yes,Yes,Fiber optic,Yes,Yes,Yes,Yes,Yes,Yes,One year,Yes,Credit card (automatic),202.3,9918.49,No,2024-12-30
1821-LKXOO,Male,0,Yes,No,46,Yes,Yes,Fiber optic,No,No,No,No,Yes,Yes,One year,Yes,Electronic check,166.9,7791.04,Yes,2024-12-30
9870-LZEFF,Male,0,No,No,50,Yes,Yes,Fiber optic,No,No,No,No,Yes,Yes,Month-to-month,No,Mailed check,180.58,9073.86,Yes,2024-12-30
6544-PGKPF,Female,1,No,No,52,Yes,Yes,Fiber optic,Yes,Yes,Yes,No,Yes,Yes,Two year,No,Mailed check,182.32,9333.34,No,2024-12-30
1672-IATCF,Male,0,Yes,No,31,Yes,No,Fiber optic,No,No,Yes,Yes,Yes,Yes,Month-to-month,Yes,Bank transfer (automatic),185.01,5587.82,Yes,2024-12-30
9225-IJBZV,Male,0,No,No,54,Yes,No,No,No internet service,No internet service,No internet service,No internet service,No internet service,No internet service,One year,Yes,Mailed check,27.04,1426.85,No,2024-12-30
8394-EVFEK,Female,0,Yes,No,40,Yes,No,Fiber optic,Yes,Yes,Yes,No,Yes,Yes,One year,No,Bank transfer (automatic),174.1,6852.08,No,2024-12-30
8541-HBFWX,Male,1,Yes,No,31,Yes,Yes,Fiber optic,Yes,Yes,No,Yes,Yes,Yes,Month-to-month,Yes,Mailed check,203.33,6198.17,Yes,2024-12-30
8964-QOYXB,Male,0,Yes,No,30,Yes,No,Fiber optic,Yes,No,No,Yes,Yes,Yes,Two year,Yes,Electronic check,163.12,4887.98,Yes,2024-12-30
9801-NVNIH,Female,1,No,No,46,Yes,Yes,DSL,No,Yes,No,Yes,Yes,Yes,Two year,Yes,Mailed check,126.78,5862.3,No,2024-12-30
4839-OIHEQ,Male,0,Yes,Yes,49,Yes,No,Fiber optic,Yes,Yes,No,Yes,No,Yes,Month-to-month,Yes,Mailed check,183.84,8866.87,Yes,2024-12-30
4642-HHXRX,Male,0,Yes,No,23,Yes,Yes,Fiber optic,No,No,Yes,Yes,No,Yes,One year,Yes,Credit card (automatic),176.9,4063.54,No,2024-12-30
5993-PQJJP,Male,0,No,No,40,Yes,Yes,Fiber optic,Yes,No,Yes,No,Yes,Yes,One year,Yes,Bank transfer (automatic),196.24,7795.88,No,2024-12-30
2445-FYFVQ,Male,0,No,No,27,Yes,Yes,Fiber optic,Yes,Yes,Yes,Yes,Yes,Yes,One year,Yes,Mailed check,207.25,5754.83,No,2024-12-30
2290-VMPRJ,Female,1,Yes,No,13,Yes,Yes,Fiber optic,Yes,Yes,Yes,No,Yes,Yes,One year,Yes,Mailed check,200.33,2598.87,Yes,2024-12-30
4572-UYGZC,Male,0,Yes,No,32,Yes,Yes,Fiber optic,Yes,Yes,Yes,Yes,Yes,Yes,Month-to-month,Yes,Electronic check,225.31,7352.47,Yes,2024-12-30
1551-KRWFK,Female,0,Yes,No,31,No,No phone service,Fiber optic,No,Yes,Yes,No,No,Yes,Month-to-month,Yes,Credit card (automatic),146.27,4560.73,Yes,2024-12-30
4136-YCYUC,Female,0,Yes,No,52,Yes,No,Fiber optic,No,No,No,No,Yes,Yes,Month-to-month,Yes,Mailed check,162.89,8560.94,No,2024-12-30
2262-WOFGD,Female,1,Yes,No,35,Yes,Yes,Fiber optic,No,Yes,Yes,No,Yes,Yes,One year,Yes,Credit card (automatic),196.7,6829.41,Yes,2024-12-30
9477-MDQTJ,Male,0,Yes,No,43,Yes,No,DSL,Yes,No,Yes,No,Yes,Yes,One year,Yes,Mailed check,132.47,5859.99,No,2024-12-30
3013-AULQR,Male,0,No,No,24,Yes,Yes,Fiber optic,Yes,Yes,Yes,No,Yes,Yes,One year,Yes,Electronic check,202.5,4902.55,No,2024-12-30
1392-VXWHS,Female,0,No,No,68,Yes,No,Fiber optic,Yes,Yes,No,Yes,Yes,Yes,One year,No,Credit card (automatic),182.07,12473.08,Yes,2024-12-30
5134-ASVTU,Female,0,Yes,No,28,Yes,No,Fiber optic,Yes,No,Yes,No,Yes,No,Month-to-month,Yes,Electronic check,176.11,4963.63,No,2024-12-30
4756-CNXBV,Male,0,Yes,Yes,51,Yes,Yes,Fiber optic,Yes,No,Yes,No,Yes,Yes,Two year,Yes,Electronic check,169.6,8747.49,No,2024-12-30
9098-QWFWO,Female,0,Yes,No,61,Yes,No,Fiber optic,Yes,Yes,No,No,Yes,Yes,Month-to-month,Yes,Credit card (automatic),168.83,10371.9,Yes,2024-12-30
1740-EAJZN,Female,0,No,Yes,64,Yes,No,Fiber optic,No,No,No,No,Yes,Yes,One year,Yes,Bank transfer (automatic),154.55,10012.46,No,2024-12-30
1827-VFPPW,Female,0,Yes,Yes,6,Yes,No,No,No internet service,No internet service,No internet service,No internet service,No internet service,No internet service,Two year,Yes,Credit card (automatic),42.27,247.31,No,2024-12-30
6456-FNPHK,Male,0,Yes,No,54,No,No phone service,DSL,Yes,Yes,Yes,No,Yes,Yes,Two year,Yes,Bank transfer (automatic),99.42,5520.2,No,2024-12-31
7487-SUMUY,Male,0,No,No,43,Yes,No,Fiber optic,Yes,No,Yes,Yes,Yes,Yes,Two year,Yes,Bank transfer (automatic),168.47,7303.31,Yes,2024-12-31
9796-NKUXB,Male,0,No,No,55,Yes,Yes,No,No internet service,No internet service,No internet service,No internet service,No internet service,No internet service,Two year,Yes,Bank transfer (automatic),46.8,2535.65,No,2024-12-31
7541-UAGJM,Female,0,No,No,31,Yes,No,Fiber optic,Yes,No,No,Yes,Yes,No,One year,Yes,Mailed check,149.33,4505.52,No,2024-12-31
8967-RCACA,Male,1,Yes,No,35,Yes,No,DSL,Yes,Yes,No,No,Yes,Yes,Two year,No,Electronic check,118.25,4060.91,No,2024-12-31
9532-WWSDQ,Female,0,No,No,29,Yes,Yes,Fiber optic,No,No,Yes,Yes,Yes,Yes,Two year,Yes,Electronic check,168.46,4783.78,No,2024-12-31
4033-XMUZO,Male,0,No,No,55,Yes,No,No,No internet service,No internet service,No internet service,No internet service,No internet service,No internet service,One year,Yes,Credit card (automatic),35.73,2011.15,No,2024-12-31
8193-YQFCV,Female,0,Yes,No,16,Yes,No,Fiber optic,Yes,Yes,No,No,Yes,Yes,One year,Yes,Credit card (automatic),175.54,2754.87,Yes,2024-12-31
8519-VNLSJ,Female,0,No,Yes,67,Yes,Yes,Fiber optic,No,Yes,Yes,Yes,Yes,Yes,Month-to-month,No,Bank transfer (automatic),222.52,15107.54,Yes,2024-12-31
1298-GPDDZ,Male,0,No,No,29,Yes,No,Fiber optic,Yes,Yes,Yes,No,Yes,Yes,One year,No,Credit card (automatic),166.8,4818.21,No,2024-12-31
3151-HTMYN,Female,0,Yes,No,27,Yes,Yes,DSL,Yes,No,No,Yes,Yes,Yes,One year,No,Credit card (automatic),146.91,4035.74,No,2024-12-31
8707-AQSIK,Male,0,Yes,No,27,Yes,Yes,Fiber optic,Yes,No,Yes,No,Yes,No,One year,Yes,Electronic check,182.36,4964.8,Yes,2024-12-31
4333-QNRKU,Female,0,Yes,No,53,Yes,Yes,Fiber optic,Yes,No,Yes,No,Yes,Yes,Two year,Yes,Bank transfer (automatic),166.39,8915.71,No,2024-12-31
7144-TZSMZ,Female,0,Yes,No,43,Yes,No,Fiber optic,No,Yes,Yes,No,Yes,Yes,One year,Yes,Credit card (automatic),168.51,7116.53,No,2024-12-31
1124-AZMXJ,Male,0,No,No,53,No,No phone service,Fiber optic,No,Yes,Yes,No,Yes,Yes,Two year,No,Bank transfer (automatic),140.1,7480.41,Yes,2024-12-31
2975-FHBXW,Male,0,Yes,Yes,50,Yes,Yes,Fiber optic,No,Yes,No,No,Yes,Yes,Month-to-month,Yes,Bank transfer (automatic),186.7,9603.39,Yes,2024-12-31
7973-YOMJD,Male,0,Yes,No,55,Yes,Yes,Fiber optic,No,Yes,No,No,Yes,Yes,Two year,Yes,Credit card (automatic),163.72,9119.87,No,2024-12-31
9991-MBAIN,Male,0,Yes,No,59,Yes,No,DSL,No,Yes,No,Yes,Yes,Yes,One year,Yes,Electronic check,132.92,7872.21,Yes,2024-12-31
3873-SPMRD,Female,0,Yes,No,29,Yes,Yes,DSL,Yes,No,No,Yes,Yes,Yes,Two year,Yes,Bank transfer (automatic),132.51,3882.16,No,2024-12-31
3196-WYACN,Female,0,No,No,33,Yes,Yes,Fiber optic,No,Yes,No,Yes,Yes,Yes,Month-to-month,Yes,Electronic check,190.09,6416.77,No,2024-12-31
8043-QZALW,Male,0,No,No,32,Yes,No,DSL,Yes,Yes,Yes,No,No,No,One year,Yes,Credit card (automatic),117.37,3836.04,No,2024-12-31
6816-NMNUD,Male,0,Yes,Yes,55,Yes,No,Fiber optic,Yes,No,Yes,No,Yes,Yes,One year,Yes,Mailed check,173.38,9451.29,No,2024-12-31
1096-BQUUD,Male,0,Yes,No,36,Yes,Yes,No,No internet service,No internet service,No internet service,No internet service,No internet service,No internet service,Month-to-month,No,Credit card (automatic),64.64,2273.91,No,2024-12-31
8553-TGMOQ,Female,0,No,No,51,Yes,Yes,DSL,No,Yes,Yes,No,Yes,Yes,Month-to-month,Yes,Credit card (automatic),155.91,7789.66,No,2024-12-31
6715-CHQYS,Female,0,No,No,54,Yes,Yes,No,No internet service,No internet service,No internet service,No internet service,No internet service,No internet service,One year,Yes,Electronic check,63.81,3530.99,No,2024-12-31
3648-SWNQW,Male,0,No,No,18,Yes,Yes,No,No internet service,No internet service,No internet service,No internet service,No internet service,No internet service,One year,Yes,Bank transfer (automatic),66.99,1199.97,No,2024-12-31
1233-XENRW,Male,0,Yes,No,44,Yes,Yes,No,No internet service,No internet service,No internet service,No internet service,No internet service,No internet service,One year,No,Mailed check,60.17,2640.41,No,2024-12-31
9239-FKSSL,Male,0,No,No,56,Yes,Yes,Fiber optic,Yes,Yes,No,Yes,Yes,Yes,Month-to-month,Yes,Credit card (automatic),204.83,11222.71,No,2024-12-31
3799-YAOWO,Female,0,No,No,61,Yes,Yes,DSL,Yes,Yes,Yes,Yes,Yes,Yes,One year,Yes,Bank transfer (automatic),158.99,9554.43,No,2024-12-31
9145-WWAUP,Male,0,Yes,No,50,Yes,Yes,No,No internet service,No internet service,No internet service,No internet service,No internet service,No internet service,Month-to-month,Yes,Bank transfer (automatic),62.66,3212.43,Yes,2024-12-31
5711-PPKMP,Male,0,No,No,44,Yes,Yes,No,No internet service,No internet service,No internet service,No internet service,No internet service,No internet service,Two year,Yes,Credit card (automatic),56.15,2536.92,No,2024-12-31
7204-OAVUT,Female,0,No,No,30,Yes,Yes,DSL,No,Yes,Yes,No,Yes,Yes,Month-to-month,Yes,Bank transfer (automatic),152.09,4556.31,Yes,2024-12-31
4905-GZLKJ,Male,0,No,No,40,Yes,No,Fiber optic,Yes,Yes,Yes,No,Yes,Yes,One year,Yes,Mailed check,180.19,7016.01,No,2024-12-31
8340-CHPOM,Male,0,Yes,No,51,Yes,Yes,Fiber optic,No,Yes,No,Yes,Yes,Yes,Two year,No,Electronic check,164.19,8150.0,Yes,2024-12-31
6327-KAPWI,Male,0,Yes,No,33,Yes,Yes,DSL,No,Yes,Yes,No,Yes,Yes,Two year,Yes,Credit card (automatic),132.99,4285.14,No,2024-12-31
3072-GKUOK,Male,0,No,Yes,29,Yes,Yes,Fiber optic,Yes,Yes,Yes,No,Yes,Yes,One year,No,Electronic check,202.69,5808.77,No,2024-12-31
2368-BGGYD,Female,0,No,No,18,Yes,No,Fiber optic,No,Yes,Yes,Yes,No,Yes,Month-to-month,Yes,Bank transfer (automatic),176.59,3098.55,Yes,2024-12-31
1898-ZNUEQ,Male,0,Yes,No,23,Yes,No,Fiber optic,No,Yes,Yes,No,Yes,Yes,One year,Yes,Bank transfer (automatic),171.53,3844.99,No,2024-12-31
4244-GSONU,Female,0,Yes,Yes,55,Yes,Yes,No,No internet service,No internet service,No internet service,No internet service,No internet service,No internet service,One year,Yes,Bank transfer (automatic),69.84,3843.9,No,2024-12-31
6835-FFOMO,Female,0,No,Yes,31,Yes,No,DSL,Yes,Yes,Yes,No,Yes,Yes,One year,Yes,Credit card (automatic),126.06,3802.64,No,2024-12-31
9310-YVHVA,Female,0,Yes,No,26,Yes,Yes,No,No internet service,No internet service,No internet service,No internet service,No internet service,No internet service,Two year,Yes,Bank transfer (automatic),48.06,1250.59,Yes,2024-12-31
6210-WBXXN,Male,0,Yes,Yes,43,Yes,Yes,Fiber optic,Yes,No,Yes,No,Yes,Yes,Two year,Yes,Bank transfer (automatic),164.07,7193.83,No,2024-12-31
4126-SCHWC,Female,0,Yes,No,59,Yes,No,DSL,Yes,No,No,Yes,Yes,Yes,Month-to-month,No,Bank transfer (automatic),148.9,8599.35,No,2024-12-31
3164-TDXVC,Female,0,Yes,Yes,65,No,No phone service,DSL,Yes,Yes,No,No,Yes,Yes,Two year,Yes,Mailed check,99.84,6551.19,No,2024-12-31
6356-EEBEV,Male,0,Yes,No,11,Yes,No,DSL,Yes,Yes,No,Yes,Yes,Yes,One year,Yes,Credit card (automatic),136.06,1522.63,No,2024-12-31
8785-QNJAF,Female,0,Yes,No,19,Yes,Yes,Fiber optic,Yes,Yes,No,Yes,Yes,Yes,One year,No,Mailed check,200.64,3870.09,No,2024-12-31
3740-RIMZQ,Male,0,No,Yes,35,Yes,Yes,Fiber optic,No,No,Yes,Yes,Yes,Yes,Two year,Yes,Bank transfer (automatic),171.34,5989.07,Yes,2024-12-31
7957-JLRMJ,Male,0,Yes,No,5,Yes,No,Fiber optic,No,No,Yes,Yes,Yes,Yes,Two year,Yes,Bank transfer (automatic),145.02,734.64,No,2024-12-31
3393-QSDWN,Male,0,No,No,55,Yes,No,No,No internet service,No internet service,No internet service,No internet service,No internet service,No internet service,Month-to-month,Yes,Bank transfer (automatic),53.16,2990.95,No,2024-12-31
4919-LRURE,Male,0,No,No,23,Yes,Yes,Fiber optic,No,No,No,No,Yes,Yes,Month-to-month,Yes,Bank transfer (automatic),170.45,3839.44,Yes,2024-12-31
3308-UKEGY,Male,0,Yes,No,47,Yes,Yes,DSL,No,No,No,No,Yes,Yes,One year,Yes,Credit card (automatic),123.73,5950.84,No,2024-12-31
9551-WFUVQ,Male,0,Yes,Yes,24,No,No phone service,No,No internet service,No internet service,No internet service,No internet service,No internet service,No internet service,Two year,Yes,Mailed check,22.93,553.97,No,2024-12-31
6870-GWTZN,Female,0,No,No,47,Yes,Yes,No,No internet service,No internet service,No internet service,No internet service,No internet service,No internet service,One year,Yes,Bank transfer (automatic),60.97,2779.69,Yes,2024-12-31
