customerID,gender,SeniorCitizen,Partner,Dependents,tenure,PhoneService,MultipleLines,InternetService,OnlineSecurity,OnlineBackup,DeviceProtection,TechSupport,StreamingTV,StreamingMovies,Contract,PaperlessBilling,PaymentMethod,MonthlyCharges,TotalCharges,Churn,RecordDate
8680-KSWRG,Male,0,Yes,No,27,Yes,No,No,No internet service,No internet service,No internet service,No internet service,No internet service,No internet service,Month-to-month,No,Credit card (automatic),33.66,925.84,No,2023-01-01
4837-DYDMX,Male,0,Yes,No,35,Yes,No,Fiber optic,Yes,Yes,No,No,Yes,No,Two year,No,Credit card (automatic),128.78,4551.5,No,2023-01-01
6292-BWHBV,Female,1,No,Yes,25,Yes,Yes,Fiber optic,Yes,No,No,No,Yes,Yes,One year,Yes,Electronic check,156.03,3795.24,No,2023-01-01
3556-XPLEH,Male,0,Yes,No,33,Yes,Yes,Fiber optic,No,No,No,No,Yes,Yes,Month-to-month,No,Bank transfer (automatic),148.83,4783.61,Yes,2023-01-01
5350-ZOTCN,Male,0,Yes,Yes,57,Yes,Yes,No,No internet service,No internet service,No internet service,No internet service,No internet service,No internet service,Month-to-month,Yes,Electronic check,65.59,3662.12,Yes,2023-01-01
2638-FRSIY,Male,0,Yes,No,11,No,No phone service,DSL,No,No,Yes,No,No,No,Month-to-month,No,Electronic check,76.83,827.28,Yes,2023-01-01
8319-PTYJC,Male,0,Yes,Yes,19,Yes,No,No,No internet service,No internet service,No internet service,No internet service,No internet service,No internet service,Month-to-month,Yes,Bank transfer (automatic),46.86,910.16,Yes,2023-01-01
6661-AJFWT,Female,1,Yes,Yes,29,Yes,Yes,DSL,No,Yes,No,No,Yes,Yes,Month-to-month,No,Mailed check,135.84,3933.21,Yes,2023-01-01
2003-RFDDX,Female,0,No,No,21,Yes,Yes,DSL,No,No,No,No,Yes,No,Month-to-month,Yes,Credit card (automatic),116.6,2404.18,Yes,2023-01-01
7746-OBMGT,Male,0,Yes,Yes,39,Yes,Yes,DSL,Yes,No,No,Yes,Yes,Yes,One year,Yes,Electronic check,129.95,4980.3,Yes,2023-01-01
1544-URAOM,Female,0,Yes,No,27,Yes,Yes,Fiber optic,No,No,Yes,No,Yes,No,Month-to-month,Yes,Electronic check,170.13,4484.23,Yes,2023-01-01
9004-RPELG,Female,0,Yes,No,29,Yes,No,DSL,No,No,Yes,No,No,Yes,Month-to-month,Yes,Electronic check,114.59,3275.82,Yes,2023-01-01
4405-JFKEM,Female,1,Yes,No,5,Yes,No,Fiber optic,Yes,Yes,Yes,No,Yes,No,Month-to-month,Yes,Mailed check,156.79,765.5,Yes,2023-01-01
3519-FJPEB,Male,0,No,No,36,Yes,Yes,Fiber optic,Yes,Yes,No,No,Yes,Yes,Two year,Yes,Bank transfer (automatic),150.69,5297.23,Yes,2023-01-01
1664-OOWOO,Male,0,Yes,No,54,Yes,No,Fiber optic,No,Yes,Yes,No,No,No,Month-to-month,Yes,Electronic check,145.6,7971.4,Yes,2023-01-01
2715-BEJTO,Male,0,No,No,50,Yes,No,Fiber optic,No,No,Yes,No,No,No,Month-to-month,Yes,Credit card (automatic),141.86,7005.72,Yes,2023-01-01
3336-FHUSZ,Male,0,Yes,No,15,Yes,No,DSL,Yes,No,No,No,Yes,Yes,Month-to-month,No,Electronic check,111.97,1702.43,Yes,2023-01-01
9575-PENOP,Female,0,No,No,13,Yes,Yes,Fiber optic,Yes,No,No,Yes,No,Yes,Two year,Yes,Credit card (automatic),156.56,2074.78,No,2023-01-01
8005-SENSD,Male,0,No,No,39,Yes,No,Fiber optic,No,Yes,No,Yes,No,Yes,Month-to-month,No,Electronic check,151.64,5938.06,Yes,2023-01-01
3881-ZGWOE,Female,0,Yes,Yes,34,Yes,Yes,DSL,No,No,Yes,No,No,Yes,One year,No,Electronic check,123.46,4118.29,Yes,2023-01-01
5567-RTYWT,Male,1,Yes,Yes,20,Yes,No,No,No internet service,No internet service,No internet service,No internet service,No internet service,No internet service,Month-to-month,No,Electronic check,40.01,780.45,Yes,2023-01-01
8487-EFMVP,Male,1,Yes,No,5,Yes,Yes,Fiber optic,Yes,No,Yes,Yes,Yes,Yes,Month-to-month,No,Mailed check,184.14,932.55,Yes,2023-01-01
1984-OXGSO,Male,0,Yes,No,30,Yes,No,DSL,Yes,No,No,No,No,Yes,Two year,Yes,Electronic check,91.99,2699.04,No,2023-01-01
2051-LZUBT,Male,0,Yes,No,60,Yes,Yes,DSL,Yes,Yes,No,No,No,No,One year,Yes,Credit card (automatic),128.86,7679.65,No,2023-01-01
1204-RWTDN,Male,0,Yes,No,44,Yes,Yes,Fiber optic,Yes,No,Yes,No,Yes,No,Month-to-month,Yes,Electronic check,169.12,7254.45,Yes,2023-01-01
7325-HQLTR,Female,1,Yes,No,11,Yes,No,No,No internet service,No internet service,No internet service,No internet service,No internet service,No internet service,Month-to-month,Yes,Electronic check,55.27,619.79,Yes,2023-01-02
4107-WDSSF,Female,0,Yes,Yes,4,Yes,No,Fiber optic,No,No,No,No,Yes,Yes,One year,Yes,Bank transfer (automatic),134.09,534.19,Yes,2023-01-02
7814-XAPPQ,Female,0,Yes,Yes,36,Yes,Yes,Fiber optic,No,No,No,No,No,Yes,One year,No,Mailed check,152.9,5582.57,No,2023-01-02
3653-LMCWC,Female,1,No,No,26,No,No phone service,DSL,Yes,No,No,Yes,Yes,Yes,Two year,Yes,Bank transfer (automatic),90.2,2299.12,No,2023-01-02
6586-EEPLV,Male,1,No,No,35,No,No phone service,DSL,No,No,No,No,No,Yes,Month-to-month,No,Credit card (automatic),79.55,2839.01,Yes,2023-01-02
3562-WNTLL,Female,0,No,Yes,12,No,No phone service,DSL,No,No,Yes,No,No,Yes,One year,No,Credit card (automatic),85.99,1051.35,No,2023-01-02
1538-MXCGY,Female,0,Yes,No,18,Yes,Yes,DSL,Yes,No,Yes,No,Yes,No,Month-to-month,No,Credit card (automatic),134.57,2391.53,Yes,2023-01-02
6986-KIHMJ,Female,0,Yes,No,63,Yes,No,DSL,No,Yes,No,Yes,No,Yes,Month-to-month,Yes,Mailed check,114.28,7230.27,Yes,2023-01-02
1594-OWAPL,Female,1,No,Yes,41,Yes,No,No,No internet service,No internet service,No internet service,No internet service,No internet service,No internet service,One year,Yes,Credit card (automatic),46.94,1875.52,No,2023-01-02
8126-ELRBS,Male,0,No,Yes,34,No,No phone service,No,No internet service,No internet service,No internet service,No internet service,No internet service,No internet service,Two year,Yes,Credit card (automatic),22.07,728.02,Yes,2023-01-02
6131-AXKWQ,Female,0,No,No,27,Yes,Yes,Fiber optic,Yes,No,No,No,Yes,No,Month-to-month,Yes,Credit card (automatic),161.88,4392.43,Yes,2023-01-02
2899-DTHIS,Female,1,No,Yes,51,Yes,No,No,No internet service,No internet service,No internet service,No internet service,No internet service,No internet service,One year,Yes,Mailed check,45.86,2335.37,No,2023-01-02
2886-PTCCK,Female,0,Yes,No,26,Yes,No,Fiber optic,Yes,Yes,No,No,Yes,Yes,Two year,No,Mailed check,140.25,3701.78,Yes,2023-01-02
1677-OUORD,Female,0,Yes,No,20,Yes,No,Fiber optic,Yes,No,Yes,No,No,Yes,Month-to-month,Yes,Mailed check,160.61,3240.4,Yes,2023-01-02
1487-EVPBL,Male,0,No,No,25,Yes,Yes,DSL,Yes,No,No,Yes,Yes,Yes,One year,No,Bank transfer (automatic),135.98,3342.05,No,2023-01-02
5471-TKPXS,Female,0,No,No,29,Yes,No,DSL,Yes,Yes,No,No,No,No,One year,No,Mailed check,101.87,2890.96,No,2023-01-02
6985-QOQXT,Male,0,No,No,22,Yes,No,Fiber optic,Yes,No,No,No,No,No,Month-to-month,No,Mailed check,121.69,2613.07,Yes,2023-01-02
7517-MDBGO,Male,0,No,No,28,Yes,Yes,DSL,No,No,Yes,Yes,Yes,Yes,Month-to-month,No,Credit card (automatic),149.66,4315.71,Yes,2023-01-03
1489-MWYOQ,Female,1,Yes,No,20,Yes,Yes,No,No internet service,No internet service,No internet service,No internet service,No internet service,No internet service,Two year,Yes,Credit card (automatic),43.57,896.01,Yes,2023-01-03
4565-SSQWG,Female,1,No,Yes,11,Yes,Yes,Fiber optic,No,Yes,No,No,No,No,Two year,No,Credit card (automatic),134.48,1480.15,No,2023-01-03
1138-DJFAT,Male,0,No,No,38,Yes,No,Fiber optic,No,No,Yes,Yes,No,No,Month-to-month,No,Credit card (automatic),141.85,5344.36,Yes,2023-01-03
9981-GIOMZ,Female,0,Yes,No,24,No,No phone service,Fiber optic,Yes,No,Yes,No,No,No,One year,Yes,Credit card (automatic),108.16,2611.91,No,2023-01-03
1312-DUSLK,Male,0,Yes,No,41,Yes,Yes,Fiber optic,No,No,No,No,No,Yes,Month-to-month,No,Credit card (automatic),145.01,5800.85,No,2023-01-03
4312-CBJRQ,Male,0,No,Yes,23,Yes,No,DSL,Yes,No,No,No,Yes,Yes,Two year,Yes,Electronic check,107.75,2453.99,No,2023-01-03
2193-LUBJF,Male,0,No,No,24,Yes,Yes,No,No internet service,No internet service,No internet service,No internet service,No internet service,No internet service,One year,Yes,Electronic check,52.17,1275.0,No,2023-01-03
6280-KPRHN,Female,0,No,Yes,34,Yes,Yes,No,No internet service,No internet service,No internet service,No internet service,No internet service,No internet service,Month-to-month,Yes,Mailed check,63.6,2153.42,Yes,2023-01-03
8164-AZSGU,Female,1,No,No,51,Yes,Yes,Fiber optic,No,Yes,No,No,No,Yes,Two year,Yes,Bank transfer (automatic),137.77,6894.25,Yes,2023-01-03
6437-CDSSH,Male,0,Yes,Yes,52,Yes,No,DSL,Yes,Yes,Yes,No,No,Yes,One year,No,Electronic check,127.17,6662.59,Yes,2023-01-03
9484-REZEH,Female,0,Yes,No,30,Yes,No,Fiber optic,No,No,No,No,Yes,Yes,Two year,Yes,Bank transfer (automatic),124.49,3839.14,No,2023-01-03
5410-NMIKK,Female,0,No,No,47,Yes,No,Fiber optic,No,Yes,No,Yes,Yes,Yes,Two year,No,Credit card (automatic),134.48,6460.58,No,2023-01-03
5203-WIHQC,Male,0,No,No,28,Yes,Yes,DSL,Yes,Yes,Yes,No,Yes,Yes,Two year,Yes,Electronic check,139.21,3818.54,Yes,2023-01-03
3074-DEFJJ,Male,0,No,No,35,Yes,Yes,Fiber optic,No,No,No,No,No,Yes,Month-to-month,Yes,Electronic check,152.51,5464.36,Yes,2023-01-03
5090-SNOXR,Female,0,No,No,27,Yes,Yes,Fiber optic,Yes,No,Yes,No,Yes,Yes,Month-to-month,No,Electronic check,173.59,4793.27,Yes,2023-01-03
7447-PTOGF,Female,0,No,No,22,Yes,No,Fiber optic,Yes,Yes,No,No,Yes,Yes,One year,No,Electronic check,146.32,3128.45,Yes,2023-01-03
1928-EQFCX,Male,1,Yes,No,51,Yes,Yes,Fiber optic,Yes,No,No,No,No,Yes,One year,No,Mailed check,152.71,7934.86,Yes,2023-01-03
6057-NTCWM,Female,0,No,No,19,Yes,Yes,Fiber optic,No,Yes,No,No,Yes,No,One year,Yes,Electronic check,165.72,3073.04,Yes,2023-01-03
7009-RXSRC,Male,0,Yes,Yes,9,No,No phone service,No,No internet service,No internet service,No internet service,No internet service,No internet service,No internet service,One year,No,Electronic check,22.58,199.29,Yes,2023-01-03
6164-VYRJB,Male,0,No,No,26,Yes,No,DSL,Yes,No,Yes,No,No,Yes,One year,No,Electronic check,105.86,2782.39,Yes,2023-01-03
9723-BEDHT,Female,0,No,No,27,Yes,No,No,No internet service,No internet service,No internet service,No internet service,No internet service,No internet service,Two year,Yes,Electronic check,37.53,1015.92,Yes,2023-01-03
3416-JLGOX,Female,0,No,No,35,Yes,No,Fiber optic,No,Yes,Yes,No,No,Yes,Two year,Yes,Bank transfer (automatic),140.18,4868.09,No,2023-01-03
8984-ULCWT,Female,0,Yes,No,35,Yes,No,Fiber optic,No,Yes,No,No,Yes,Yes,Two year,Yes,Credit card (automatic),135.97,4689.07,No,2023-01-03
8308-GREFE,Male,0,Yes,No,41,Yes,Yes,Fiber optic,No,No,No,No,No,No,One year,No,Bank transfer (automatic),144.52,6024.77,Yes,2023-01-03
7468-VXTQT,Female,1,No,No,41,Yes,Yes,Fiber optic,Yes,No,No,No,No,Yes,Month-to-month,Yes,Credit card (automatic),159.48,6503.93,Yes,2023-01-03
5209-ENUBW,Female,0,Yes,No,28,Yes,No,Fiber optic,No,No,No,No,No,No,One year,No,Electronic check,112.86,3211.62,Yes,2023-01-03
3699-SXTCF,Female,0,No,No,21,Yes,No,Fiber optic,No,No,No,No,Yes,Yes,Two year,Yes,Electronic check,139.9,3005.93,Yes,2023-01-03
9610-VKNPZ,Male,0,No,Yes,17,No,No phone service,Fiber optic,Yes,No,No,Yes,Yes,No,Month-to-month,No,Mailed check,116.82,1963.29,Yes,2023-01-03
5836-RWKCC,Female,1,Yes,No,37,Yes,Yes,Fiber optic,Yes,Yes,No,No,Yes,No,Month-to-month,Yes,Mailed check,177.21,6433.52,No,2023-01-03
7863-DOHWU,Male,1,No,Yes,29,Yes,Yes,Fiber optic,Yes,No,No,No,No,Yes,One year,Yes,Mailed check,148.88,4349.6,Yes,2023-01-03
5324-QKHWV,Male,1,No,No,31,Yes,Yes,DSL,No,No,No,No,Yes,Yes,Month-to-month,Yes,Mailed check,132.42,4200.82,Yes,2023-01-03
8325-EBCLA,Male,1,Yes,Yes,16,Yes,No,DSL,No,No,No,No,Yes,No,Month-to-month,Yes,Bank transfer (automatic),106.82,1736.64,No,2023-01-04
7958-SHSPH,Female,0,Yes,No,27,Yes,Yes,DSL,No,No,No,No,No,Yes,Month-to-month,Yes,Credit card (automatic),122.72,3294.41,Yes,2023-01-04
5807-VUVYU,Female,0,No,Yes,3,Yes,Yes,Fiber optic,No,No,No,No,No,Yes,One year,Yes,Electronic check,152.87,447.41,Yes,2023-01-04
5127-YPZSR,Female,0,Yes,Yes,40,Yes,No,Fiber optic,Yes,No,Yes,No,Yes,No,Two year,No,Credit card (automatic),132.92,5451.49,No,2023-01-04
2951-DYONF,Female,0,No,No,35,Yes,Yes,No,No internet service,No internet service,No internet service,No internet service,No internet service,No internet service,One year,Yes,Credit card (automatic),61.84,2106.13,Yes,2023-01-04
6506-MVXIO,Female,0,Yes,Yes,23,No,No phone service,DSL,No,No,No,No,Yes,Yes,Month-to-month,Yes,Mailed check,88.23,2021.72,Yes,2023-01-04
1106-ORBIU,Male,0,No,No,57,No,No phone service,DSL,No,Yes,Yes,No,No,Yes,Month-to-month,Yes,Credit card (automatic),95.3,5350.88,Yes,2023-01-04
4027-FLMUS,Male,0,Yes,No,47,No,No phone service,Fiber optic,Yes,No,No,No,Yes,Yes,Month-to-month,Yes,Electronic check,123.84,5712.17,Yes,2023-01-04
2278-PMMDH,Male,0,Yes,No,28,Yes,No,Fiber optic,Yes,No,Yes,No,Yes,No,Two year,No,Bank transfer (automatic),139.42,3812.16,No,2023-01-04
8031-FSVSN,Male,1,No,No,42,Yes,Yes,DSL,No,Yes,Yes,No,No,No,Month-to-month,Yes,Electronic check,126.69,5385.14,Yes,2023-01-04
3937-VGLIC,Male,0,No,No,35,Yes,Yes,Fiber optic,Yes,No,Yes,No,No,Yes,Month-to-month,Yes,Electronic check,181.6,6303.47,Yes,2023-01-04
5423-YGJUI,Female,0,Yes,Yes,38,Yes,Yes,No,No internet service,No internet service,No internet service,No internet service,No internet service,No internet service,Two year,Yes,Bank transfer (automatic),51.41,1909.86,Yes,2023-01-04
9653-NTWCC,Female,0,No,No,16,Yes,No,DSL,Yes,Yes,No,No,No,Yes,Two year,Yes,Electronic check,113.37,1783.19,Yes,2023-01-04
9500-NOIRU,Male,0,No,Yes,40,Yes,No,DSL,No,Yes,No,Yes,No,No,Month-to-month,Yes,Credit card (automatic),123.96,4974.11,Yes,2023-01-04
9695-BYTRL,Male,0,Yes,No,35,Yes,No,DSL,No,No,No,No,Yes,Yes,Two year,Yes,Electronic check,99.89,3517.22,No,2023-01-04
4688-ZHDLD,Female,0,Yes,No,33,Yes,Yes,Fiber optic,Yes,No,No,Yes,Yes,Yes,Month-to-month,Yes,Electronic check,175.24,5827.89,Yes,2023-01-04
1949-UDXHM,Male,0,Yes,No,40,Yes,Yes,Fiber optic,Yes,Yes,Yes,No,No,No,One year,Yes,Bank transfer (automatic),156.91,6175.6,No,2023-01-04
3620-YPIGE,Female,0,No,Yes,29,Yes,Yes,Fiber optic,No,No,Yes,No,Yes,No,Month-to-month,No,Electronic check,155.35,4485.45,Yes,2023-01-04
4456-PSYIG,Male,0,Yes,No,4,Yes,No,No,No internet service,No internet service,No internet service,No internet service,No internet service,No internet service,Two year,Yes,Mailed check,42.63,171.42,Yes,2023-01-04
6840-MCAEO,Male,0,Yes,No,18,Yes,No,DSL,No,Yes,No,No,No,Yes,Two year,No,Electronic check,112.95,2078.79,Yes,2023-01-04
7184-HVBZL,Female,0,No,No,8,Yes,Yes,DSL,No,No,Yes,No,Yes,Yes,Month-to-month,No,Mailed check,136.38,1083.78,Yes,2023-01-04
3683-OJNYQ,Male,0,No,No,18,Yes,No,Fiber optic,No,Yes,No,Yes,Yes,Yes,Month-to-month,Yes,Bank transfer (automatic),152.25,2713.71,Yes,2023-01-04
9843-FFXGC,Female,0,Yes,No,7,Yes,Yes,DSL,Yes,No,No,Yes,No,Yes,Month-to-month,Yes,Bank transfer (automatic),150.23,1041.41,No,2023-01-05
3545-NKQVR,Male,1,Yes,No,22,No,No phone service,Fiber optic,Yes,No,No,No,Yes,No,Month-to-month,Yes,Electronic check,103.34,2216.05,Yes,2023-01-05
3892-MOPQR,Female,0,Yes,Yes,19,Yes,No,No,No internet service,No internet service,No internet service,No internet service,No internet service,No internet service,Month-to-month,Yes,Electronic check,47.81,924.98,Yes,2023-01-05
9277-ZLSFH,Male,0,No,No,22,Yes,Yes,No,No internet service,No internet service,No internet service,No internet service,No internet service,No internet service,Month-to-month,Yes,Mailed check,64.14,1412.13,Yes,2023-01-05
6815-PRNCV,Female,0,No,Yes,33,Yes,Yes,Fiber optic,No,No,Yes,Yes,No,Yes,Month-to-month,No,Bank transfer (automatic),161.95,5298.91,Yes,2023-01-05
8840-KAFYU,Female,0,Yes,Yes,6,Yes,Yes,Fiber optic,No,No,Yes,No,Yes,Yes,Two year,Yes,Electronic check,150.92,889.04,Yes,2023-01-05
5443-KKWUT,Male,0,Yes,No,50,Yes,No,DSL,No,No,No,No,No,Yes,One year,Yes,Credit card (automatic),92.18,4674.11,No,2023-01-05
7407-DNNBG,Male,0,No,Yes,28,Yes,No,No,No internet service,No internet service,No internet service,No internet service,No internet service,No internet service,Month-to-month,No,Bank transfer (automatic),44.73,1287.62,Yes,2023-01-05
8315-QAXRT,Male,0,No,No,33,Yes,No,No,No internet service,No internet service,No internet service,No internet service,No internet service,No internet service,One year,Yes,Mailed check,44.86,1510.54,Yes,2023-01-05
5210-AOZSM,Female,1,Yes,Yes,12,Yes,No,No,No internet service,No internet service,No internet service,No internet service,No internet service,No internet service,Month-to-month,No,Mailed check,53.54,642.74,Yes,2023-01-05
8069-NJBNF,Male,0,No,No,22,Yes,Yes,Fiber optic,Yes,No,No,No,Yes,No,One year,No,Mailed check,152.92,3263.56,No,2023-01-05
2487-DTHPJ,Female,0,Yes,Yes,32,Yes,No,Fiber optic,Yes,Yes,Yes,Yes,No,No,Two year,Yes,Credit card (automatic),138.54,4349.43,Yes,2023-01-05
5277-IQDSR,Female,0,Yes,No,43,No,No phone service,Fiber optic,No,Yes,No,Yes,Yes,Yes,Month-to-month,No,Bank transfer (automatic),137.1,5918.47,No,2023-01-05
7795-TBAQR,Male,0,No,No,24,Yes,No,DSL,Yes,Yes,No,No,No,Yes,One year,No,Electronic check,121.68,2901.1,Yes,2023-01-05
6418-SOWDV,Male,0,No,Yes,40,Yes,No,No,No internet service,No internet service,No internet service,No internet service,No internet service,No internet service,One year,Yes,Bank transfer (automatic),27.69,1085.85,No,2023-01-05
8965-KNQDG,Female,0,No,No,36,Yes,Yes,DSL,Yes,No,No,Yes,Yes,Yes,Month-to-month,Yes,Credit card (automatic),140.94,5011.91,Yes,2023-01-05
9317-YDGOK,Male,0,Yes,No,46,Yes,Yes,DSL,No,Yes,No,Yes,Yes,No,Month-to-month,No,Electronic check,143.88,6425.25,Yes,2023-01-05
8935-CRSAZ,Female,0,No,Yes,43,Yes,No,DSL,Yes,No,No,No,No,Yes,Month-to-month,Yes,Mailed check,102.22,4450.88,No,2023-01-05
7502-CYLGS,Male,0,Yes,Yes,27,Yes,No,Fiber optic,Yes,No,No,No,No,Yes,Month-to-month,Yes,Bank transfer (automatic),150.28,3997.29,Yes,2023-01-05
7692-PUFXS,Female,0,No,Yes,32,No,No phone service,DSL,No,No,No,No,No,Yes,Month-to-month,Yes,Credit card (automatic),84.24,2756.61,Yes,2023-01-05
4175-EXWWF,Female,1,Yes,No,56,Yes,Yes,DSL,No,No,Yes,Yes,Yes,No,Month-to-month,Yes,Mailed check,137.18,7896.95,No,2023-01-05
5040-FAJQO,Female,0,Yes,No,32,Yes,No,DSL,No,No,No,No,Yes,Yes,One year,Yes,Electronic check,96.68,3158.32,Yes,2023-01-05
2466-BBNLQ,Female,0,Yes,No,39,Yes,No,DSL,No,Yes,Yes,Yes,Yes,Yes,Month-to-month,No,Electronic check,134.01,5274.16,Yes,2023-01-05
3866-ABMEN,Male,0,No,No,46,Yes,No,DSL,No,Yes,No,No,No,No,Two year,No,Bank transfer (automatic),96.67,4361.48,No,2023-01-05
1863-PZMAO,Female,0,Yes,Yes,12,Yes,No,DSL,No,Yes,No,Yes,No,Yes,Month-to-month,No,Electronic check,125.54,1525.01,Yes,2023-01-05
8456-FVZWQ,Male,0,No,No,19,Yes,Yes,DSL,No,No,Yes,No,Yes,No,Two year,No,Electronic check,117.99,2178.87,No,2023-01-05
3012-JRATH,Male,1,Yes,Yes,18,No,No phone service,No,No internet service,No internet service,No internet service,No internet service,No internet service,No internet service,Month-to-month,Yes,Electronic check,18.5,330.56,Yes,2023-01-05
4910-LABTX,Male,0,No,No,47,Yes,No,No,No internet service,No internet service,No internet service,No internet service,No internet service,No internet service,Month-to-month,No,Electronic check,34.7,1605.12,Yes,2023-01-05
9666-GSEHD,Male,0,No,Yes,9,Yes,Yes,DSL,No,Yes,Yes,No,Yes,No,Month-to-month,No,Electronic check,138.93,1230.91,Yes,2023-01-05
9342-RFHZQ,Male,0,Yes,No,26,Yes,No,No,No internet service,No internet service,No internet service,No internet service,No internet service,No internet service,Two year,No,Electronic check,50.04,1282.0,Yes,2023-01-06
6519-CUZDY,Female,0,Yes,No,8,Yes,No,Fiber optic,Yes,Yes,Yes,Yes,No,No,Month-to-month,No,Mailed check,153.56,1236.23,Yes,2023-01-06
3642-WILUH,Male,0,Yes,Yes,20,No,No phone service,DSL,No,Yes,Yes,No,Yes,Yes,One year,Yes,Electronic check,98.82,1999.73,Yes,2023-01-06
6052-MFDOP,Female,0,No,No,11,Yes,Yes,No,No internet service,No internet service,No internet service,No internet service,No internet service,No internet service,One year,Yes,Credit card (automatic),53.67,593.33,No,2023-01-06
3845-YQDHG,Female,0,Yes,No,46,Yes,No,DSL,No,Yes,No,No,Yes,Yes,Month-to-month,No,Credit card (automatic),121.86,5569.35,No,2023-01-06
6746-CACOC,Male,0,Yes,No,46,Yes,No,DSL,Yes,No,No,No,Yes,Yes,One year,Yes,Mailed check,110.11,5123.42,No,2023-01-06
6107-HLMVS,Male,1,No,Yes,46,Yes,Yes,Fiber optic,Yes,Yes,Yes,Yes,Yes,Yes,Two year,Yes,Electronic check,173.6,7963.22,Yes,2023-01-06
9181-FUPKM,Male,0,No,No,28,Yes,Yes,No,No internet service,No internet service,No internet service,No internet service,No internet service,No internet service,One year,Yes,Bank transfer (automatic),60.88,1732.95,Yes,2023-01-06
4792-MCGAH,Female,0,No,Yes,21,No,No phone service,No,No internet service,No internet service,No internet service,No internet service,No internet service,No internet service,Month-to-month,Yes,Credit card (automatic),24.17,503.91,Yes,2023-01-06
6567-NYGPX,Male,0,Yes,No,58,Yes,Yes,Fiber optic,No,Yes,Yes,No,No,Yes,One year,No,Mailed check,168.2,9895.59,No,2023-01-06
8607-ZQDOI,Female,0,No,No,20,Yes,No,DSL,No,No,Yes,No,Yes,Yes,One year,No,Bank transfer (automatic),122.88,2434.66,No,2023-01-06
9094-BBKXN,Female,0,Yes,No,15,No,No phone service,No,No internet service,No internet service,No internet service,No internet service,No internet service,No internet service,Two year,Yes,Electronic check,18.5,278.11,Yes,2023-01-06
7363-UVEZV,Female,0,Yes,No,41,Yes,Yes,Fiber optic,No,Yes,Yes,Yes,No,Yes,Month-to-month,No,Electronic check,160.02,6489.36,Yes,2023-01-06
9955-SLPAU,Female,0,Yes,Yes,49,Yes,No,Fiber optic,Yes,Yes,No,No,Yes,No,Month-to-month,Yes,Mailed check,155.55,7573.31,Yes,2023-01-06
1937-USTCE,Female,0,No,Yes,23,Yes,Yes,DSL,No,Yes,No,No,Yes,No,Month-to-month,No,Credit card (automatic),125.27,2908.43,Yes,2023-01-06
2611-YSGBV,Female,0,Yes,No,15,Yes,No,DSL,No,Yes,Yes,Yes,No,No,One year,Yes,Credit card (automatic),115.94,1773.86,No,2023-01-06
7848-CIWQE,Female,1,Yes,No,42,Yes,No,No,No internet service,No internet service,No internet service,No internet service,No internet service,No internet service,One year,Yes,Electronic check,34.9,1450.0,No,2023-01-06
2952-GUSRT,Female,0,No,No,17,No,No phone service,No,No internet service,No internet service,No internet service,No internet service,No internet service,No internet service,Month-to-month,No,Electronic check,27.25,469.48,Yes,2023-01-06
8905-EVROX,Female,0,Yes,No,26,Yes,Yes,DSL,No,Yes,Yes,No,Yes,Yes,One year,Yes,Electronic check,136.89,3468.85,Yes,2023-01-06
1147-ZYJXB,Female,0,Yes,No,33,No,No phone service,DSL,No,Yes,No,No,Yes,Yes,Two year,Yes,Credit card (automatic),89.98,3052.6,Yes,2023-01-06
5592-YTEQC,Male,0,No,Yes,43,Yes,Yes,Fiber optic,Yes,Yes,No,Yes,Yes,Yes,One year,Yes,Electronic check,165.18,7144.37,Yes,2023-01-06
1000-QBSKA,Female,0,Yes,Yes,30,Yes,No,DSL,Yes,No,No,Yes,No,No,Month-to-month,Yes,Credit card (automatic),109.75,3276.47,Yes,2023-01-06
8272-IHCEE,Female,0,Yes,Yes,18,Yes,No,Fiber optic,No,No,No,No,Yes,No,Two year,Yes,Mailed check,120.75,2148.92,Yes,2023-01-06
5670-ETGMX,Female,0,Yes,No,17,Yes,No,No,No internet service,No internet service,No internet service,No internet service,No internet service,No internet service,Month-to-month,Yes,Credit card (automatic),58.81,993.17,No,2023-01-06
2922-CBYOK,Female,0,Yes,Yes,19,Yes,No,No,No internet service,No internet service,No internet service,No internet service,No internet service,No internet service,Month-to-month,Yes,Credit card (automatic),47.39,916.77,Yes,2023-01-06
2075-YSTQZ,Female,0,Yes,No,27,No,No phone service,No,No internet service,No internet service,No internet service,No internet service,No internet service,No internet service,Month-to-month,Yes,Bank transfer (automatic),18.5,488.74,Yes,2023-01-06
3965-YDNCQ,Male,0,Yes,Yes,37,Yes,Yes,DSL,No,No,No,No,Yes,No,Month-to-month,Yes,Electronic check,111.67,4009.02,Yes,2023-01-06
4637-FPQUB,Female,0,Yes,No,27,Yes,No,DSL,No,Yes,No,No,No,No,Month-to-month,Yes,Electronic check,90.92,2442.51,Yes,2023-01-06
9208-VOLTA,Male,0,Yes,No,50,Yes,Yes,DSL,Yes,No,Yes,Yes,Yes,No,Month-to-month,Yes,Mailed check,146.01,7423.54,No,2023-01-06
4016-VTOTI,Male,1,No,No,36,Yes,No,Fiber optic,Yes,Yes,Yes,No,No,Yes,Month-to-month,Yes,Electronic check,159.98,5924.4,Yes,2023-01-06
4577-SYAUI,Female,1,No,No,24,Yes,Yes,No,No internet service,No internet service,No internet service,No internet service,No internet service,No internet service,Two year,Yes,Bank transfer (automatic),50.01,1188.97,No,2023-01-06
2016-MGZOS,Female,0,No,Yes,18,Yes,No,Fiber optic,No,No,No,No,No,Yes,Month-to-month,Yes,Electronic check,134.1,2458.72,Yes,2023-01-06
9250-QNJLB,Female,0,Yes,No,11,Yes,No,No,No internet service,No internet service,No internet service,No internet service,No internet service,No internet service,One year,No,Credit card (automatic),38.5,431.8,Yes,2023-01-06
1827-KGGZM,Female,0,Yes,No,24,Yes,Yes,DSL,Yes,Yes,Yes,No,Yes,No,Month-to-month,No,Electronic check,144.36,3554.89,Yes,2023-01-06
5638-IYEAO,Female,0,Yes,Yes,38,Yes,Yes,DSL,Yes,No,Yes,Yes,No,Yes,Two year,No,Credit card (automatic),124.18,4788.94,Yes,2023-01-06
5197-JAIZI,Female,1,Yes,No,20,Yes,No,Fiber optic,No,No,No,No,Yes,No,Month-to-month,Yes,Mailed check,137.12,2785.4,Yes,2023-01-07
9761-UJXKO,Male,0,Yes,Yes,26,Yes,Yes,Fiber optic,No,Yes,Yes,Yes,No,No,One year,No,Bank transfer (automatic),158.78,4090.51,No,2023-01-07
7528-QRIBJ,Male,0,Yes,Yes,32,Yes,Yes,DSL,No,No,No,No,No,Yes,One year,Yes,Credit card (automatic),111.89,3512.98,No,2023-01-07
5091-WWNDA,Female,0,Yes,Yes,22,Yes,Yes,DSL,Yes,Yes,No,No,No,No,Month-to-month,No,Mailed check,122.18,2629.05,Yes,2023-01-07
8509-GHGTW,Male,0,Yes,No,38,Yes,Yes,Fiber optic,No,No,No,No,No,No,Month-to-month,No,Mailed check,142.2,5413.65,Yes,2023-01-07
5681-JQYAH,Female,0,No,No,4,Yes,No,Fiber optic,No,No,Yes,No,No,No,Two year,No,Electronic check,117.77,468.02,Yes,2023-01-07
4487-KPSFF,Female,0,Yes,No,29,Yes,No,DSL,Yes,No,Yes,No,Yes,Yes,One year,Yes,Credit card (automatic),122.64,3645.52,No,2023-01-07
3973-DHZZI,Female,0,No,No,34,Yes,No,DSL,No,No,No,Yes,Yes,No,Two year,Yes,Mailed check,96.3,3261.65,Yes,2023-01-07
3300-EUWXR,Male,0,Yes,No,30,Yes,No,Fiber optic,No,Yes,No,No,Yes,No,Month-to-month,No,Credit card (automatic),156.49,4754.49,Yes,2023-01-07
9049-PAHJU,Male,1,No,No,21,Yes,No,No,No internet service,No internet service,No internet service,No internet service,No internet service,No internet service,One year,No,Electronic check,47.93,994.95,No,2023-01-07
7895-JRTYU,Female,0,No,Yes,32,Yes,Yes,Fiber optic,No,No,Yes,No,Yes,No,Two year,Yes,Mailed check,139.07,4401.24,Yes,2023-01-07
5448-JJNPC,Female,0,Yes,Yes,35,Yes,Yes,DSL,Yes,No,Yes,Yes,No,Yes,Two year,Yes,Electronic check,132.67,4705.95,Yes,2023-01-07
2184-UYEMG,Female,0,Yes,Yes,8,Yes,Yes,DSL,No,No,No,No,Yes,Yes,One year,Yes,Credit card (automatic),121.27,987.82,Yes,2023-01-07
6523-GOMNO,Male,0,Yes,No,60,Yes,No,DSL,No,No,Yes,Yes,No,Yes,One year,No,Mailed check,111.34,6553.89,No,2023-01-07
4591-DTMBD,Female,0,Yes,No,35,Yes,No,DSL,No,No,No,No,No,No,Two year,No,Electronic check,88.46,3167.25,No,2023-01-07
5959-JXJAR,Female,0,Yes,No,19,Yes,Yes,DSL,No,Yes,Yes,No,No,No,Month-to-month,No,Credit card (automatic),119.24,2199.04,Yes,2023-01-07
9782-KCSPU,Female,0,Yes,Yes,12,Yes,Yes,Fiber optic,No,Yes,No,No,Yes,No,One year,Yes,Credit card (automatic),137.79,1647.4,No,2023-01-07
1475-KOENK,Male,0,Yes,Yes,17,Yes,No,DSL,No,Yes,Yes,No,Yes,No,Month-to-month,Yes,Bank transfer (automatic),124.0,2147.2,No,2023-01-07
1829-CEJIP,Female,0,No,Yes,63,Yes,Yes,DSL,Yes,No,No,Yes,Yes,Yes,One year,Yes,Credit card (automatic),133.26,8645.77,No,2023-01-07
5119-MPFMS,Female,0,Yes,No,42,Yes,Yes,Fiber optic,Yes,No,Yes,No,Yes,No,Two year,Yes,Mailed check,159.27,6541.34,Yes,2023-01-07
6918-BQPUE,Female,0,Yes,No,30,Yes,No,DSL,No,Yes,No,Yes,Yes,Yes,Two year,No,Bank transfer (automatic),119.36,3561.74,Yes,2023-01-07
9126-PBTBN,Female,0,No,No,49,No,No phone service,DSL,Yes,No,Yes,Yes,No,No,Two year,Yes,Electronic check,78.97,3788.95,No,2023-01-07
6014-IQXLD,Female,0,No,No,2,Yes,Yes,DSL,Yes,Yes,No,No,Yes,No,Two year,Yes,Credit card (automatic),110.17,219.73,No,2023-01-07
7746-HWIJZ,Female,0,No,No,29,Yes,No,DSL,Yes,No,No,No,Yes,No,Month-to-month,No,Electronic check,113.01,3296.16,Yes,2023-01-08
7597-EHPNC,Female,0,Yes,Yes,22,No,No phone service,DSL,No,Yes,No,No,Yes,Yes,Month-to-month,No,Bank transfer (automatic),91.73,2008.69,Yes,2023-01-08
7972-ROSMR,Male,0,No,Yes,8,Yes,No,Fiber optic,Yes,Yes,Yes,Yes,No,No,One year,Yes,Credit card (automatic),144.95,1128.15,No,2023-01-08
5472-MUXTL,Female,1,No,No,44,Yes,No,No,No internet service,No internet service,No internet service,No internet service,No internet service,No internet service,Month-to-month,No,Mailed check,43.65,1950.9,No,2023-01-08
6035-WXCAE,Female,1,Yes,No,30,Yes,Yes,DSL,Yes,No,Yes,No,Yes,No,Month-to-month,No,Mailed check,141.23,4280.46,No,2023-01-08
2886-UNHHE,Male,0,No,No,30,Yes,No,DSL,Yes,No,Yes,No,Yes,Yes,One year,No,Bank transfer (automatic),121.8,3761.08,Yes,2023-01-08
4113-WXAMR,Male,1,No,No,41,No,No phone service,No,No internet service,No internet service,No internet service,No internet service,No internet service,No internet service,Month-to-month,No,Electronic check,23.77,985.33,Yes,2023-01-08
4965-TRDFO,Female,0,No,Yes,4,Yes,No,Fiber optic,No,No,No,Yes,Yes,No,One year,No,Electronic check,143.01,578.13,Yes,2023-01-08
2689-ZEGYX,Male,0,Yes,Yes,30,Yes,Yes,Fiber optic,No,No,Yes,No,Yes,Yes,Two year,Yes,Electronic check,144.26,4368.75,No,2023-01-08
7156-GKUAS,Female,0,No,No,13,Yes,No,Fiber optic,No,Yes,No,No,No,Yes,One year,Yes,Bank transfer (automatic),132.61,1703.17,Yes,2023-01-08
3505-ODPVC,Female,0,Yes,No,8,Yes,Yes,Fiber optic,Yes,No,No,No,Yes,No,One year,Yes,Bank transfer (automatic),152.97,1191.64,Yes,2023-01-08
2612-DHZMM,Male,0,Yes,No,57,Yes,Yes,DSL,No,Yes,No,No,Yes,Yes,Month-to-month,Yes,Electronic check,134.15,7670.83,Yes,2023-01-08
8719-WTEGT,Female,0,Yes,No,4,No,No phone service,DSL,No,No,Yes,No,No,Yes,Two year,No,Bank transfer (automatic),75.71,296.77,Yes,2023-01-08
9869-RFDRX,Female,0,Yes,No,13,Yes,Yes,Fiber optic,No,No,No,No,Yes,Yes,Month-to-month,No,Mailed check,168.35,2140.2,Yes,2023-01-08
4115-TLGSI,Male,0,No,Yes,18,Yes,Yes,Fiber optic,No,No,No,No,Yes,No,Two year,Yes,Bank transfer (automatic),127.01,2273.43,No,2023-01-08
3866-CFALJ,Male,0,No,No,9,Yes,No,DSL,No,Yes,No,Yes,Yes,Yes,Month-to-month,Yes,Electronic check,122.28,1087.33,Yes,2023-01-08
2295-CUNHS,Male,0,No,Yes,54,No,No phone service,No,No internet service,No internet service,No internet service,No internet service,No internet service,No internet service,One year,No,Mailed check,24.84,1356.76,No,2023-01-08
4489-YGEWP,Male,0,No,No,56,Yes,Yes,No,No internet service,No internet service,No internet service,No internet service,No internet service,No internet service,One year,Yes,Bank transfer (automatic),51.86,2895.06,No,2023-01-08
3653-QPLAU,Female,0,Yes,No,17,Yes,No,No,No internet service,No internet service,No internet service,No internet service,No internet service,No internet service,Month-to-month,No,Electronic check,49.12,841.11,Yes,2023-01-08
6631-OBTIR,Female,0,No,No,46,Yes,Yes,Fiber optic,No,No,Yes,Yes,Yes,No,One year,No,Mailed check,159.93,7205.95,Yes,2023-01-08
8606-KIRLK,Female,0,Yes,Yes,28,Yes,No,DSL,No,No,No,No,No,Yes,Two year,Yes,Bank transfer (automatic),103.2,2803.12,Yes,2023-01-08
9240-IHCZE,Male,1,Yes,No,50,Yes,No,DSL,No,No,No,No,No,Yes,Two year,Yes,Mailed check,83.38,4118.55,Yes,2023-01-08
4236-BORYQ,Female,0,Yes,No,13,Yes,Yes,DSL,Yes,Yes,Yes,No,Yes,Yes,Month-to-month,Yes,Credit card (automatic),154.2,1976.49,Yes,2023-01-08
6004-SSHXW,Female,1,No,No,4,Yes,No,DSL,Yes,Yes,No,No,No,No,Month-to-month,Yes,Electronic check,110.69,450.75,Yes,2023-01-08
6730-IVGVC,Male,0,No,No,45,Yes,Yes,Fiber optic,No,No,Yes,No,Yes,No,Month-to-month,Yes,Bank transfer (automatic),164.45,7257.09,Yes,2023-01-08
8135-YAZTX,Male,0,No,No,37,No,No phone service,DSL,No,No,No,Yes,Yes,Yes,Month-to-month,Yes,Bank transfer (automatic),101.39,3723.87,Yes,2023-01-08
5793-SVVUT,Female,0,Yes,No,33,Yes,Yes,No,No internet service,No internet service,No internet service,No internet service,No internet service,No internet service,Month-to-month,Yes,Credit card (automatic),65.69,2121.05,Yes,2023-01-08
1315-CJOZL,Male,0,No,No,31,Yes,Yes,No,No internet service,No internet service,No internet service,No internet service,No internet service,No internet service,One year,No,Electronic check,52.71,1682.01,Yes,2023-01-08
6715-XNNED,Female,0,No,Yes,7,Yes,No,Fiber optic,No,No,Yes,No,No,Yes,Month-to-month,No,Mailed check,143.31,1024.59,Yes,2023-01-08
6969-LYHWU,Male,1,No,No,6,Yes,No,DSL,No,No,No,Yes,Yes,No,Two year,Yes,Mailed check,98.68,576.59,Yes,2023-01-08
3840-ZKYVY,Male,0,Yes,No,47,Yes,No,Fiber optic,Yes,No,Yes,No,Yes,No,Month-to-month,Yes,Bank transfer (automatic),146.6,6941.5,Yes,2023-01-08
1721-WABJX,Female,0,Yes,Yes,28,Yes,Yes,Fiber optic,Yes,No,Yes,No,Yes,Yes,Month-to-month,Yes,Bank transfer (automatic),181.03,4986.24,Yes,2023-01-08
4584-QJAOU,Male,1,No,No,9,Yes,No,Fiber optic,Yes,Yes,No,No,Yes,Yes,Month-to-month,Yes,Credit card (automatic),160.01,1472.69,Yes,2023-01-08
6162-ZRRZV,Female,0,Yes,No,44,Yes,Yes,DSL,No,No,No,No,Yes,Yes,Month-to-month,Yes,Bank transfer (automatic),124.71,5532.4,Yes,2023-01-08
5811-SDAPK,Male,0,No,No,19,Yes,Yes,Fiber optic,Yes,No,Yes,Yes,Yes,Yes,Month-to-month,No,Electronic check,180.12,3485.56,Yes,2023-01-09
9859-SAMKX,Female,0,No,Yes,44,Yes,No,DSL,No,Yes,Yes,No,No,No,Two year,Yes,Bank transfer (automatic),107.57,4729.29,Yes,2023-01-09
4839-CHUHE,Female,1,No,Yes,16,No,No phone service,DSL,No,No,No,No,Yes,Yes,One year,No,Mailed check,75.61,1197.95,Yes,2023-01-09
5611-BOUGS,Male,0,Yes,No,8,Yes,Yes,No,No internet service,No internet service,No internet service,No internet service,No internet service,No internet service,Month-to-month,No,Credit card (automatic),55.43,437.42,Yes,2023-01-09
4018-WJUMV,Male,0,Yes,No,54,Yes,No,No,No internet service,No internet service,No internet service,No internet service,No internet service,No internet service,Two year,No,Bank transfer (automatic),38.86,2110.58,Yes,2023-01-09
2061-PHZZG,Female,0,Yes,No,42,Yes,Yes,DSL,Yes,No,No,No,Yes,Yes,Month-to-month,Yes,Electronic check,126.64,5266.3,Yes,2023-01-09
8226-SHKTD,Male,0,Yes,No,35,Yes,Yes,DSL,Yes,No,No,No,No,No,Two year,No,Credit card (automatic),95.85,3339.27,No,2023-01-09
5509-ASPHZ,Male,0,No,Yes,24,Yes,Yes,DSL,Yes,Yes,No,No,Yes,No,Month-to-month,No,Mailed check,135.55,3196.49,Yes,2023-01-09
1258-IPXBX,Female,1,Yes,No,25,Yes,Yes,DSL,No,No,No,Yes,No,Yes,One year,Yes,Mailed check,121.71,2999.16,Yes,2023-01-09
7252-XPBCN,Male,0,No,No,23,Yes,Yes,DSL,No,Yes,Yes,No,Yes,No,Two year,Yes,Bank transfer (automatic),121.81,2814.83,Yes,2023-01-09
5831-WKQKW,Female,0,No,Yes,12,Yes,Yes,No,No internet service,No internet service,No internet service,No internet service,No internet service,No internet service,Month-to-month,No,Electronic check,69.45,842.28,Yes,2023-01-09
9847-MTFEI,Female,0,Yes,Yes,26,Yes,No,No,No internet service,No internet service,No internet service,No internet service,No internet service,No internet service,Two year,No,Electronic check,38.63,1012.78,Yes,2023-01-09
9953-ZTHGC,Male,1,No,No,17,Yes,No,Fiber optic,Yes,Yes,No,Yes,Yes,No,Month-to-month,Yes,Mailed check,165.4,2827.59,Yes,2023-01-09
1481-PIKOV,Male,0,No,No,35,Yes,No,Fiber optic,Yes,Yes,No,No,Yes,Yes,Two year,Yes,Electronic check,133.99,4779.79,No,2023-01-09
5647-ISXFK,Male,1,Yes,No,2,Yes,Yes,DSL,No,Yes,Yes,Yes,Yes,No,Two year,Yes,Bank transfer (automatic),124.95,253.34,No,2023-01-09
5453-KVLFG,Male,0,Yes,No,20,No,No phone service,Fiber optic,Yes,Yes,No,No,Yes,No,Month-to-month,No,Electronic check,126.8,2520.37,Yes,2023-01-09
6072-AMYYD,Female,0,No,No,34,Yes,Yes,Fiber optic,No,Yes,Yes,No,Yes,Yes,Month-to-month,No,Mailed check,179.14,5994.27,Yes,2023-01-09
6468-LSBOS,Female,0,No,No,24,Yes,Yes,DSL,Yes,No,Yes,No,Yes,Yes,Two year,No,Bank transfer (automatic),125.88,3037.55,No,2023-01-09
5852-JXDKT,Male,0,No,No,33,Yes,Yes,No,No internet service,No internet service,No internet service,No internet service,No internet service,No internet service,Two year,Yes,Bank transfer (automatic),54.13,1735.57,Yes,2023-01-09
2136-DLDKP,Male,0,No,Yes,6,Yes,Yes,Fiber optic,No,No,No,No,Yes,No,Month-to-month,Yes,Bank transfer (automatic),151.76,887.73,Yes,2023-01-09
3656-HJBZF,Female,1,No,No,32,Yes,No,DSL,No,Yes,Yes,No,Yes,Yes,Two year,Yes,Credit card (automatic),120.13,3858.71,Yes,2023-01-09
2182-MCUAE,Male,0,No,No,46,Yes,No,Fiber optic,No,No,Yes,Yes,No,Yes,Month-to-month,Yes,Electronic check,151.61,7051.91,Yes,2023-01-09
1918-SSKTD,Female,1,No,Yes,10,Yes,Yes,DSL,Yes,No,No,No,Yes,Yes,Month-to-month,Yes,Electronic check,132.17,1328.51,Yes,2023-01-09
3691-PXOYB,Male,0,Yes,No,16,Yes,Yes,Fiber optic,No,Yes,Yes,No,No,Yes,Month-to-month,No,Electronic check,172.96,2809.52,Yes,2023-01-09
3053-SYROH,Male,0,Yes,No,3,Yes,Yes,DSL,No,No,No,No,Yes,Yes,Month-to-month,No,Credit card (automatic),130.01,401.64,Yes,2023-01-09
1391-BRVVG,Female,0,Yes,No,8,Yes,Yes,DSL,No,No,Yes,Yes,Yes,Yes,Two year,No,Bank transfer (automatic),128.89,1017.32,No,2023-01-09
5579-CXYZO,Male,0,Yes,No,38,No,No phone service,DSL,No,Yes,No,Yes,Yes,Yes,Month-to-month,No,Mailed check,97.84,3716.09,Yes,2023-01-09
7615-PCPLZ,Female,0,No,No,22,Yes,No,DSL,No,Yes,Yes,No,No,No,One year,Yes,Mailed check,108.75,2357.58,No,2023-01-09
4630-MJDPD,Male,0,No,Yes,42,Yes,No,Fiber optic,No,No,Yes,No,Yes,No,Month-to-month,Yes,Mailed check,134.45,5665.6,Yes,2023-01-09
3452-YZQXX,Male,0,Yes,Yes,41,Yes,No,DSL,No,No,Yes,No,Yes,No,One year,Yes,Credit card (automatic),105.07,4425.86,No,2023-01-09
5212-TEZGN,Female,0,Yes,No,41,Yes,No,DSL,No,No,No,No,Yes,No,One year,No,Credit card (automatic),104.67,4215.12,Yes,2023-01-09
4493-XDDSV,Male,1,Yes,No,6,Yes,No,Fiber optic,No,No,Yes,No,Yes,No,Month-to-month,Yes,Mailed check,144.37,872.22,Yes,2023-01-09
6406-KJRLD,Female,1,No,Yes,36,Yes,No,Fiber optic,No,No,Yes,No,No,Yes,Two year,No,Mailed check,121.84,4351.7,No,2023-01-09
7739-HUSKN,Male,0,No,Yes,30,Yes,Yes,DSL,Yes,No,Yes,No,No,Yes,One year,Yes,Mailed check,140.98,4121.11,No,2023-01-10
5682-SJCRO,Female,0,Yes,Yes,20,Yes,No,No,No internet service,No internet service,No internet service,No internet service,No internet service,No internet service,Month-to-month,No,Bank transfer (automatic),34.4,700.04,Yes,2023-01-10
5621-IPRKQ,Male,1,No,No,8,Yes,No,DSL,Yes,No,No,No,No,No,Month-to-month,Yes,Mailed check,106.42,844.06,Yes,2023-01-10
7497-EJZQT,Male,0,Yes,No,17,Yes,No,DSL,No,Yes,Yes,No,Yes,Yes,Two year,No,Electronic check,110.87,1830.78,No,2023-01-10
8278-ZBSGX,Female,0,No,No,14,Yes,No,Fiber optic,No,No,No,No,No,Yes,Month-to-month,Yes,Electronic check,133.99,1884.04,Yes,2023-01-10
4798-WQOUW,Female,0,No,Yes,24,Yes,No,DSL,No,Yes,Yes,No,Yes,Yes,Month-to-month,No,Electronic check,124.65,2957.78,Yes,2023-01-10
3406-GURXT,Female,0,Yes,Yes,8,Yes,Yes,Fiber optic,No,No,Yes,Yes,Yes,Yes,Two year,Yes,Mailed check,164.86,1345.31,Yes,2023-01-10
3404-PSVCN,Female,0,Yes,Yes,61,Yes,No,Fiber optic,No,Yes,No,No,Yes,No,One year,Yes,Mailed check,137.73,8188.07,Yes,2023-01-10
2684-LCNKZ,Male,0,No,Yes,8,Yes,Yes,No,No internet service,No internet service,No internet service,No internet service,No internet service,No internet service,Two year,Yes,Bank transfer (automatic),56.8,459.94,Yes,2023-01-10
4991-ORPLZ,Female,1,Yes,No,42,Yes,No,Fiber optic,Yes,Yes,No,No,Yes,No,One year,No,Bank transfer (automatic),145.52,6208.32,Yes,2023-01-10
1521-OZISE,Female,1,No,No,51,Yes,No,DSL,No,No,No,No,Yes,No,Month-to-month,Yes,Electronic check,103.56,5262.14,Yes,2023-01-10
2268-ZWOQB,Female,0,Yes,No,62,Yes,Yes,Fiber optic,Yes,No,Yes,No,Yes,Yes,One year,Yes,Mailed check,179.67,11015.14,No,2023-01-10
5441-NPJQD,Female,0,No,No,46,Yes,Yes,No,No internet service,No internet service,No internet service,No internet service,No internet service,No internet service,Month-to-month,Yes,Credit card (automatic),54.52,2541.02,No,2023-01-10
8694-MHISW,Female,0,Yes,Yes,36,Yes,Yes,No,No internet service,No internet service,No internet service,No internet service,No internet service,No internet service,Two year,Yes,Electronic check,65.28,2341.56,Yes,2023-01-10
7444-MPXST,Male,0,No,Yes,14,Yes,Yes,Fiber optic,No,Yes,Yes,No,Yes,No,Month-to-month,Yes,Mailed check,166.61,2386.87,Yes,2023-01-10
2465-RIUVG,Male,0,Yes,No,33,Yes,No,Fiber optic,No,Yes,No,No,Yes,Yes,One year,Yes,Bank transfer (automatic),138.68,4629.19,No,2023-01-10
7164-QPSGT,Female,1,No,No,55,Yes,No,Fiber optic,No,No,No,No,Yes,No,Two year,No,Electronic check,124.08,6798.7,Yes,2023-01-10
3389-FZTHP,Female,1,No,No,31,Yes,Yes,DSL,No,No,No,No,Yes,Yes,Month-to-month,Yes,Credit card (automatic),129.32,3956.6,Yes,2023-01-10
7358-JVPIR,Male,0,Yes,Yes,14,Yes,Yes,Fiber optic,No,No,Yes,Yes,No,Yes,Month-to-month,Yes,Bank transfer (automatic),171.07,2345.45,Yes,2023-01-10
7700-HZOGY,Male,1,No,No,44,Yes,No,No,No internet service,No internet service,No internet service,No internet service,No internet service,No internet service,Month-to-month,No,Electronic check,44.68,1952.75,Yes,2023-01-10
7205-OOSNU,Female,0,Yes,Yes,28,Yes,Yes,DSL,Yes,Yes,Yes,No,No,Yes,Month-to-month,No,Credit card (automatic),149.25,4097.19,No,2023-01-10
6407-QBXMG,Female,0,No,No,40,Yes,Yes,Fiber optic,Yes,No,No,No,No,No,One year,Yes,Electronic check,142.06,5676.46,Yes,2023-01-11
6209-UEDAV,Male,0,Yes,No,37,Yes,Yes,Fiber optic,No,No,No,No,No,No,Two year,No,Credit card (automatic),126.48,4709.57,No,2023-01-11
6279-BNVKX,Female,0,Yes,No,52,Yes,Yes,No,No internet service,No internet service,No internet service,No internet service,No internet service,No internet service,Month-to-month,No,Bank transfer (automatic),54.34,2763.34,Yes,2023-01-11
5828-ABHPB,Female,0,Yes,No,47,Yes,No,Fiber optic,Yes,Yes,Yes,No,Yes,No,Month-to-month,Yes,Electronic check,154.98,7278.3,Yes,2023-01-11
1666-NBEEL,Female,1,No,No,29,Yes,Yes,Fiber optic,Yes,Yes,Yes,Yes,No,No,Month-to-month,Yes,Electronic check,175.44,4971.13,Yes,2023-01-11
9626-QGEJM,Male,0,Yes,Yes,36,Yes,No,DSL,No,Yes,No,No,Yes,Yes,One year,Yes,Bank transfer (automatic),113.4,4119.86,Yes,2023-01-11
8422-ILYOQ,Female,0,No,No,40,Yes,Yes,Fiber optic,No,Yes,No,Yes,No,Yes,Two year,Yes,Electronic check,146.79,5905.05,Yes,2023-01-11
6270-ESCXH,Male,0,No,No,35,Yes,No,No,No internet service,No internet service,No internet service,No internet service,No internet service,No internet service,One year,Yes,Mailed check,31.48,1104.48,Yes,2023-01-11
2103-MRRXP,Female,0,Yes,Yes,18,Yes,Yes,DSL,No,No,No,No,Yes,No,Two year,No,Electronic check,99.73,1771.02,No,2023-01-11
5303-HOUHW,Female,0,Yes,No,44,Yes,Yes,DSL,No,Yes,Yes,No,No,Yes,Month-to-month,No,Credit card (automatic),133.92,5896.21,No,2023-01-11
9551-UFDNR,Female,0,Yes,Yes,42,Yes,No,DSL,No,No,No,Yes,No,Yes,Two year,No,Bank transfer (automatic),94.61,3907.5,No,2023-01-11
7993-LHMKH,Male,1,No,No,32,Yes,No,Fiber optic,Yes,No,Yes,Yes,Yes,No,Month-to-month,No,Credit card (automatic),173.38,5642.79,Yes,2023-01-11
6065-ZIOHV,Female,0,No,No,25,Yes,No,No,No internet service,No internet service,No internet service,No internet service,No internet service,No internet service,One year,Yes,Mailed check,38.13,944.19,No,2023-01-11
1481-QMZZN,Female,1,No,No,43,No,No phone service,DSL,Yes,No,No,No,No,Yes,Month-to-month,Yes,Electronic check,90.16,3978.42,Yes,2023-01-11
5783-RIJUY,Female,0,Yes,No,24,Yes,No,DSL,No,No,No,No,Yes,No,One year,Yes,Bank transfer (automatic),98.23,2292.15,No,2023-01-11
2163-RQZCR,Male,0,Yes,No,8,Yes,Yes,Fiber optic,Yes,No,Yes,No,Yes,No,Month-to-month,Yes,Bank transfer (automatic),172.56,1389.68,Yes,2023-01-11
1087-OYAKY,Female,0,No,Yes,14,Yes,No,DSL,No,Yes,No,No,Yes,Yes,Month-to-month,Yes,Mailed check,114.85,1654.1,No,2023-01-11
9605-GWGDU,Female,0,Yes,No,16,Yes,No,DSL,Yes,No,No,No,No,Yes,Two year,Yes,Bank transfer (automatic),101.96,1631.38,Yes,2023-01-11
5991-XIMYG,Female,0,Yes,No,30,Yes,Yes,No,No internet service,No internet service,No internet service,No internet service,No internet service,No internet service,Month-to-month,No,Electronic check,55.28,1658.61,Yes,2023-01-11
4328-JKPVT,Female,0,No,No,42,Yes,No,Fiber optic,No,No,Yes,No,Yes,Yes,Month-to-month,Yes,Electronic check,162.54,7027.49,Yes,2023-01-11
3828-FFIKN,Male,0,Yes,No,42,Yes,Yes,DSL,No,Yes,No,No,Yes,Yes,One year,Yes,Electronic check,130.99,5426.46,Yes,2023-01-11
1501-LRYHD,Male,1,No,No,8,Yes,Yes,Fiber optic,Yes,No,No,No,Yes,Yes,Two year,No,Electronic check,142.49,1169.32,Yes,2023-01-11
7801-ZTSBM,Female,0,No,Yes,9,Yes,Yes,DSL,No,Yes,Yes,Yes,No,Yes,Month-to-month,Yes,Mailed check,150.11,1344.39,Yes,2023-01-11
4012-NUEOK,Male,0,No,No,52,Yes,Yes,No,No internet service,No internet service,No internet service,No internet service,No internet service,No internet service,One year,Yes,Electronic check,59.82,3149.4,Yes,2023-01-11
2082-SCAAQ,Female,0,No,No,20,Yes,No,No,No internet service,No internet service,No internet service,No internet service,No internet service,No internet service,Month-to-month,No,Electronic check,39.02,786.58,Yes,2023-01-11
2377-RHUPR,Female,0,Yes,No,38,Yes,Yes,Fiber optic,No,Yes,Yes,Yes,No,Yes,Month-to-month,No,Electronic check,189.32,7023.57,Yes,2023-01-12
2360-ABTOS,Male,0,Yes,Yes,27,Yes,Yes,No,No internet service,No internet service,No internet service,No internet service,No internet service,No internet service,One year,Yes,Mailed check,61.3,1633.1,Yes,2023-01-12
3208-ZZTSJ,Female,0,No,No,23,Yes,Yes,No,No internet service,No internet service,No internet service,No internet service,No internet service,No internet service,Month-to-month,No,Credit card (automatic),72.25,1658.57,No,2023-01-12
6985-RPPSD,Female,0,Yes,No,30,Yes,No,DSL,No,Yes,No,Yes,Yes,No,Month-to-month,Yes,Credit card (automatic),124.68,3758.43,Yes,2023-01-12
3961-XRAII,Male,0,No,No,26,Yes,Yes,No,No internet service,No internet service,No internet service,No internet service,No internet service,No internet service,Two year,Yes,Bank transfer (automatic),50.08,1267.16,Yes,2023-01-12
4069-OGNFK,Male,0,Yes,Yes,33,Yes,Yes,Fiber optic,Yes,Yes,No,No,No,Yes,Two year,No,Mailed check,153.88,5114.0,No,2023-01-12
1875-RZDSM,Male,0,No,No,26,Yes,No,Fiber optic,No,No,Yes,No,Yes,Yes,Month-to-month,Yes,Mailed check,148.62,3825.1,No,2023-01-12
3052-CRKOK,Male,0,Yes,Yes,7,Yes,No,DSL,No,No,Yes,No,Yes,No,Month-to-month,No,Electronic check,118.79,848.28,Yes,2023-01-12
8876-WKHNJ,Male,0,Yes,No,8,Yes,Yes,DSL,No,No,Yes,No,No,Yes,One year,No,Bank transfer (automatic),122.59,954.53,No,2023-01-12
7470-DEMRW,Male,0,No,No,47,Yes,Yes,Fiber optic,No,No,Yes,No,No,Yes,Two year,Yes,Bank transfer (automatic),145.84,6827.25,Yes,2023-01-12
1894-KFFXU,Male,1,No,No,39,Yes,No,DSL,No,No,Yes,No,Yes,Yes,Month-to-month,No,Electronic check,119.43,4584.38,Yes,2023-01-12
3509-MHTPE,Female,0,No,Yes,30,Yes,No,Fiber optic,No,Yes,No,No,Yes,Yes,Two year,No,Credit card (automatic),141.57,4259.37,No,2023-01-12
6338-IDLDB,Female,0,No,No,58,Yes,No,DSL,No,Yes,No,Yes,Yes,Yes,Two year,Yes,Electronic check,116.12,6841.17,Yes,2023-01-12
5509-ZIHMF,Male,0,No,Yes,27,No,No phone service,DSL,No,Yes,No,Yes,No,Yes,One year,Yes,Mailed check,82.26,2253.03,No,2023-01-12
3703-ZIKYF,Female,0,No,Yes,17,Yes,No,No,No internet service,No internet service,No internet service,No internet service,No internet service,No internet service,Month-to-month,Yes,Credit card (automatic),52.36,866.83,Yes,2023-01-12
2965-KMXGT,Male,0,Yes,Yes,27,Yes,No,No,No internet service,No internet service,No internet service,No internet service,No internet service,No internet service,One year,Yes,Electronic check,36.36,995.67,Yes,2023-01-12
8984-VCRDZ,Female,1,Yes,Yes,28,Yes,No,Fiber optic,No,No,Yes,Yes,Yes,No,One year,Yes,Credit card (automatic),154.54,4197.81,No,2023-01-12
1091-LJOLA,Male,0,Yes,No,37,Yes,Yes,Fiber optic,No,Yes,No,No,No,Yes,Month-to-month,Yes,Bank transfer (automatic),168.07,6220.42,Yes,2023-01-12
4216-XHMYB,Male,0,No,Yes,13,Yes,Yes,Fiber optic,Yes,No,No,No,No,Yes,Month-to-month,Yes,Credit card (automatic),158.78,2103.24,Yes,2023-01-12
2340-ROLZR,Male,0,No,No,18,Yes,No,Fiber optic,No,Yes,Yes,Yes,Yes,Yes,Two year,Yes,Credit card (automatic),148.17,2651.81,Yes,2023-01-12
5777-IEJIM,Male,0,No,Yes,34,Yes,No,Fiber optic,No,No,No,No,Yes,No,Month-to-month,No,Bank transfer (automatic),143.99,4753.65,Yes,2023-01-12
8895-FNCWA,Male,0,Yes,No,20,Yes,Yes,DSL,No,No,No,No,Yes,Yes,Month-to-month,No,Bank transfer (automatic),119.88,2329.4,Yes,2023-01-12
2350-TTQVM,Female,0,Yes,No,47,Yes,Yes,DSL,Yes,Yes,No,No,Yes,No,Month-to-month,No,Electronic check,129.37,5956.59,Yes,2023-01-12
4097-VLTGJ,Female,1,Yes,No,22,Yes,Yes,Fiber optic,No,Yes,Yes,No,No,Yes,Month-to-month,Yes,Credit card (automatic),160.2,3565.28,Yes,2023-01-12
4898-NXXXB,Male,1,Yes,No,30,Yes,No,Fiber optic,Yes,No,No,Yes,No,No,One year,Yes,Electronic check,133.77,4066.85,No,2023-01-13
6546-AUVMO,Male,1,Yes,Yes,24,Yes,Yes,Fiber optic,No,No,No,Yes,Yes,Yes,Month-to-month,Yes,Electronic check,172.03,4146.07,Yes,2023-01-13
7231-NBCAB,Female,0,Yes,No,17,Yes,Yes,DSL,No,No,No,No,Yes,Yes,One year,Yes,Bank transfer (automatic),120.66,2037.44,No,2023-01-13
2466-NSVRN,Female,0,No,No,46,No,No phone service,DSL,No,Yes,No,Yes,No,No,One year,Yes,Credit card (automatic),73.63,3326.05,Yes,2023-01-13
7319-NWCOL,Male,0,No,No,37,Yes,No,DSL,Yes,No,No,No,Yes,Yes,Month-to-month,Yes,Electronic check,119.94,4461.39,Yes,2023-01-13
4747-RCHLN,Male,0,No,No,56,Yes,No,DSL,Yes,Yes,No,Yes,No,Yes,Month-to-month,No,Electronic check,118.55,6771.81,Yes,2023-01-13
9048-RQVCL,Male,0,Yes,No,32,Yes,Yes,Fiber optic,Yes,Yes,Yes,No,Yes,No,One year,Yes,Bank transfer (automatic),169.48,5460.71,No,2023-01-13
7841-WBAHZ,Female,0,Yes,Yes,14,Yes,No,DSL,No,Yes,No,No,Yes,Yes,Month-to-month,Yes,Mailed check,116.79,1610.41,No,2023-01-13
6480-NHAEO,Male,0,Yes,Yes,33,Yes,Yes,DSL,No,Yes,No,No,No,Yes,Month-to-month,No,Bank transfer (automatic),129.6,4244.33,Yes,2023-01-13
4230-QJCQG,Male,0,No,Yes,53,Yes,No,Fiber optic,No,No,No,Yes,Yes,Yes,One year,Yes,Electronic check,137.61,7396.31,Yes,2023-01-13
5372-IBHCQ,Female,0,No,No,50,Yes,Yes,Fiber optic,No,No,Yes,No,Yes,No,One year,No,Bank transfer (automatic),152.21,7427.06,Yes,2023-01-13
7492-UOAOX,Male,0,Yes,No,21,Yes,No,Fiber optic,Yes,No,Yes,No,Yes,Yes,Month-to-month,Yes,Mailed check,158.68,3348.16,Yes,2023-01-13
6680-PFXHM,Male,0,Yes,Yes,45,Yes,No,DSL,Yes,No,No,No,No,No,Month-to-month,No,Bank transfer (automatic),103.99,4651.66,Yes,2023-01-13
3326-WKDLB,Male,1,Yes,Yes,22,Yes,No,DSL,Yes,No,Yes,No,Yes,No,Month-to-month,Yes,Electronic check,119.65,2710.25,Yes,2023-01-13
3996-SZMUQ,Female,1,Yes,No,26,Yes,Yes,DSL,No,Yes,No,No,Yes,Yes,Month-to-month,No,Credit card (automatic),132.22,3536.83,Yes,2023-01-13
2745-CXUVI,Female,0,No,No,30,Yes,No,Fiber optic,Yes,No,No,No,No,Yes,Month-to-month,Yes,Credit card (automatic),130.54,3845.35,Yes,2023-01-13
7543-BNXIG,Male,0,Yes,No,38,Yes,Yes,Fiber optic,No,Yes,Yes,Yes,Yes,No,Month-to-month,No,Electronic check,178.97,6855.17,Yes,2023-01-13
4220-ZZMZY,Male,0,Yes,No,18,Yes,No,Fiber optic,No,No,No,No,Yes,No,Month-to-month,Yes,Bank transfer (automatic),143.62,2602.24,Yes,2023-01-13
3963-ZPIMW,Male,0,Yes,Yes,24,Yes,Yes,No,No internet service,No internet service,No internet service,No internet service,No internet service,No internet service,Month-to-month,Yes,Electronic check,60.06,1398.78,Yes,2023-01-13
2290-VPRLZ,Female,1,No,No,51,Yes,No,No,No internet service,No internet service,No internet service,No internet service,No internet service,No internet service,Two year,Yes,Electronic check,40.11,2036.29,Yes,2023-01-13
2515-VAPAZ,Female,0,Yes,No,33,Yes,No,Fiber optic,No,Yes,No,No,No,No,One year,No,Bank transfer (automatic),120.35,3882.17,Yes,2023-01-13
9129-MDLCC,Female,0,Yes,No,54,Yes,Yes,DSL,No,No,No,No,No,Yes,Month-to-month,No,Credit card (automatic),125.91,6793.47,Yes,2023-01-13
6825-YGIBQ,Male,0,Yes,No,34,Yes,No,Fiber optic,No,Yes,No,No,Yes,Yes,Month-to-month,No,Electronic check,152.2,5255.39,Yes,2023-01-13
6695-QSHAE,Male,0,Yes,Yes,40,Yes,Yes,DSL,Yes,Yes,Yes,No,No,Yes,One year,No,Electronic check,134.88,5299.93,No,2023-01-13
1972-FDQZS,Female,0,Yes,No,16,No,No phone service,DSL,No,No,No,No,Yes,No,Month-to-month,No,Bank transfer (automatic),72.41,1154.59,No,2023-01-13
9631-NKJWI,Female,0,No,No,10,Yes,No,Fiber optic,No,Yes,Yes,No,Yes,Yes,Month-to-month,Yes,Electronic check,160.84,1563.56,Yes,2023-01-13
9612-WDGYS,Female,0,No,Yes,25,No,No phone service,Fiber optic,No,No,No,No,No,Yes,Month-to-month,No,Credit card (automatic),119.8,2953.08,Yes,2023-01-13
8680-BZINZ,Female,0,Yes,No,36,Yes,No,DSL,Yes,No,No,No,Yes,Yes,Month-to-month,No,Electronic check,126.56,4420.01,Yes,2023-01-13
2645-KJVLA,Female,0,No,Yes,51,Yes,Yes,No,No internet service,No internet service,No internet service,No internet service,No internet service,No internet service,Month-to-month,Yes,Credit card (automatic),75.44,3791.25,Yes,2023-01-13
6670-KNOYE,Male,0,Yes,No,10,Yes,No,DSL,No,No,Yes,No,Yes,Yes,Month-to-month,Yes,Credit card (automatic),122.4,1258.26,No,2023-01-13
2945-ZRTQF,Female,0,No,No,24,Yes,Yes,No,No internet service,No internet service,No internet service,No internet service,No internet service,No internet service,Month-to-month,No,Electronic check,53.86,1331.06,Yes,2023-01-13
7759-UGPCY,Male,0,No,Yes,29,Yes,No,Fiber optic,No,No,Yes,No,Yes,No,Two year,Yes,Electronic check,117.49,3336.43,Yes,2023-01-13
5170-CIQTM,Male,1,Yes,Yes,22,Yes,No,DSL,Yes,No,Yes,Yes,No,Yes,Month-to-month,Yes,Mailed check,131.8,2979.96,Yes,2023-01-13
8090-VWVAJ,Female,0,Yes,No,30,Yes,No,Fiber optic,No,Yes,No,Yes,No,No,Month-to-month,Yes,Mailed check,141.12,4266.21,Yes,2023-01-13
6124-EDQWP,Female,1,Yes,Yes,33,Yes,No,DSL,No,Yes,No,Yes,No,No,One year,Yes,Mailed check,98.34,3286.58,No,2023-01-13
4234-EFYSH,Female,1,No,Yes,28,Yes,No,No,No internet service,No internet service,No internet service,No internet service,No internet service,No internet service,Month-to-month,No,Credit card (automatic),40.37,1132.0,Yes,2023-01-13
6231-HOALU,Male,0,Yes,No,29,Yes,No,No,No internet service,No internet service,No internet service,No internet service,No internet service,No internet service,Two year,No,Electronic check,49.16,1397.67,No,2023-01-14
3996-YBJON,Female,1,No,No,13,Yes,No,DSL,No,No,No,Yes,No,No,Month-to-month,Yes,Electronic check,110.31,1458.69,Yes,2023-01-14
3930-ZNJRD,Female,0,No,Yes,12,Yes,No,No,No internet service,No internet service,No internet service,No internet service,No internet service,No internet service,One year,No,Credit card (automatic),39.72,490.13,Yes,2023-01-14
4885-HYIEL,Female,0,No,No,23,Yes,Yes,Fiber optic,Yes,No,No,No,No,Yes,One year,Yes,Bank transfer (automatic),150.62,3414.31,No,2023-01-14
5713-KKEHP,Male,0,Yes,No,13,Yes,Yes,DSL,Yes,No,Yes,Yes,Yes,No,Month-to-month,Yes,Bank transfer (automatic),154.12,1948.4,Yes,2023-01-14
7475-UPPZD,Male,0,No,No,17,Yes,Yes,DSL,No,Yes,Yes,No,Yes,No,One year,Yes,Electronic check,131.01,2242.22,No,2023-01-14
4732-VKVKD,Male,0,Yes,Yes,51,Yes,No,DSL,Yes,No,No,No,Yes,Yes,Two year,Yes,Credit card (automatic),109.38,5643.06,Yes,2023-01-14
7885-AOZNN,Female,0,Yes,No,15,Yes,No,Fiber optic,Yes,Yes,No,No,Yes,Yes,Two year,No,Bank transfer (automatic),146.86,2264.43,No,2023-01-14
2470-XDWPP,Male,1,No,Yes,32,Yes,Yes,Fiber optic,Yes,Yes,Yes,No,Yes,Yes,Month-to-month,Yes,Mailed check,189.93,5942.04,Yes,2023-01-14
8962-QKTDT,Male,0,No,Yes,36,Yes,No,No,No internet service,No internet service,No internet service,No internet service,No internet service,No internet service,Month-to-month,Yes,Mailed check,47.77,1719.01,Yes,2023-01-14
5268-MJIZR,Female,1,Yes,No,39,Yes,No,DSL,No,No,No,No,Yes,Yes,Month-to-month,Yes,Credit card (automatic),115.81,4515.39,Yes,2023-01-14
4276-QYPRH,Male,1,Yes,No,18,Yes,No,DSL,No,No,No,No,No,No,Two year,Yes,Credit card (automatic),80.3,1412.92,No,2023-01-14
9831-OINGI,Male,0,No,No,25,Yes,No,Fiber optic,No,No,No,Yes,Yes,No,Month-to-month,Yes,Credit card (automatic),167.71,4203.74,Yes,2023-01-14
9775-HYOAB,Female,0,No,No,53,Yes,No,No,No internet service,No internet service,No internet service,No internet service,No internet service,No internet service,Month-to-month,Yes,Credit card (automatic),47.01,2557.07,Yes,2023-01-14
6579-YXSNH,Female,1,No,No,14,Yes,No,Fiber optic,No,No,No,No,No,Yes,Month-to-month,Yes,Bank transfer (automatic),138.72,1885.51,Yes,2023-01-14
3187-GRVUF,Male,0,No,Yes,20,Yes,No,Fiber optic,Yes,Yes,Yes,No,No,No,Two year,No,Credit card (automatic),138.44,2738.8,Yes,2023-01-14
3863-VKLXF,Female,1,Yes,No,46,Yes,No,DSL,Yes,Yes,No,No,Yes,No,One year,No,Bank transfer (automatic),106.74,4955.25,No,2023-01-14
6897-LGDMG,Male,0,Yes,Yes,7,Yes,Yes,DSL,No,No,No,No,No,No,Month-to-month,Yes,Electronic check,114.37,800.08,Yes,2023-01-14
7098-FCCKS,Male,0,No,Yes,44,Yes,No,No,No internet service,No internet service,No internet service,No internet service,No internet service,No internet service,Month-to-month,Yes,Credit card (automatic),35.85,1538.96,No,2023-01-14
7722-CRNUX,Female,0,No,No,30,Yes,Yes,No,No internet service,No internet service,No internet service,No internet service,No internet service,No internet service,Month-to-month,No,Electronic check,59.76,1801.26,Yes,2023-01-14
6464-VTPSP,Female,0,Yes,Yes,23,Yes,Yes,No,No internet service,No internet service,No internet service,No internet service,No internet service,No internet service,Month-to-month,No,Bank transfer (automatic),53.12,1198.25,Yes,2023-01-14
1810-CUAAH,Female,0,No,No,23,Yes,Yes,DSL,Yes,No,No,No,Yes,Yes,Two year,Yes,Bank transfer (automatic),128.58,2966.35,No,2023-01-14
4450-RMESP,Female,0,Yes,No,5,Yes,Yes,No,No internet service,No internet service,No internet service,No internet service,No internet service,No internet service,Month-to-month,No,Credit card (automatic),68.26,346.72,Yes,2023-01-14
3680-JOEZR,Female,0,No,No,31,Yes,Yes,No,No internet service,No internet service,No internet service,No internet service,No internet service,No internet service,Month-to-month,No,Credit card (automatic),60.64,1891.64,Yes,2023-01-14
3272-ZMFWZ,Male,0,No,No,19,Yes,Yes,DSL,No,Yes,No,No,Yes,No,Month-to-month,Yes,Bank transfer (automatic),129.08,2451.48,Yes,2023-01-14
1430-PRSAH,Female,0,Yes,No,16,Yes,No,Fiber optic,Yes,Yes,No,No,No,Yes,Two year,No,Credit card (automatic),124.08,1998.81,No,2023-01-14
2028-KCZIW,Female,0,No,No,10,Yes,No,Fiber optic,No,No,No,Yes,No,Yes,One year,Yes,Credit card (automatic),128.32,1304.4,Yes,2023-01-14
9492-FGVLG,Female,0,Yes,No,11,Yes,Yes,Fiber optic,No,No,No,No,Yes,Yes,Month-to-month,Yes,Mailed check,156.43,1727.52,Yes,2023-01-14
8330-DESYO,Female,0,No,No,0,Yes,No,DSL,No,No,No,No,Yes,No,Month-to-month,No,Credit card (automatic),95.55,0.0,Yes,2023-01-14
1579-HGQVF,Female,0,No,No,21,Yes,Yes,DSL,Yes,Yes,No,No,No,Yes,One year,Yes,Credit card (automatic),126.12,2719.35,No,2023-01-14
8587-VVXWM,Male,0,Yes,No,32,Yes,No,DSL,Yes,Yes,Yes,No,Yes,Yes,Two year,Yes,Bank transfer (automatic),129.29,4017.71,No,2023-01-14
9369-TBFDT,Female,1,No,No,38,Yes,No,Fiber optic,No,Yes,Yes,No,Yes,Yes,One year,No,Credit card (automatic),141.81,5266.38,No,2023-01-14
9729-KUYUC,Male,0,Yes,No,53,Yes,Yes,No,No internet service,No internet service,No internet service,No internet service,No internet service,No internet service,One year,Yes,Bank transfer (automatic),66.1,3484.08,Yes,2023-01-14
4800-MKGPP,Male,0,No,Yes,17,Yes,No,Fiber optic,No,No,No,No,Yes,Yes,Month-to-month,No,Credit card (automatic),139.43,2437.57,Yes,2023-01-14
4143-ICEDH,Female,0,Yes,No,44,Yes,Yes,DSL,No,Yes,No,Yes,No,Yes,Month-to-month,Yes,Electronic check,142.57,6160.97,Yes,2023-01-14
1755-YKGKZ,Male,0,Yes,No,28,Yes,No,No,No internet service,No internet service,No internet service,No internet service,No internet service,No internet service,Two year,Yes,Mailed check,49.06,1394.83,No,2023-01-14
6215-NUTFP,Male,0,No,Yes,53,Yes,No,Fiber optic,No,No,No,No,Yes,No,One year,No,Electronic check,129.88,6744.55,Yes,2023-01-14
1497-WYECS,Female,0,Yes,No,18,Yes,No,DSL,No,Yes,No,No,Yes,Yes,Two year,No,Electronic check,93.77,1730.33,No,2023-01-14
2678-PKWBU,Male,1,No,No,60,Yes,No,Fiber optic,Yes,No,Yes,No,No,No,Two year,Yes,Credit card (automatic),119.61,7385.5,Yes,2023-01-14
8982-DXGSM,Female,0,No,Yes,26,No,No phone service,DSL,No,Yes,Yes,No,No,No,Month-to-month,No,Credit card (automatic),89.53,2392.86,Yes,2023-01-15
4454-KUOGR,Female,0,Yes,No,29,Yes,No,No,No internet service,No internet service,No internet service,No internet service,No internet service,No internet service,Two year,Yes,Electronic check,40.6,1203.95,No,2023-01-15
4864-DUUKM,Female,0,Yes,No,35,Yes,Yes,Fiber optic,Yes,No,No,No,Yes,No,One year,Yes,Bank transfer (automatic),152.88,5206.85,No,2023-01-15
3330-AFMRH,Female,0,No,No,47,Yes,Yes,DSL,No,No,No,Yes,Yes,Yes,Month-to-month,No,Bank transfer (automatic),144.13,6831.64,Yes,2023-01-15
3036-UQPET,Male,0,No,Yes,34,Yes,No,Fiber optic,No,No,Yes,No,Yes,No,Month-to-month,Yes,Credit card (automatic),147.13,5089.7,Yes,2023-01-15
5530-TECIW,Male,0,No,Yes,22,No,No phone service,Fiber optic,No,Yes,Yes,No,Yes,Yes,Month-to-month,Yes,Credit card (automatic),139.7,3015.93,Yes,2023-01-15
9114-LPKBY,Female,1,No,Yes,17,Yes,Yes,DSL,No,Yes,No,Yes,Yes,Yes,Month-to-month,No,Electronic check,135.47,2272.56,Yes,2023-01-15
1590-JRZCH,Male,0,Yes,Yes,32,Yes,Yes,No,No internet service,No internet service,No internet service,No internet service,No internet service,No internet service,Month-to-month,Yes,Mailed check,60.13,1893.18,Yes,2023-01-15
8257-GZFTC,Female,0,Yes,No,43,Yes,No,No,No internet service,No internet service,No internet service,No internet service,No internet service,No internet service,Two year,Yes,Bank transfer (automatic),34.71,1470.05,No,2023-01-15
6211-TBOOU,Female,0,Yes,No,35,Yes,Yes,Fiber optic,Yes,No,No,No,Yes,Yes,Month-to-month,No,Mailed check,179.01,6453.14,Yes,2023-01-15
4875-COEZL,Female,0,No,No,11,Yes,Yes,Fiber optic,No,No,No,No,No,Yes,Month-to-month,No,Credit card (automatic),153.78,1661.6,Yes,2023-01-15
6506-EIJCC,Female,0,Yes,No,54,No,No phone service,DSL,No,Yes,No,No,No,Yes,Month-to-month,Yes,Electronic check,85.57,4549.59,Yes,2023-01-15
1271-SQLTP,Male,0,No,Yes,17,Yes,Yes,Fiber optic,Yes,No,No,No,Yes,Yes,One year,Yes,Mailed check,161.71,2764.75,Yes,2023-01-15
7442-CINJL,Female,0,No,No,38,Yes,Yes,Fiber optic,Yes,No,No,No,Yes,No,One year,No,Electronic check,142.13,5256.6,Yes,2023-01-15
3807-ZUDGE,Female,0,No,Yes,6,Yes,No,No,No internet service,No internet service,No internet service,No internet service,No internet service,No internet service,Month-to-month,Yes,Electronic check,50.28,307.15,Yes,2023-01-15
6019-WDVGY,Male,0,Yes,No,23,Yes,Yes,Fiber optic,Yes,No,No,No,Yes,Yes,Two year,No,Mailed check,150.76,3460.83,Yes,2023-01-15
3211-UVRPK,Female,1,No,No,45,Yes,No,DSL,No,Yes,No,Yes,Yes,Yes,Two year,Yes,Bank transfer (automatic),104.24,4698.01,No,2023-01-15
7837-JVXSB,Male,1,No,Yes,33,Yes,Yes,Fiber optic,Yes,No,Yes,No,Yes,Yes,Month-to-month,No,Credit card (automatic),171.99,5691.62,Yes,2023-01-15
7374-BEGHZ,Female,0,Yes,No,31,Yes,No,DSL,Yes,No,Yes,No,No,No,One year,No,Mailed check,107.6,3326.06,Yes,2023-01-15
4017-GDGFN,Male,0,No,No,27,Yes,No,Fiber optic,No,Yes,No,No,Yes,Yes,Two year,Yes,Credit card (automatic),127.35,3502.73,No,2023-01-15
8096-THUAA,Male,0,No,No,16,Yes,No,Fiber optic,Yes,Yes,Yes,No,Yes,Yes,Month-to-month,Yes,Electronic check,176.84,2873.79,Yes,2023-01-15
7502-KPWDT,Female,0,No,No,10,Yes,No,DSL,Yes,No,No,No,Yes,Yes,Month-to-month,Yes,Bank transfer (automatic),120.8,1200.94,Yes,2023-01-15
4336-CGNXB,Female,1,No,No,59,Yes,No,DSL,No,No,No,Yes,No,Yes,Month-to-month,Yes,Electronic check,116.19,7034.25,Yes,2023-01-16
7804-VGORC,Male,0,Yes,Yes,16,Yes,Yes,Fiber optic,Yes,No,Yes,No,No,No,One year,Yes,Electronic check,149.39,2430.36,Yes,2023-01-16
4710-BWNHO,Male,0,Yes,No,5,Yes,Yes,Fiber optic,Yes,Yes,Yes,No,Yes,No,One year,Yes,Electronic check,151.56,768.87,Yes,2023-01-16
3205-BAWYD,Male,0,No,No,39,Yes,No,DSL,No,Yes,No,No,Yes,Yes,Two year,Yes,Electronic check,110.2,4213.89,Yes,2023-01-16
3609-BMFRZ,Female,0,Yes,Yes,15,No,No phone service,No,No internet service,No internet service,No internet service,No internet service,No internet service,No internet service,Two year,No,Bank transfer (automatic),18.5,272.77,No,2023-01-16
6010-ZKFOM,Female,0,No,No,31,Yes,No,DSL,Yes,No,No,Yes,Yes,Yes,One year,No,Bank transfer (automatic),131.35,4057.35,No,2023-01-16
6268-DIXTF,Male,1,Yes,No,43,Yes,No,Fiber optic,No,No,Yes,No,No,No,Month-to-month,No,Bank transfer (automatic),141.94,6200.13,No,2023-01-16
3569-VWVNV,Female,0,Yes,No,20,Yes,Yes,Fiber optic,Yes,Yes,Yes,No,Yes,Yes,Month-to-month,No,Credit card (automatic),185.17,3747.86,Yes,2023-01-16
4353-TYDBL,Male,0,No,Yes,21,Yes,No,Fiber optic,No,Yes,No,No,Yes,Yes,Month-to-month,Yes,Credit card (automatic),153.0,3166.46,Yes,2023-01-16
4467-LEZUS,Male,1,Yes,No,18,Yes,No,Fiber optic,No,No,Yes,No,No,No,One year,Yes,Electronic check,120.0,2159.83,Yes,2023-01-16
3497-CFEOD,Female,0,Yes,No,10,Yes,Yes,DSL,Yes,Yes,Yes,No,Yes,No,One year,No,Bank transfer (automatic),122.78,1238.23,Yes,2023-01-16
9863-IHVSW,Female,0,Yes,No,33,Yes,Yes,No,No internet service,No internet service,No internet service,No internet service,No internet service,No internet service,One year,Yes,Bank transfer (automatic),71.91,2438.77,No,2023-01-16
2498-JZPSR,Female,0,No,No,54,No,No phone service,DSL,No,Yes,No,No,Yes,Yes,Month-to-month,No,Electronic check,94.28,5157.63,Yes,2023-01-16
3940-RWANK,Female,0,No,No,6,Yes,Yes,DSL,Yes,Yes,No,No,Yes,No,Month-to-month,No,Mailed check,132.49,807.5,Yes,2023-01-16
7167-ENGFW,Male,0,Yes,No,14,No,No phone service,No,No internet service,No internet service,No internet service,No internet service,No internet service,No internet service,One year,No,Electronic check,18.5,257.7,Yes,2023-01-16
6175-VXQTQ,Female,0,No,Yes,50,Yes,Yes,DSL,No,No,No,No,Yes,No,One year,Yes,Credit card (automatic),108.86,5364.41,Yes,2023-01-16
4670-YKHWC,Female,0,Yes,Yes,14,Yes,No,DSL,Yes,Yes,Yes,Yes,No,No,Month-to-month,Yes,Electronic check,122.96,1771.3,Yes,2023-01-16
6371-WYLUP,Male,0,Yes,No,15,Yes,Yes,Fiber optic,Yes,Yes,No,No,Yes,Yes,Two year,Yes,Mailed check,155.92,2324.23,No,2023-01-16
4036-WDEBM,Male,0,Yes,No,45,Yes,Yes,DSL,Yes,Yes,Yes,No,Yes,Yes,One year,Yes,Electronic check,145.6,6566.67,Yes,2023-01-16
9272-QZTGL,Female,0,Yes,Yes,50,Yes,Yes,DSL,No,Yes,No,Yes,Yes,Yes,Month-to-month,Yes,Electronic check,139.57,6957.98,Yes,2023-01-16
6122-ZBTFW,Female,0,No,No,38,Yes,No,Fiber optic,No,No,Yes,No,Yes,Yes,One year,No,Electronic check,143.24,5404.45,Yes,2023-01-16
7502-JFKLL,Male,0,No,No,43,Yes,No,DSL,Yes,No,No,Yes,Yes,No,One year,Yes,Credit card (automatic),106.94,4559.23,Yes,2023-01-16
7874-ODFXR,Male,1,No,No,22,Yes,No,DSL,Yes,No,No,No,Yes,No,One year,Yes,Mailed check,115.5,2578.14,No,2023-01-16
7902-CZSGA,Female,0,No,No,25,Yes,No,Fiber optic,No,No,Yes,No,Yes,No,Month-to-month,Yes,Electronic check,142.59,3475.87,Yes,2023-01-16
2916-FUKWI,Male,0,Yes,No,58,Yes,Yes,No,No internet service,No internet service,No internet service,No internet service,No internet service,No internet service,Month-to-month,Yes,Bank transfer (automatic),57.8,3447.97,Yes,2023-01-17
6444-MASWU,Female,1,No,No,21,Yes,No,Fiber optic,Yes,Yes,Yes,No,Yes,Yes,One year,Yes,Electronic check,169.96,3517.96,No,2023-01-17
9593-IHILB,Female,0,Yes,No,27,Yes,Yes,No,No internet service,No internet service,No internet service,No internet service,No internet service,No internet service,One year,Yes,Mailed check,66.35,1742.58,No,2023-01-17
1824-HXQJE,Male,0,Yes,Yes,16,Yes,Yes,Fiber optic,Yes,Yes,Yes,Yes,Yes,Yes,One year,No,Electronic check,187.12,2910.8,Yes,2023-01-17
2506-CQCRQ,Female,1,Yes,No,8,Yes,No,Fiber optic,No,No,Yes,No,No,Yes,Month-to-month,Yes,Bank transfer (automatic),150.49,1206.83,No,2023-01-17
3777-TVSZL,Male,0,Yes,Yes,16,Yes,No,Fiber optic,No,Yes,No,Yes,Yes,No,One year,Yes,Electronic check,143.56,2358.78,Yes,2023-01-17
2066-SUGDO,Female,1,Yes,No,21,Yes,No,Fiber optic,Yes,No,Yes,No,No,Yes,Month-to-month,Yes,Electronic check,157.41,3297.32,Yes,2023-01-17
8171-CMTJK,Female,0,No,No,29,Yes,No,DSL,No,No,No,No,No,Yes,Month-to-month,Yes,Credit card (automatic),98.94,2910.97,No,2023-01-17
5247-EDUGX,Female,0,No,No,40,Yes,Yes,DSL,No,No,No,Yes,No,No,One year,No,Electronic check,108.55,4460.02,Yes,2023-01-17
8643-WZYDF,Female,0,Yes,Yes,68,Yes,Yes,DSL,Yes,No,Yes,No,No,No,One year,Yes,Electronic check,119.33,8323.37,Yes,2023-01-17
6395-LFTPL,Male,0,No,No,30,Yes,No,Fiber optic,Yes,Yes,No,No,No,No,Month-to-month,No,Electronic check,131.82,4065.92,Yes,2023-01-17
3272-FTCCY,Male,0,Yes,Yes,39,Yes,No,Fiber optic,No,Yes,No,Yes,Yes,No,One year,Yes,Bank transfer (automatic),135.35,5314.3,Yes,2023-01-17
2399-CIAKI,Female,1,No,Yes,46,No,No phone service,DSL,No,No,Yes,No,Yes,No,Month-to-month,Yes,Electronic check,81.35,3751.35,Yes,2023-01-17
8973-NXFYB,Male,0,Yes,No,16,Yes,No,Fiber optic,No,Yes,No,No,No,Yes,Two year,No,Bank transfer (automatic),126.64,2026.13,Yes,2023-01-17
2768-XZMFH,Male,0,No,No,2,No,No phone service,Fiber optic,No,No,No,No,Yes,Yes,One year,Yes,Mailed check,115.26,234.89,Yes,2023-01-17
6884-WDWGS,Female,0,No,No,37,Yes,Yes,Fiber optic,No,No,No,Yes,No,No,One year,Yes,Credit card (automatic),143.15,5179.15,Yes,2023-01-17
5531-KYAYI,Female,0,Yes,No,40,Yes,Yes,DSL,No,No,No,Yes,No,No,Month-to-month,Yes,Credit card (automatic),116.42,4632.09,Yes,2023-01-17
9263-PYRXO,Male,1,Yes,No,41,Yes,Yes,No,No internet service,No internet service,No internet service,No internet service,No internet service,No internet service,Two year,No,Bank transfer (automatic),49.31,2034.33,No,2023-01-17
7492-FLNRI,Male,1,Yes,No,34,Yes,No,Fiber optic,No,Yes,Yes,No,Yes,Yes,Month-to-month,Yes,Mailed check,165.82,5727.31,Yes,2023-01-17
5362-ESVZI,Female,1,Yes,No,22,Yes,Yes,DSL,No,Yes,No,Yes,Yes,Yes,One year,Yes,Credit card (automatic),135.65,2998.11,No,2023-01-17
9224-SLEUU,Female,0,Yes,No,5,Yes,No,Fiber optic,No,Yes,Yes,No,Yes,Yes,Two year,No,Electronic check,143.18,730.57,Yes,2023-01-17
5976-NUKQW,Male,0,No,Yes,43,Yes,No,Fiber optic,No,No,Yes,Yes,No,No,One year,Yes,Credit card (automatic),131.85,5726.58,Yes,2023-01-17
9919-HFPDP,Female,0,No,No,53,Yes,No,DSL,No,No,No,Yes,Yes,Yes,Month-to-month,Yes,Electronic check,127.44,6956.28,Yes,2023-01-17
7275-LJIIL,Male,0,Yes,No,23,Yes,Yes,Fiber optic,No,Yes,Yes,No,Yes,No,Month-to-month,No,Mailed check,174.64,3899.66,No,2023-01-17
8159-VODVN,Female,0,Yes,No,58,Yes,Yes,No,No internet service,No internet service,No internet service,No internet service,No internet service,No internet service,Month-to-month,Yes,Bank transfer (automatic),67.77,4002.5,Yes,2023-01-17
8585-CXECI,Male,0,Yes,No,25,Yes,Yes,Fiber optic,Yes,Yes,No,Yes,No,No,Month-to-month,Yes,Mailed check,165.91,4164.72,Yes,2023-01-17
2056-IWPER,Female,0,No,No,44,Yes,No,No,No internet service,No internet service,No internet service,No internet service,No internet service,No internet service,Month-to-month,No,Credit card (automatic),43.58,1898.64,No,2023-01-17
5050-METIT,Male,0,Yes,No,16,Yes,No,No,No internet service,No internet service,No internet service,No internet service,No internet service,No internet service,Two year,Yes,Electronic check,32.45,511.74,Yes,2023-01-17
5143-RWALR,Male,0,Yes,No,23,Yes,No,No,No internet service,No internet service,No internet service,No internet service,No internet service,No internet service,Month-to-month,No,Electronic check,47.95,1133.94,Yes,2023-01-17
8995-BUQHG,Male,1,No,No,10,Yes,Yes,DSL,No,No,Yes,No,No,Yes,Two year,Yes,Bank transfer (automatic),103.97,1031.27,No,2023-01-18
1635-WGXIZ,Female,0,No,No,12,Yes,Yes,Fiber optic,Yes,No,Yes,Yes,Yes,No,Month-to-month,No,Electronic check,185.51,2161.97,Yes,2023-01-18
9029-DQIBD,Female,0,No,No,19,Yes,Yes,No,No internet service,No internet service,No internet service,No internet service,No internet service,No internet service,Month-to-month,Yes,Credit card (automatic),61.2,1175.29,Yes,2023-01-18
6997-TYOOW,Male,0,No,No,32,Yes,Yes,Fiber optic,No,No,No,No,Yes,Yes,Month-to-month,Yes,Electronic check,167.87,5287.26,Yes,2023-01-18
2380-GPSHY,Male,0,Yes,No,7,Yes,Yes,Fiber optic,No,No,No,Yes,No,Yes,One year,Yes,Mailed check,150.59,1072.54,Yes,2023-01-18
4417-JLKFJ,Female,0,No,No,17,Yes,No,DSL,No,Yes,No,No,Yes,No,Month-to-month,No,Electronic check,117.54,2042.24,Yes,2023-01-18
8216-ATRZA,Male,0,Yes,No,52,Yes,Yes,DSL,Yes,No,No,No,No,No,Month-to-month,No,Electronic check,116.16,5899.05,Yes,2023-01-18
9517-ATIZR,Male,0,Yes,No,23,Yes,No,Fiber optic,Yes,No,No,No,Yes,No,Month-to-month,Yes,Electronic check,155.73,3663.05,Yes,2023-01-18
4055-IXKGH,Male,0,No,Yes,23,Yes,Yes,DSL,No,No,No,No,Yes,No,One year,No,Bank transfer (automatic),111.77,2543.08,No,2023-01-18
9027-HCBBV,Male,1,No,No,50,Yes,Yes,No,No internet service,No internet service,No internet service,No internet service,No internet service,No internet service,One year,Yes,Mailed check,50.33,2526.83,Yes,2023-01-18
8598-RMSCO,Female,0,Yes,Yes,14,Yes,No,Fiber optic,Yes,Yes,Yes,Yes,Yes,Yes,Month-to-month,Yes,Bank transfer (automatic),162.45,2326.25,Yes,2023-01-18
5187-LTSLY,Male,1,No,Yes,51,Yes,Yes,DSL,Yes,No,No,Yes,No,Yes,Month-to-month,Yes,Electronic check,139.91,7339.6,Yes,2023-01-18
1900-HHSKM,Male,0,No,No,7,Yes,No,Fiber optic,No,No,No,No,Yes,Yes,Two year,No,Bank transfer (automatic),127.64,884.65,No,2023-01-18
5463-YGJAM,Female,1,No,Yes,60,Yes,Yes,Fiber optic,No,No,No,No,Yes,No,Month-to-month,Yes,Electronic check,155.77,9493.93,Yes,2023-01-18
2080-MQLUC,Female,0,Yes,Yes,24,Yes,Yes,No,No internet service,No internet service,No internet service,No internet service,No internet service,No internet service,Month-to-month,No,Electronic check,50.09,1204.69,Yes,2023-01-18
4915-JOADG,Male,0,Yes,No,12,Yes,Yes,Fiber optic,No,No,No,No,Yes,Yes,Month-to-month,No,Electronic check,157.01,1831.94,Yes,2023-01-18
4801-QQWSI,Female,0,No,Yes,37,Yes,Yes,Fiber optic,Yes,Yes,Yes,No,No,Yes,One year,No,Mailed check,169.25,6250.23,No,2023-01-18
4363-RWOUS,Male,0,Yes,No,38,Yes,No,DSL,Yes,Yes,No,Yes,Yes,No,One year,Yes,Electronic check,125.38,4625.08,Yes,2023-01-18
3454-HAIQF,Male,0,No,Yes,17,No,No phone service,Fiber optic,Yes,No,No,No,No,Yes,Month-to-month,Yes,Bank transfer (automatic),124.79,2114.19,Yes,2023-01-18
4893-SLAOO,Male,0,Yes,No,32,Yes,No,DSL,No,Yes,No,No,Yes,Yes,One year,Yes,Mailed check,109.45,3400.94,No,2023-01-18
2252-GPFLP,Female,0,Yes,Yes,18,Yes,Yes,Fiber optic,No,No,Yes,No,Yes,Yes,Month-to-month,Yes,Electronic check,163.1,3011.27,Yes,2023-01-18
4466-FAEJM,Male,0,No,No,14,Yes,No,Fiber optic,No,No,No,No,Yes,Yes,One year,Yes,Bank transfer (automatic),142.47,2026.91,No,2023-01-18
3306-VOBUP,Female,0,No,No,54,Yes,Yes,No,No internet service,No internet service,No internet service,No internet service,No internet service,No internet service,Two year,Yes,Electronic check,45.16,2479.47,No,2023-01-18
8227-XJSZE,Female,0,Yes,No,19,Yes,No,Fiber optic,Yes,Yes,No,No,Yes,Yes,Two year,Yes,Credit card (automatic),144.14,2707.06,No,2023-01-18
9470-XNKRE,Male,0,Yes,No,31,No,No phone service,Fiber optic,No,Yes,Yes,No,Yes,Yes,Month-to-month,Yes,Credit card (automatic),133.88,4198.61,Yes,2023-01-18
2780-JOSYS,Female,0,No,Yes,30,Yes,Yes,DSL,No,Yes,Yes,Yes,Yes,Yes,Month-to-month,No,Credit card (automatic),159.18,4844.24,Yes,2023-01-18
8759-YTPBO,Female,0,Yes,No,42,Yes,Yes,DSL,No,No,No,No,No,Yes,Month-to-month,No,Bank transfer (automatic),120.02,5142.68,No,2023-01-18
1466-CTTUH,Female,1,Yes,No,20,Yes,No,No,No internet service,No internet service,No internet service,No internet service,No internet service,No internet service,One year,No,Electronic check,38.08,758.5,No,2023-01-18
6107-AWTKK,Female,0,No,No,20,Yes,Yes,Fiber optic,No,Yes,No,Yes,Yes,Yes,Month-to-month,Yes,Credit card (automatic),178.12,3645.26,Yes,2023-01-18
1538-DCCBC,Male,0,Yes,No,24,Yes,Yes,Fiber optic,No,Yes,No,No,Yes,No,Month-to-month,No,Credit card (automatic),168.04,3943.23,Yes,2023-01-18
7417-DBMIQ,Male,0,No,No,20,Yes,Yes,Fiber optic,No,Yes,No,No,Yes,Yes,Month-to-month,Yes,Bank transfer (automatic),168.31,3295.18,Yes,2023-01-19
2283-SRKRA,Male,0,No,No,31,Yes,No,Fiber optic,No,Yes,No,No,Yes,Yes,Month-to-month,No,Bank transfer (automatic),154.0,4672.83,Yes,2023-01-19
1044-ITXDC,Male,0,No,No,48,Yes,Yes,Fiber optic,No,No,No,Yes,No,No,Month-to-month,Yes,Mailed check,169.22,8222.01,Yes,2023-01-19
2843-QWPHW,Male,0,Yes,Yes,59,Yes,No,No,No internet service,No internet service,No internet service,No internet service,No internet service,No internet service,Month-to-month,Yes,Credit card (automatic),50.19,2922.49,Yes,2023-01-19
9061-COLPC,Female,0,Yes,No,33,Yes,Yes,No,No internet service,No internet service,No internet service,No internet service,No internet service,No internet service,Month-to-month,Yes,Credit card (automatic),66.12,2196.4,Yes,2023-01-19
3374-EBNKM,Female,0,Yes,Yes,38,Yes,Yes,Fiber optic,Yes,No,Yes,No,No,No,Month-to-month,Yes,Bank transfer (automatic),165.89,6333.3,Yes,2023-01-19
7597-CZVGN,Male,0,Yes,No,26,Yes,Yes,Fiber optic,Yes,No,Yes,No,Yes,Yes,One year,Yes,Electronic check,169.08,4274.92,No,2023-01-19
5968-TVYJL,Male,0,Yes,Yes,49,Yes,No,Fiber optic,No,No,Yes,Yes,Yes,Yes,Month-to-month,Yes,Bank transfer (automatic),170.51,8375.95,No,2023-01-19
9396-VYJRN,Male,0,Yes,No,6,No,No phone service,Fiber optic,No,No,No,No,Yes,Yes,Month-to-month,Yes,Bank transfer (automatic),117.74,714.09,Yes,2023-01-19
1690-WXDDG,Male,0,No,No,22,Yes,Yes,Fiber optic,No,No,Yes,No,No,Yes,Two year,Yes,Mailed check,144.52,3114.51,No,2023-01-19
3367-MZIIZ,Female,0,No,Yes,55,Yes,Yes,Fiber optic,No,Yes,Yes,No,No,Yes,Month-to-month,No,Electronic check,153.91,8661.86,Yes,2023-01-19
4525-NVTHK,Female,0,No,No,50,Yes,Yes,Fiber optic,Yes,Yes,No,No,Yes,Yes,Month-to-month,Yes,Electronic check,174.01,8469.05,Yes,2023-01-19
5205-SESVC,Male,0,No,Yes,6,Yes,No,Fiber optic,No,Yes,No,No,Yes,No,Month-to-month,Yes,Credit card (automatic),151.91,926.76,Yes,2023-01-19
1581-EKYJK,Female,1,Yes,No,39,Yes,Yes,No,No internet service,No internet service,No internet service,No internet service,No internet service,No internet service,Month-to-month,Yes,Bank transfer (automatic),67.02,2647.77,No,2023-01-19
3739-ULSVC,Male,0,Yes,Yes,28,Yes,Yes,DSL,Yes,No,No,No,Yes,Yes,Month-to-month,No,Mailed check,139.16,3844.42,Yes,2023-01-19
8938-VTHFW,Female,0,Yes,Yes,39,Yes,Yes,Fiber optic,Yes,No,No,No,No,Yes,One year,No,Electronic check,161.38,6178.9,Yes,2023-01-19
7963-LAAWF,Male,0,No,No,34,Yes,No,Fiber optic,No,No,No,Yes,Yes,Yes,Month-to-month,Yes,Electronic check,156.13,5438.99,Yes,2023-01-19
5107-DLXRD,Female,0,Yes,No,10,Yes,No,DSL,No,Yes,No,No,Yes,No,Month-to-month,Yes,Electronic check,122.94,1195.89,Yes,2023-01-19
4356-CUNOG,Male,0,Yes,No,15,Yes,No,Fiber optic,No,Yes,No,Yes,Yes,Yes,One year,No,Credit card (automatic),151.45,2312.09,Yes,2023-01-19
3466-NVKKD,Female,0,Yes,Yes,31,Yes,No,Fiber optic,Yes,Yes,Yes,No,Yes,No,Month-to-month,Yes,Credit card (automatic),160.88,4886.0,No,2023-01-19
8732-ZPJBM,Female,0,Yes,Yes,27,Yes,Yes,Fiber optic,No,No,Yes,No,No,Yes,Month-to-month,No,Credit card (automatic),160.11,4297.4,Yes,2023-01-19
3252-UNOVH,Male,1,No,Yes,18,Yes,No,No,No internet service,No internet service,No internet service,No internet service,No internet service,No internet service,Month-to-month,No,Bank transfer (automatic),37.41,682.56,No,2023-01-19
8239-PYXKR,Male,0,No,No,12,Yes,No,Fiber optic,Yes,No,No,No,Yes,Yes,Month-to-month,Yes,Electronic check,156.29,1912.2,Yes,2023-01-19
7157-NUEOO,Male,0,Yes,No,43,Yes,No,No,No internet service,No internet service,No internet service,No internet service,No internet service,No internet service,Month-to-month,Yes,Mailed check,41.49,1834.23,Yes,2023-01-19
7615-QZKAG,Female,0,No,No,13,Yes,Yes,Fiber optic,No,No,No,No,Yes,No,Month-to-month,Yes,Bank transfer (automatic),149.7,2001.84,Yes,2023-01-19
9531-TEQYW,Female,0,No,No,53,Yes,Yes,Fiber optic,Yes,No,No,No,Yes,No,One year,Yes,Credit card (automatic),156.99,8152.35,Yes,2023-01-20
7956-WHOPP,Male,0,No,No,9,No,No phone service,Fiber optic,Yes,No,Yes,Yes,Yes,Yes,One year,Yes,Electronic check,143.42,1263.22,Yes,2023-01-20
8985-PGNRO,Female,1,Yes,No,32,Yes,No,DSL,No,No,Yes,No,No,No,Month-to-month,Yes,Mailed check,100.89,3239.78,Yes,2023-01-20
6116-HFACR,Male,1,No,No,33,Yes,No,No,No internet service,No internet service,No internet service,No internet service,No internet service,No internet service,Month-to-month,Yes,Electronic check,49.73,1615.47,Yes,2023-01-20
5965-XELIK,Female,0,Yes,No,34,Yes,No,DSL,Yes,No,No,No,Yes,Yes,Month-to-month,Yes,Mailed check,119.07,4038.58,Yes,2023-01-20
8259-IWZKM,Female,0,Yes,No,15,Yes,Yes,Fiber optic,Yes,No,Yes,No,No,No,Two year,Yes,Mailed check,131.0,1970.46,Yes,2023-01-20
5769-QFJAP,Male,1,Yes,Yes,28,Yes,Yes,DSL,No,No,Yes,No,Yes,No,Month-to-month,No,Mailed check,128.79,3592.66,No,2023-01-20
9097-LSKUI,Male,0,No,No,45,Yes,No,DSL,No,No,No,No,Yes,Yes,Month-to-month,Yes,Electronic check,107.23,4902.81,Yes,2023-01-20
7837-PJTOI,Male,1,No,No,52,Yes,Yes,No,No internet service,No internet service,No internet service,No internet service,No internet service,No internet service,Month-to-month,No,Credit card (automatic),53.04,2752.86,Yes,2023-01-20
5591-ZGNTS,Female,1,No,No,49,Yes,Yes,Fiber optic,Yes,No,Yes,No,Yes,No,Month-to-month,No,Bank transfer (automatic),171.85,8605.38,Yes,2023-01-20
3053-FZLTC,Male,0,No,No,32,Yes,Yes,DSL,No,No,No,No,Yes,No,Two year,Yes,Credit card (automatic),114.56,3587.26,Yes,2023-01-20
9877-FFENM,Male,1,Yes,No,24,No,No phone service,Fiber optic,No,Yes,No,Yes,Yes,No,Two year,No,Electronic check,113.99,2711.24,Yes,2023-01-20
4817-OKIWQ,Female,0,Yes,No,49,Yes,No,Fiber optic,Yes,Yes,Yes,No,Yes,Yes,Month-to-month,Yes,Mailed check,167.28,8025.98,Yes,2023-01-20
1173-ZRMCO,Female,0,Yes,Yes,45,Yes,No,DSL,Yes,Yes,Yes,Yes,Yes,Yes,Two year,Yes,Electronic check,128.34,5916.66,Yes,2023-01-20
5214-XCCSP,Female,0,No,No,22,Yes,No,Fiber optic,Yes,Yes,No,No,No,Yes,One year,Yes,Electronic check,144.44,3107.48,Yes,2023-01-20
2671-EJHVI,Male,0,Yes,Yes,49,Yes,No,DSL,No,No,Yes,No,No,No,Month-to-month,Yes,Credit card (automatic),110.04,5414.26,No,2023-01-20
3228-BCVXQ,Female,0,No,No,57,Yes,Yes,No,No internet service,No internet service,No internet service,No internet service,No internet service,No internet service,Two year,No,Mailed check,51.9,3009.44,No,2023-01-20
5876-MMUQF,Female,0,No,Yes,17,Yes,Yes,No,No internet service,No internet service,No internet service,No internet service,No internet service,No internet service,One year,No,Mailed check,54.85,952.98,Yes,2023-01-20
6684-GNCGV,Male,1,Yes,No,31,Yes,Yes,DSL,No,No,Yes,No,Yes,Yes,One year,No,Mailed check,142.91,4343.36,Yes,2023-01-20
5755-KFNOO,Male,0,No,No,50,Yes,No,Fiber optic,Yes,Yes,Yes,No,Yes,No,Month-to-month,Yes,Bank transfer (automatic),170.52,8653.09,Yes,2023-01-20
1144-EKSYG,Female,0,Yes,No,7,Yes,Yes,Fiber optic,No,No,Yes,Yes,No,Yes,Month-to-month,No,Electronic check,175.87,1225.8,Yes,2023-01-20
6269-OSXZB,Male,0,No,No,10,Yes,No,DSL,No,Yes,No,No,Yes,Yes,Month-to-month,Yes,Mailed check,127.13,1304.41,Yes,2023-01-20
2119-YHEWM,Male,0,Yes,No,56,Yes,Yes,No,No internet service,No internet service,No internet service,No internet service,No internet service,No internet service,Two year,Yes,Credit card (automatic),56.39,3076.64,No,2023-01-20
6346-PNDGN,Male,0,Yes,No,27,Yes,No,No,No internet service,No internet service,No internet service,No internet service,No internet service,No internet service,One year,No,Electronic check,31.76,837.93,No,2023-01-20
9468-XKVQL,Female,0,No,No,35,Yes,Yes,No,No internet service,No internet service,No internet service,No internet service,No internet service,No internet service,One year,Yes,Mailed check,50.8,1729.67,Yes,2023-01-20
8729-VGHUH,Female,0,Yes,Yes,40,Yes,No,DSL,Yes,Yes,No,Yes,Yes,Yes,Month-to-month,No,Credit card (automatic),145.07,5671.03,No,2023-01-21
7571-PHLJI,Female,0,Yes,Yes,30,Yes,Yes,DSL,No,Yes,No,Yes,Yes,Yes,One year,Yes,Electronic check,135.31,4062.74,No,2023-01-21
8487-HGIXN,Female,0,Yes,No,53,Yes,Yes,No,No internet service,No internet service,No internet service,No internet service,No internet service,No internet service,Month-to-month,Yes,Electronic check,65.13,3420.24,Yes,2023-01-21
5047-YKJCN,Female,0,Yes,Yes,51,Yes,No,Fiber optic,No,Yes,Yes,Yes,Yes,No,One year,Yes,Electronic check,148.77,7724.53,Yes,2023-01-21
4931-UVZKQ,Female,0,Yes,Yes,22,Yes,No,DSL,No,No,Yes,No,Yes,Yes,Month-to-month,No,Electronic check,121.64,2721.45,Yes,2023-01-21
9501-CKIRQ,Female,0,Yes,No,44,Yes,Yes,Fiber optic,Yes,No,Yes,No,No,Yes,One year,No,Mailed check,161.98,7003.83,No,2023-01-21
5520-YULSO,Male,0,Yes,No,41,Yes,Yes,No,No internet service,No internet service,No internet service,No internet service,No internet service,No internet service,Month-to-month,Yes,Mailed check,69.83,2858.89,No,2023-01-21
2527-ZROCP,Male,1,No,No,33,Yes,Yes,Fiber optic,No,No,No,Yes,Yes,Yes,One year,No,Credit card (automatic),155.93,5135.63,No,2023-01-21
8816-JISOQ,Female,0,No,Yes,27,Yes,Yes,Fiber optic,No,No,Yes,Yes,Yes,No,Month-to-month,Yes,Credit card (automatic),166.27,4387.99,No,2023-01-21
2087-NQAUA,Male,0,Yes,No,32,Yes,Yes,Fiber optic,Yes,Yes,Yes,Yes,No,No,Month-to-month,Yes,Bank transfer (automatic),170.2,5368.53,Yes,2023-01-21
9162-VSSSV,Male,0,No,No,26,Yes,No,Fiber optic,No,Yes,Yes,No,Yes,Yes,One year,Yes,Bank transfer (automatic),150.01,3888.68,Yes,2023-01-21
4302-AQHNA,Female,0,No,No,33,Yes,Yes,No,No internet service,No internet service,No internet service,No internet service,No internet service,No internet service,Two year,Yes,Mailed check,54.75,1825.72,Yes,2023-01-21
9248-ATMUV,Female,0,No,No,34,Yes,Yes,DSL,No,No,No,No,Yes,Yes,Month-to-month,No,Credit card (automatic),112.34,3786.43,Yes,2023-01-21
9334-ICYGK,Female,0,No,No,23,Yes,No,DSL,No,No,Yes,Yes,Yes,No,Two year,No,Credit card (automatic),106.0,2452.06,Yes,2023-01-21
4139-OZQOU,Female,0,No,No,30,Yes,Yes,No,No internet service,No internet service,No internet service,No internet service,No internet service,No internet service,One year,No,Credit card (automatic),51.76,1546.6,Yes,2023-01-21
5698-IRUIN,Female,0,Yes,No,13,Yes,No,DSL,No,Yes,Yes,No,Yes,No,Two year,No,Bank transfer (automatic),108.8,1429.52,Yes,2023-01-21
7791-UWPHW,Male,0,No,Yes,29,Yes,Yes,Fiber optic,No,Yes,Yes,No,Yes,Yes,One year,Yes,Credit card (automatic),165.83,4873.08,No,2023-01-21
2972-HERZH,Female,0,No,No,23,Yes,Yes,Fiber optic,Yes,Yes,No,Yes,Yes,No,One year,Yes,Mailed check,172.96,3906.1,No,2023-01-21
6721-OKFHM,Female,0,Yes,No,48,Yes,Yes,DSL,No,Yes,No,No,No,Yes,One year,No,Electronic check,115.26,5546.19,Yes,2023-01-21
7508-EJYFA,Male,0,Yes,No,59,Yes,Yes,Fiber optic,No,Yes,No,No,Yes,Yes,One year,Yes,Credit card (automatic),161.05,9748.29,Yes,2023-01-21
3688-QLDCE,Male,0,No,No,11,No,No phone service,No,No internet service,No internet service,No internet service,No internet service,No internet service,No internet service,Two year,Yes,Electronic check,27.94,311.37,No,2023-01-21
9200-YLJKB,Female,1,No,No,12,Yes,No,Fiber optic,No,Yes,No,No,Yes,No,Month-to-month,Yes,Credit card (automatic),156.14,1910.9,Yes,2023-01-21
8985-ZOIFT,Male,1,No,Yes,57,Yes,No,DSL,No,No,No,No,No,Yes,Month-to-month,Yes,Mailed check,101.44,5764.84,Yes,2023-01-21
3524-LTMCB,Male,1,No,No,40,Yes,No,No,No internet service,No internet service,No internet service,No internet service,No internet service,No internet service,One year,No,Mailed check,37.2,1508.55,No,2023-01-21
9232-EKRYC,Female,0,No,Yes,7,Yes,Yes,Fiber optic,Yes,No,No,Yes,Yes,No,Month-to-month,No,Bank transfer (automatic),165.37,1182.84,Yes,2023-01-21
3477-ZJMLO,Female,0,Yes,No,62,Yes,Yes,DSL,Yes,No,No,No,Yes,Yes,Month-to-month,Yes,Mailed check,136.79,8348.12,Yes,2023-01-21
8628-RPVRY,Male,0,No,Yes,44,Yes,Yes,Fiber optic,Yes,Yes,Yes,No,Yes,Yes,One year,Yes,Mailed check,169.57,7591.31,No,2023-01-21
4721-CMINM,Male,0,No,Yes,51,Yes,Yes,DSL,No,Yes,No,No,No,Yes,Month-to-month,No,Mailed check,137.03,6881.65,Yes,2023-01-22
6194-HYCCU,Male,0,No,No,35,Yes,Yes,DSL,Yes,No,Yes,No,No,Yes,One year,Yes,Mailed check,121.96,4195.55,Yes,2023-01-22
6974-MJBIG,Female,0,Yes,No,46,Yes,Yes,Fiber optic,No,No,No,Yes,Yes,Yes,Two year,No,Credit card (automatic),159.64,7175.06,Yes,2023-01-22
9306-IBTHR,Female,0,No,Yes,17,Yes,Yes,Fiber optic,Yes,No,Yes,Yes,Yes,No,One year,No,Electronic check,158.73,2711.26,Yes,2023-01-22
3772-BYESH,Female,0,Yes,No,32,Yes,Yes,Fiber optic,No,No,Yes,Yes,Yes,Yes,Month-to-month,Yes,Electronic check,175.32,5545.2,Yes,2023-01-22
1745-ANJZR,Male,0,No,No,5,Yes,No,DSL,No,Yes,No,Yes,Yes,Yes,Month-to-month,Yes,Bank transfer (automatic),130.73,660.35,Yes,2023-01-22
6545-QDMGR,Female,1,Yes,No,2,No,No phone service,Fiber optic,No,Yes,Yes,No,Yes,Yes,Month-to-month,Yes,Bank transfer (automatic),137.77,267.69,Yes,2023-01-22
7947-KSYBO,Male,0,Yes,No,26,Yes,Yes,No,No internet service,No internet service,No internet service,No internet service,No internet service,No internet service,Month-to-month,No,Bank transfer (automatic),65.29,1675.97,Yes,2023-01-22
9267-ZXLTA,Male,0,Yes,Yes,25,Yes,Yes,DSL,No,No,No,No,Yes,Yes,Month-to-month,No,Credit card (automatic),135.23,3391.03,No,2023-01-22
4243-BTWFM,Male,0,Yes,No,49,Yes,Yes,Fiber optic,No,No,No,No,No,No,Month-to-month,Yes,Mailed check,146.03,7007.16,Yes,2023-01-22
7473-YGXSD,Female,0,No,Yes,21,Yes,No,DSL,Yes,No,Yes,No,Yes,No,One year,Yes,Credit card (automatic),112.32,2384.96,Yes,2023-01-22
7114-SOOSE,Female,0,Yes,No,16,Yes,No,DSL,No,Yes,Yes,No,No,Yes,One year,No,Bank transfer (automatic),110.25,1757.57,No,2023-01-22
7737-AZAED,Female,0,No,No,62,Yes,Yes,No,No internet service,No internet service,No internet service,No internet service,No internet service,No internet service,Two year,No,Electronic check,66.77,4072.39,Yes,2023-01-22
7939-JEIRU,Female,0,No,Yes,27,Yes,Yes,Fiber optic,No,No,Yes,No,No,Yes,One year,Yes,Credit card (automatic),150.92,3974.5,No,2023-01-22
2970-WYSPK,Female,0,Yes,Yes,58,Yes,Yes,Fiber optic,No,No,No,No,Yes,Yes,One year,Yes,Electronic check,161.15,9623.87,Yes,2023-01-22
8824-CETNV,Female,0,Yes,No,41,Yes,Yes,Fiber optic,No,No,No,No,No,Yes,One year,Yes,Electronic check,152.25,6111.44,Yes,2023-01-22
6359-PBATR,Male,0,No,No,55,Yes,Yes,No,No internet service,No internet service,No internet service,No internet service,No internet service,No internet service,One year,Yes,Electronic check,58.39,3221.4,Yes,2023-01-22
7869-DZNHF,Male,0,Yes,No,32,No,No phone service,Fiber optic,Yes,No,Yes,Yes,No,Yes,One year,No,Bank transfer (automatic),145.18,4675.82,Yes,2023-01-22
7131-PYSLU,Female,0,Yes,Yes,37,Yes,No,Fiber optic,No,No,No,No,No,Yes,Two year,Yes,Credit card (automatic),120.9,4513.5,Yes,2023-01-22
8116-TABJA,Male,0,Yes,No,59,Yes,No,DSL,No,No,Yes,No,No,Yes,One year,Yes,Bank transfer (automatic),101.18,5939.97,Yes,2023-01-22
3253-EHUNO,Female,0,No,No,10,Yes,Yes,Fiber optic,No,No,No,Yes,No,Yes,Month-to-month,No,Mailed check,167.51,1701.85,Yes,2023-01-22
7812-YZJMQ,Female,0,Yes,No,18,Yes,Yes,Fiber optic,No,Yes,No,Yes,Yes,Yes,Month-to-month,Yes,Mailed check,172.78,3152.09,Yes,2023-01-22
7068-QSAQK,Male,0,Yes,Yes,29,Yes,No,DSL,No,Yes,No,Yes,Yes,Yes,Two year,Yes,Electronic check,121.15,3556.17,Yes,2023-01-22
6388-HKFDD,Male,0,Yes,Yes,44,Yes,Yes,DSL,Yes,No,No,Yes,Yes,Yes,One year,Yes,Mailed check,139.01,5953.46,No,2023-01-22
5547-YYBZK,Female,0,No,Yes,56,Yes,Yes,Fiber optic,No,Yes,Yes,No,Yes,No,Month-to-month,Yes,Mailed check,162.05,9247.09,Yes,2023-01-22
7556-MDVFD,Female,0,No,No,19,Yes,Yes,DSL,Yes,Yes,No,Yes,No,No,Month-to-month,Yes,Electronic check,139.96,2686.72,Yes,2023-01-23
4919-HDTDU,Male,0,Yes,No,41,No,No phone service,DSL,No,Yes,Yes,Yes,No,Yes,One year,No,Mailed check,96.99,3956.55,Yes,2023-01-23
1475-RCNOM,Female,0,Yes,Yes,31,Yes,No,Fiber optic,Yes,Yes,Yes,No,Yes,Yes,One year,Yes,Credit card (automatic),159.98,4912.2,No,2023-01-23
1200-SYVWG,Female,0,No,No,19,Yes,No,DSL,No,No,No,Yes,No,Yes,Two year,Yes,Credit card (automatic),98.69,1838.07,No,2023-01-23
7763-USVZP,Male,0,Yes,No,38,Yes,No,Fiber optic,Yes,No,No,No,No,Yes,One year,Yes,Electronic check,120.83,4724.22,Yes,2023-01-23
6843-ZOXBT,Male,0,No,No,52,Yes,No,DSL,No,No,No,No,Yes,Yes,One year,Yes,Mailed check,104.07,5427.71,No,2023-01-23
4886-EMFBU,Male,0,Yes,No,24,Yes,Yes,Fiber optic,Yes,No,Yes,Yes,Yes,Yes,Two year,Yes,Credit card (automatic),170.17,4009.31,Yes,2023-01-23
5495-VIKUK,Male,0,No,Yes,43,Yes,No,Fiber optic,No,Yes,Yes,No,No,Yes,Month-to-month,Yes,Electronic check,148.54,6577.61,Yes,2023-01-23
1931-SISOM,Male,0,Yes,No,21,Yes,Yes,No,No internet service,No internet service,No internet service,No internet service,No internet service,No internet service,One year,No,Bank transfer (automatic),58.24,1223.36,No,2023-01-23
1982-UIASH,Female,0,No,Yes,55,Yes,Yes,No,No internet service,No internet service,No internet service,No internet service,No internet service,No internet service,One year,Yes,Bank transfer (automatic),62.77,3417.85,Yes,2023-01-23
1690-KOQRE,Male,0,Yes,No,48,No,No phone service,No,No internet service,No internet service,No internet service,No internet service,No internet service,No internet service,Month-to-month,Yes,Electronic check,20.78,1016.98,Yes,2023-01-23
3345-JAGEF,Female,0,Yes,No,27,Yes,No,No,No internet service,No internet service,No internet service,No internet service,No internet service,No internet service,One year,No,Electronic check,55.48,1519.6,No,2023-01-23
7677-MOJQQ,Male,0,No,No,32,Yes,No,DSL,No,Yes,Yes,Yes,No,Yes,One year,Yes,Credit card (automatic),118.98,3707.34,Yes,2023-01-23
6428-DHWTF,Male,0,No,No,22,Yes,Yes,DSL,Yes,Yes,No,No,Yes,Yes,Month-to-month,Yes,Electronic check,151.03,3328.22,Yes,2023-01-23
2832-BCMDL,Male,0,Yes,No,10,Yes,No,DSL,No,Yes,No,Yes,Yes,No,Two year,No,Mailed check,100.97,1014.81,No,2023-01-23
8777-UEKFG,Female,0,Yes,Yes,21,Yes,No,No,No internet service,No internet service,No internet service,No internet service,No internet service,No internet service,One year,Yes,Credit card (automatic),35.36,735.83,Yes,2023-01-23
8779-FYSCG,Male,0,Yes,No,24,Yes,Yes,DSL,No,No,Yes,No,Yes,Yes,Month-to-month,Yes,Electronic check,141.99,3446.66,Yes,2023-01-23
3806-GOOST,Male,0,No,Yes,16,Yes,Yes,Fiber optic,No,No,Yes,Yes,No,Yes,Month-to-month,Yes,Mailed check,179.55,2876.44,Yes,2023-01-23
8965-JLAVJ,Male,1,Yes,No,38,Yes,No,DSL,Yes,No,Yes,No,No,Yes,Two year,Yes,Electronic check,108.77,4125.65,No,2023-01-23
6684-QGGLK,Female,0,No,No,2,Yes,Yes,No,No internet service,No internet service,No internet service,No internet service,No internet service,No internet service,Month-to-month,Yes,Credit card (automatic),70.59,143.18,Yes,2023-01-23
2804-YRCHP,Male,1,No,No,52,Yes,No,Fiber optic,Yes,No,No,No,No,No,One year,Yes,Mailed check,137.72,7219.24,Yes,2023-01-23
2394-SWWFY,Male,0,Yes,Yes,43,Yes,No,DSL,Yes,No,No,No,No,No,Month-to-month,No,Electronic check,97.99,4175.2,Yes,2023-01-23
8910-FOTCC,Male,0,Yes,No,19,No,No phone service,DSL,No,No,No,Yes,Yes,Yes,Month-to-month,Yes,Bank transfer (automatic),94.07,1788.22,No,2023-01-23
5283-THBNY,Female,0,No,No,48,Yes,Yes,No,No internet service,No internet service,No internet service,No internet service,No internet service,No internet service,Month-to-month,Yes,Mailed check,67.93,3191.14,Yes,2023-01-23
5588-IXZLU,Male,0,No,No,45,Yes,No,DSL,Yes,No,No,No,No,No,Two year,Yes,Mailed check,95.19,4344.47,Yes,2023-01-23
9849-GHGBO,Female,0,No,No,23,Yes,Yes,No,No internet service,No internet service,No internet service,No internet service,No internet service,No internet service,Two year,Yes,Electronic check,52.27,1180.97,Yes,2023-01-24
8409-MDPLN,Female,0,No,No,50,Yes,No,No,No internet service,No internet service,No internet service,No internet service,No internet service,No internet service,One year,No,Electronic check,47.7,2418.68,Yes,2023-01-24
8231-OMPCM,Male,1,No,No,8,Yes,Yes,DSL,No,No,Yes,No,Yes,Yes,Month-to-month,No,Bank transfer (automatic),141.53,1128.93,Yes,2023-01-24
9610-BKLUU,Male,0,Yes,No,41,Yes,Yes,Fiber optic,No,Yes,No,No,Yes,Yes,One year,Yes,Bank transfer (automatic),151.75,6073.22,Yes,2023-01-24
6159-UXGVV,Female,0,No,No,55,Yes,No,DSL,No,No,Yes,No,Yes,Yes,One year,Yes,Credit card (automatic),112.44,6158.29,No,2023-01-24
3674-KNQEO,Female,0,Yes,No,54,No,No phone service,DSL,Yes,No,Yes,No,Yes,Yes,Month-to-month,Yes,Credit card (automatic),100.57,5319.93,No,2023-01-24
5798-KAYAG,Female,0,No,No,32,Yes,Yes,DSL,No,No,No,Yes,Yes,No,Two year,No,Bank transfer (automatic),108.2,3488.35,No,2023-01-24
4906-XGJNB,Male,0,Yes,No,4,Yes,No,DSL,Yes,No,No,No,Yes,No,Month-to-month,Yes,Bank transfer (automatic),118.9,466.62,Yes,2023-01-24
7281-RZKKE,Male,0,Yes,No,15,Yes,Yes,Fiber optic,Yes,Yes,Yes,No,No,No,One year,Yes,Electronic check,168.64,2502.62,No,2023-01-24
3690-IXXXC,Male,0,No,Yes,20,Yes,No,DSL,No,No,Yes,No,No,Yes,Two year,Yes,Mailed check,105.44,2080.74,No,2023-01-24
4643-VBJOD,Male,0,Yes,No,36,Yes,Yes,No,No internet service,No internet service,No internet service,No internet service,No internet service,No internet service,One year,No,Bank transfer (automatic),65.29,2374.18,No,2023-01-24
4885-FUETU,Male,1,Yes,No,22,Yes,Yes,Fiber optic,No,Yes,No,No,Yes,No,One year,Yes,Electronic check,166.09,3599.18,No,2023-01-24
5941-LAFBL,Male,0,No,No,33,Yes,Yes,Fiber optic,No,No,No,No,No,Yes,Month-to-month,Yes,Electronic check,148.71,4773.66,Yes,2023-01-24
6942-FVUBO,Male,0,No,No,9,Yes,Yes,No,No internet service,No internet service,No internet service,No internet service,No internet service,No internet service,Two year,Yes,Electronic check,43.05,377.71,No,2023-01-24
4096-XYAXD,Female,0,Yes,No,35,Yes,Yes,Fiber optic,No,No,No,No,Yes,Yes,Month-to-month,No,Mailed check,155.12,5368.27,Yes,2023-01-24
1616-SCNUK,Female,0,Yes,No,32,No,No phone service,Fiber optic,No,No,Yes,No,Yes,No,Month-to-month,Yes,Electronic check,128.83,4135.51,Yes,2023-01-24
6430-ZEPXM,Female,0,No,No,35,Yes,No,No,No internet service,No internet service,No internet service,No internet service,No internet service,No internet service,Month-to-month,Yes,Credit card (automatic),41.67,1446.02,Yes,2023-01-24
9313-VLFVC,Male,0,Yes,No,44,Yes,No,DSL,Yes,No,No,No,Yes,Yes,One year,Yes,Bank transfer (automatic),110.94,4947.34,Yes,2023-01-24
8090-VYJOT,Female,0,Yes,No,53,Yes,Yes,Fiber optic,Yes,No,No,No,Yes,No,Month-to-month,No,Bank transfer (automatic),153.8,8106.6,Yes,2023-01-24
6925-TMBKG,Female,0,Yes,No,20,Yes,Yes,DSL,Yes,No,No,No,No,Yes,Month-to-month,Yes,Mailed check,135.6,2656.99,Yes,2023-01-24
7215-QKFQN,Male,0,Yes,Yes,44,Yes,No,DSL,No,Yes,No,No,No,No,Month-to-month,No,Bank transfer (automatic),98.88,4245.41,Yes,2023-01-24
9322-TPXBU,Male,1,No,Yes,31,Yes,No,Fiber optic,No,No,Yes,No,No,Yes,Two year,No,Electronic check,140.33,4267.26,Yes,2023-01-24
4589-AAPPM,Male,0,No,No,16,Yes,Yes,Fiber optic,Yes,Yes,No,Yes,Yes,Yes,Month-to-month,Yes,Bank transfer (automatic),187.99,3050.9,Yes,2023-01-24
7877-BYWEF,Male,0,Yes,Yes,17,Yes,No,No,No internet service,No internet service,No internet service,No internet service,No internet service,No internet service,Month-to-month,Yes,Bank transfer (automatic),42.97,719.55,Yes,2023-01-24
6080-VQTKD,Male,0,Yes,No,20,Yes,Yes,No,No internet service,No internet service,No internet service,No internet service,No internet service,No internet service,Month-to-month,No,Credit card (automatic),67.61,1385.31,Yes,2023-01-24
8496-FOLJQ,Male,0,Yes,No,10,Yes,No,DSL,Yes,Yes,Yes,No,No,Yes,One year,Yes,Electronic check,125.59,1256.56,No,2023-01-24
5612-OOWWF,Male,0,Yes,No,21,Yes,No,Fiber optic,Yes,Yes,Yes,No,No,Yes,Month-to-month,Yes,Credit card (automatic),150.99,3112.11,Yes,2023-01-24
9151-SUUUB,Male,0,No,No,37,Yes,No,Fiber optic,No,Yes,No,No,Yes,Yes,One year,Yes,Bank transfer (automatic),131.51,4828.33,No,2023-01-25
1748-JCQTS,Female,0,Yes,No,51,Yes,No,Fiber optic,No,No,No,No,Yes,Yes,Two year,Yes,Electronic check,128.5,6620.15,Yes,2023-01-25
5319-NGUPT,Male,0,Yes,No,25,Yes,No,DSL,No,No,Yes,No,Yes,No,Month-to-month,Yes,Bank transfer (automatic),120.07,3002.21,Yes,2023-01-25
7061-OTGTB,Male,0,No,No,21,Yes,Yes,Fiber optic,Yes,Yes,Yes,No,No,No,Month-to-month,Yes,Credit card (automatic),167.41,3475.9,Yes,2023-01-25
9252-SHRTF,Male,0,Yes,No,19,Yes,No,DSL,Yes,Yes,No,No,Yes,Yes,Month-to-month,Yes,Bank transfer (automatic),129.55,2481.9,Yes,2023-01-25
9297-ECFGZ,Male,0,No,Yes,14,Yes,No,Fiber optic,No,No,Yes,No,No,Yes,Two year,No,Electronic check,146.14,2052.09,No,2023-01-25
6565-LCGWB,Female,0,No,No,38,Yes,No,Fiber optic,Yes,Yes,Yes,No,No,No,Month-to-month,Yes,Electronic check,156.84,6133.58,Yes,2023-01-25
4139-SCSWK,Female,0,Yes,No,28,Yes,No,Fiber optic,No,No,Yes,No,No,Yes,One year,Yes,Bank transfer (automatic),137.41,3845.41,Yes,2023-01-25
9900-TJPLY,Female,1,No,Yes,14,Yes,Yes,DSL,No,No,Yes,No,No,No,One year,No,Credit card (automatic),112.05,1593.54,Yes,2023-01-25
5532-LFVVS,Male,0,Yes,Yes,4,Yes,Yes,DSL,Yes,Yes,No,No,No,No,One year,No,Bank transfer (automatic),123.93,509.24,No,2023-01-25
1494-ZMVWG,Female,0,Yes,No,21,Yes,No,Fiber optic,No,Yes,Yes,No,Yes,No,Month-to-month,Yes,Mailed check,144.77,3118.6,Yes,2023-01-25
5973-GPLDX,Male,0,No,No,15,Yes,Yes,No,No internet service,No internet service,No internet service,No internet service,No internet service,No internet service,Month-to-month,No,Electronic check,64.25,974.95,Yes,2023-01-25
6490-UKSUF,Female,0,Yes,No,49,Yes,No,DSL,Yes,Yes,No,No,Yes,Yes,Month-to-month,No,Credit card (automatic),125.28,6073.97,No,2023-01-25
5779-AUWVW,Male,0,No,Yes,38,Yes,No,No,No internet service,No internet service,No internet service,No internet service,No internet service,No internet service,One year,Yes,Electronic check,49.03,1808.31,Yes,2023-01-25
5501-SKYQB,Female,0,Yes,No,13,Yes,No,DSL,No,No,No,No,Yes,No,One year,Yes,Mailed check,92.11,1166.47,Yes,2023-01-25
3709-NTHRG,Male,0,No,No,34,Yes,No,No,No internet service,No internet service,No internet service,No internet service,No internet service,No internet service,One year,No,Electronic check,43.58,1494.14,No,2023-01-25
8898-CFWSF,Male,0,No,No,38,Yes,No,DSL,No,Yes,No,Yes,Yes,No,One year,No,Bank transfer (automatic),125.07,4725.26,No,2023-01-25
5557-BFQKG,Female,0,Yes,No,51,Yes,No,Fiber optic,No,No,No,Yes,No,Yes,Two year,No,Electronic check,122.77,6258.13,Yes,2023-01-25
8648-YJLWB,Female,0,No,Yes,40,Yes,No,Fiber optic,No,Yes,No,No,Yes,Yes,One year,Yes,Mailed check,134.23,5433.97,No,2023-01-25
3600-WFZOF,Female,0,Yes,No,11,Yes,No,Fiber optic,No,No,No,No,No,No,Month-to-month,No,Electronic check,131.43,1414.42,Yes,2023-01-25
7435-GLMDC,Female,0,Yes,No,25,No,No phone service,Fiber optic,No,Yes,Yes,No,No,Yes,Month-to-month,Yes,Bank transfer (automatic),122.0,3083.11,No,2023-01-25
5228-RYMVP,Female,0,No,No,10,Yes,No,DSL,No,Yes,No,No,Yes,No,Month-to-month,Yes,Bank transfer (automatic),125.44,1266.57,Yes,2023-01-25
8889-WQZNX,Female,0,No,No,47,Yes,No,Fiber optic,Yes,Yes,Yes,Yes,Yes,Yes,Month-to-month,Yes,Credit card (automatic),177.44,8196.07,Yes,2023-01-25
2778-BNDXW,Male,0,No,Yes,24,Yes,Yes,Fiber optic,Yes,Yes,No,No,Yes,No,One year,Yes,Mailed check,167.72,4072.82,No,2023-01-25
7735-NETNX,Female,0,Yes,Yes,46,Yes,Yes,DSL,No,Yes,Yes,No,No,Yes,Two year,Yes,Credit card (automatic),116.02,5371.27,Yes,2023-01-25
3420-IYJHG,Female,0,Yes,No,50,Yes,No,No,No internet service,No internet service,No internet service,No internet service,No internet service,No internet service,Month-to-month,Yes,Credit card (automatic),41.3,2095.66,Yes,2023-01-25
1705-NVZKY,Male,1,Yes,Yes,19,Yes,No,Fiber optic,Yes,Yes,No,Yes,No,Yes,One year,Yes,Mailed check,144.75,2793.88,No,2023-01-25
1600-UBWLP,Male,0,Yes,Yes,19,Yes,Yes,No,No internet service,No internet service,No internet service,No internet service,No internet service,No internet service,Month-to-month,No,Electronic check,56.99,1080.31,Yes,2023-01-25
1355-VVXBZ,Female,0,No,No,39,Yes,Yes,DSL,No,No,No,Yes,Yes,Yes,Two year,Yes,Electronic check,117.3,4639.2,Yes,2023-01-25
8992-JNQKE,Female,0,No,No,26,Yes,No,Fiber optic,Yes,No,No,No,Yes,Yes,One year,No,Credit card (automatic),146.68,3810.47,No,2023-01-25
7045-NTVCN,Female,1,Yes,No,16,Yes,Yes,Fiber optic,Yes,Yes,Yes,Yes,No,Yes,Month-to-month,No,Credit card (automatic),182.03,2842.94,Yes,2023-01-26
6913-YJNJM,Female,0,No,No,25,Yes,Yes,No,No internet service,No internet service,No internet service,No internet service,No internet service,No internet service,One year,Yes,Electronic check,67.71,1673.56,Yes,2023-01-26
8707-CJUFV,Female,0,Yes,No,41,Yes,No,Fiber optic,Yes,No,No,Yes,Yes,No,One year,No,Credit card (automatic),150.45,6253.94,Yes,2023-01-26
7715-FMTDM,Male,0,Yes,Yes,58,Yes,No,DSL,No,Yes,No,No,Yes,Yes,Month-to-month,No,Mailed check,120.16,6946.02,Yes,2023-01-26
1611-WQPUL,Male,0,Yes,Yes,23,Yes,No,Fiber optic,No,No,Yes,No,Yes,Yes,Two year,No,Mailed check,131.07,2943.53,No,2023-01-26
3137-LIJOH,Male,0,No,Yes,55,Yes,Yes,Fiber optic,No,Yes,Yes,No,No,Yes,Month-to-month,No,Electronic check,162.98,8713.2,Yes,2023-01-26
8529-FJFHF,Female,1,Yes,Yes,9,No,No phone service,Fiber optic,No,Yes,Yes,No,No,No,Two year,Yes,Electronic check,107.65,977.29,Yes,2023-01-26
8226-VJDTF,Male,0,No,No,27,Yes,No,Fiber optic,Yes,Yes,No,No,Yes,Yes,Two year,Yes,Electronic check,139.66,3801.12,No,2023-01-26
4912-LAVOW,Female,0,No,No,48,Yes,No,Fiber optic,No,No,Yes,Yes,Yes,Yes,Month-to-month,Yes,Bank transfer (automatic),153.43,7514.6,Yes,2023-01-26
6544-WCDTX,Male,0,No,No,23,Yes,Yes,DSL,No,No,No,Yes,Yes,Yes,One year,Yes,Credit card (automatic),127.86,3021.53,Yes,2023-01-26
8549-EJMMA,Female,0,Yes,No,46,Yes,No,DSL,Yes,No,Yes,Yes,Yes,Yes,Month-to-month,No,Electronic check,134.96,6306.25,Yes,2023-01-26
1448-VXYUJ,Male,0,Yes,No,24,Yes,No,DSL,Yes,Yes,No,Yes,Yes,No,Two year,Yes,Electronic check,109.36,2627.94,Yes,2023-01-26
3651-DTAWS,Female,0,Yes,No,48,Yes,Yes,DSL,No,Yes,No,Yes,Yes,Yes,Month-to-month,No,Electronic check,137.56,6578.54,Yes,2023-01-26
3704-TPBAG,Male,0,Yes,No,5,Yes,No,DSL,Yes,Yes,No,No,Yes,Yes,Two year,Yes,Electronic check,117.74,577.05,Yes,2023-01-26
9966-QTTUE,Female,0,No,No,41,Yes,Yes,DSL,No,Yes,No,Yes,Yes,Yes,Two year,Yes,Credit card (automatic),122.67,4941.77,No,2023-01-26
2447-BLQBD,Male,0,Yes,No,11,Yes,No,DSL,No,No,No,No,Yes,No,Month-to-month,Yes,Credit card (automatic),100.99,1110.64,Yes,2023-01-26
5833-UOFDS,Male,0,No,No,26,Yes,No,DSL,No,Yes,Yes,Yes,No,Yes,Month-to-month,Yes,Electronic check,130.88,3395.67,Yes,2023-01-26
6991-ZUEEH,Male,0,No,No,7,No,No phone service,DSL,No,No,Yes,No,No,Yes,One year,Yes,Bank transfer (automatic),82.42,581.15,Yes,2023-01-26
7590-TCJJD,Male,1,Yes,No,34,Yes,No,Fiber optic,No,Yes,Yes,Yes,Yes,Yes,Two year,Yes,Mailed check,139.18,4747.1,Yes,2023-01-26
8586-TSPWX,Male,0,Yes,No,30,Yes,Yes,No,No internet service,No internet service,No internet service,No internet service,No internet service,No internet service,One year,Yes,Credit card (automatic),62.27,1872.37,Yes,2023-01-26
4890-AMFFJ,Male,0,No,Yes,45,Yes,No,No,No internet service,No internet service,No internet service,No internet service,No internet service,No internet service,Two year,Yes,Mailed check,37.59,1663.07,No,2023-01-26
7265-ATZQU,Male,0,No,No,28,Yes,No,Fiber optic,Yes,No,No,Yes,Yes,Yes,One year,Yes,Bank transfer (automatic),158.05,4537.08,Yes,2023-01-26
1716-SOUVZ,Female,0,No,No,49,Yes,No,DSL,Yes,Yes,No,No,Yes,Yes,One year,Yes,Electronic check,113.67,5494.64,Yes,2023-01-26
4187-AWCNU,Male,0,Yes,Yes,37,Yes,Yes,Fiber optic,Yes,Yes,No,No,No,Yes,Month-to-month,Yes,Credit card (automatic),160.45,5801.02,No,2023-01-26
1780-UDFCK,Male,0,No,No,32,Yes,No,DSL,Yes,Yes,Yes,Yes,Yes,No,Month-to-month,No,Electronic check,133.29,4355.93,Yes,2023-01-26
5897-NFKYM,Female,0,Yes,Yes,37,Yes,No,Fiber optic,Yes,Yes,No,No,No,No,One year,Yes,Electronic check,133.38,5020.9,Yes,2023-01-26
9573-YIUIJ,Male,1,No,No,19,Yes,Yes,DSL,Yes,No,Yes,No,No,Yes,One year,Yes,Bank transfer (automatic),126.28,2470.35,No,2023-01-26
5493-YMJLL,Male,0,No,No,7,Yes,No,DSL,No,Yes,No,No,Yes,No,One year,Yes,Credit card (automatic),97.19,667.17,Yes,2023-01-26
7230-XUIRN,Male,1,No,No,46,Yes,Yes,No,No internet service,No internet service,No internet service,No internet service,No internet service,No internet service,Month-to-month,Yes,Electronic check,67.08,3095.19,Yes,2023-01-26
4516-LEKXO,Female,0,Yes,No,29,Yes,No,DSL,Yes,Yes,Yes,Yes,No,Yes,Month-to-month,Yes,Electronic check,128.11,3795.78,Yes,2023-01-26
5997-COQOJ,Female,0,No,Yes,40,Yes,No,No,No internet service,No internet service,No internet service,No internet service,No internet service,No internet service,Month-to-month,No,Electronic check,38.35,1526.3,Yes,2023-01-26
9264-KCBMK,Female,1,No,Yes,49,No,No phone service,No,No internet service,No internet service,No internet service,No internet service,No internet service,No internet service,Month-to-month,Yes,Bank transfer (automatic),18.5,892.17,Yes,2023-01-26
1059-FHFVK,Male,0,Yes,No,4,Yes,Yes,Fiber optic,Yes,No,No,No,No,Yes,Month-to-month,Yes,Electronic check,163.4,659.48,Yes,2023-01-27
5209-FWJFA,Male,1,Yes,No,6,Yes,No,Fiber optic,No,No,Yes,Yes,No,Yes,One year,No,Credit card (automatic),141.19,844.39,Yes,2023-01-27
5804-WYMTM,Male,1,No,No,26,Yes,Yes,Fiber optic,No,Yes,No,No,Yes,No,Month-to-month,Yes,Mailed check,158.82,4067.75,Yes,2023-01-27
4226-IHZVH,Male,0,No,No,42,Yes,Yes,Fiber optic,Yes,Yes,Yes,Yes,Yes,Yes,One year,Yes,Bank transfer (automatic),184.79,7774.53,No,2023-01-27
8895-QWDLE,Male,0,Yes,Yes,17,Yes,No,Fiber optic,No,Yes,No,No,Yes,No,Month-to-month,Yes,Mailed check,142.56,2371.69,Yes,2023-01-27
7102-LTPNQ,Male,0,Yes,No,19,Yes,No,No,No internet service,No internet service,No internet service,No internet service,No internet service,No internet service,Month-to-month,No,Credit card (automatic),35.03,666.36,Yes,2023-01-27
9488-VPWBA,Female,1,Yes,Yes,47,Yes,No,DSL,Yes,Yes,No,Yes,Yes,No,One year,Yes,Bank transfer (automatic),129.04,5951.52,No,2023-01-27
3526-RYPSO,Female,1,No,No,16,Yes,Yes,Fiber optic,Yes,No,No,No,No,Yes,Month-to-month,Yes,Credit card (automatic),162.08,2664.36,Yes,2023-01-27
4968-DIEIR,Male,0,No,No,41,Yes,Yes,No,No internet service,No internet service,No internet service,No internet service,No internet service,No internet service,Two year,Yes,Electronic check,52.31,2177.92,No,2023-01-27
8231-WFDLM,Male,1,Yes,No,39,Yes,No,No,No internet service,No internet service,No internet service,No internet service,No internet service,No internet service,One year,No,Mailed check,45.63,1789.84,Yes,2023-01-27
3008-BRQLD,Female,1,No,No,58,Yes,No,No,No internet service,No internet service,No internet service,No internet service,No internet service,No internet service,Month-to-month,No,Credit card (automatic),42.74,2414.29,Yes,2023-01-27
6549-GWZIY,Female,1,Yes,No,25,Yes,Yes,Fiber optic,Yes,Yes,No,No,No,Yes,Two year,No,Bank transfer (automatic),143.61,3579.17,Yes,2023-01-27
9822-CDTXD,Male,0,No,No,28,Yes,No,Fiber optic,No,No,Yes,Yes,No,Yes,Two year,No,Electronic check,121.25,3437.24,Yes,2023-01-27
3316-KNDRQ,Male,0,Yes,No,26,Yes,No,Fiber optic,No,Yes,Yes,No,No,No,Month-to-month,No,Electronic check,143.36,3781.05,Yes,2023-01-27
6324-MNWUE,Male,0,Yes,No,13,Yes,Yes,DSL,No,No,Yes,No,Yes,Yes,Month-to-month,Yes,Credit card (automatic),143.26,1844.29,Yes,2023-01-27
6327-AFJKF,Male,0,Yes,No,8,Yes,Yes,DSL,No,No,No,No,Yes,Yes,One year,Yes,Mailed check,129.3,1057.48,Yes,2023-01-27
4521-AUJUR,Male,0,Yes,No,17,Yes,No,Fiber optic,Yes,Yes,Yes,No,Yes,No,One year,Yes,Mailed check,152.55,2531.97,No,2023-01-27
9958-SBGDA,Female,0,Yes,No,10,Yes,Yes,DSL,Yes,No,No,Yes,No,Yes,Month-to-month,No,Mailed check,134.22,1363.13,Yes,2023-01-27
2956-QCAYQ,Female,0,No,No,29,Yes,No,Fiber optic,No,No,Yes,No,No,Yes,One year,Yes,Bank transfer (automatic),133.84,3963.24,No,2023-01-27
4046-RDQVU,Female,0,No,No,12,Yes,No,Fiber optic,No,Yes,Yes,No,Yes,Yes,One year,No,Electronic check,151.35,1781.45,Yes,2023-01-27
9673-RYMVK,Male,0,Yes,No,4,Yes,No,DSL,No,No,Yes,No,No,Yes,Two year,Yes,Electronic check,94.59,383.23,Yes,2023-01-27
1649-ADYTW,Female,1,No,No,10,Yes,Yes,Fiber optic,Yes,No,Yes,No,Yes,Yes,Two year,No,Electronic check,161.7,1662.17,Yes,2023-01-27
3504-JCRAI,Male,1,No,No,24,Yes,No,No,No internet service,No internet service,No internet service,No internet service,No internet service,No internet service,Two year,Yes,Credit card (automatic),32.29,757.87,Yes,2023-01-27
3411-GWSFB,Male,0,Yes,No,41,Yes,No,DSL,Yes,No,No,No,No,Yes,Month-to-month,Yes,Mailed check,105.63,4448.46,Yes,2023-01-27
5895-JWIKG,Male,0,Yes,No,11,Yes,No,No,No internet service,No internet service,No internet service,No internet service,No internet service,No internet service,Month-to-month,No,Electronic check,53.54,585.23,Yes,2023-01-27
5531-GXPCQ,Male,0,Yes,No,55,Yes,No,Fiber optic,No,No,Yes,No,No,No,Month-to-month,Yes,Credit card (automatic),143.47,7663.73,Yes,2023-01-27
5288-ZYKFD,Male,0,Yes,No,24,Yes,Yes,No,No internet service,No internet service,No internet service,No internet service,No internet service,No internet service,Month-to-month,Yes,Electronic check,64.0,1522.65,Yes,2023-01-27
4426-LJQBL,Male,0,No,No,52,Yes,No,Fiber optic,No,No,Yes,Yes,No,Yes,One year,Yes,Bank transfer (automatic),150.49,7832.93,No,2023-01-27
4584-NGCNN,Male,1,No,No,17,Yes,Yes,DSL,No,No,No,No,No,Yes,One year,Yes,Credit card (automatic),108.46,1872.77,No,2023-01-27
4618-WDBJW,Female,0,No,Yes,31,Yes,Yes,Fiber optic,No,No,No,Yes,Yes,Yes,Month-to-month,Yes,Bank transfer (automatic),176.36,5407.93,Yes,2023-01-27
1634-ZXJND,Female,1,No,No,32,Yes,No,No,No internet service,No internet service,No internet service,No internet service,No internet service,No internet service,Month-to-month,Yes,Electronic check,54.93,1767.67,Yes,2023-01-27
8370-SXLBM,Male,0,No,No,32,Yes,No,Fiber optic,Yes,No,Yes,Yes,Yes,Yes,Month-to-month,Yes,Electronic check,159.41,5087.21,Yes,2023-01-27
7670-MLPXJ,Female,0,No,No,29,Yes,No,DSL,No,Yes,Yes,No,Yes,Yes,Month-to-month,No,Bank transfer (automatic),125.78,3551.28,Yes,2023-01-27
7611-JJIHJ,Female,0,Yes,No,48,Yes,No,Fiber optic,No,Yes,Yes,Yes,Yes,Yes,Month-to-month,Yes,Mailed check,166.72,7783.04,No,2023-01-27
6008-GZZPE,Male,0,No,No,37,Yes,Yes,DSL,No,No,No,Yes,Yes,Yes,Two year,Yes,Credit card (automatic),119.63,4308.92,No,2023-01-28
5287-FFQDR,Female,0,Yes,No,28,Yes,No,No,No internet service,No internet service,No internet service,No internet service,No internet service,No internet service,One year,Yes,Mailed check,35.1,982.08,No,2023-01-28
9874-UKHNT,Male,1,No,Yes,27,Yes,Yes,Fiber optic,Yes,Yes,No,Yes,Yes,Yes,Month-to-month,No,Bank transfer (automatic),188.91,5174.43,Yes,2023-01-28
9645-JYAIJ,Female,0,Yes,No,27,Yes,Yes,DSL,Yes,Yes,No,No,Yes,Yes,Month-to-month,Yes,Mailed check,147.96,4026.46,Yes,2023-01-28
4528-YASAG,Female,0,No,No,40,No,No phone service,Fiber optic,Yes,No,Yes,No,No,Yes,Month-to-month,Yes,Electronic check,129.31,5314.85,Yes,2023-01-28
1911-CKMDF,Female,0,Yes,No,19,No,No phone service,DSL,No,Yes,No,No,Yes,Yes,Month-to-month,Yes,Mailed check,92.81,1712.08,Yes,2023-01-28
6859-DTRVQ,Male,0,No,Yes,52,Yes,No,Fiber optic,Yes,No,Yes,No,Yes,Yes,One year,Yes,Credit card (automatic),164.7,8496.08,No,2023-01-28
4634-CSNLG,Male,1,Yes,No,31,Yes,No,Fiber optic,No,Yes,No,No,Yes,Yes,Month-to-month,Yes,Mailed check,152.41,4776.01,Yes,2023-01-28
1252-PACEG,Female,0,Yes,No,10,Yes,Yes,Fiber optic,Yes,No,No,No,Yes,Yes,One year,No,Mailed check,159.49,1558.94,Yes,2023-01-28
2480-VIGYN,Female,1,Yes,No,45,Yes,No,Fiber optic,No,No,Yes,No,Yes,Yes,Two year,No,Electronic check,143.24,6394.56,Yes,2023-01-28
9066-FFVER,Male,0,Yes,Yes,51,Yes,No,DSL,Yes,Yes,No,Yes,No,Yes,One year,Yes,Credit card (automatic),128.06,6726.86,No,2023-01-28
4686-ISSKT,Male,0,Yes,Yes,44,Yes,Yes,No,No internet service,No internet service,No internet service,No internet service,No internet service,No internet service,Month-to-month,Yes,Bank transfer (automatic),63.05,2762.92,No,2023-01-28
2573-KKORV,Male,0,Yes,No,14,Yes,Yes,No,No internet service,No internet service,No internet service,No internet service,No internet service,No internet service,Month-to-month,Yes,Electronic check,62.52,888.04,Yes,2023-01-28
7992-WZBMG,Female,0,No,No,53,Yes,Yes,No,No internet service,No internet service,No internet service,No internet service,No internet service,No internet service,One year,Yes,Credit card (automatic),56.26,2973.4,Yes,2023-01-28
1597-SWHNK,Female,0,Yes,No,54,Yes,No,Fiber optic,No,Yes,Yes,No,No,Yes,Month-to-month,Yes,Mailed check,159.04,8546.04,Yes,2023-01-28
1085-JKOBE,Female,0,No,No,47,Yes,Yes,DSL,No,Yes,Yes,Yes,No,No,One year,No,Bank transfer (automatic),137.04,6326.31,No,2023-01-28
8582-HRMFS,Male,0,Yes,No,9,Yes,Yes,DSL,No,No,No,Yes,Yes,Yes,Month-to-month,Yes,Electronic check,142.37,1264.67,Yes,2023-01-28
3858-MNWSY,Female,0,Yes,Yes,42,Yes,No,DSL,Yes,Yes,Yes,No,No,Yes,One year,No,Mailed check,111.04,4674.74,Yes,2023-01-28
8604-IFXAA,Male,0,No,No,21,Yes,No,No,No internet service,No internet service,No internet service,No internet service,No internet service,No internet service,Month-to-month,Yes,Bank transfer (automatic),45.13,951.29,Yes,2023-01-28
6657-BNSYP,Male,0,No,No,13,Yes,No,DSL,Yes,Yes,Yes,No,Yes,No,One year,Yes,Electronic check,118.4,1513.14,No,2023-01-28
4307-HDBEQ,Male,1,Yes,Yes,37,Yes,No,Fiber optic,Yes,Yes,No,No,Yes,Yes,One year,Yes,Credit card (automatic),151.34,5433.28,No,2023-01-28
2748-UPPVG,Female,1,Yes,No,18,Yes,Yes,DSL,No,No,Yes,No,Yes,Yes,One year,Yes,Credit card (automatic),130.91,2369.94,Yes,2023-01-28
6978-URSYW,Female,0,Yes,No,19,Yes,Yes,DSL,No,No,Yes,No,Yes,No,Month-to-month,Yes,Electronic check,128.39,2387.38,Yes,2023-01-28
4371-PIWSU,Male,0,No,No,21,Yes,No,Fiber optic,No,Yes,No,No,No,Yes,Month-to-month,Yes,Electronic check,151.86,3226.94,Yes,2023-01-28
9704-PGQZL,Male,0,No,Yes,2,Yes,No,DSL,Yes,No,No,No,No,No,Month-to-month,Yes,Electronic check,92.82,190.25,Yes,2023-01-28
3613-KGBDE,Female,0,Yes,No,26,Yes,No,DSL,Yes,Yes,Yes,No,Yes,Yes,Month-to-month,Yes,Bank transfer (automatic),131.78,3323.89,Yes,2023-01-28
8627-RFHNC,Male,0,Yes,No,36,Yes,Yes,Fiber optic,No,Yes,Yes,No,Yes,Yes,Month-to-month,Yes,Electronic check,186.57,6667.01,Yes,2023-01-28
4513-SOFUZ,Male,0,No,Yes,13,Yes,Yes,Fiber optic,No,Yes,No,No,Yes,Yes,One year,Yes,Mailed check,160.11,2087.09,Yes,2023-01-29
1591-XAGVW,Male,0,Yes,No,26,Yes,No,No,No internet service,No internet service,No internet service,No internet service,No internet service,No internet service,Month-to-month,No,Credit card (automatic),35.26,900.59,No,2023-01-29
1069-PTHBO,Male,0,No,No,40,Yes,Yes,DSL,No,Yes,No,No,Yes,Yes,Month-to-month,No,Electronic check,140.06,5615.33,Yes,2023-01-29
5583-REAVT,Female,0,No,Yes,33,Yes,Yes,Fiber optic,No,No,Yes,No,Yes,Yes,Month-to-month,Yes,Electronic check,160.96,5340.83,Yes,2023-01-29
5730-QKFNN,Male,0,No,No,45,Yes,Yes,No,No internet service,No internet service,No internet service,No internet service,No internet service,No internet service,Month-to-month,No,Bank transfer (automatic),49.05,2270.17,Yes,2023-01-29
2151-DTHKY,Female,0,No,Yes,41,No,No phone service,DSL,No,Yes,No,No,Yes,No,One year,Yes,Electronic check,84.21,3521.83,Yes,2023-01-29
5105-VHAJL,Female,0,Yes,No,25,Yes,Yes,DSL,No,No,Yes,No,Yes,Yes,Month-to-month,Yes,Electronic check,139.21,3451.32,Yes,2023-01-29
2555-YPLNW,Female,0,No,Yes,16,Yes,No,No,No internet service,No internet service,No internet service,No internet service,No internet service,No internet service,One year,Yes,Electronic check,51.8,819.3,Yes,2023-01-29
8409-MMLBP,Female,0,Yes,No,15,Yes,Yes,DSL,No,No,No,Yes,Yes,Yes,Month-to-month,Yes,Credit card (automatic),129.47,1922.69,Yes,2023-01-29
9482-LGQWG,Female,0,No,Yes,47,Yes,Yes,Fiber optic,No,Yes,No,Yes,No,No,Month-to-month,Yes,Electronic check,166.31,7642.43,Yes,2023-01-29
5660-IABVJ,Female,0,No,No,9,Yes,No,No,No internet service,No internet service,No internet service,No internet service,No internet service,No internet service,Month-to-month,Yes,Credit card (automatic),46.89,424.97,Yes,2023-01-29
5032-OPMIU,Female,0,Yes,Yes,16,Yes,No,Fiber optic,No,Yes,Yes,No,No,No,Two year,No,Mailed check,133.57,2109.47,Yes,2023-01-29
4093-WXUYJ,Female,1,Yes,Yes,19,Yes,Yes,Fiber optic,No,Yes,Yes,Yes,Yes,Yes,Two year,Yes,Bank transfer (automatic),170.16,3192.42,No,2023-01-29
2741-UUFCD,Female,0,No,No,46,Yes,Yes,Fiber optic,No,Yes,Yes,No,No,Yes,Two year,Yes,Electronic check,154.64,7318.44,Yes,2023-01-29
8198-DAUXL,Male,0,Yes,No,50,Yes,No,DSL,No,Yes,No,No,Yes,No,One year,Yes,Electronic check,90.39,4527.64,Yes,2023-01-29
6797-ZJVUE,Male,0,No,No,4,Yes,No,Fiber optic,Yes,Yes,No,Yes,Yes,Yes,Month-to-month,Yes,Bank transfer (automatic),170.99,681.52,Yes,2023-01-29
4444-OUNUD,Female,0,Yes,No,19,Yes,Yes,Fiber optic,Yes,No,No,No,No,Yes,Month-to-month,No,Mailed check,162.52,3146.97,Yes,2023-01-29
3917-KDSQZ,Female,0,Yes,No,22,Yes,Yes,No,No internet service,No internet service,No internet service,No internet service,No internet service,No internet service,One year,Yes,Mailed check,65.85,1424.03,No,2023-01-29
3056-TXYOC,Male,1,Yes,No,22,Yes,Yes,Fiber optic,Yes,Yes,Yes,No,No,No,Month-to-month,No,Mailed check,179.47,3983.42,No,2023-01-29
7250-QEGZR,Male,0,Yes,Yes,22,Yes,No,Fiber optic,No,Yes,Yes,Yes,No,Yes,Month-to-month,No,Electronic check,153.31,3326.14,Yes,2023-01-29
8090-INMLB,Female,0,Yes,No,25,Yes,No,DSL,Yes,No,No,No,No,Yes,Month-to-month,No,Mailed check,116.86,2841.6,Yes,2023-01-29
6938-JNAYI,Female,1,No,No,10,Yes,No,Fiber optic,No,Yes,No,No,Yes,Yes,One year,Yes,Credit card (automatic),139.86,1394.77,Yes,2023-01-29
6328-PBSVE,Male,1,Yes,No,13,Yes,Yes,Fiber optic,Yes,No,Yes,Yes,Yes,No,Two year,Yes,Electronic check,150.48,1995.35,No,2023-01-29
6528-XFGGL,Male,0,Yes,Yes,11,Yes,No,No,No internet service,No internet service,No internet service,No internet service,No internet service,No internet service,Month-to-month,No,Mailed check,42.68,476.6,Yes,2023-01-29
8390-KANRZ,Male,0,Yes,No,49,Yes,No,Fiber optic,No,No,No,No,No,No,Month-to-month,Yes,Credit card (automatic),136.82,6744.13,No,2023-01-29
2793-GOSCG,Male,1,No,Yes,60,Yes,No,Fiber optic,No,Yes,No,Yes,Yes,No,Month-to-month,No,Electronic check,156.74,9250.34,Yes,2023-01-29
7370-DYUDI,Male,0,Yes,No,39,Yes,No,DSL,No,No,No,No,Yes,Yes,One year,Yes,Bank transfer (automatic),105.07,4166.65,Yes,2023-01-29
2231-YIHEM,Male,0,Yes,No,20,Yes,No,DSL,No,Yes,Yes,No,No,No,Month-to-month,No,Bank transfer (automatic),113.4,2274.24,Yes,2023-01-29
6676-BKKZL,Male,0,Yes,Yes,36,Yes,Yes,Fiber optic,No,Yes,No,No,Yes,No,Month-to-month,No,Mailed check,175.71,6472.81,Yes,2023-01-29
7734-SRSYU,Male,0,Yes,Yes,23,Yes,Yes,DSL,Yes,No,No,Yes,No,Yes,Two year,No,Mailed check,131.8,3069.48,Yes,2023-01-29
2114-PVAOQ,Male,0,No,No,59,Yes,No,Fiber optic,No,No,Yes,No,Yes,No,Month-to-month,Yes,Credit card (automatic),145.02,8412.58,Yes,2023-01-29
2032-RKLCX,Female,1,No,Yes,14,Yes,Yes,DSL,Yes,No,No,No,Yes,Yes,Month-to-month,Yes,Electronic check,145.64,1999.29,Yes,2023-01-29
2737-OEQFZ,Female,1,No,No,37,No,No phone service,Fiber optic,No,Yes,No,No,Yes,Yes,One year,Yes,Mailed check,131.63,4874.49,No,2023-01-30
2675-JRWLT,Male,0,No,No,32,Yes,Yes,DSL,Yes,Yes,No,No,No,No,One year,No,Electronic check,116.58,3825.0,Yes,2023-01-30
4374-CFTQB,Male,0,No,No,21,Yes,No,No,No internet service,No internet service,No internet service,No internet service,No internet service,No internet service,One year,Yes,Bank transfer (automatic),41.67,858.84,Yes,2023-01-30
8063-FMRMB,Male,0,Yes,No,33,Yes,Yes,No,No internet service,No internet service,No internet service,No internet service,No internet service,No internet service,Month-to-month,Yes,Electronic check,65.04,2181.1,Yes,2023-01-30
4256-RANJI,Female,0,No,No,33,Yes,Yes,DSL,No,Yes,No,No,No,Yes,Month-to-month,No,Bank transfer (automatic),132.45,4317.47,No,2023-01-30
4330-XMEBK,Female,0,No,No,34,Yes,No,No,No internet service,No internet service,No internet service,No internet service,No internet service,No internet service,Two year,Yes,Electronic check,40.14,1339.74,Yes,2023-01-30
7148-GDTAO,Female,0,Yes,No,31,Yes,Yes,Fiber optic,Yes,No,No,No,No,Yes,Two year,Yes,Mailed check,133.17,4137.99,Yes,2023-01-30
2965-HCUXA,Male,0,No,No,6,Yes,No,DSL,Yes,No,Yes,Yes,No,Yes,Month-to-month,Yes,Mailed check,127.31,758.82,Yes,2023-01-30
9017-FBOXV,Female,0,Yes,No,19,Yes,Yes,Fiber optic,No,No,Yes,Yes,No,No,Month-to-month,Yes,Credit card (automatic),171.2,3179.37,Yes,2023-01-30
5993-CIZOT,Male,0,No,Yes,22,Yes,No,Fiber optic,Yes,Yes,No,No,No,Yes,One year,No,Electronic check,150.48,3365.08,Yes,2023-01-30
5391-AZOYF,Female,0,No,No,13,Yes,Yes,DSL,No,Yes,Yes,No,No,Yes,Month-to-month,No,Bank transfer (automatic),138.53,1853.53,No,2023-01-30
6170-TXASX,Male,0,Yes,No,31,Yes,Yes,Fiber optic,No,No,Yes,No,Yes,No,Month-to-month,Yes,Mailed check,162.15,5061.27,No,2023-01-30
7636-QERKT,Male,0,No,No,15,Yes,Yes,No,No internet service,No internet service,No internet service,No internet service,No internet service,No internet service,Month-to-month,Yes,Bank transfer (automatic),49.3,759.84,Yes,2023-01-30
9693-KFZTD,Male,0,No,No,25,Yes,Yes,DSL,No,Yes,No,No,Yes,Yes,One year,Yes,Mailed check,133.14,3346.87,No,2023-01-30
7792-NPZTS,Female,0,Yes,Yes,39,No,No phone service,DSL,No,No,No,Yes,No,No,Month-to-month,No,Electronic check,85.81,3431.52,Yes,2023-01-30
7830-AUHRI,Male,0,No,No,40,Yes,No,Fiber optic,No,Yes,No,No,No,Yes,Two year,No,Electronic check,127.64,5005.62,Yes,2023-01-30
3234-CMUEH,Female,1,No,No,37,Yes,No,DSL,Yes,No,No,No,No,No,One year,Yes,Electronic check,98.56,3719.79,Yes,2023-01-30
1472-OPSAV,Female,1,Yes,No,33,Yes,No,DSL,Yes,Yes,No,No,Yes,Yes,Month-to-month,Yes,Electronic check,132.83,4427.02,Yes,2023-01-30
9008-TYKCL,Female,0,Yes,No,50,Yes,Yes,DSL,No,No,No,No,Yes,No,Month-to-month,Yes,Electronic check,111.6,5637.75,Yes,2023-01-30
5175-UHLIG,Female,0,No,No,39,Yes,Yes,DSL,No,Yes,Yes,Yes,Yes,Yes,One year,Yes,Mailed check,146.17,5693.36,No,2023-01-30
5005-IGAXF,Female,0,Yes,No,29,Yes,No,No,No internet service,No internet service,No internet service,No internet service,No internet service,No internet service,One year,Yes,Mailed check,44.8,1289.34,Yes,2023-01-30
4711-GKUQJ,Male,0,Yes,No,29,Yes,No,Fiber optic,Yes,No,No,Yes,Yes,No,Month-to-month,No,Bank transfer (automatic),159.68,4553.79,Yes,2023-01-30
9216-JSCHP,Male,0,No,Yes,26,No,No phone service,Fiber optic,No,No,No,Yes,No,Yes,Month-to-month,Yes,Electronic check,119.42,3181.9,Yes,2023-01-30
3948-MAEEI,Male,1,No,Yes,36,No,No phone service,Fiber optic,No,Yes,No,No,Yes,Yes,Month-to-month,Yes,Bank transfer (automatic),125.83,4604.57,Yes,2023-01-30
8824-AWORY,Male,0,Yes,No,38,Yes,No,DSL,Yes,No,No,No,Yes,Yes,Month-to-month,Yes,Credit card (automatic),115.16,4390.19,Yes,2023-01-30
9594-YCYUX,Female,0,Yes,Yes,11,Yes,No,DSL,Yes,No,Yes,Yes,Yes,No,Month-to-month,Yes,Credit card (automatic),119.88,1326.89,Yes,2023-01-30
9845-TRHIA,Male,0,Yes,Yes,22,Yes,No,DSL,No,No,No,Yes,No,Yes,Month-to-month,Yes,Bank transfer (automatic),118.66,2569.58,No,2023-01-30
5994-ITIHP,Female,0,No,No,29,Yes,Yes,No,No internet service,No internet service,No internet service,No internet service,No internet service,No internet service,Month-to-month,No,Mailed check,55.16,1574.56,Yes,2023-01-30
1826-ZGUGT,Male,0,No,Yes,49,Yes,Yes,Fiber optic,No,No,No,No,Yes,Yes,Month-to-month,Yes,Electronic check,156.77,7818.5,Yes,2023-01-30
6022-LZNCI,Female,0,No,No,35,Yes,Yes,DSL,No,Yes,Yes,No,Yes,Yes,Two year,Yes,Credit card (automatic),130.78,4563.73,No,2023-01-30
3607-IHDAX,Male,1,Yes,No,13,Yes,No,DSL,No,No,No,No,No,Yes,Two year,Yes,Bank transfer (automatic),84.08,1095.14,No,2023-01-30
2843-BQVGL,Female,0,No,No,27,Yes,Yes,DSL,Yes,No,Yes,No,No,Yes,Month-to-month,Yes,Electronic check,138.02,3664.78,Yes,2023-01-30
1621-YPEAW,Male,0,No,No,35,Yes,No,No,No internet service,No internet service,No internet service,No internet service,No internet service,No internet service,Month-to-month,No,Bank transfer (automatic),53.01,1882.62,No,2023-01-30
8888-EIIXA,Male,0,No,No,32,Yes,No,Fiber optic,No,Yes,Yes,No,No,No,Two year,Yes,Electronic check,123.92,3975.81,Yes,2023-01-30
2389-OTZZI,Female,0,Yes,No,65,Yes,No,Fiber optic,Yes,Yes,No,No,Yes,Yes,Month-to-month,Yes,Mailed check,172.12,11125.65,Yes,2023-01-31
6370-RSOVX,Female,0,Yes,No,42,Yes,No,DSL,No,Yes,Yes,No,Yes,Yes,Two year,No,Credit card (automatic),114.36,4770.48,No,2023-01-31
9981-KUURS,Female,0,Yes,No,19,Yes,No,Fiber optic,Yes,Yes,No,No,Yes,Yes,Two year,No,Electronic check,133.76,2534.6,No,2023-01-31
8785-LZHSC,Female,0,Yes,Yes,30,Yes,Yes,DSL,Yes,Yes,Yes,No,Yes,No,One year,Yes,Electronic check,140.91,4323.96,Yes,2023-01-31
7317-DSYWE,Female,0,Yes,No,36,Yes,No,DSL,Yes,No,No,No,Yes,No,One year,Yes,Electronic check,106.12,3767.75,Yes,2023-01-31
9762-LJEPT,Female,1,Yes,No,52,Yes,Yes,DSL,Yes,No,Yes,No,Yes,No,Two year,Yes,Bank transfer (automatic),131.6,6974.64,Yes,2023-01-31
8137-NLOOE,Male,0,Yes,No,35,No,No phone service,Fiber optic,No,Yes,No,Yes,No,Yes,One year,Yes,Bank transfer (automatic),123.84,4462.09,Yes,2023-01-31
7440-AEYYL,Female,0,Yes,No,19,Yes,No,DSL,No,No,Yes,No,Yes,Yes,Month-to-month,Yes,Electronic check,118.75,2319.4,Yes,2023-01-31
4401-BDQAW,Male,0,Yes,No,47,Yes,Yes,Fiber optic,No,No,No,No,Yes,No,Month-to-month,Yes,Electronic check,152.45,7329.45,Yes,2023-01-31
5246-RMCWX,Male,0,Yes,No,13,Yes,Yes,Fiber optic,No,No,No,Yes,No,Yes,Month-to-month,No,Credit card (automatic),159.64,2125.57,Yes,2023-01-31
2812-JIQFF,Female,0,Yes,No,38,Yes,No,DSL,No,Yes,No,No,Yes,Yes,Two year,Yes,Credit card (automatic),106.83,4142.23,No,2023-01-31
4543-UEKQU,Female,1,Yes,No,50,Yes,Yes,DSL,Yes,No,No,No,Yes,Yes,Two year,Yes,Mailed check,134.35,6759.3,No,2023-01-31
1610-IKUNN,Female,0,No,No,26,Yes,Yes,Fiber optic,No,Yes,Yes,No,Yes,No,Two year,No,Credit card (automatic),151.12,3995.85,No,2023-01-31
2970-OLJAJ,Male,0,Yes,No,41,Yes,No,DSL,No,No,No,No,No,No,One year,No,Bank transfer (automatic),98.59,4039.79,No,2023-01-31
6421-XKWQK,Female,0,No,No,17,Yes,No,DSL,Yes,Yes,No,Yes,No,No,Month-to-month,No,Bank transfer (automatic),125.63,2091.09,Yes,2023-01-31
6705-IHENC,Female,0,Yes,No,18,Yes,Yes,DSL,Yes,No,Yes,Yes,Yes,Yes,Month-to-month,Yes,Mailed check,163.8,3014.68,Yes,2023-01-31
8443-BZOXL,Male,1,Yes,Yes,39,No,No phone service,Fiber optic,Yes,No,No,No,Yes,No,One year,No,Electronic check,113.17,4481.36,Yes,2023-01-31
6873-XJZEM,Male,0,Yes,No,27,Yes,Yes,Fiber optic,Yes,Yes,Yes,No,No,No,Month-to-month,Yes,Credit card (automatic),174.7,4843.41,Yes,2023-01-31
8027-DELDZ,Female,0,Yes,Yes,49,Yes,Yes,Fiber optic,No,Yes,No,Yes,Yes,Yes,Two year,No,Electronic check,154.2,7715.07,No,2023-01-31
4959-LQVHN,Female,1,No,Yes,42,Yes,Yes,DSL,Yes,No,Yes,Yes,Yes,Yes,Month-to-month,Yes,Electronic check,147.51,6197.53,Yes,2023-01-31
7142-HLYHF,Female,0,Yes,No,17,Yes,No,Fiber optic,No,No,Yes,No,Yes,Yes,One year,Yes,Credit card (automatic),150.5,2604.65,Yes,2023-01-31
3248-IKJSX,Male,1,Yes,Yes,47,Yes,No,DSL,Yes,No,No,No,Yes,Yes,Month-to-month,No,Mailed check,118.59,5527.43,No,2023-01-31
8591-EUDRL,Male,0,Yes,No,34,Yes,No,DSL,No,No,Yes,Yes,Yes,Yes,Month-to-month,Yes,Electronic check,128.31,4251.06,Yes,2023-01-31
3234-TUWHQ,Male,0,No,No,38,Yes,No,Fiber optic,Yes,No,Yes,No,Yes,Yes,Month-to-month,Yes,Bank transfer (automatic),166.15,6303.85,Yes,2023-01-31
1686-XDBCG,Female,0,Yes,No,45,Yes,Yes,DSL,Yes,Yes,No,Yes,No,Yes,Month-to-month,Yes,Mailed check,144.94,6598.56,No,2023-01-31
9023-PUJTY,Female,0,Yes,No,59,Yes,No,No,No internet service,No internet service,No internet service,No internet service,No internet service,No internet service,One year,Yes,Electronic check,43.81,2634.03,Yes,2023-02-01
3022-KUZON,Female,1,Yes,No,35,Yes,Yes,DSL,No,Yes,No,Yes,No,Yes,Month-to-month,No,Credit card (automatic),136.74,4760.44,Yes,2023-02-01
6194-QLRIW,Male,0,Yes,No,51,Yes,No,Fiber optic,No,No,Yes,No,Yes,Yes,Month-to-month,Yes,Mailed check,154.35,7907.23,Yes,2023-02-01
5230-LKCSW,Male,1,No,No,16,Yes,Yes,DSL,No,No,No,No,No,Yes,Month-to-month,No,Mailed check,126.32,2031.92,Yes,2023-02-01
5002-OHSVJ,Male,0,Yes,No,41,Yes,Yes,DSL,No,Yes,Yes,No,No,Yes,Month-to-month,Yes,Mailed check,134.85,5663.42,Yes,2023-02-01
3603-ZWHTZ,Male,0,No,No,20,No,No phone service,Fiber optic,Yes,Yes,Yes,Yes,Yes,Yes,One year,Yes,Electronic check,144.77,2824.77,No,2023-02-01
7909-RLVFB,Male,0,Yes,No,30,Yes,Yes,Fiber optic,No,No,Yes,No,Yes,Yes,One year,No,Credit card (automatic),166.7,4873.42,No,2023-02-01
4989-FQMMP,Male,0,Yes,No,20,Yes,Yes,No,No internet service,No internet service,No internet service,No internet service,No internet service,No internet service,Month-to-month,Yes,Bank transfer (automatic),50.88,990.05,Yes,2023-02-01
1264-AUKWJ,Male,0,Yes,No,27,Yes,Yes,DSL,Yes,No,No,No,No,Yes,Month-to-month,Yes,Mailed check,135.07,3648.8,No,2023-02-01
2023-SJEOY,Female,0,Yes,No,55,Yes,Yes,Fiber optic,Yes,Yes,No,No,No,Yes,Two year,Yes,Credit card (automatic),162.7,8801.78,Yes,2023-02-01
1273-TNOMI,Male,0,Yes,No,29,No,No phone service,DSL,Yes,No,Yes,Yes,No,No,One year,Yes,Credit card (automatic),91.91,2696.59,No,2023-02-01
1001-GBYXH,Male,1,Yes,Yes,39,Yes,Yes,No,No internet service,No internet service,No internet service,No internet service,No internet service,No internet service,Two year,Yes,Mailed check,52.69,2060.39,No,2023-02-01
8811-VTGTF,Female,1,No,Yes,53,Yes,Yes,DSL,No,Yes,No,No,Yes,Yes,Month-to-month,Yes,Mailed check,142.63,7721.09,No,2023-02-01
5439-IWAMH,Female,0,Yes,No,42,Yes,No,DSL,Yes,No,Yes,No,No,No,Month-to-month,No,Electronic check,108.1,4482.76,Yes,2023-02-01
6315-WPKTO,Female,0,No,No,43,Yes,No,DSL,Yes,Yes,No,No,No,Yes,Two year,Yes,Credit card (automatic),115.25,5037.78,No,2023-02-01
8032-WQFRY,Female,0,No,No,22,Yes,No,No,No internet service,No internet service,No internet service,No internet service,No internet service,No internet service,Month-to-month,Yes,Electronic check,25.02,562.09,Yes,2023-02-01
1178-MFBXX,Male,1,Yes,No,5,Yes,No,Fiber optic,No,Yes,Yes,No,Yes,No,Month-to-month,Yes,Credit card (automatic),156.15,765.66,Yes,2023-02-01
7697-SSSQX,Male,0,Yes,Yes,46,Yes,Yes,No,No internet service,No internet service,No internet service,No internet service,No internet service,No internet service,One year,No,Bank transfer (automatic),76.57,3623.46,No,2023-02-01
6453-FSGDC,Female,0,Yes,Yes,27,Yes,No,DSL,No,No,No,No,Yes,Yes,One year,No,Electronic check,114.73,3169.61,No,2023-02-01
3800-LCDKO,Male,1,No,No,24,Yes,Yes,DSL,No,Yes,No,No,No,Yes,Month-to-month,Yes,Electronic check,131.77,3133.47,Yes,2023-02-01
2937-JWBID,Female,0,Yes,No,36,Yes,Yes,Fiber optic,Yes,No,No,No,Yes,Yes,Month-to-month,No,Bank transfer (automatic),179.48,6609.43,Yes,2023-02-01
7469-FIKSD,Male,0,No,Yes,6,Yes,Yes,Fiber optic,Yes,No,Yes,No,Yes,Yes,One year,Yes,Credit card (automatic),175.99,1058.34,No,2023-02-01
9484-YPFUI,Female,0,Yes,Yes,9,Yes,Yes,Fiber optic,Yes,No,No,Yes,No,No,Month-to-month,No,Mailed check,156.7,1415.08,Yes,2023-02-01
1648-NZQHA,Female,0,Yes,Yes,14,Yes,No,DSL,No,Yes,Yes,No,Yes,No,Month-to-month,No,Electronic check,119.95,1660.92,Yes,2023-02-01
6647-OVXRR,Male,1,Yes,No,19,Yes,Yes,No,No internet service,No internet service,No internet service,No internet service,No internet service,No internet service,Month-to-month,Yes,Electronic check,71.26,1389.06,Yes,2023-02-01
6797-YPMSM,Female,0,Yes,Yes,17,Yes,No,DSL,No,No,No,Yes,No,Yes,One year,Yes,Credit card (automatic),105.29,1764.12,No,2023-02-01
4600-YMRGT,Female,0,Yes,No,33,Yes,No,DSL,Yes,No,Yes,No,Yes,Yes,Month-to-month,No,Bank transfer (automatic),129.94,4305.05,No,2023-02-01
6797-MOBLM,Female,0,Yes,No,29,Yes,No,Fiber optic,No,No,Yes,No,Yes,Yes,Month-to-month,Yes,Electronic check,154.98,4479.03,Yes,2023-02-01
5352-FABGU,Male,0,Yes,Yes,34,Yes,No,Fiber optic,Yes,Yes,Yes,Yes,Yes,No,Month-to-month,No,Credit card (automatic),183.13,6302.22,Yes,2023-02-01
1508-WWBNE,Female,0,Yes,No,32,Yes,No,Fiber optic,Yes,Yes,No,No,No,No,Two year,Yes,Bank transfer (automatic),146.1,4568.12,Yes,2023-02-01
9105-ZMHJP,Female,0,No,Yes,14,Yes,Yes,No,No internet service,No internet service,No internet service,No internet service,No internet service,No internet service,Month-to-month,Yes,Electronic check,67.43,943.12,Yes,2023-02-01
9902-MKRIJ,Female,1,No,No,26,Yes,No,DSL,No,No,Yes,No,No,Yes,Month-to-month,Yes,Bank transfer (automatic),102.42,2707.89,No,2023-02-01
1192-ZMSHQ,Female,0,No,No,15,Yes,No,Fiber optic,Yes,Yes,No,No,Yes,No,Month-to-month,Yes,Mailed check,154.47,2287.21,No,2023-02-01
3642-BBITQ,Male,0,No,No,24,Yes,Yes,Fiber optic,No,Yes,Yes,No,Yes,Yes,Month-to-month,Yes,Credit card (automatic),181.78,4410.76,Yes,2023-02-01
7888-MMZGL,Female,0,Yes,No,48,No,No phone service,Fiber optic,No,Yes,No,No,Yes,No,One year,No,Mailed check,106.0,4938.58,Yes,2023-02-01
9530-RIOJE,Female,0,No,No,8,Yes,Yes,Fiber optic,Yes,Yes,No,Yes,No,Yes,Two year,Yes,Bank transfer (automatic),164.05,1310.21,No,2023-02-01
6580-EPUEM,Male,0,No,No,40,Yes,Yes,Fiber optic,No,Yes,Yes,Yes,No,No,Month-to-month,Yes,Bank transfer (automatic),180.48,7250.35,Yes,2023-02-01
7199-YRDHM,Female,0,No,Yes,19,Yes,No,DSL,Yes,Yes,No,No,No,Yes,Two year,No,Credit card (automatic),106.08,2029.5,No,2023-02-01
6243-ZJJNQ,Female,0,No,No,17,Yes,Yes,Fiber optic,No,Yes,Yes,No,Yes,Yes,One year,No,Credit card (automatic),160.41,2791.66,Yes,2023-02-01
9611-LBQUA,Female,1,No,No,52,Yes,Yes,Fiber optic,No,No,Yes,No,No,No,Month-to-month,Yes,Electronic check,136.18,6917.42,Yes,2023-02-01
3303-THBNC,Female,0,No,No,22,Yes,No,Fiber optic,No,Yes,Yes,No,No,Yes,Two year,Yes,Credit card (automatic),142.12,3160.57,Yes,2023-02-01
4660-NXHAF,Female,0,Yes,Yes,16,Yes,Yes,Fiber optic,No,Yes,No,No,Yes,Yes,Two year,Yes,Electronic check,146.97,2383.83,Yes,2023-02-02
6508-JYLHB,Male,0,No,No,24,Yes,Yes,Fiber optic,Yes,Yes,Yes,No,No,No,Month-to-month,Yes,Bank transfer (automatic),180.52,4231.24,Yes,2023-02-02
1139-GQQON,Male,0,No,No,53,Yes,Yes,DSL,No,Yes,No,Yes,Yes,Yes,Two year,Yes,Credit card (automatic),127.37,6783.83,No,2023-02-02
7522-IITNU,Male,0,No,No,17,Yes,Yes,Fiber optic,No,No,No,Yes,Yes,Yes,Month-to-month,Yes,Credit card (automatic),166.22,2786.27,Yes,2023-02-02
9608-YDVIR,Male,0,No,No,43,Yes,No,DSL,No,No,Yes,No,No,Yes,Month-to-month,No,Bank transfer (automatic),109.13,4800.98,Yes,2023-02-02
2038-EVWKH,Female,0,Yes,No,9,Yes,No,No,No internet service,No internet service,No internet service,No internet service,No internet service,No internet service,One year,Yes,Bank transfer (automatic),35.57,312.8,Yes,2023-02-02
8404-KSGYA,Male,0,No,Yes,40,Yes,Yes,DSL,No,No,Yes,No,Yes,Yes,Month-to-month,Yes,Credit card (automatic),134.07,5455.63,Yes,2023-02-02
8996-IAUTT,Male,0,No,No,34,Yes,No,Fiber optic,No,No,Yes,No,Yes,Yes,Month-to-month,Yes,Electronic check,154.09,5376.22,Yes,2023-02-02
8915-MLQVF,Female,0,Yes,Yes,23,No,No phone service,Fiber optic,Yes,No,No,No,No,Yes,Month-to-month,Yes,Credit card (automatic),118.88,2653.43,Yes,2023-02-02
2789-ACRMF,Female,0,Yes,No,21,Yes,Yes,Fiber optic,Yes,Yes,Yes,No,Yes,Yes,Two year,Yes,Electronic check,157.32,3256.55,Yes,2023-02-02
9243-WACQC,Female,1,No,No,34,Yes,No,DSL,Yes,Yes,No,No,No,No,Month-to-month,No,Mailed check,109.31,3786.35,No,2023-02-02
7871-QPXSM,Male,0,Yes,No,42,Yes,No,Fiber optic,Yes,No,No,Yes,Yes,Yes,Two year,Yes,Mailed check,138.3,5901.0,No,2023-02-02
8016-AILGS,Male,0,Yes,Yes,26,Yes,Yes,No,No internet service,No internet service,No internet service,No internet service,No internet service,No internet service,Month-to-month,Yes,Electronic check,51.45,1324.29,Yes,2023-02-02
2645-FKHFE,Male,0,Yes,No,30,Yes,No,Fiber optic,Yes,Yes,No,No,No,Yes,Month-to-month,No,Electronic check,155.13,4549.09,Yes,2023-02-02
1045-KMJKW,Female,0,Yes,No,43,Yes,No,Fiber optic,Yes,No,Yes,Yes,Yes,Yes,Month-to-month,Yes,Electronic check,181.3,7963.9,Yes,2023-02-02
1517-PYOZE,Male,0,Yes,No,46,Yes,Yes,Fiber optic,No,Yes,No,No,Yes,No,Month-to-month,Yes,Bank transfer (automatic),164.61,7505.24,Yes,2023-02-02
1566-TPJCK,Male,0,No,No,23,Yes,No,DSL,No,No,No,No,Yes,Yes,One year,Yes,Electronic check,107.97,2534.88,Yes,2023-02-02
2745-SKZPC,Male,0,No,No,30,Yes,No,DSL,No,Yes,Yes,No,Yes,Yes,One year,No,Mailed check,113.86,3437.17,Yes,2023-02-02
4047-PKEKQ,Male,0,Yes,No,17,Yes,No,Fiber optic,No,Yes,Yes,No,Yes,No,Two year,No,Electronic check,140.95,2431.88,No,2023-02-02
3554-RRGBP,Female,0,No,No,43,Yes,No,DSL,Yes,Yes,No,Yes,Yes,Yes,Month-to-month,No,Bank transfer (automatic),138.0,6037.47,Yes,2023-02-02
2594-FRSSG,Male,0,No,No,31,No,No phone service,DSL,Yes,No,No,No,Yes,No,One year,Yes,Bank transfer (automatic),88.83,2798.85,No,2023-02-02
5476-PKBYK,Female,0,Yes,No,8,Yes,No,Fiber optic,Yes,No,Yes,No,No,Yes,Month-to-month,No,Credit card (automatic),145.25,1150.02,Yes,2023-02-02
6817-RKWNN,Male,0,Yes,No,42,Yes,No,Fiber optic,Yes,Yes,No,No,No,No,One year,Yes,Credit card (automatic),133.29,5543.92,Yes,2023-02-02
1688-SBMUR,Male,1,No,Yes,8,Yes,Yes,DSL,Yes,Yes,No,No,No,No,One year,Yes,Electronic check,120.29,984.5,Yes,2023-02-02
6468-AFKSI,Female,0,No,No,11,Yes,Yes,Fiber optic,No,No,No,No,Yes,No,One year,No,Credit card (automatic),150.36,1623.71,Yes,2023-02-02
4750-JXALQ,Female,0,Yes,No,29,Yes,Yes,Fiber optic,Yes,No,No,No,Yes,Yes,Month-to-month,Yes,Credit card (automatic),160.47,4629.93,Yes,2023-02-03
3920-FOVUT,Male,0,No,No,26,Yes,Yes,Fiber optic,Yes,No,Yes,No,Yes,No,Month-to-month,Yes,Bank transfer (automatic),159.52,4180.42,Yes,2023-02-03
5069-YNDCR,Male,1,No,No,39,Yes,No,DSL,Yes,Yes,No,No,Yes,Yes,Month-to-month,Yes,Mailed check,125.65,5024.97,Yes,2023-02-03
9740-ZFTXC,Female,0,Yes,Yes,39,Yes,No,Fiber optic,Yes,Yes,No,Yes,No,Yes,Month-to-month,Yes,Bank transfer (automatic),163.03,6509.73,Yes,2023-02-03
2233-DZWSZ,Male,0,Yes,No,12,Yes,No,Fiber optic,No,Yes,No,Yes,Yes,No,Two year,Yes,Credit card (automatic),133.75,1634.3,Yes,2023-02-03
8060-CQWOL,Male,0,No,No,47,Yes,No,Fiber optic,No,No,Yes,Yes,No,Yes,Two year,Yes,Credit card (automatic),137.11,6593.76,No,2023-02-03
6321-WCJWB,Male,0,No,No,21,Yes,No,Fiber optic,No,Yes,No,Yes,Yes,No,Two year,Yes,Electronic check,125.9,2702.17,Yes,2023-02-03
5337-RIQVO,Female,0,Yes,Yes,17,Yes,Yes,DSL,Yes,Yes,Yes,Yes,No,Yes,Month-to-month,Yes,Bank transfer (automatic),154.58,2634.89,Yes,2023-02-03
4062-NXRHZ,Female,0,No,Yes,46,Yes,No,DSL,Yes,No,Yes,No,Yes,Yes,Month-to-month,Yes,Electronic check,122.88,5763.23,Yes,2023-02-03
6189-DZETA,Male,0,Yes,No,24,Yes,No,DSL,Yes,No,No,No,No,No,One year,Yes,Bank transfer (automatic),88.5,2177.25,Yes,2023-02-03
7975-DVFAP,Male,0,Yes,Yes,28,Yes,No,DSL,No,No,No,Yes,Yes,No,Two year,Yes,Electronic check,88.55,2539.75,No,2023-02-03
3518-JOPFE,Female,0,Yes,Yes,51,Yes,No,DSL,No,No,No,No,Yes,Yes,Month-to-month,No,Credit card (automatic),113.41,5622.72,Yes,2023-02-03
9514-HMMOL,Male,0,No,No,50,Yes,Yes,No,No internet service,No internet service,No internet service,No internet service,No internet service,No internet service,Month-to-month,No,Mailed check,59.14,3034.33,Yes,2023-02-03
7473-BWXNL,Female,0,Yes,No,33,Yes,No,No,No internet service,No internet service,No internet service,No internet service,No internet service,No internet service,One year,Yes,Mailed check,49.2,1653.68,Yes,2023-02-03
6777-OLLPZ,Male,0,No,No,26,Yes,No,No,No internet service,No internet service,No internet service,No internet service,No internet service,No internet service,One year,Yes,Credit card (automatic),45.55,1151.98,No,2023-02-03
4650-VUGNH,Male,0,No,No,36,Yes,Yes,DSL,Yes,No,Yes,Yes,No,Yes,One year,Yes,Credit card (automatic),143.07,4998.19,No,2023-02-03
3930-LWVUC,Male,1,No,Yes,47,Yes,Yes,DSL,No,No,No,Yes,No,No,Month-to-month,Yes,Mailed check,127.16,5871.96,Yes,2023-02-03
6830-RIAXT,Male,0,Yes,No,17,Yes,No,Fiber optic,Yes,No,No,No,Yes,No,One year,Yes,Mailed check,134.82,2264.49,Yes,2023-02-03
7770-CFWJV,Male,0,Yes,No,29,No,No phone service,No,No internet service,No internet service,No internet service,No internet service,No internet service,No internet service,Two year,Yes,Mailed check,27.53,786.62,No,2023-02-03
1723-ZMZHJ,Male,0,Yes,No,33,No,No phone service,No,No internet service,No internet service,No internet service,No internet service,No internet service,No internet service,Month-to-month,Yes,Bank transfer (automatic),18.5,597.38,Yes,2023-02-03
7184-SDMHG,Male,0,Yes,No,47,No,No phone service,No,No internet service,No internet service,No internet service,No internet service,No internet service,No internet service,Month-to-month,No,Bank transfer (automatic),18.5,891.28,No,2023-02-03
5528-URRUG,Female,0,No,No,47,No,No phone service,No,No internet service,No internet service,No internet service,No internet service,No internet service,No internet service,One year,Yes,Mailed check,18.5,892.26,No,2023-02-03
3573-CCYWO,Female,0,Yes,No,41,Yes,No,DSL,No,Yes,Yes,Yes,No,Yes,One year,Yes,Mailed check,121.14,4987.51,Yes,2023-02-03
6218-MTFHB,Female,0,No,Yes,47,Yes,Yes,DSL,Yes,No,No,No,Yes,No,One year,No,Credit card (automatic),120.24,5726.35,No,2023-02-03
7241-SILAR,Female,0,Yes,No,13,Yes,Yes,Fiber optic,Yes,No,Yes,Yes,Yes,Yes,Month-to-month,Yes,Credit card (automatic),187.57,2417.98,No,2023-02-03
9854-MVPIG,Female,0,Yes,Yes,19,Yes,Yes,DSL,No,No,No,No,Yes,Yes,Month-to-month,Yes,Mailed check,126.36,2345.52,No,2023-02-03
8403-FYDKE,Male,0,Yes,No,29,Yes,No,No,No internet service,No internet service,No internet service,No internet service,No internet service,No internet service,Month-to-month,Yes,Mailed check,43.79,1253.74,Yes,2023-02-03
2897-CYZRQ,Female,0,No,No,35,Yes,No,Fiber optic,Yes,No,Yes,No,No,Yes,One year,No,Electronic check,153.0,5327.92,No,2023-02-03
4032-GMHQO,Male,0,Yes,No,26,Yes,No,No,No internet service,No internet service,No internet service,No internet service,No internet service,No internet service,Month-to-month,No,Bank transfer (automatic),39.57,1012.46,Yes,2023-02-03
9988-HWHTQ,Female,0,No,No,19,Yes,Yes,DSL,No,No,No,No,Yes,Yes,Month-to-month,No,Credit card (automatic),130.03,2471.91,Yes,2023-02-03
8064-UGVHO,Female,0,No,No,24,Yes,Yes,No,No internet service,No internet service,No internet service,No internet service,No internet service,No internet service,One year,No,Bank transfer (automatic),58.28,1377.79,Yes,2023-02-04
7604-ZFURK,Male,0,Yes,No,40,Yes,Yes,DSL,Yes,Yes,Yes,No,Yes,No,Month-to-month,Yes,Electronic check,148.17,6020.39,Yes,2023-02-04
7014-LUNTW,Female,0,Yes,No,40,Yes,No,Fiber optic,Yes,Yes,Yes,No,Yes,No,One year,Yes,Electronic check,143.53,5670.81,Yes,2023-02-04
9660-LBHVL,Male,0,Yes,Yes,41,Yes,No,No,No internet service,No internet service,No internet service,No internet service,No internet service,No internet service,One year,Yes,Credit card (automatic),26.5,1111.97,Yes,2023-02-04
9929-CNLXW,Female,0,Yes,No,28,Yes,No,No,No internet service,No internet service,No internet service,No internet service,No internet service,No internet service,Two year,Yes,Credit card (automatic),36.2,1024.45,Yes,2023-02-04
1307-SPBTO,Female,0,Yes,No,21,Yes,No,No,No internet service,No internet service,No internet service,No internet service,No internet service,No internet service,Month-to-month,Yes,Electronic check,53.22,1140.15,Yes,2023-02-04
3384-STWKK,Female,0,No,Yes,38,No,No phone service,No,No internet service,No internet service,No internet service,No internet service,No internet service,No internet service,Month-to-month,Yes,Credit card (automatic),19.4,720.32,Yes,2023-02-04
2710-XRZLK,Male,1,Yes,No,52,Yes,Yes,Fiber optic,No,Yes,Yes,No,Yes,Yes,One year,Yes,Credit card (automatic),169.65,8743.86,No,2023-02-04
3744-KGVKU,Male,0,No,No,15,No,No phone service,Fiber optic,No,No,No,No,Yes,No,Two year,Yes,Bank transfer (automatic),95.9,1446.58,Yes,2023-02-04
7852-UPCYD,Female,0,No,No,7,Yes,No,DSL,No,Yes,Yes,No,Yes,Yes,Month-to-month,No,Bank transfer (automatic),124.7,873.95,Yes,2023-02-04
9231-VCWPK,Female,0,Yes,No,50,Yes,No,DSL,Yes,No,No,No,No,No,Month-to-month,Yes,Electronic check,102.49,5032.67,Yes,2023-02-04
7377-JSYJH,Female,0,Yes,No,19,Yes,No,No,No internet service,No internet service,No internet service,No internet service,No internet service,No internet service,Two year,Yes,Electronic check,48.47,930.73,Yes,2023-02-04
9225-NRDVT,Male,0,Yes,Yes,30,Yes,No,Fiber optic,No,No,Yes,No,No,Yes,One year,Yes,Credit card (automatic),127.25,3931.37,No,2023-02-04
8264-QQUBW,Male,0,No,No,11,Yes,Yes,DSL,No,Yes,No,No,Yes,Yes,Month-to-month,Yes,Bank transfer (automatic),134.04,1449.48,No,2023-02-04
5821-XWCMV,Female,0,No,No,23,Yes,Yes,Fiber optic,No,No,No,No,Yes,Yes,Month-to-month,No,Electronic check,161.9,3793.6,Yes,2023-02-04
1211-LNHVR,Female,1,Yes,No,38,Yes,No,No,No internet service,No internet service,No internet service,No internet service,No internet service,No internet service,Two year,Yes,Bank transfer (automatic),36.76,1428.11,No,2023-02-04
1567-RECFV,Male,0,Yes,No,18,Yes,No,DSL,No,No,Yes,Yes,Yes,Yes,Two year,Yes,Mailed check,110.73,2006.93,Yes,2023-02-04
8296-HWVGX,Male,1,Yes,No,15,Yes,No,Fiber optic,Yes,No,Yes,No,Yes,No,Month-to-month,Yes,Credit card (automatic),150.89,2328.64,Yes,2023-02-04
1644-BICWE,Female,0,Yes,Yes,15,Yes,No,Fiber optic,No,No,No,No,No,Yes,Month-to-month,No,Mailed check,139.16,2084.02,Yes,2023-02-04
4008-BVLGQ,Male,0,Yes,No,46,Yes,No,DSL,Yes,Yes,No,Yes,Yes,No,One year,No,Electronic check,127.34,5852.44,No,2023-02-04
8447-UJSJF,Male,0,Yes,Yes,33,Yes,No,DSL,No,No,No,No,Yes,Yes,Month-to-month,Yes,Mailed check,109.09,3641.78,No,2023-02-04
1708-GMUGY,Female,0,No,Yes,46,Yes,Yes,Fiber optic,No,Yes,Yes,No,No,Yes,Two year,Yes,Credit card (automatic),167.14,7464.22,Yes,2023-02-04
6025-FOFQJ,Female,1,No,Yes,37,No,No phone service,DSL,No,Yes,Yes,No,Yes,No,One year,Yes,Electronic check,95.83,3600.63,Yes,2023-02-04
8175-LATCQ,Male,0,No,No,32,Yes,No,DSL,No,Yes,Yes,Yes,Yes,Yes,Month-to-month,Yes,Mailed check,134.57,4277.94,Yes,2023-02-04
5235-IHNLP,Female,0,No,No,38,Yes,No,No,No internet service,No internet service,No internet service,No internet service,No internet service,No internet service,One year,Yes,Bank transfer (automatic),32.39,1230.88,No,2023-02-04
8623-GVLLP,Female,0,No,Yes,33,Yes,No,DSL,No,No,No,No,Yes,No,One year,No,Bank transfer (automatic),98.47,3260.05,No,2023-02-04
7257-YJLHF,Female,1,No,Yes,51,Yes,No,Fiber optic,No,Yes,No,Yes,Yes,Yes,Month-to-month,No,Mailed check,163.86,8402.43,No,2023-02-04
6207-HNCRW,Female,0,Yes,No,30,Yes,No,DSL,Yes,Yes,No,No,Yes,Yes,Two year,No,Credit card (automatic),107.08,3192.81,No,2023-02-04
1938-QAJSH,Female,0,Yes,No,34,No,No phone service,DSL,Yes,No,No,No,Yes,No,Two year,Yes,Electronic check,74.85,2605.72,Yes,2023-02-04
5883-MLLZB,Male,1,No,Yes,15,Yes,Yes,Fiber optic,No,No,No,No,No,Yes,Month-to-month,No,Credit card (automatic),154.6,2385.3,Yes,2023-02-04
6581-GDPTU,Female,0,No,Yes,45,Yes,Yes,No,No internet service,No internet service,No internet service,No internet service,No internet service,No internet service,One year,No,Mailed check,50.32,2268.71,No,2023-02-04
1542-TUURW,Male,1,Yes,No,36,Yes,Yes,Fiber optic,No,Yes,Yes,No,Yes,Yes,One year,Yes,Bank transfer (automatic),160.97,5966.25,Yes,2023-02-04
1959-SQSGG,Male,0,Yes,No,28,Yes,No,DSL,No,Yes,No,Yes,No,Yes,Two year,Yes,Electronic check,106.12,2889.63,Yes,2023-02-05
4708-SCICB,Female,0,Yes,Yes,15,Yes,Yes,Fiber optic,Yes,Yes,Yes,Yes,Yes,Yes,Two year,No,Credit card (automatic),178.77,2731.4,Yes,2023-02-05
2354-AJGUW,Male,1,No,No,43,Yes,Yes,Fiber optic,No,No,No,Yes,No,Yes,Two year,Yes,Bank transfer (automatic),140.42,6156.73,Yes,2023-02-05
9599-VAOAJ,Male,0,No,No,46,Yes,Yes,Fiber optic,Yes,No,No,No,Yes,Yes,Month-to-month,No,Mailed check,175.19,8159.6,Yes,2023-02-05
2255-TXXTO,Male,0,Yes,No,32,Yes,No,No,No internet service,No internet service,No internet service,No internet service,No internet service,No internet service,Month-to-month,Yes,Bank transfer (automatic),35.09,1097.41,No,2023-02-05
3064-YJTKT,Female,0,No,No,37,Yes,Yes,Fiber optic,No,Yes,Yes,Yes,Yes,Yes,Month-to-month,No,Mailed check,192.25,7219.29,Yes,2023-02-05
9438-XLFFF,Female,0,Yes,No,25,Yes,Yes,Fiber optic,No,No,Yes,No,Yes,Yes,One year,Yes,Mailed check,172.85,4251.22,No,2023-02-05
8567-CFXQV,Male,1,No,Yes,32,Yes,No,No,No internet service,No internet service,No internet service,No internet service,No internet service,No internet service,One year,Yes,Credit card (automatic),56.08,1781.92,No,2023-02-05
1483-OLZMM,Female,0,No,No,12,Yes,No,Fiber optic,Yes,Yes,No,Yes,No,No,One year,Yes,Electronic check,146.75,1746.55,Yes,2023-02-05
9331-POOCP,Female,0,Yes,Yes,21,Yes,No,Fiber optic,No,No,No,No,Yes,No,Two year,Yes,Credit card (automatic),122.58,2517.16,Yes,2023-02-05
3068-BZIJR,Male,0,No,No,22,Yes,Yes,Fiber optic,No,No,Yes,Yes,Yes,Yes,One year,No,Credit card (automatic),171.97,3808.29,Yes,2023-02-05
5200-WNUTS,Male,0,No,No,38,Yes,Yes,Fiber optic,Yes,Yes,No,Yes,No,No,One year,Yes,Mailed check,162.94,6082.99,Yes,2023-02-05
7392-TNMPN,Female,0,No,No,26,Yes,Yes,DSL,No,No,Yes,Yes,No,No,Month-to-month,No,Electronic check,135.27,3515.55,Yes,2023-02-05
9948-OAAMJ,Female,0,No,No,43,No,No phone service,Fiber optic,No,Yes,No,No,Yes,Yes,Month-to-month,Yes,Bank transfer (automatic),140.38,6113.17,Yes,2023-02-05
2208-MPEDD,Female,0,No,No,27,No,No phone service,Fiber optic,Yes,Yes,No,Yes,No,Yes,One year,No,Mailed check,133.9,3518.57,Yes,2023-02-05
7458-CUCWV,Female,0,Yes,No,37,Yes,No,No,No internet service,No internet service,No internet service,No internet service,No internet service,No internet service,Month-to-month,No,Electronic check,41.07,1516.33,Yes,2023-02-05
1276-RONZT,Male,0,No,No,12,Yes,No,DSL,Yes,Yes,No,Yes,Yes,Yes,Month-to-month,Yes,Credit card (automatic),143.88,1725.02,No,2023-02-05
5742-OBVVH,Male,1,Yes,No,23,Yes,Yes,DSL,No,No,Yes,Yes,Yes,Yes,Month-to-month,Yes,Credit card (automatic),141.4,3193.52,No,2023-02-05
6332-SYPYY,Female,0,Yes,No,17,Yes,Yes,Fiber optic,Yes,Yes,Yes,No,Yes,Yes,Month-to-month,Yes,Credit card (automatic),196.66,3264.35,Yes,2023-02-05
7509-YRGZF,Female,0,Yes,Yes,59,Yes,Yes,DSL,No,No,No,No,Yes,Yes,Month-to-month,No,Bank transfer (automatic),125.0,7494.08,Yes,2023-02-05
7878-QQBVM,Male,0,No,No,29,Yes,No,Fiber optic,No,Yes,Yes,Yes,No,Yes,One year,Yes,Electronic check,157.45,4511.57,Yes,2023-02-05
8436-KONFE,Male,0,Yes,Yes,8,Yes,No,Fiber optic,No,Yes,No,Yes,Yes,No,One year,Yes,Credit card (automatic),141.92,1128.79,Yes,2023-02-05
3370-HPPYL,Male,0,Yes,No,18,No,No phone service,DSL,No,Yes,Yes,No,Yes,Yes,Month-to-month,Yes,Bank transfer (automatic),111.42,2041.33,Yes,2023-02-05
1070-MWNHS,Female,0,No,No,47,Yes,No,DSL,No,Yes,Yes,No,Yes,Yes,Month-to-month,No,Credit card (automatic),132.71,6110.03,Yes,2023-02-06
4410-ADFER,Female,0,Yes,No,56,Yes,Yes,No,No internet service,No internet service,No internet service,No internet service,No internet service,No internet service,Month-to-month,No,Electronic check,61.33,3340.59,Yes,2023-02-06
1710-KUKBN,Female,1,No,Yes,39,Yes,Yes,Fiber optic,Yes,No,Yes,No,Yes,No,Month-to-month,Yes,Credit card (automatic),166.93,6416.73,Yes,2023-02-06
4998-JUVGP,Female,1,Yes,No,10,Yes,No,DSL,No,Yes,Yes,Yes,No,No,One year,Yes,Credit card (automatic),106.61,1091.12,Yes,2023-02-06
4797-HMVGR,Female,0,Yes,No,40,Yes,No,No,No internet service,No internet service,No internet service,No internet service,No internet service,No internet service,Month-to-month,Yes,Electronic check,47.03,1867.36,Yes,2023-02-06
5868-AHBTG,Male,0,Yes,No,7,Yes,Yes,DSL,No,Yes,Yes,No,Yes,Yes,One year,Yes,Credit card (automatic),143.31,1004.74,Yes,2023-02-06
5758-IQPEL,Female,0,Yes,No,35,No,No phone service,Fiber optic,Yes,Yes,Yes,No,Yes,Yes,One year,Yes,Electronic check,129.3,4595.12,Yes,2023-02-06
4370-JRNRA,Male,0,No,No,38,Yes,Yes,DSL,No,Yes,Yes,No,No,Yes,One year,Yes,Credit card (automatic),129.6,4890.72,Yes,2023-02-06
7703-EDDCE,Female,0,Yes,No,22,Yes,No,No,No internet service,No internet service,No internet service,No internet service,No internet service,No internet service,Month-to-month,No,Electronic check,47.61,1056.3,Yes,2023-02-06
4775-GXUVO,Male,0,No,Yes,34,Yes,Yes,No,No internet service,No internet service,No internet service,No internet service,No internet service,No internet service,Two year,No,Mailed check,52.59,1752.34,Yes,2023-02-06
4794-FTHMA,Male,1,Yes,No,30,Yes,Yes,Fiber optic,Yes,Yes,Yes,No,Yes,Yes,One year,No,Mailed check,180.4,5267.33,No,2023-02-06
5350-JKFDL,Male,1,No,No,39,Yes,No,No,No internet service,No internet service,No internet service,No internet service,No internet service,No internet service,One year,No,Bank transfer (automatic),42.08,1666.82,No,2023-02-06
1596-KFZCM,Female,0,Yes,Yes,46,Yes,Yes,Fiber optic,No,Yes,No,No,No,Yes,Month-to-month,Yes,Credit card (automatic),166.83,7769.83,Yes,2023-02-06
9070-FKIFW,Male,1,No,No,32,Yes,Yes,No,No internet service,No internet service,No internet service,No internet service,No internet service,No internet service,Month-to-month,No,Electronic check,60.65,1893.22,Yes,2023-02-06
7891-ROPOJ,Male,0,Yes,No,19,Yes,No,Fiber optic,No,Yes,No,Yes,Yes,No,Month-to-month,No,Bank transfer (automatic),165.42,3158.76,Yes,2023-02-06
4172-BIIJW,Female,0,No,No,8,Yes,No,Fiber optic,Yes,No,No,Yes,Yes,Yes,One year,No,Electronic check,157.94,1261.19,Yes,2023-02-06
7675-BGJSB,Male,0,No,No,14,No,No phone service,DSL,Yes,No,No,No,No,Yes,Month-to-month,No,Credit card (automatic),85.65,1216.13,Yes,2023-02-06
5644-HHSJI,Female,0,No,No,38,Yes,Yes,DSL,Yes,No,No,No,Yes,Yes,Month-to-month,Yes,Electronic check,132.22,4989.47,Yes,2023-02-06
4082-UPRFF,Female,0,No,No,45,Yes,No,DSL,Yes,Yes,No,No,No,Yes,Month-to-month,Yes,Bank transfer (automatic),120.47,5454.63,No,2023-02-06
6468-CWQBM,Male,0,No,No,20,Yes,Yes,DSL,No,No,Yes,No,Yes,No,One year,No,Credit card (automatic),112.56,2282.1,No,2023-02-06
8616-VNKSG,Female,1,Yes,Yes,26,Yes,No,No,No internet service,No internet service,No internet service,No internet service,No internet service,No internet service,One year,Yes,Credit card (automatic),29.24,762.51,No,2023-02-06
7545-KCGBK,Female,0,No,No,19,Yes,Yes,DSL,No,Yes,Yes,Yes,Yes,No,One year,No,Credit card (automatic),140.12,2584.8,No,2023-02-06
4358-ZIVGJ,Female,0,Yes,No,36,Yes,Yes,No,No internet service,No internet service,No internet service,No internet service,No internet service,No internet service,Month-to-month,Yes,Mailed check,52.98,1932.36,No,2023-02-06
9673-JPLCV,Male,0,Yes,No,35,Yes,Yes,Fiber optic,No,Yes,Yes,No,Yes,Yes,Two year,Yes,Mailed check,152.2,5318.16,No,2023-02-06
7213-HJKCM,Female,0,No,No,58,Yes,No,DSL,No,Yes,No,No,Yes,Yes,One year,Yes,Bank transfer (automatic),100.93,5922.71,Yes,2023-02-06
6587-LWIDH,Male,0,No,Yes,27,Yes,Yes,Fiber optic,No,No,No,No,Yes,No,Month-to-month,No,Mailed check,153.19,4097.36,Yes,2023-02-06
1148-UMVWI,Male,1,No,Yes,33,Yes,Yes,Fiber optic,Yes,Yes,Yes,No,Yes,Yes,Two year,Yes,Electronic check,163.31,5418.65,Yes,2023-02-06
2628-JGQXI,Female,0,Yes,No,21,Yes,No,Fiber optic,Yes,No,No,Yes,Yes,Yes,Month-to-month,No,Electronic check,165.57,3381.42,Yes,2023-02-06
4099-OKGES,Male,0,Yes,No,44,No,No phone service,Fiber optic,No,No,Yes,No,No,Yes,Month-to-month,No,Credit card (automatic),120.12,5309.71,Yes,2023-02-06
4650-VESNL,Female,1,Yes,No,46,Yes,Yes,Fiber optic,No,No,No,Yes,Yes,Yes,Month-to-month,No,Electronic check,162.23,7414.34,Yes,2023-02-06
7028-YTXKV,Male,0,No,Yes,19,Yes,Yes,DSL,No,No,Yes,Yes,Yes,No,Month-to-month,Yes,Bank transfer (automatic),140.84,2650.26,No,2023-02-07
6241-PEXUT,Female,0,Yes,Yes,47,Yes,No,DSL,No,No,No,No,Yes,Yes,One year,Yes,Bank transfer (automatic),106.44,5006.23,Yes,2023-02-07
3308-LBHBQ,Male,0,No,No,21,Yes,Yes,No,No internet service,No internet service,No internet service,No internet service,No internet service,No internet service,Month-to-month,No,Electronic check,63.88,1321.62,Yes,2023-02-07
3850-CJMZT,Female,0,No,Yes,13,Yes,No,Fiber optic,Yes,No,No,Yes,Yes,Yes,Two year,No,Credit card (automatic),132.18,1682.55,No,2023-02-07
3526-FYHER,Male,0,No,No,24,Yes,No,No,No internet service,No internet service,No internet service,No internet service,No internet service,No internet service,One year,Yes,Mailed check,34.89,833.98,No,2023-02-07
9005-HPETU,Female,0,Yes,No,7,No,No phone service,DSL,No,Yes,Yes,No,Yes,Yes,Two year,No,Mailed check,98.42,669.68,Yes,2023-02-07
8094-ZMVNT,Male,0,Yes,Yes,35,Yes,No,Fiber optic,No,Yes,No,No,Yes,Yes,Month-to-month,No,Mailed check,161.42,5651.58,Yes,2023-02-07
5286-LPLFF,Male,0,Yes,No,12,Yes,No,Fiber optic,No,No,Yes,Yes,Yes,No,Month-to-month,Yes,Credit card (automatic),155.43,1885.0,Yes,2023-02-07
2730-LIELK,Male,0,Yes,No,53,Yes,No,Fiber optic,No,Yes,No,Yes,Yes,Yes,Month-to-month,Yes,Credit card (automatic),153.33,7946.21,Yes,2023-02-07
5441-QAJWN,Female,0,No,No,62,Yes,Yes,No,No internet service,No internet service,No internet service,No internet service,No internet service,No internet service,Month-to-month,Yes,Electronic check,56.76,3540.85,Yes,2023-02-07
5998-TLVWJ,Male,0,Yes,No,22,Yes,No,DSL,Yes,No,Yes,No,Yes,Yes,Month-to-month,No,Credit card (automatic),125.45,2798.06,Yes,2023-02-07
5482-UCYEO,Female,0,No,Yes,43,Yes,Yes,Fiber optic,No,Yes,Yes,Yes,Yes,Yes,Month-to-month,No,Electronic check,195.71,8308.74,Yes,2023-02-07
5385-MPXUU,Male,1,Yes,Yes,10,Yes,Yes,DSL,Yes,Yes,No,No,Yes,Yes,Month-to-month,Yes,Bank transfer (automatic),145.94,1459.14,Yes,2023-02-07
8917-CYYXO,Male,0,No,Yes,10,Yes,No,DSL,No,No,No,Yes,Yes,No,Two year,Yes,Bank transfer (automatic),110.21,1103.01,No,2023-02-07
2369-NLRCN,Female,0,Yes,No,30,Yes,No,Fiber optic,Yes,Yes,No,Yes,Yes,Yes,Month-to-month,Yes,Credit card (automatic),180.44,5499.95,Yes,2023-02-07
6860-KFSZL,Male,0,No,No,51,Yes,No,No,No internet service,No internet service,No internet service,No internet service,No internet service,No internet service,Month-to-month,Yes,Bank transfer (automatic),46.23,2323.32,No,2023-02-07
2090-ZPBDS,Female,0,Yes,No,24,Yes,Yes,Fiber optic,No,No,No,Yes,Yes,No,Month-to-month,Yes,Credit card (automatic),158.46,3719.44,Yes,2023-02-07
9712-BFDPF,Male,0,Yes,No,14,Yes,Yes,DSL,No,No,No,Yes,Yes,Yes,Month-to-month,Yes,Credit card (automatic),144.79,1971.08,No,2023-02-07
5057-YNHNY,Male,0,Yes,No,28,Yes,No,DSL,Yes,Yes,No,No,Yes,No,One year,No,Electronic check,116.8,3213.64,Yes,2023-02-07
2797-MFQKH,Male,0,Yes,No,54,Yes,No,Fiber optic,No,Yes,No,No,Yes,Yes,Month-to-month,Yes,Electronic check,149.56,8147.69,Yes,2023-02-07
2472-NGVUF,Female,0,Yes,Yes,40,No,No phone service,Fiber optic,Yes,No,No,No,Yes,Yes,Month-to-month,Yes,Electronic check,138.93,5425.76,Yes,2023-02-07
9221-FBLZK,Male,0,Yes,No,26,Yes,Yes,DSL,No,No,Yes,No,Yes,Yes,Two year,No,Credit card (automatic),131.48,3370.47,Yes,2023-02-08
7674-CFSXI,Female,0,Yes,Yes,22,Yes,No,DSL,Yes,No,Yes,No,No,Yes,Two year,No,Electronic check,101.21,2269.47,Yes,2023-02-08
9006-AKZQZ,Male,0,Yes,Yes,26,Yes,No,Fiber optic,Yes,No,No,No,Yes,No,Two year,No,Mailed check,129.3,3293.83,Yes,2023-02-08
7429-OHMDQ,Female,0,Yes,No,34,Yes,No,Fiber optic,No,Yes,No,No,No,No,One year,Yes,Credit card (automatic),124.31,4165.4,Yes,2023-02-08
3429-SCOGQ,Male,0,Yes,No,9,Yes,No,Fiber optic,Yes,Yes,Yes,Yes,Yes,No,Month-to-month,Yes,Bank transfer (automatic),169.57,1559.39,Yes,2023-02-08
4138-TLSVV,Male,0,Yes,Yes,28,Yes,No,Fiber optic,Yes,Yes,No,No,Yes,Yes,One year,Yes,Electronic check,154.47,4447.25,Yes,2023-02-08
1303-HVMPX,Male,1,Yes,No,37,Yes,No,DSL,No,Yes,No,No,No,Yes,Month-to-month,No,Electronic check,113.39,4181.04,Yes,2023-02-08
2607-EZSJR,Male,0,No,Yes,57,Yes,No,DSL,Yes,No,No,No,Yes,No,Month-to-month,Yes,Mailed check,105.24,6145.45,Yes,2023-02-08
5667-LNQHU,Female,1,Yes,Yes,32,Yes,No,Fiber optic,No,Yes,No,No,No,No,One year,No,Mailed check,130.67,4069.8,Yes,2023-02-08
2652-CDWBY,Female,0,No,No,36,Yes,Yes,DSL,Yes,Yes,No,No,Yes,Yes,Month-to-month,No,Mailed check,146.57,5140.51,Yes,2023-02-08
9187-MTPRX,Male,0,No,No,13,Yes,Yes,Fiber optic,No,Yes,Yes,Yes,Yes,No,Month-to-month,Yes,Mailed check,191.51,2520.36,Yes,2023-02-08
1935-ZWWYH,Male,0,No,No,43,Yes,Yes,DSL,No,No,Yes,Yes,No,Yes,One year,Yes,Mailed check,135.01,5725.97,No,2023-02-08
3406-BGEYP,Male,0,No,No,23,Yes,Yes,Fiber optic,Yes,Yes,No,No,Yes,Yes,Month-to-month,Yes,Bank transfer (automatic),183.93,4137.67,Yes,2023-02-08
7932-MQGCM,Male,0,Yes,No,13,Yes,No,Fiber optic,No,No,Yes,Yes,Yes,Yes,One year,Yes,Credit card (automatic),146.7,1912.8,Yes,2023-02-08
8639-BCIDX,Male,0,Yes,Yes,29,Yes,Yes,DSL,No,Yes,No,No,Yes,No,Two year,Yes,Bank transfer (automatic),107.5,3074.87,Yes,2023-02-08
5054-IMIIU,Male,0,Yes,No,43,No,No phone service,Fiber optic,No,Yes,No,Yes,No,Yes,One year,No,Electronic check,124.09,5334.43,Yes,2023-02-08
6589-RQLUG,Male,0,Yes,Yes,9,Yes,Yes,DSL,Yes,No,No,Yes,Yes,No,Month-to-month,Yes,Mailed check,142.38,1247.94,No,2023-02-08
6456-QQKEQ,Male,1,Yes,No,10,No,No phone service,Fiber optic,Yes,Yes,No,No,No,Yes,Month-to-month,Yes,Electronic check,132.65,1287.7,Yes,2023-02-08
2074-HTRSW,Female,0,No,No,28,Yes,Yes,DSL,Yes,Yes,Yes,No,Yes,Yes,Month-to-month,No,Electronic check,156.28,4414.21,Yes,2023-02-08
9974-VJMBF,Female,1,No,No,53,Yes,No,No,No internet service,No internet service,No internet service,No internet service,No internet service,No internet service,Month-to-month,Yes,Credit card (automatic),52.08,2802.31,Yes,2023-02-08
7968-LMWAW,Female,0,No,No,44,Yes,No,Fiber optic,No,Yes,Yes,No,Yes,Yes,Month-to-month,Yes,Electronic check,154.97,6749.23,Yes,2023-02-08
2148-PLLIX,Male,0,No,No,17,Yes,Yes,DSL,No,Yes,No,No,Yes,No,One year,No,Mailed check,120.73,2086.32,No,2023-02-08
2061-LGEXD,Female,1,No,Yes,24,No,No phone service,No,No internet service,No internet service,No internet service,No internet service,No internet service,No internet service,One year,No,Mailed check,18.5,437.61,Yes,2023-02-08
7983-GKBSO,Male,0,Yes,No,31,Yes,No,DSL,No,No,No,No,Yes,Yes,Month-to-month,No,Electronic check,106.23,3315.65,Yes,2023-02-08
1353-EWIDP,Male,0,No,No,50,Yes,No,DSL,Yes,Yes,No,No,Yes,No,Month-to-month,Yes,Bank transfer (automatic),109.19,5587.71,Yes,2023-02-08
9353-ECZHM,Female,0,Yes,No,13,Yes,Yes,Fiber optic,No,Yes,No,No,No,Yes,Month-to-month,Yes,Mailed check,162.9,2099.97,Yes,2023-02-09
2419-HLTOR,Female,0,Yes,No,30,Yes,No,No,No internet service,No internet service,No internet service,No internet service,No internet service,No internet service,Month-to-month,No,Bank transfer (automatic),44.96,1334.42,Yes,2023-02-09
4656-LPYPR,Female,1,No,No,29,Yes,No,DSL,No,Yes,Yes,No,Yes,Yes,Two year,Yes,Electronic check,109.09,3232.95,No,2023-02-09
9374-WRIAI,Female,0,Yes,Yes,54,Yes,Yes,Fiber optic,Yes,Yes,No,No,No,Yes,Month-to-month,Yes,Credit card (automatic),177.51,9731.59,Yes,2023-02-09
2964-LGSFX,Female,0,Yes,No,17,Yes,Yes,DSL,Yes,Yes,Yes,No,No,Yes,Month-to-month,Yes,Mailed check,140.18,2332.01,No,2023-02-09
3783-SIAXR,Female,0,Yes,No,31,Yes,No,Fiber optic,Yes,Yes,No,No,Yes,Yes,Month-to-month,Yes,Electronic check,166.66,5172.05,Yes,2023-02-09
5377-VHHPZ,Female,0,Yes,No,42,Yes,Yes,Fiber optic,No,No,Yes,Yes,Yes,No,Month-to-month,No,Credit card (automatic),184.31,7666.65,Yes,2023-02-09
8111-BKIAR,Male,1,No,Yes,3,Yes,No,DSL,No,No,No,Yes,Yes,No,Month-to-month,No,Electronic check,111.56,327.24,Yes,2023-02-09
9941-MYRRT,Male,0,Yes,Yes,35,No,No phone service,Fiber optic,No,No,No,No,Yes,No,One year,No,Credit card (automatic),110.71,3804.67,Yes,2023-02-09
3768-JIDFR,Male,1,No,No,37,Yes,No,DSL,No,No,Yes,No,No,No,One year,No,Electronic check,91.4,3415.15,No,2023-02-09
3814-BEFDI,Male,0,Yes,No,59,Yes,No,DSL,No,No,No,No,No,Yes,Month-to-month,No,Bank transfer (automatic),104.82,6264.63,No,2023-02-09
6535-RFDOD,Female,0,No,No,20,Yes,Yes,DSL,Yes,Yes,No,No,Yes,Yes,Month-to-month,Yes,Credit card (automatic),137.55,2776.82,Yes,2023-02-09
3153-SJJTC,Male,1,Yes,Yes,33,No,No phone service,DSL,No,Yes,No,Yes,Yes,Yes,One year,No,Electronic check,85.61,2841.35,Yes,2023-02-09
8644-YQNPH,Female,0,Yes,Yes,31,Yes,No,No,No internet service,No internet service,No internet service,No internet service,No internet service,No internet service,Month-to-month,Yes,Electronic check,39.86,1217.35,Yes,2023-02-09
6003-VPKMQ,Female,0,Yes,No,36,Yes,No,DSL,No,Yes,Yes,Yes,Yes,Yes,Month-to-month,No,Electronic check,135.16,4910.08,Yes,2023-02-09
5004-JEDMT,Female,0,Yes,Yes,58,Yes,No,DSL,Yes,No,No,Yes,Yes,No,Month-to-month,Yes,Mailed check,125.63,7315.65,Yes,2023-02-09
7122-TZJOD,Male,1,No,No,32,Yes,Yes,Fiber optic,No,No,No,No,Yes,No,Month-to-month,Yes,Bank transfer (automatic),157.9,4942.62,Yes,2023-02-09
5388-DDHHN,Male,0,No,Yes,31,Yes,No,No,No internet service,No internet service,No internet service,No internet service,No internet service,No internet service,One year,Yes,Mailed check,44.46,1358.72,Yes,2023-02-09
9292-NYVAQ,Female,0,No,No,48,Yes,Yes,DSL,Yes,No,Yes,No,Yes,No,Month-to-month,Yes,Credit card (automatic),139.58,6721.66,Yes,2023-02-09
3262-WRTLS,Female,0,Yes,No,28,Yes,Yes,Fiber optic,Yes,No,No,No,No,Yes,One year,Yes,Mailed check,158.69,4401.83,No,2023-02-09
4763-YJWNL,Female,0,Yes,No,12,Yes,No,DSL,No,Yes,No,No,No,Yes,One year,Yes,Electronic check,104.96,1267.79,No,2023-02-09
3748-BEHWO,Male,0,No,No,26,No,No phone service,DSL,No,Yes,Yes,No,Yes,No,Two year,No,Electronic check,82.3,2181.63,No,2023-02-09
5269-ZEODW,Male,0,No,No,43,No,No phone service,DSL,No,Yes,No,Yes,Yes,Yes,Month-to-month,Yes,Credit card (automatic),102.37,4366.56,Yes,2023-02-09
9462-COKUL,Male,0,No,Yes,23,No,No phone service,DSL,No,No,No,No,No,Yes,Month-to-month,Yes,Mailed check,82.2,1942.41,Yes,2023-02-09
9670-ZQQTB,Male,0,Yes,Yes,29,Yes,No,DSL,Yes,No,Yes,No,Yes,Yes,Month-to-month,Yes,Electronic check,135.35,4005.41,Yes,2023-02-09
3081-NRUSE,Male,0,No,No,36,Yes,No,DSL,Yes,No,No,No,Yes,Yes,One year,Yes,Mailed check,103.2,3629.2,No,2023-02-09
7546-JZZAP,Female,0,No,Yes,30,Yes,Yes,DSL,No,Yes,Yes,No,Yes,Yes,Month-to-month,Yes,Credit card (automatic),134.77,4142.62,Yes,2023-02-09
7149-ZFSKB,Male,1,Yes,No,34,Yes,Yes,Fiber optic,Yes,No,Yes,No,Yes,Yes,Month-to-month,Yes,Mailed check,186.02,6203.8,No,2023-02-09
8668-PALGW,Female,0,No,No,6,No,No phone service,No,No internet service,No internet service,No internet service,No internet service,No internet service,No internet service,One year,Yes,Bank transfer (automatic),18.5,110.92,Yes,2023-02-09
4105-LFADN,Male,0,Yes,No,27,Yes,Yes,Fiber optic,No,No,Yes,No,Yes,No,Two year,No,Electronic check,156.93,4344.34,No,2023-02-09
7834-AYBKQ,Male,0,Yes,No,28,Yes,Yes,Fiber optic,No,Yes,Yes,No,No,Yes,One year,No,Mailed check,166.91,4619.65,No,2023-02-10
3839-JXHAN,Female,0,No,No,56,Yes,No,Fiber optic,No,No,No,No,Yes,Yes,Month-to-month,Yes,Electronic check,150.07,8476.14,Yes,2023-02-10
1462-SJODY,Male,0,Yes,No,23,Yes,No,Fiber optic,No,No,No,No,Yes,No,Month-to-month,Yes,Mailed check,150.34,3507.22,Yes,2023-02-10
7539-GLAQI,Female,1,Yes,No,40,Yes,No,DSL,Yes,Yes,No,No,No,No,Month-to-month,Yes,Credit card (automatic),124.27,4989.09,Yes,2023-02-10
7212-LCKKX,Male,0,Yes,Yes,20,Yes,No,DSL,No,No,Yes,Yes,No,No,Month-to-month,Yes,Credit card (automatic),104.83,2114.29,Yes,2023-02-10
1769-XZFAK,Female,1,Yes,No,42,Yes,Yes,Fiber optic,No,Yes,No,No,Yes,Yes,Two year,No,Electronic check,153.76,6419.32,No,2023-02-10
8877-VBVVS,Male,0,No,Yes,49,Yes,No,Fiber optic,No,No,No,Yes,Yes,Yes,Month-to-month,No,Bank transfer (automatic),151.64,7445.59,Yes,2023-02-10
8173-CELZT,Female,0,No,Yes,37,Yes,Yes,No,No internet service,No internet service,No internet service,No internet service,No internet service,No internet service,Month-to-month,Yes,Mailed check,52.36,1935.03,No,2023-02-10
8447-OFBWD,Male,0,Yes,Yes,36,Yes,No,DSL,Yes,No,Yes,No,Yes,Yes,Two year,No,Credit card (automatic),111.65,3931.25,No,2023-02-10
8774-DYRPI,Female,0,No,No,15,Yes,Yes,DSL,Yes,No,No,Yes,Yes,Yes,Month-to-month,Yes,Credit card (automatic),152.23,2301.37,Yes,2023-02-10
8424-IGTPS,Male,1,No,No,11,Yes,Yes,Fiber optic,No,No,Yes,Yes,Yes,Yes,Month-to-month,No,Electronic check,175.16,1903.4,Yes,2023-02-10
6873-RXEXH,Male,0,No,No,19,Yes,Yes,Fiber optic,Yes,Yes,Yes,No,Yes,Yes,Two year,No,Electronic check,162.11,3004.94,Yes,2023-02-10
3233-FRLCA,Female,0,Yes,Yes,42,Yes,Yes,Fiber optic,Yes,No,Yes,No,No,No,Month-to-month,Yes,Mailed check,164.55,6880.85,Yes,2023-02-10
7226-JOKVY,Female,0,No,No,28,Yes,Yes,Fiber optic,Yes,Yes,No,No,No,Yes,One year,Yes,Credit card (automatic),162.95,4428.21,Yes,2023-02-10
8802-DEEUJ,Female,0,Yes,No,23,Yes,Yes,DSL,No,No,No,No,Yes,Yes,One year,Yes,Mailed check,115.12,2676.24,No,2023-02-10
5933-AGJMG,Female,1,Yes,No,6,Yes,No,DSL,No,No,Yes,No,Yes,Yes,One year,No,Credit card (automatic),110.73,647.68,Yes,2023-02-10
9384-WUAYX,Male,1,No,No,45,Yes,Yes,DSL,Yes,No,Yes,No,Yes,No,Month-to-month,Yes,Electronic check,127.59,5816.38,Yes,2023-02-10
4524-SKJEJ,Male,0,Yes,No,36,Yes,No,Fiber optic,Yes,Yes,No,No,Yes,No,Month-to-month,No,Electronic check,154.77,5562.57,Yes,2023-02-10
1535-IQNUR,Male,0,Yes,Yes,24,Yes,Yes,Fiber optic,No,Yes,No,No,No,Yes,One year,Yes,Bank transfer (automatic),151.84,3640.63,Yes,2023-02-10
3765-BGJQK,Female,0,Yes,No,30,Yes,No,Fiber optic,No,No,Yes,Yes,Yes,Yes,Month-to-month,Yes,Mailed check,173.16,5311.22,Yes,2023-02-11
6653-XEXZM,Male,0,Yes,No,44,Yes,No,No,No internet service,No internet service,No internet service,No internet service,No internet service,No internet service,One year,Yes,Mailed check,39.15,1763.79,Yes,2023-02-11
8721-XUHGQ,Male,1,Yes,No,9,Yes,Yes,Fiber optic,No,Yes,No,No,No,Yes,Two year,Yes,Bank transfer (automatic),153.94,1420.99,No,2023-02-11
1854-YVMRY,Female,1,No,No,37,Yes,Yes,DSL,No,Yes,No,Yes,Yes,Yes,Month-to-month,Yes,Credit card (automatic),148.54,5585.57,Yes,2023-02-11
1840-KITLQ,Male,1,No,No,56,Yes,Yes,Fiber optic,No,No,No,Yes,Yes,Yes,Month-to-month,No,Credit card (automatic),173.24,9504.77,Yes,2023-02-11
4700-XRRSX,Female,0,Yes,Yes,9,Yes,Yes,Fiber optic,Yes,No,Yes,Yes,Yes,No,Two year,Yes,Mailed check,165.23,1455.61,No,2023-02-11
5761-HRTXA,Male,0,No,No,19,No,No phone service,No,No internet service,No internet service,No internet service,No internet service,No internet service,No internet service,Two year,Yes,Electronic check,18.5,350.38,No,2023-02-11
6797-ZQIXE,Male,0,Yes,No,7,No,No phone service,DSL,Yes,No,No,Yes,Yes,Yes,One year,No,Credit card (automatic),98.88,672.88,Yes,2023-02-11
5495-HULHZ,Male,0,Yes,Yes,23,Yes,No,No,No internet service,No internet service,No internet service,No internet service,No internet service,No internet service,One year,No,Bank transfer (automatic),47.99,1087.28,No,2023-02-11
3480-JDHLU,Female,1,Yes,No,19,Yes,No,Fiber optic,No,Yes,Yes,Yes,Yes,Yes,Month-to-month,No,Electronic check,173.71,3333.01,Yes,2023-02-11
9248-ABLQD,Male,0,No,No,7,Yes,Yes,DSL,No,Yes,Yes,No,Yes,Yes,Month-to-month,No,Mailed check,141.47,970.01,Yes,2023-02-11
1152-DDKZF,Female,0,Yes,No,26,Yes,No,No,No internet service,No internet service,No internet service,No internet service,No internet service,No internet service,Month-to-month,Yes,Bank transfer (automatic),57.75,1470.27,No,2023-02-11
3598-VRQFS,Female,0,Yes,Yes,40,Yes,Yes,DSL,No,No,No,No,Yes,Yes,Month-to-month,No,Credit card (automatic),112.92,4474.09,Yes,2023-02-11
7296-YKRHZ,Male,0,Yes,No,17,Yes,No,Fiber optic,No,Yes,No,Yes,Yes,Yes,Month-to-month,Yes,Electronic check,155.58,2578.22,Yes,2023-02-11
9592-IPJFU,Female,0,No,Yes,52,Yes,Yes,DSL,No,No,No,Yes,No,Yes,Month-to-month,No,Mailed check,130.39,6981.88,Yes,2023-02-11
6764-KSOIS,Female,0,No,No,17,Yes,No,DSL,No,No,No,No,Yes,No,Two year,No,Credit card (automatic),94.19,1620.3,No,2023-02-11
7869-HCJHW,Female,0,Yes,No,60,Yes,Yes,DSL,No,Yes,No,No,Yes,Yes,One year,Yes,Credit card (automatic),125.46,7444.31,No,2023-02-11
4250-OQBFP,Male,0,Yes,Yes,34,Yes,No,Fiber optic,Yes,No,No,No,No,Yes,Two year,No,Electronic check,126.38,4373.96,Yes,2023-02-11
9378-LAMEM,Male,0,Yes,No,29,Yes,No,No,No internet service,No internet service,No internet service,No internet service,No internet service,No internet service,Month-to-month,Yes,Mailed check,37.26,1099.01,Yes,2023-02-12
5493-YHJOE,Female,0,No,No,33,Yes,Yes,No,No internet service,No internet service,No internet service,No internet service,No internet service,No internet service,Month-to-month,Yes,Electronic check,68.64,2203.97,Yes,2023-02-12
4494-CKSUW,Male,1,No,Yes,55,Yes,Yes,DSL,Yes,Yes,No,Yes,Yes,No,Month-to-month,Yes,Bank transfer (automatic),144.21,8111.63,Yes,2023-02-12
7998-BXQEH,Female,0,Yes,No,26,Yes,Yes,Fiber optic,No,No,No,No,Yes,Yes,Month-to-month,No,Electronic check,167.99,4388.96,Yes,2023-02-12
7817-URERJ,Male,0,No,No,45,No,No phone service,Fiber optic,No,Yes,No,No,Yes,Yes,One year,Yes,Credit card (automatic),123.64,5433.76,No,2023-02-12
1310-HFVVP,Male,0,No,No,22,Yes,Yes,DSL,No,Yes,No,No,Yes,Yes,Month-to-month,No,Electronic check,132.82,2998.51,Yes,2023-02-12
4477-LCBRW,Male,0,Yes,No,32,Yes,No,Fiber optic,No,No,No,Yes,No,No,One year,No,Mailed check,131.18,4182.09,No,2023-02-12
9677-DCSVE,Female,0,No,Yes,49,Yes,Yes,Fiber optic,No,Yes,No,No,No,Yes,One year,No,Mailed check,157.34,7667.97,Yes,2023-02-12
9301-VZJFV,Male,0,Yes,No,25,No,No phone service,DSL,No,Yes,No,No,Yes,Yes,One year,Yes,Bank transfer (automatic),89.33,2210.36,No,2023-02-12
7490-PXXGJ,Male,0,Yes,Yes,47,No,No phone service,No,No internet service,No internet service,No internet service,No internet service,No internet service,No internet service,Month-to-month,Yes,Bank transfer (automatic),18.5,858.47,Yes,2023-02-12
2064-MWEUN,Female,0,Yes,No,17,No,No phone service,Fiber optic,No,Yes,Yes,No,No,Yes,One year,Yes,Bank transfer (automatic),123.06,2133.67,Yes,2023-02-12
7559-EIVBY,Male,0,Yes,No,48,Yes,Yes,Fiber optic,No,Yes,No,No,Yes,Yes,Month-to-month,No,Mailed check,171.67,8309.29,Yes,2023-02-12
7176-UIPOI,Female,0,Yes,Yes,53,Yes,No,No,No internet service,No internet service,No internet service,No internet service,No internet service,No internet service,Month-to-month,Yes,Bank transfer (automatic),49.21,2543.4,Yes,2023-02-12
5411-UVFYO,Female,0,Yes,No,5,Yes,No,DSL,Yes,No,No,No,Yes,No,Month-to-month,Yes,Credit card (automatic),105.98,535.74,Yes,2023-02-12
4551-LXJUR,Female,1,Yes,Yes,45,Yes,Yes,Fiber optic,Yes,No,No,No,Yes,Yes,One year,Yes,Mailed check,160.48,7110.46,Yes,2023-02-12
4608-ASBBA,Female,0,No,No,25,No,No phone service,Fiber optic,No,No,Yes,No,Yes,No,Month-to-month,Yes,Electronic check,121.65,2953.85,Yes,2023-02-12
9941-YUGRT,Female,0,No,Yes,9,Yes,No,DSL,No,No,No,Yes,Yes,No,One year,No,Bank transfer (automatic),111.01,984.67,No,2023-02-12
1078-GYBDO,Male,1,Yes,Yes,11,No,No phone service,Fiber optic,Yes,Yes,No,Yes,No,No,Two year,Yes,Electronic check,111.74,1250.41,Yes,2023-02-12
4457-BEBNE,Female,0,No,Yes,9,Yes,Yes,DSL,No,No,Yes,Yes,Yes,No,Month-to-month,No,Electronic check,139.32,1248.75,Yes,2023-02-12
4930-QLTIY,Male,0,No,Yes,25,Yes,No,Fiber optic,No,No,Yes,No,Yes,Yes,Month-to-month,Yes,Electronic check,146.62,3761.54,Yes,2023-02-12
4308-WCIQS,Female,0,No,No,26,Yes,No,Fiber optic,No,Yes,No,Yes,Yes,No,Month-to-month,Yes,Electronic check,151.37,3924.68,Yes,2023-02-12
4046-JBRJU,Male,0,Yes,No,44,Yes,No,No,No internet service,No internet service,No internet service,No internet service,No internet service,No internet service,One year,Yes,Electronic check,50.9,2281.13,Yes,2023-02-12
1443-LHXXZ,Male,0,Yes,No,22,Yes,Yes,DSL,Yes,Yes,Yes,No,Yes,Yes,Two year,Yes,Mailed check,138.73,3005.6,No,2023-02-13
1076-BJFGX,Male,0,Yes,Yes,38,Yes,No,DSL,No,No,No,No,Yes,Yes,One year,No,Electronic check,106.53,4094.37,Yes,2023-02-13
9419-OOGFB,Female,1,Yes,No,20,Yes,Yes,DSL,Yes,Yes,No,Yes,Yes,Yes,One year,Yes,Credit card (automatic),150.19,2958.64,No,2023-02-13
7114-BQYXR,Male,0,Yes,No,6,Yes,Yes,Fiber optic,Yes,Yes,No,No,Yes,No,Two year,Yes,Bank transfer (automatic),160.78,936.27,Yes,2023-02-13
3651-NBOKI,Male,0,Yes,No,33,Yes,Yes,Fiber optic,Yes,Yes,No,No,Yes,Yes,One year,Yes,Credit card (automatic),170.62,5772.37,No,2023-02-13
2929-MWPYB,Male,0,Yes,No,27,Yes,No,Fiber optic,No,No,No,No,Yes,Yes,Month-to-month,No,Mailed check,145.26,3942.16,Yes,2023-02-13
2535-GNKJL,Male,1,Yes,No,8,No,No phone service,No,No internet service,No internet service,No internet service,No internet service,No internet service,No internet service,Month-to-month,Yes,Bank transfer (automatic),27.27,220.79,Yes,2023-02-13
8435-MVESH,Female,0,Yes,No,7,Yes,Yes,No,No internet service,No internet service,No internet service,No internet service,No internet service,No internet service,Month-to-month,Yes,Mailed check,50.39,346.36,Yes,2023-02-13
9361-HENBC,Male,0,Yes,No,15,Yes,No,DSL,No,No,Yes,No,Yes,No,One year,No,Mailed check,114.86,1707.54,No,2023-02-13
4371-BNTQB,Male,0,No,No,34,Yes,Yes,No,No internet service,No internet service,No internet service,No internet service,No internet service,No internet service,One year,No,Electronic check,62.51,2092.45,No,2023-02-13
4557-VCXZM,Male,0,No,No,30,Yes,Yes,Fiber optic,No,Yes,Yes,Yes,Yes,No,Month-to-month,Yes,Electronic check,174.95,5105.04,Yes,2023-02-13
3196-QEVPW,Male,0,No,No,12,No,No phone service,Fiber optic,Yes,Yes,Yes,No,Yes,Yes,One year,Yes,Credit card (automatic),143.64,1742.19,Yes,2023-02-13
9530-QNYNJ,Male,0,No,Yes,38,Yes,No,DSL,No,Yes,Yes,No,No,No,Month-to-month,Yes,Mailed check,115.31,4488.46,Yes,2023-02-13
1039-VLEVG,Female,1,Yes,No,14,Yes,Yes,Fiber optic,No,No,Yes,No,Yes,Yes,One year,Yes,Electronic check,159.04,2220.34,Yes,2023-02-13
6243-OCEEG,Male,0,No,No,56,Yes,No,No,No internet service,No internet service,No internet service,No internet service,No internet service,No internet service,One year,Yes,Credit card (automatic),46.17,2612.45,No,2023-02-13
6187-OLJFS,Female,0,Yes,No,38,Yes,Yes,DSL,Yes,No,No,Yes,Yes,Yes,One year,No,Credit card (automatic),144.89,5393.92,Yes,2023-02-13
4855-EEKPT,Male,0,No,No,48,Yes,Yes,Fiber optic,No,No,No,Yes,Yes,No,Month-to-month,Yes,Electronic check,169.84,8105.66,Yes,2023-02-13
2782-IRDDK,Male,0,No,Yes,66,Yes,No,No,No internet service,No internet service,No internet service,No internet service,No internet service,No internet service,One year,No,Bank transfer (automatic),44.03,2883.46,No,2023-02-13
8586-SJNJO,Female,1,No,No,13,Yes,Yes,DSL,No,No,No,No,No,No,Month-to-month,No,Bank transfer (automatic),120.63,1555.13,Yes,2023-02-13
3194-WVBSI,Female,0,No,Yes,12,Yes,Yes,DSL,Yes,Yes,Yes,No,Yes,Yes,One year,No,Credit card (automatic),133.15,1613.09,No,2023-02-13
5903-WGAGO,Male,0,No,No,15,Yes,Yes,No,No internet service,No internet service,No internet service,No internet service,No internet service,No internet service,Month-to-month,Yes,Electronic check,65.26,971.35,Yes,2023-02-13
9400-VNVIY,Male,0,Yes,No,36,Yes,Yes,Fiber optic,Yes,No,Yes,Yes,No,Yes,Month-to-month,Yes,Mailed check,196.97,6890.41,No,2023-02-13
3884-MOVKG,Female,0,No,No,38,Yes,No,Fiber optic,No,Yes,No,No,No,Yes,One year,Yes,Credit card (automatic),145.81,5540.45,Yes,2023-02-13
1688-LRWJW,Female,1,No,No,42,Yes,Yes,No,No internet service,No internet service,No internet service,No internet service,No internet service,No internet service,One year,No,Credit card (automatic),56.14,2340.32,Yes,2023-02-13
3655-WTHPC,Male,0,No,No,30,Yes,Yes,No,No internet service,No internet service,No internet service,No internet service,No internet service,No internet service,Month-to-month,Yes,Bank transfer (automatic),60.39,1859.71,Yes,2023-02-13
1628-UKAAG,Female,0,No,No,29,Yes,No,No,No internet service,No internet service,No internet service,No internet service,No internet service,No internet service,One year,Yes,Electronic check,34.71,991.06,No,2023-02-13
7221-MIAZT,Female,0,Yes,No,14,Yes,No,DSL,No,Yes,Yes,No,Yes,No,Month-to-month,Yes,Mailed check,131.27,1841.31,Yes,2023-02-13
7653-HBBLM,Female,0,No,No,34,Yes,No,DSL,No,No,No,No,Yes,Yes,One year,Yes,Credit card (automatic),117.16,3979.36,No,2023-02-13
3575-PWCLR,Female,0,Yes,No,43,Yes,No,Fiber optic,No,No,Yes,No,No,Yes,One year,Yes,Mailed check,131.6,5671.26,No,2023-02-13
2553-QWGNT,Male,0,Yes,Yes,18,No,No phone service,DSL,Yes,No,Yes,Yes,Yes,No,Two year,Yes,Bank transfer (automatic),93.08,1667.52,No,2023-02-13
2899-ZPAJN,Female,1,No,Yes,13,Yes,No,DSL,Yes,No,No,Yes,No,No,Two year,No,Electronic check,101.3,1309.44,Yes,2023-02-13
2823-HMITF,Female,0,No,No,21,Yes,Yes,DSL,No,Yes,Yes,No,No,Yes,Two year,No,Credit card (automatic),112.32,2404.03,Yes,2023-02-13
9883-QCCHT,Male,0,Yes,No,37,Yes,No,No,No internet service,No internet service,No internet service,No internet service,No internet service,No internet service,Two year,Yes,Electronic check,52.06,1963.28,No,2023-02-14
8559-NCPIX,Female,0,No,No,4,Yes,Yes,No,No internet service,No internet service,No internet service,No internet service,No internet service,No internet service,Month-to-month,Yes,Bank transfer (automatic),51.18,210.74,Yes,2023-02-14
2639-EYOXQ,Female,0,No,No,11,Yes,Yes,No,No internet service,No internet service,No internet service,No internet service,No internet service,No internet service,Two year,Yes,Credit card (automatic),64.06,721.89,No,2023-02-14
3378-QVRBP,Female,0,No,Yes,46,Yes,Yes,DSL,No,Yes,Yes,No,Yes,Yes,One year,Yes,Credit card (automatic),139.74,6555.33,No,2023-02-14
8670-KCVUD,Male,0,No,No,42,Yes,No,No,No internet service,No internet service,No internet service,No internet service,No internet service,No internet service,One year,Yes,Electronic check,42.32,1820.62,Yes,2023-02-14
9776-ASJSF,Male,1,Yes,No,37,Yes,No,Fiber optic,No,Yes,No,No,Yes,Yes,Month-to-month,Yes,Credit card (automatic),157.72,5809.58,Yes,2023-02-14
1674-YBWVC,Female,0,No,No,25,Yes,Yes,No,No internet service,No internet service,No internet service,No internet service,No internet service,No internet service,Month-to-month,Yes,Bank transfer (automatic),60.77,1493.66,Yes,2023-02-14
4611-DGHGJ,Male,0,Yes,No,48,Yes,Yes,DSL,No,No,No,No,No,Yes,Two year,Yes,Mailed check,107.38,5272.12,No,2023-02-14
1809-PPSUP,Male,0,Yes,No,46,Yes,Yes,Fiber optic,Yes,Yes,No,Yes,Yes,Yes,Two year,No,Electronic check,163.7,7497.51,No,2023-02-14
6565-RXNKP,Female,0,No,No,38,No,No phone service,DSL,No,No,No,Yes,Yes,Yes,Month-to-month,Yes,Mailed check,93.7,3568.85,No,2023-02-14
5236-ISZHE,Male,0,Yes,No,12,No,No phone service,Fiber optic,Yes,Yes,No,Yes,Yes,Yes,One year,Yes,Credit card (automatic),144.92,1710.28,No,2023-02-14
9659-IJNGR,Female,0,No,No,29,Yes,No,Fiber optic,Yes,No,No,Yes,No,Yes,One year,Yes,Mailed check,151.22,4365.3,No,2023-02-14
4763-YUKZT,Female,0,No,No,27,Yes,Yes,Fiber optic,Yes,No,Yes,No,Yes,No,Month-to-month,Yes,Mailed check,169.39,4595.38,Yes,2023-02-14
4845-QNKIP,Male,0,No,Yes,35,Yes,Yes,Fiber optic,Yes,No,Yes,Yes,Yes,No,One year,No,Mailed check,169.27,6020.73,Yes,2023-02-14
5273-DAUDM,Female,0,Yes,No,38,Yes,Yes,No,No internet service,No internet service,No internet service,No internet service,No internet service,No internet service,Month-to-month,Yes,Mailed check,72.78,2746.97,Yes,2023-02-14
6510-QXVRX,Female,0,No,No,22,Yes,No,No,No internet service,No internet service,No internet service,No internet service,No internet service,No internet service,Month-to-month,No,Bank transfer (automatic),47.15,1009.13,No,2023-02-14
2531-NFXRL,Female,0,No,No,14,Yes,Yes,Fiber optic,No,No,No,No,No,Yes,One year,Yes,Mailed check,142.04,2043.4,Yes,2023-02-14
1117-WNLYE,Female,1,No,No,36,Yes,No,DSL,Yes,No,No,Yes,Yes,Yes,Month-to-month,Yes,Bank transfer (automatic),133.51,4706.25,Yes,2023-02-14
8189-SFDCI,Female,0,Yes,No,3,Yes,Yes,DSL,No,No,No,No,Yes,No,Month-to-month,Yes,Electronic check,124.25,368.35,Yes,2023-02-15
9106-EBPBD,Female,0,Yes,No,20,Yes,Yes,DSL,No,No,No,No,Yes,Yes,Month-to-month,Yes,Bank transfer (automatic),131.96,2575.84,Yes,2023-02-15
8261-QHQAS,Male,0,No,No,31,Yes,Yes,Fiber optic,No,No,No,No,Yes,Yes,Month-to-month,Yes,Electronic check,171.41,5472.99,Yes,2023-02-15
4730-ITEDH,Male,0,Yes,No,51,Yes,Yes,DSL,Yes,No,No,Yes,Yes,Yes,Month-to-month,No,Mailed check,151.11,7544.86,Yes,2023-02-15
9924-CLPAH,Male,0,Yes,No,50,Yes,Yes,Fiber optic,Yes,No,No,No,No,No,One year,Yes,Mailed check,133.62,6679.56,No,2023-02-15
7703-OIJOI,Female,0,No,Yes,53,Yes,Yes,Fiber optic,No,No,No,No,No,Yes,Month-to-month,No,Mailed check,161.84,8814.14,Yes,2023-02-15
3703-NIUHU,Male,0,Yes,No,14,Yes,Yes,Fiber optic,No,No,No,No,Yes,Yes,One year,Yes,Credit card (automatic),163.92,2272.45,Yes,2023-02-15
3301-NFDDY,Male,1,No,No,18,Yes,No,DSL,No,No,No,No,Yes,Yes,Two year,Yes,Mailed check,93.71,1674.08,No,2023-02-15
8620-WUICL,Male,0,No,No,54,Yes,No,DSL,No,No,Yes,Yes,Yes,Yes,Month-to-month,No,Credit card (automatic),133.26,7392.09,Yes,2023-02-15
7000-NYKVR,Male,1,No,Yes,30,Yes,Yes,Fiber optic,Yes,No,Yes,No,Yes,No,One year,No,Credit card (automatic),153.72,4520.07,No,2023-02-15
6225-LNAPD,Male,1,No,No,43,Yes,Yes,Fiber optic,No,No,No,Yes,No,Yes,Two year,Yes,Mailed check,146.81,6307.57,No,2023-02-15
4278-LBMNX,Male,0,No,No,18,Yes,No,Fiber optic,Yes,No,Yes,No,No,Yes,One year,Yes,Electronic check,153.07,2827.01,Yes,2023-02-15
6623-PWFFG,Male,0,Yes,No,34,Yes,No,Fiber optic,Yes,Yes,Yes,Yes,Yes,Yes,One year,Yes,Electronic check,171.22,5735.64,No,2023-02-15
8068-SEQPR,Male,0,Yes,No,14,Yes,Yes,DSL,No,No,Yes,No,Yes,Yes,Month-to-month,Yes,Bank transfer (automatic),142.61,2002.62,Yes,2023-02-15
3187-OKBGT,Female,0,Yes,Yes,27,Yes,No,No,No internet service,No internet service,No internet service,No internet service,No internet service,No internet service,Two year,Yes,Bank transfer (automatic),35.88,976.73,No,2023-02-15
2106-IPDTM,Male,0,No,No,38,No,No phone service,Fiber optic,No,No,Yes,Yes,No,Yes,One year,Yes,Electronic check,119.19,4567.57,No,2023-02-15
7985-MHMEH,Male,0,Yes,No,13,Yes,No,Fiber optic,Yes,Yes,No,No,Yes,Yes,One year,No,Electronic check,161.59,2055.39,Yes,2023-02-15
9046-NUHMS,Male,0,No,Yes,9,Yes,No,No,No internet service,No internet service,No internet service,No internet service,No internet service,No internet service,Month-to-month,No,Mailed check,39.93,356.61,No,2023-02-15
3363-TPJCC,Female,0,Yes,No,54,Yes,No,Fiber optic,Yes,Yes,No,Yes,Yes,No,Month-to-month,No,Electronic check,167.69,9111.09,Yes,2023-02-15
6676-KFCTQ,Female,0,Yes,No,2,Yes,Yes,DSL,Yes,No,Yes,Yes,Yes,Yes,Month-to-month,No,Electronic check,145.22,292.99,Yes,2023-02-15
5024-UIEHV,Female,0,No,No,53,Yes,Yes,Fiber optic,Yes,No,Yes,Yes,No,Yes,Month-to-month,No,Bank transfer (automatic),184.71,9585.64,No,2023-02-15
1253-UXEPY,Male,1,No,No,33,Yes,No,DSL,Yes,Yes,No,Yes,No,Yes,Month-to-month,No,Bank transfer (automatic),125.18,4048.53,Yes,2023-02-15
7343-JKFWS,Female,0,No,No,18,Yes,No,DSL,No,No,Yes,Yes,Yes,Yes,One year,Yes,Credit card (automatic),130.7,2320.97,Yes,2023-02-15
3585-BPOYX,Female,0,Yes,No,23,Yes,Yes,Fiber optic,Yes,Yes,Yes,Yes,No,Yes,One year,Yes,Electronic check,182.93,4148.12,Yes,2023-02-15
7868-PYXGB,Female,0,No,Yes,46,Yes,Yes,DSL,Yes,No,No,No,No,Yes,Month-to-month,No,Bank transfer (automatic),133.45,5996.1,No,2023-02-15
5685-MNGMJ,Male,0,Yes,Yes,64,Yes,Yes,Fiber optic,Yes,No,Yes,No,Yes,Yes,Month-to-month,No,Electronic check,176.62,11540.5,Yes,2023-02-15
3965-ADZTF,Male,0,No,No,6,Yes,No,Fiber optic,No,No,No,No,Yes,Yes,Month-to-month,No,Mailed check,148.61,882.63,Yes,2023-02-15
7938-LNIDV,Female,0,Yes,Yes,23,Yes,No,DSL,No,Yes,Yes,No,Yes,No,Two year,Yes,Mailed check,98.64,2305.49,Yes,2023-02-16
3077-NVSAD,Male,0,No,No,32,Yes,No,No,No internet service,No internet service,No internet service,No internet service,No internet service,No internet service,Month-to-month,Yes,Credit card (automatic),47.0,1483.36,Yes,2023-02-16
2285-BPVIF,Female,0,No,No,18,Yes,Yes,Fiber optic,No,No,Yes,Yes,Yes,Yes,One year,Yes,Bank transfer (automatic),170.82,3057.61,No,2023-02-16
6376-QSSKG,Female,0,No,Yes,38,Yes,Yes,No,No internet service,No internet service,No internet service,No internet service,No internet service,No internet service,One year,Yes,Credit card (automatic),61.16,2303.79,No,2023-02-16
8285-IVMGV,Female,0,No,Yes,33,Yes,No,Fiber optic,No,Yes,Yes,No,Yes,No,One year,No,Bank transfer (automatic),150.51,4998.71,Yes,2023-02-16
7175-HTKYC,Female,0,Yes,No,3,Yes,No,Fiber optic,Yes,No,Yes,No,Yes,No,Month-to-month,Yes,Bank transfer (automatic),157.17,459.21,Yes,2023-02-16
1643-EMWGC,Male,0,Yes,No,42,Yes,No,DSL,No,Yes,No,No,Yes,No,Two year,Yes,Credit card (automatic),92.44,3965.82,Yes,2023-02-16
5584-VKUBB,Male,0,No,Yes,20,Yes,No,Fiber optic,No,No,Yes,No,No,Yes,Month-to-month,Yes,Credit card (automatic),146.32,2968.04,Yes,2023-02-16
7438-BVELV,Male,0,Yes,No,56,Yes,Yes,DSL,No,Yes,No,Yes,Yes,No,Month-to-month,Yes,Bank transfer (automatic),141.06,8010.01,Yes,2023-02-16
7606-ZNINP,Female,0,Yes,No,13,Yes,Yes,Fiber optic,Yes,No,No,No,Yes,Yes,One year,Yes,Credit card (automatic),165.91,2173.72,No,2023-02-16
8851-BLBCJ,Male,0,No,No,28,Yes,Yes,DSL,Yes,No,No,No,Yes,Yes,Month-to-month,Yes,Bank transfer (automatic),131.22,3614.95,Yes,2023-02-16
4701-XGZVB,Male,0,Yes,No,36,Yes,No,DSL,No,No,Yes,Yes,Yes,Yes,Month-to-month,Yes,Mailed check,130.89,4716.45,No,2023-02-16
6952-NTEAW,Female,0,Yes,No,18,Yes,No,Fiber optic,No,No,Yes,Yes,No,Yes,Month-to-month,No,Credit card (automatic),157.7,2766.22,Yes,2023-02-16
6772-DFFCF,Female,0,No,Yes,43,Yes,No,DSL,No,Yes,Yes,No,Yes,Yes,One year,Yes,Electronic check,114.88,4933.12,Yes,2023-02-16
3508-UCYJB,Male,0,Yes,No,23,Yes,No,Fiber optic,Yes,No,No,Yes,Yes,Yes,Month-to-month,Yes,Bank transfer (automatic),168.89,3833.4,Yes,2023-02-16
9320-JCJPT,Female,0,Yes,No,33,Yes,No,No,No internet service,No internet service,No internet service,No internet service,No internet service,No internet service,Month-to-month,No,Bank transfer (automatic),46.96,1510.94,No,2023-02-16
6615-VWVEH,Female,0,No,No,66,Yes,No,Fiber optic,No,Yes,No,No,Yes,No,One year,No,Credit card (automatic),142.37,9159.17,Yes,2023-02-16
2195-ARGWY,Female,0,Yes,No,36,Yes,Yes,DSL,No,Yes,Yes,Yes,Yes,No,One year,Yes,Bank transfer (automatic),133.54,4739.74,Yes,2023-02-16
1481-MEYRE,Female,0,No,No,11,Yes,Yes,Fiber optic,Yes,No,No,Yes,Yes,Yes,Month-to-month,No,Electronic check,185.0,2054.0,Yes,2023-02-16
2759-JREHJ,Male,0,Yes,No,47,Yes,No,No,No internet service,No internet service,No internet service,No internet service,No internet service,No internet service,Month-to-month,No,Bank transfer (automatic),32.89,1508.87,Yes,2023-02-16
6341-KEFBA,Male,0,No,Yes,7,Yes,No,DSL,No,Yes,No,No,No,Yes,Two year,Yes,Credit card (automatic),96.81,660.45,Yes,2023-02-16
8136-WSHYV,Male,0,Yes,Yes,43,Yes,Yes,DSL,Yes,No,Yes,Yes,Yes,Yes,One year,No,Credit card (automatic),151.53,6321.97,Yes,2023-02-16
6042-HOTCI,Male,0,No,Yes,12,Yes,No,Fiber optic,Yes,No,No,No,Yes,Yes,One year,Yes,Electronic check,157.19,1861.57,No,2023-02-16
2175-OIMHG,Female,0,Yes,No,24,Yes,No,Fiber optic,No,Yes,Yes,No,No,No,Month-to-month,No,Mailed check,146.38,3432.38,Yes,2023-02-17
7545-FJJKY,Male,0,Yes,No,40,Yes,No,DSL,Yes,No,No,No,Yes,Yes,One year,No,Mailed check,126.42,4990.82,No,2023-02-17
1316-XUCYL,Male,0,No,No,10,No,No phone service,Fiber optic,Yes,No,No,Yes,Yes,Yes,Month-to-month,Yes,Electronic check,131.27,1278.95,Yes,2023-02-17
3323-HXCMJ,Male,0,Yes,Yes,34,Yes,Yes,Fiber optic,No,Yes,Yes,Yes,Yes,Yes,Two year,No,Electronic check,162.58,5669.41,Yes,2023-02-17
7310-ZUGAM,Male,0,Yes,No,16,Yes,No,No,No internet service,No internet service,No internet service,No internet service,No internet service,No internet service,One year,Yes,Electronic check,40.57,647.06,Yes,2023-02-17
8945-NOYIC,Female,0,Yes,No,14,Yes,Yes,Fiber optic,No,No,Yes,Yes,Yes,Yes,One year,Yes,Mailed check,170.8,2353.57,Yes,2023-02-17
6039-OMJQI,Female,0,No,No,47,Yes,No,Fiber optic,Yes,No,No,Yes,No,No,One year,Yes,Mailed check,147.75,7043.16,No,2023-02-17
7893-USFCB,Male,0,Yes,No,4,Yes,No,DSL,No,No,No,Yes,Yes,No,Month-to-month,Yes,Bank transfer (automatic),109.4,429.06,Yes,2023-02-17
7802-UVFRD,Female,0,No,No,20,Yes,Yes,No,No internet service,No internet service,No internet service,No internet service,No internet service,No internet service,One year,Yes,Electronic check,61.98,1264.86,Yes,2023-02-17
3056-GXHJR,Male,0,No,No,18,Yes,No,Fiber optic,No,No,No,Yes,Yes,Yes,Month-to-month,No,Mailed check,153.67,2757.14,Yes,2023-02-17
4697-LBTJG,Male,0,No,No,59,Yes,No,Fiber optic,No,Yes,No,No,Yes,Yes,Month-to-month,Yes,Electronic check,150.35,9084.05,Yes,2023-02-17
6633-TTRTI,Male,0,Yes,No,40,Yes,Yes,DSL,Yes,Yes,Yes,No,No,No,Month-to-month,Yes,Electronic check,142.01,5599.66,No,2023-02-17
2621-KYSAR,Male,0,Yes,No,37,Yes,No,No,No internet service,No internet service,No internet service,No internet service,No internet service,No internet service,One year,No,Electronic check,39.29,1430.04,No,2023-02-17
5205-LLZHW,Female,0,No,No,10,Yes,No,Fiber optic,Yes,No,No,Yes,No,Yes,One year,Yes,Mailed check,131.07,1285.99,Yes,2023-02-17
4227-NDQGX,Male,0,Yes,Yes,14,Yes,No,DSL,No,Yes,No,Yes,No,Yes,One year,Yes,Mailed check,106.67,1448.69,No,2023-02-17
7994-VSZML,Female,0,No,Yes,21,Yes,Yes,No,No internet service,No internet service,No internet service,No internet service,No internet service,No internet service,Month-to-month,No,Electronic check,59.7,1291.1,Yes,2023-02-17
2899-EKUJW,Female,0,No,Yes,45,Yes,No,No,No internet service,No internet service,No internet service,No internet service,No internet service,No internet service,Month-to-month,No,Credit card (automatic),43.25,1957.66,Yes,2023-02-17
9011-ZXDOD,Male,0,No,No,33,Yes,No,Fiber optic,No,No,Yes,Yes,Yes,Yes,Month-to-month,No,Credit card (automatic),160.58,5223.92,Yes,2023-02-17
4800-ZCONJ,Male,0,Yes,No,61,Yes,No,DSL,Yes,Yes,No,No,No,No,Month-to-month,No,Credit card (automatic),102.28,6113.76,Yes,2023-02-17
6255-LNXHD,Male,0,Yes,No,27,Yes,Yes,DSL,No,No,Yes,No,Yes,Yes,Month-to-month,Yes,Mailed check,153.9,4277.6,Yes,2023-02-17
3831-BXLVU,Female,0,Yes,Yes,20,Yes,Yes,No,No internet service,No internet service,No internet service,No internet service,No internet service,No internet service,Month-to-month,No,Electronic check,64.56,1302.75,Yes,2023-02-17
8401-FEASK,Female,0,No,No,21,Yes,No,DSL,No,Yes,No,Yes,Yes,Yes,Two year,No,Credit card (automatic),123.44,2541.81,Yes,2023-02-17
8720-ULJJG,Female,0,No,No,60,Yes,No,Fiber optic,No,No,No,No,Yes,Yes,Month-to-month,Yes,Mailed check,153.31,9176.62,Yes,2023-02-17
1847-EIWXF,Female,0,Yes,Yes,42,Yes,Yes,No,No internet service,No internet service,No internet service,No internet service,No internet service,No internet service,Month-to-month,Yes,Bank transfer (automatic),56.32,2322.02,Yes,2023-02-17
8208-NLNTR,Male,0,No,No,19,Yes,Yes,Fiber optic,No,No,Yes,No,Yes,No,Month-to-month,No,Electronic check,182.79,3545.13,Yes,2023-02-17
1201-YUMWF,Female,0,Yes,No,28,Yes,No,No,No internet service,No internet service,No internet service,No internet service,No internet service,No internet service,One year,Yes,Electronic check,38.75,1056.6,Yes,2023-02-18
7832-GBAYD,Male,0,No,Yes,21,Yes,No,DSL,No,No,Yes,No,Yes,No,Two year,Yes,Electronic check,94.83,1950.9,No,2023-02-18
7977-NTCEL,Male,0,Yes,No,23,Yes,Yes,No,No internet service,No internet service,No internet service,No internet service,No internet service,No internet service,One year,No,Mailed check,68.89,1570.37,No,2023-02-18
3419-XHMJI,Male,0,Yes,Yes,28,Yes,Yes,Fiber optic,No,No,Yes,No,Yes,Yes,One year,No,Credit card (automatic),163.28,4633.51,Yes,2023-02-18
7190-IKRTF,Female,0,Yes,No,26,Yes,Yes,Fiber optic,No,No,Yes,No,Yes,Yes,Month-to-month,Yes,Electronic check,169.09,4373.6,Yes,2023-02-18
9377-WWEJW,Male,0,Yes,No,43,No,No phone service,Fiber optic,No,No,Yes,Yes,Yes,Yes,Month-to-month,Yes,Bank transfer (automatic),140.77,6192.4,Yes,2023-02-18
3903-REVCR,Female,1,Yes,No,12,Yes,No,Fiber optic,No,Yes,No,No,Yes,Yes,Month-to-month,No,Credit card (automatic),158.02,1894.3,Yes,2023-02-18
7082-SOIQK,Male,0,No,No,54,Yes,Yes,Fiber optic,No,No,No,No,No,No,Month-to-month,Yes,Credit card (automatic),151.58,8207.22,Yes,2023-02-18
7707-SHWYJ,Male,0,No,Yes,32,Yes,No,Fiber optic,No,Yes,No,Yes,Yes,Yes,Two year,Yes,Bank transfer (automatic),145.21,4586.83,No,2023-02-18
8217-WSKBN,Female,0,Yes,No,46,Yes,Yes,DSL,Yes,Yes,No,No,Yes,Yes,Two year,No,Electronic check,124.95,5817.98,No,2023-02-18
3487-PRVXE,Male,0,Yes,No,35,Yes,No,DSL,Yes,No,No,No,No,Yes,Month-to-month,No,Bank transfer (automatic),113.65,3906.84,Yes,2023-02-18
1901-FQYWW,Male,0,Yes,No,10,Yes,No,Fiber optic,No,No,No,No,No,Yes,One year,No,Bank transfer (automatic),131.82,1338.34,No,2023-02-18
5325-OZWNP,Male,0,No,No,21,Yes,No,Fiber optic,No,No,No,Yes,Yes,Yes,Month-to-month,No,Mailed check,161.71,3460.69,Yes,2023-02-18
7759-LVRZY,Female,0,No,Yes,57,Yes,Yes,No,No internet service,No internet service,No internet service,No internet service,No internet service,No internet service,Month-to-month,Yes,Mailed check,71.69,4007.81,Yes,2023-02-18
2877-KEGDE,Female,0,Yes,Yes,60,Yes,Yes,DSL,No,Yes,Yes,No,No,Yes,Two year,Yes,Mailed check,125.52,7598.23,No,2023-02-18
6968-BAQLV,Female,0,No,Yes,29,Yes,Yes,DSL,Yes,No,Yes,No,Yes,Yes,One year,Yes,Bank transfer (automatic),141.04,4135.42,Yes,2023-02-18
2772-ISJZJ,Male,0,No,No,44,Yes,Yes,No,No internet service,No internet service,No internet service,No internet service,No internet service,No internet service,Two year,Yes,Bank transfer (automatic),56.21,2508.48,Yes,2023-02-18
5503-BCZXI,Female,0,No,No,30,Yes,No,No,No internet service,No internet service,No internet service,No internet service,No internet service,No internet service,Month-to-month,Yes,Credit card (automatic),46.79,1442.16,Yes,2023-02-18
7688-YPAXK,Female,0,Yes,No,15,Yes,Yes,No,No internet service,No internet service,No internet service,No internet service,No internet service,No internet service,Two year,No,Credit card (automatic),55.41,812.92,No,2023-02-18
1290-TOONF,Female,0,Yes,No,42,Yes,No,DSL,No,No,Yes,Yes,Yes,No,Two year,No,Credit card (automatic),108.62,4543.61,No,2023-02-18
2645-THFDN,Male,0,No,No,19,Yes,No,Fiber optic,Yes,No,Yes,No,Yes,Yes,Month-to-month,Yes,Credit card (automatic),167.49,3264.57,No,2023-02-18
3235-EDTDX,Male,0,Yes,No,46,Yes,No,DSL,No,Yes,Yes,No,No,No,Month-to-month,No,Electronic check,110.44,5098.44,Yes,2023-02-18
6132-YFMNY,Female,0,Yes,No,36,Yes,No,DSL,No,No,Yes,No,No,Yes,One year,Yes,Credit card (automatic),115.18,4257.74,Yes,2023-02-18
1686-RZMJG,Male,1,Yes,Yes,30,Yes,No,Fiber optic,Yes,Yes,Yes,No,Yes,Yes,Month-to-month,Yes,Mailed check,174.85,5283.03,No,2023-02-18
8249-HUZLX,Female,0,No,No,40,Yes,No,Fiber optic,Yes,No,Yes,No,Yes,Yes,Two year,Yes,Bank transfer (automatic),146.2,5828.43,No,2023-02-19
6972-XYIJY,Female,0,Yes,No,30,Yes,Yes,No,No internet service,No internet service,No internet service,No internet service,No internet service,No internet service,Month-to-month,No,Mailed check,58.67,1791.96,Yes,2023-02-19
8343-YILCQ,Male,0,Yes,Yes,42,Yes,Yes,Fiber optic,Yes,No,No,No,Yes,Yes,One year,No,Electronic check,166.32,6881.05,Yes,2023-02-19
3687-EJGRC,Male,1,No,No,23,Yes,No,DSL,No,Yes,Yes,No,No,Yes,Month-to-month,Yes,Credit card (automatic),111.44,2513.95,Yes,2023-02-19
2123-AILLH,Female,0,Yes,Yes,49,Yes,No,DSL,No,Yes,No,No,Yes,Yes,One year,No,Mailed check,104.63,5044.58,No,2023-02-19
9994-VXHNO,Male,0,No,No,42,Yes,Yes,No,No internet service,No internet service,No internet service,No internet service,No internet service,No internet service,Month-to-month,Yes,Credit card (automatic),65.09,2667.65,Yes,2023-02-19
7634-LCLYL,Female,0,Yes,Yes,47,Yes,Yes,Fiber optic,No,No,No,No,Yes,Yes,Month-to-month,Yes,Mailed check,161.25,7392.34,Yes,2023-02-19
5162-LSYUW,Male,1,No,No,32,Yes,No,DSL,No,Yes,No,No,No,Yes,One year,Yes,Mailed check,106.28,3308.89,No,2023-02-19
1823-UFNOY,Female,0,No,No,57,Yes,No,DSL,No,Yes,Yes,No,No,No,Month-to-month,Yes,Bank transfer (automatic),121.6,6839.94,Yes,2023-02-19
3779-JRIQV,Female,0,Yes,Yes,38,Yes,No,Fiber optic,No,No,Yes,No,Yes,Yes,Month-to-month,No,Credit card (automatic),155.3,5978.41,Yes,2023-02-19
2350-HYXPC,Female,0,Yes,No,27,No,No phone service,DSL,Yes,Yes,No,No,No,No,Month-to-month,No,Bank transfer (automatic),98.39,2622.5,No,2023-02-19
2971-DTKQW,Male,0,No,Yes,35,Yes,No,No,No internet service,No internet service,No internet service,No internet service,No internet service,No internet service,One year,No,Bank transfer (automatic),41.19,1480.69,Yes,2023-02-19
4969-JSCBD,Male,0,Yes,No,40,No,No phone service,No,No internet service,No internet service,No internet service,No internet service,No internet service,No internet service,Month-to-month,Yes,Credit card (automatic),22.73,882.02,Yes,2023-02-19
6541-YLVWU,Male,0,No,No,21,Yes,Yes,Fiber optic,Yes,No,No,No,Yes,Yes,One year,Yes,Mailed check,158.47,3232.53,Yes,2023-02-19
5285-QSBDH,Male,0,No,No,41,Yes,Yes,DSL,Yes,Yes,No,No,No,Yes,Month-to-month,Yes,Mailed check,134.81,5554.56,Yes,2023-02-19
2817-CTIDZ,Male,0,Yes,No,66,Yes,Yes,No,No internet service,No internet service,No internet service,No internet service,No internet service,No internet service,Month-to-month,No,Electronic check,61.92,4077.3,Yes,2023-02-19
3344-MJQRR,Female,0,Yes,No,65,Yes,Yes,Fiber optic,Yes,Yes,No,No,Yes,Yes,One year,Yes,Electronic check,172.9,10918.37,Yes,2023-02-19
2593-ZXRRA,Male,0,Yes,Yes,49,Yes,Yes,Fiber optic,No,No,No,Yes,Yes,No,Two year,Yes,Electronic check,143.93,7130.31,Yes,2023-02-19
6574-ZUZLT,Male,0,Yes,Yes,20,Yes,No,No,No internet service,No internet service,No internet service,No internet service,No internet service,No internet service,One year,No,Mailed check,44.83,907.09,No,2023-02-19
6183-WECIZ,Male,0,Yes,No,12,Yes,Yes,No,No internet service,No internet service,No internet service,No internet service,No internet service,No internet service,Month-to-month,Yes,Bank transfer (automatic),55.09,677.21,Yes,2023-02-19
7223-ZOCDU,Female,0,Yes,No,48,Yes,Yes,Fiber optic,No,No,Yes,No,Yes,Yes,Month-to-month,No,Bank transfer (automatic),169.89,8143.68,Yes,2023-02-19
9881-LBVPR,Female,0,Yes,No,24,Yes,Yes,Fiber optic,Yes,Yes,Yes,No,Yes,No,Month-to-month,Yes,Electronic check,189.89,4683.4,Yes,2023-02-19
7856-ILKXE,Female,0,Yes,No,12,Yes,No,DSL,No,Yes,No,Yes,Yes,No,Two year,Yes,Bank transfer (automatic),99.38,1210.87,Yes,2023-02-19
7768-UCNZW,Male,0,No,No,27,Yes,No,Fiber optic,No,Yes,No,Yes,Yes,Yes,Month-to-month,Yes,Credit card (automatic),159.77,4345.31,No,2023-02-19
8951-UBAUL,Female,0,Yes,No,48,Yes,Yes,Fiber optic,No,Yes,Yes,No,Yes,Yes,One year,No,Bank transfer (automatic),170.23,8157.55,No,2023-02-19
9521-HYGYU,Male,0,No,No,39,Yes,No,DSL,No,Yes,Yes,Yes,No,Yes,One year,Yes,Credit card (automatic),123.79,4962.43,Yes,2023-02-19
4547-UUNHI,Female,0,Yes,No,27,No,No phone service,No,No internet service,No internet service,No internet service,No internet service,No internet service,No internet service,Month-to-month,No,Electronic check,25.51,680.44,No,2023-02-19
4202-EWMDR,Female,0,Yes,No,30,Yes,Yes,Fiber optic,Yes,No,No,No,No,Yes,One year,No,Mailed check,157.36,4838.35,Yes,2023-02-19
2389-KCRCV,Male,0,No,Yes,27,Yes,No,Fiber optic,Yes,No,Yes,No,Yes,Yes,One year,Yes,Electronic check,163.43,4306.67,Yes,2023-02-19
4296-UKINF,Male,0,No,No,28,Yes,Yes,Fiber optic,Yes,No,No,No,Yes,Yes,Two year,Yes,Mailed check,148.74,4200.28,No,2023-02-19
3631-YWFSC,Female,0,Yes,No,13,Yes,Yes,Fiber optic,No,Yes,No,No,No,No,One year,Yes,Mailed check,142.64,1864.78,Yes,2023-02-20
9413-RCBJV,Female,1,Yes,No,33,Yes,Yes,DSL,Yes,No,Yes,No,No,Yes,Month-to-month,Yes,Bank transfer (automatic),129.99,4317.61,Yes,2023-02-20
2916-BJMRJ,Female,0,Yes,No,62,Yes,Yes,DSL,No,No,No,Yes,No,Yes,One year,Yes,Electronic check,121.32,7395.87,Yes,2023-02-20
1553-VAEHR,Male,0,Yes,Yes,45,Yes,Yes,DSL,No,No,No,Yes,Yes,No,Month-to-month,No,Credit card (automatic),130.1,5765.68,No,2023-02-20
6311-FWGZN,Female,0,Yes,No,43,Yes,No,No,No internet service,No internet service,No internet service,No internet service,No internet service,No internet service,Two year,No,Electronic check,46.92,2070.59,Yes,2023-02-20
5258-KVWJK,Male,0,No,No,28,Yes,No,No,No internet service,No internet service,No internet service,No internet service,No internet service,No internet service,Month-to-month,Yes,Mailed check,42.93,1215.88,Yes,2023-02-20
3800-ROPBK,Male,0,Yes,No,40,Yes,No,DSL,No,Yes,Yes,Yes,Yes,Yes,Two year,Yes,Electronic check,123.85,4929.61,No,2023-02-20
7657-JLIGQ,Female,1,No,No,21,Yes,No,Fiber optic,Yes,Yes,Yes,Yes,Yes,Yes,Two year,Yes,Credit card (automatic),156.42,3298.25,No,2023-02-20
6810-IUYDM,Male,0,Yes,Yes,24,Yes,No,DSL,Yes,No,Yes,No,Yes,No,Two year,Yes,Credit card (automatic),102.76,2492.76,No,2023-02-20
7792-CBMCW,Male,0,Yes,No,27,Yes,Yes,Fiber optic,Yes,No,Yes,No,Yes,Yes,Month-to-month,Yes,Mailed check,183.15,4805.35,Yes,2023-02-20
6180-NLKGU,Male,0,Yes,Yes,22,No,No phone service,DSL,No,Yes,No,Yes,Yes,Yes,Two year,No,Mailed check,87.75,1912.69,Yes,2023-02-20
8184-TQPCB,Male,0,Yes,No,43,Yes,No,Fiber optic,Yes,No,No,No,Yes,Yes,Two year,No,Bank transfer (automatic),143.65,6079.38,Yes,2023-02-20
5911-MAICK,Female,0,Yes,Yes,25,Yes,No,Fiber optic,No,No,No,Yes,Yes,Yes,One year,Yes,Mailed check,144.3,3678.56,No,2023-02-20
4390-GNHPJ,Female,0,No,Yes,38,Yes,No,Fiber optic,No,Yes,Yes,No,Yes,No,Month-to-month,Yes,Bank transfer (automatic),164.33,6366.21,Yes,2023-02-20
1343-SMIMS,Male,0,No,No,29,Yes,Yes,Fiber optic,Yes,Yes,No,No,Yes,Yes,One year,Yes,Credit card (automatic),166.14,4917.99,Yes,2023-02-20
1142-SXWVH,Male,0,No,Yes,13,No,No phone service,Fiber optic,Yes,No,Yes,Yes,No,No,One year,No,Credit card (automatic),124.19,1582.85,Yes,2023-02-20
7431-PJVQV,Female,0,Yes,No,20,Yes,Yes,Fiber optic,No,Yes,Yes,No,Yes,Yes,Month-to-month,No,Bank transfer (automatic),182.44,3679.25,Yes,2023-02-20
2281-ZYHFD,Female,0,Yes,No,22,Yes,Yes,No,No internet service,No internet service,No internet service,No internet service,No internet service,No internet service,Month-to-month,No,Bank transfer (automatic),65.16,1447.61,Yes,2023-02-20
9742-GZIWJ,Female,1,Yes,Yes,49,No,No phone service,DSL,No,Yes,Yes,Yes,Yes,Yes,Month-to-month,No,Bank transfer (automatic),112.29,5354.14,Yes,2023-02-20
5534-BAGMT,Female,0,No,No,40,Yes,No,DSL,Yes,Yes,No,Yes,No,Yes,One year,No,Electronic check,120.62,4764.91,Yes,2023-02-20
4281-JTIZE,Female,0,Yes,No,33,Yes,Yes,DSL,Yes,Yes,Yes,Yes,No,Yes,One year,Yes,Bank transfer (automatic),155.63,5025.7,Yes,2023-02-20
7344-OHNQH,Male,1,No,No,14,Yes,No,Fiber optic,No,No,No,No,Yes,Yes,Month-to-month,Yes,Bank transfer (automatic),149.56,2081.52,Yes,2023-02-20
9921-HNZKF,Female,0,No,No,19,Yes,Yes,No,No internet service,No internet service,No internet service,No internet service,No internet service,No internet service,Month-to-month,No,Electronic check,63.94,1186.4,Yes,2023-02-20
8260-EVTYU,Female,1,No,No,28,Yes,No,Fiber optic,No,Yes,Yes,No,No,Yes,Month-to-month,No,Bank transfer (automatic),139.02,3895.22,Yes,2023-02-20
5354-ROIRO,Male,0,No,No,68,Yes,No,Fiber optic,No,No,Yes,No,No,Yes,One year,Yes,Electronic check,126.15,8613.34,No,2023-02-20
7543-CPNRF,Male,0,Yes,No,44,Yes,Yes,No,No internet service,No internet service,No internet service,No internet service,No internet service,No internet service,Two year,Yes,Electronic check,58.89,2546.0,Yes,2023-02-20
2571-MSQJH,Female,0,No,No,29,No,No phone service,Fiber optic,Yes,No,Yes,No,Yes,Yes,Month-to-month,Yes,Bank transfer (automatic),145.56,4181.32,Yes,2023-02-20
2014-NFJRA,Male,1,Yes,No,49,Yes,No,No,No internet service,No internet service,No internet service,No internet service,No internet service,No internet service,Month-to-month,No,Credit card (automatic),41.53,2050.75,Yes,2023-02-20
9550-MPOWK,Male,1,Yes,No,52,Yes,No,DSL,No,Yes,No,No,Yes,Yes,One year,Yes,Mailed check,121.64,6443.21,Yes,2023-02-21
4094-GAPRD,Male,0,Yes,No,43,Yes,Yes,DSL,Yes,No,No,No,Yes,Yes,One year,Yes,Bank transfer (automatic),126.59,5589.48,Yes,2023-02-21
5107-ARGVI,Female,0,Yes,No,59,Yes,Yes,No,No internet service,No internet service,No internet service,No internet service,No internet service,No internet service,Month-to-month,No,Mailed check,58.71,3369.38,No,2023-02-21
9875-KLGCI,Male,1,Yes,Yes,5,Yes,Yes,Fiber optic,Yes,No,Yes,No,Yes,No,One year,No,Mailed check,162.75,819.94,No,2023-02-21
6427-WKQNY,Female,0,No,No,25,Yes,No,DSL,No,No,No,Yes,Yes,Yes,Month-to-month,No,Mailed check,111.46,2720.48,Yes,2023-02-21
5912-LZAOV,Male,0,Yes,Yes,15,Yes,No,Fiber optic,No,Yes,No,No,Yes,Yes,Two year,No,Electronic check,135.73,1990.24,Yes,2023-02-21
7251-NJKQR,Male,0,No,No,36,No,No phone service,Fiber optic,Yes,No,Yes,Yes,No,Yes,Two year,No,Bank transfer (automatic),118.17,4206.64,No,2023-02-21
5034-EYINI,Male,0,Yes,No,18,Yes,Yes,DSL,No,No,No,Yes,Yes,Yes,One year,No,Mailed check,128.2,2262.63,Yes,2023-02-21
2129-HRJGR,Male,0,Yes,No,30,Yes,Yes,DSL,No,No,No,Yes,Yes,No,Two year,Yes,Mailed check,113.25,3404.19,Yes,2023-02-21
4955-ZWWLF,Female,0,Yes,No,11,Yes,No,Fiber optic,No,No,Yes,Yes,Yes,Yes,One year,Yes,Credit card (automatic),152.91,1651.01,No,2023-02-21
9399-QBBST,Male,0,No,No,24,Yes,Yes,Fiber optic,No,No,No,No,Yes,No,Month-to-month,Yes,Credit card (automatic),144.89,3428.91,No,2023-02-21
2616-DNRYX,Male,0,No,No,49,Yes,No,DSL,No,Yes,Yes,Yes,Yes,Yes,Month-to-month,No,Electronic check,148.94,7426.93,Yes,2023-02-21
4222-LYULS,Male,0,No,No,44,Yes,Yes,Fiber optic,Yes,Yes,No,No,Yes,Yes,One year,No,Bank transfer (automatic),178.55,7870.75,No,2023-02-21
6264-VVGAQ,Female,0,No,Yes,37,Yes,No,Fiber optic,No,No,No,No,Yes,Yes,One year,Yes,Credit card (automatic),135.52,5044.82,Yes,2023-02-21
2100-ZGTSK,Male,0,Yes,Yes,8,Yes,Yes,Fiber optic,No,Yes,No,No,Yes,No,One year,No,Electronic check,144.34,1176.41,Yes,2023-02-21
3996-ZXHFO,Male,0,Yes,No,8,Yes,Yes,DSL,No,No,Yes,No,No,No,Month-to-month,No,Credit card (automatic),119.67,961.64,Yes,2023-02-21
6235-FZQPK,Female,0,Yes,Yes,45,Yes,No,Fiber optic,Yes,No,No,No,No,Yes,Month-to-month,No,Electronic check,152.28,6898.54,Yes,2023-02-21
8096-PSNMZ,Female,0,No,No,21,Yes,Yes,Fiber optic,Yes,No,Yes,No,No,Yes,Month-to-month,Yes,Electronic check,175.95,3588.19,Yes,2023-02-21
3683-ZCAIR,Male,0,Yes,No,33,Yes,Yes,No,No internet service,No internet service,No internet service,No internet service,No internet service,No internet service,Month-to-month,Yes,Bank transfer (automatic),52.96,1796.31,Yes,2023-02-21
8439-QMZFU,Female,0,No,No,33,No,No phone service,Fiber optic,Yes,No,No,No,Yes,Yes,One year,No,Credit card (automatic),129.41,4229.53,No,2023-02-21
1488-VZFJH,Male,0,No,Yes,41,Yes,Yes,No,No internet service,No internet service,No internet service,No internet service,No internet service,No internet service,One year,Yes,Electronic check,53.4,2188.09,Yes,2023-02-21
4711-CQAWM,Female,0,No,Yes,25,Yes,No,DSL,No,No,No,Yes,No,No,One year,Yes,Credit card (automatic),80.77,1971.61,Yes,2023-02-21
3703-LYBCW,Female,0,No,No,38,Yes,Yes,DSL,No,No,Yes,No,Yes,Yes,Month-to-month,Yes,Credit card (automatic),152.08,5663.94,Yes,2023-02-21
7105-SYSZF,Female,1,No,No,50,Yes,No,No,No internet service,No internet service,No internet service,No internet service,No internet service,No internet service,Two year,Yes,Bank transfer (automatic),37.93,1850.25,Yes,2023-02-21
9863-AZTBV,Female,0,Yes,Yes,54,Yes,No,Fiber optic,No,No,Yes,No,No,No,Two year,No,Credit card (automatic),117.77,6432.18,No,2023-02-21
3784-POFKN,Female,1,No,Yes,56,Yes,Yes,No,No internet service,No internet service,No internet service,No internet service,No internet service,No internet service,Month-to-month,Yes,Credit card (automatic),72.79,4101.59,No,2023-02-21
3909-PFTRE,Male,0,Yes,No,34,Yes,No,Fiber optic,No,No,No,No,Yes,Yes,One year,Yes,Credit card (automatic),134.81,4638.94,No,2023-02-22
3099-VCFSJ,Female,0,No,No,37,Yes,No,DSL,No,Yes,Yes,No,No,No,Month-to-month,Yes,Bank transfer (automatic),105.04,3858.77,Yes,2023-02-22
2048-VPGIO,Female,0,No,No,19,Yes,No,No,No internet service,No internet service,No internet service,No internet service,No internet service,No internet service,One year,No,Electronic check,38.0,700.66,Yes,2023-02-22
1676-GRCCU,Male,1,No,Yes,38,No,No phone service,Fiber optic,No,No,Yes,Yes,Yes,Yes,Month-to-month,Yes,Bank transfer (automatic),144.11,5386.38,Yes,2023-02-22
4845-PYOQX,Male,0,Yes,No,7,Yes,Yes,DSL,No,Yes,Yes,No,No,Yes,Two year,Yes,Bank transfer (automatic),127.09,908.63,Yes,2023-02-22
3384-SPDRB,Male,0,Yes,No,50,Yes,No,Fiber optic,Yes,No,No,No,Yes,Yes,Month-to-month,No,Credit card (automatic),152.75,7865.05,Yes,2023-02-22
3187-KIHRW,Female,1,Yes,No,44,Yes,No,Fiber optic,No,Yes,No,No,No,No,Two year,No,Credit card (automatic),119.97,5150.67,Yes,2023-02-22
6360-JYAAJ,Male,1,Yes,No,12,Yes,Yes,Fiber optic,No,No,No,No,No,Yes,One year,No,Credit card (automatic),139.93,1648.49,No,2023-02-22
5564-MFBPH,Male,1,Yes,Yes,4,Yes,No,DSL,No,No,No,No,Yes,Yes,One year,Yes,Credit card (automatic),105.22,428.49,Yes,2023-02-22
3818-BQPWA,Male,0,Yes,No,44,Yes,No,DSL,No,No,No,No,Yes,Yes,Two year,Yes,Credit card (automatic),94.3,4260.72,No,2023-02-22
5382-LDBYW,Female,0,Yes,No,54,Yes,No,No,No internet service,No internet service,No internet service,No internet service,No internet service,No internet service,Month-to-month,Yes,Bank transfer (automatic),37.71,2014.24,Yes,2023-02-22
2334-GOQHY,Female,0,No,No,24,Yes,No,Fiber optic,Yes,Yes,Yes,Yes,Yes,Yes,Month-to-month,Yes,Electronic check,178.85,4298.85,Yes,2023-02-22
3927-BXBJH,Female,0,Yes,No,37,Yes,No,Fiber optic,No,Yes,Yes,Yes,Yes,Yes,One year,Yes,Mailed check,153.44,5556.58,No,2023-02-22
4810-NWJTY,Female,0,No,No,11,Yes,No,Fiber optic,No,Yes,No,Yes,Yes,No,Month-to-month,Yes,Bank transfer (automatic),151.22,1644.43,Yes,2023-02-22
4796-DGSVQ,Male,0,No,Yes,31,Yes,No,Fiber optic,No,Yes,Yes,No,No,Yes,Month-to-month,No,Bank transfer (automatic),158.98,4858.61,No,2023-02-22
4380-MSSLK,Male,0,No,No,50,Yes,No,DSL,No,Yes,No,No,Yes,No,Month-to-month,Yes,Electronic check,107.93,5503.22,Yes,2023-02-22
4063-OKSAE,Male,1,Yes,Yes,13,Yes,No,DSL,No,No,No,No,No,No,One year,Yes,Mailed check,83.93,1086.35,No,2023-02-22
7413-ACDPH,Female,0,Yes,No,43,Yes,Yes,Fiber optic,No,Yes,No,No,Yes,No,One year,Yes,Electronic check,150.98,6678.99,Yes,2023-02-22
5380-NKBJL,Male,0,Yes,Yes,27,Yes,No,No,No internet service,No internet service,No internet service,No internet service,No internet service,No internet service,Two year,Yes,Credit card (automatic),37.64,999.54,Yes,2023-02-22
3479-BEIGO,Female,0,No,No,21,Yes,No,DSL,No,Yes,Yes,No,Yes,No,One year,Yes,Electronic check,111.8,2364.86,No,2023-02-22
3919-HLPVW,Female,1,Yes,No,51,Yes,No,No,No internet service,No internet service,No internet service,No internet service,No internet service,No internet service,One year,No,Credit card (automatic),35.58,1770.09,Yes,2023-02-22
1374-DGLUK,Female,0,Yes,Yes,36,Yes,No,Fiber optic,Yes,Yes,No,No,Yes,Yes,Month-to-month,No,Mailed check,160.4,5859.88,Yes,2023-02-22
5904-PYHCR,Female,1,No,No,56,Yes,Yes,Fiber optic,Yes,Yes,Yes,Yes,Yes,Yes,Two year,Yes,Credit card (automatic),175.85,9572.39,No,2023-02-22
5029-EAVXA,Female,0,No,No,42,Yes,Yes,DSL,Yes,Yes,Yes,No,No,Yes,Month-to-month,Yes,Credit card (automatic),141.81,6034.22,Yes,2023-02-22
1265-ZHMWE,Female,1,Yes,No,48,Yes,No,No,No internet service,No internet service,No internet service,No internet service,No internet service,No internet service,Month-to-month,No,Credit card (automatic),49.45,2316.31,Yes,2023-02-22
2776-LSESS,Female,0,No,No,22,Yes,No,DSL,Yes,No,No,Yes,Yes,Yes,Two year,Yes,Credit card (automatic),97.19,2101.2,Yes,2023-02-22
8358-DRBCE,Female,0,Yes,No,30,Yes,Yes,No,No internet service,No internet service,No internet service,No internet service,No internet service,No internet service,One year,Yes,Electronic check,62.63,1900.6,Yes,2023-02-22
2973-YLGSP,Female,0,No,No,54,Yes,No,DSL,Yes,No,No,Yes,No,Yes,One year,Yes,Credit card (automatic),116.66,6292.8,No,2023-02-22
3221-ZUXZW,Male,0,Yes,No,49,Yes,Yes,No,No internet service,No internet service,No internet service,No internet service,No internet service,No internet service,One year,No,Bank transfer (automatic),49.58,2487.75,No,2023-02-22
1953-BABVP,Male,0,Yes,No,16,Yes,Yes,DSL,No,No,No,Yes,Yes,Yes,One year,No,Credit card (automatic),143.44,2337.98,Yes,2023-02-23
2980-UPDCL,Female,0,Yes,No,42,Yes,No,Fiber optic,No,Yes,No,Yes,No,Yes,Month-to-month,No,Credit card (automatic),165.8,7090.46,No,2023-02-23
4816-CGLSG,Female,0,No,No,17,Yes,No,Fiber optic,No,Yes,No,No,Yes,Yes,One year,Yes,Bank transfer (automatic),135.61,2372.78,Yes,2023-02-23
1416-WNTQQ,Female,0,Yes,No,5,Yes,No,DSL,No,No,No,No,Yes,No,Month-to-month,Yes,Electronic check,89.93,462.41,Yes,2023-02-23
5610-CASRQ,Male,0,Yes,No,36,Yes,Yes,Fiber optic,No,No,No,Yes,No,Yes,Two year,Yes,Credit card (automatic),136.36,4813.41,No,2023-02-23
5291-ELSOC,Female,0,No,Yes,23,Yes,No,No,No internet service,No internet service,No internet service,No internet service,No internet service,No internet service,Month-to-month,Yes,Electronic check,42.12,939.9,Yes,2023-02-23
2394-OSBPC,Female,0,No,No,44,Yes,No,DSL,Yes,Yes,No,Yes,Yes,No,Month-to-month,Yes,Bank transfer (automatic),134.64,5862.57,Yes,2023-02-23
3763-JZIZU,Male,0,Yes,No,24,Yes,No,DSL,Yes,Yes,No,Yes,Yes,No,Month-to-month,No,Credit card (automatic),116.38,2847.82,Yes,2023-02-23
3061-AKFVQ,Male,0,No,No,39,Yes,No,Fiber optic,No,No,No,Yes,No,Yes,One year,Yes,Bank transfer (automatic),139.17,5267.49,Yes,2023-02-23
9639-NVOZI,Male,0,No,No,40,Yes,Yes,DSL,No,No,Yes,No,Yes,Yes,Month-to-month,Yes,Bank transfer (automatic),132.74,5400.59,Yes,2023-02-23
4921-OXOWB,Male,0,No,No,48,Yes,Yes,DSL,No,No,Yes,No,Yes,Yes,Month-to-month,Yes,Bank transfer (automatic),143.55,7040.35,Yes,2023-02-23
3116-NNHIE,Female,0,Yes,No,6,Yes,Yes,Fiber optic,Yes,Yes,Yes,No,Yes,Yes,Month-to-month,No,Electronic check,189.73,1150.63,Yes,2023-02-23
6616-ZMPOE,Female,1,No,No,33,Yes,Yes,Fiber optic,Yes,Yes,No,No,Yes,Yes,Two year,No,Bank transfer (automatic),156.55,5276.13,Yes,2023-02-23
1327-AOFEZ,Male,0,No,Yes,20,Yes,No,DSL,Yes,No,Yes,Yes,Yes,Yes,Month-to-month,No,Mailed check,138.84,2826.42,Yes,2023-02-23
4052-EJTUH,Female,1,Yes,No,34,Yes,Yes,Fiber optic,Yes,Yes,No,No,Yes,Yes,Two year,No,Electronic check,153.02,5348.79,Yes,2023-02-23
8815-DESEA,Female,0,No,No,12,Yes,Yes,Fiber optic,No,No,Yes,No,Yes,No,One year,Yes,Electronic check,170.55,2071.07,Yes,2023-02-23
7083-VBYTB,Female,1,Yes,No,35,Yes,No,Fiber optic,No,No,No,Yes,No,Yes,One year,No,Credit card (automatic),139.08,4864.9,No,2023-02-23
7853-OUJXN,Female,0,No,Yes,47,Yes,Yes,Fiber optic,No,Yes,Yes,Yes,Yes,Yes,Month-to-month,Yes,Bank transfer (automatic),191.99,9042.14,No,2023-02-23
4833-FFPKK,Female,0,Yes,No,28,Yes,No,Fiber optic,No,Yes,No,No,No,Yes,Month-to-month,No,Electronic check,132.8,3751.87,Yes,2023-02-23
4406-CGFMT,Male,1,Yes,Yes,27,Yes,No,DSL,No,No,Yes,No,Yes,Yes,Two year,No,Mailed check,108.14,2863.14,Yes,2023-02-23
9556-QIVWP,Male,1,Yes,No,28,Yes,No,Fiber optic,No,No,Yes,No,No,No,One year,No,Mailed check,129.83,3673.34,No,2023-02-23
9702-NNPUU,Female,0,No,No,55,Yes,Yes,Fiber optic,Yes,Yes,No,Yes,Yes,Yes,Month-to-month,No,Bank transfer (automatic),189.64,10487.63,Yes,2023-02-23
3899-ODSLI,Male,0,Yes,Yes,12,Yes,Yes,No,No internet service,No internet service,No internet service,No internet service,No internet service,No internet service,Month-to-month,Yes,Bank transfer (automatic),67.98,835.88,Yes,2023-02-23
1404-IRASO,Male,0,No,No,25,No,No phone service,DSL,Yes,No,Yes,No,Yes,Yes,Month-to-month,No,Bank transfer (automatic),111.34,2761.46,No,2023-02-23
6725-KXBJO,Female,0,Yes,No,54,Yes,No,No,No internet service,No internet service,No internet service,No internet service,No internet service,No internet service,One year,No,Mailed check,34.39,1828.36,No,2023-02-23
1043-AYWJT,Male,1,Yes,No,23,Yes,No,Fiber optic,No,No,No,No,Yes,Yes,One year,Yes,Electronic check,147.28,3337.06,Yes,2023-02-23
5407-ZUVZQ,Male,0,No,Yes,45,Yes,No,DSL,No,No,Yes,Yes,Yes,Yes,Month-to-month,Yes,Electronic check,134.96,6004.99,Yes,2023-02-23
5792-JWACB,Female,0,Yes,No,53,Yes,Yes,No,No internet service,No internet service,No internet service,No internet service,No internet service,No internet service,Month-to-month,Yes,Bank transfer (automatic),66.13,3410.71,Yes,2023-02-23
1410-XJPMI,Female,0,Yes,No,49,Yes,Yes,No,No internet service,No internet service,No internet service,No internet service,No internet service,No internet service,Month-to-month,No,Bank transfer (automatic),55.94,2685.52,Yes,2023-02-24
3835-MQPHY,Female,0,No,Yes,47,Yes,Yes,Fiber optic,Yes,No,Yes,No,Yes,Yes,Two year,No,Credit card (automatic),156.39,7236.69,No,2023-02-24
1515-GYENB,Female,0,No,No,31,Yes,Yes,Fiber optic,No,No,No,No,No,Yes,One year,Yes,Credit card (automatic),143.58,4507.95,No,2023-02-24
8560-MJAKX,Male,1,Yes,No,44,Yes,Yes,Fiber optic,No,Yes,Yes,No,No,No,Two year,Yes,Credit card (automatic),135.52,5990.92,Yes,2023-02-24
3305-JTQVM,Male,0,Yes,No,20,Yes,Yes,No,No internet service,No internet service,No internet service,No internet service,No internet service,No internet service,Two year,No,Bank transfer (automatic),40.11,822.78,Yes,2023-02-24
4994-YKADI,Female,0,Yes,Yes,66,Yes,Yes,Fiber optic,Yes,No,Yes,Yes,Yes,Yes,One year,No,Electronic check,182.24,11988.08,Yes,2023-02-24
6049-TDGWL,Male,0,No,Yes,46,Yes,No,Fiber optic,No,No,No,No,Yes,Yes,One year,Yes,Bank transfer (automatic),144.21,6506.71,Yes,2023-02-24
1504-DMZXT,Male,0,No,No,39,Yes,Yes,No,No internet service,No internet service,No internet service,No internet service,No internet service,No internet service,Two year,No,Mailed check,52.92,2061.39,No,2023-02-24
1395-GCATF,Male,0,No,No,16,Yes,No,Fiber optic,Yes,Yes,No,Yes,Yes,Yes,One year,No,Bank transfer (automatic),161.97,2590.87,Yes,2023-02-24
7296-YLYAF,Female,1,Yes,No,10,Yes,No,No,No internet service,No internet service,No internet service,No internet service,No internet service,No internet service,One year,Yes,Electronic check,54.26,544.28,Yes,2023-02-24
6054-LXGDZ,Female,0,Yes,Yes,16,Yes,Yes,No,No internet service,No internet service,No internet service,No internet service,No internet service,No internet service,Two year,Yes,Mailed check,53.44,873.14,No,2023-02-24
9014-LVMMI,Female,0,Yes,Yes,12,Yes,No,No,No internet service,No internet service,No internet service,No internet service,No internet service,No internet service,Two year,No,Credit card (automatic),51.97,634.77,No,2023-02-24
3958-GOBGS,Female,0,Yes,No,37,Yes,Yes,DSL,Yes,Yes,Yes,No,Yes,No,One year,Yes,Mailed check,131.21,4809.0,Yes,2023-02-24
8917-RAJOD,Female,1,Yes,No,45,Yes,No,DSL,No,No,Yes,No,Yes,Yes,Month-to-month,No,Bank transfer (automatic),118.96,5396.57,Yes,2023-02-24
9344-DWLJY,Female,0,Yes,Yes,35,Yes,Yes,Fiber optic,Yes,No,Yes,Yes,Yes,Yes,Month-to-month,No,Credit card (automatic),183.91,6367.44,Yes,2023-02-24
8253-EBMVQ,Male,1,Yes,No,48,Yes,No,Fiber optic,Yes,Yes,Yes,Yes,No,Yes,Month-to-month,Yes,Electronic check,172.62,8052.74,Yes,2023-02-24
9344-WTQOJ,Female,0,Yes,No,25,Yes,No,DSL,No,No,No,No,No,No,Two year,Yes,Credit card (automatic),93.05,2267.01,Yes,2023-02-24
7685-HWUAY,Female,0,Yes,No,5,Yes,No,Fiber optic,No,No,Yes,Yes,Yes,Yes,One year,No,Mailed check,156.0,794.15,Yes,2023-02-24
3593-NAZJY,Male,0,Yes,No,26,Yes,Yes,DSL,No,Yes,No,Yes,Yes,Yes,One year,Yes,Bank transfer (automatic),135.34,3493.62,No,2023-02-24
1298-ILBBF,Male,1,Yes,Yes,37,Yes,No,Fiber optic,Yes,No,Yes,No,Yes,Yes,Two year,No,Bank transfer (automatic),150.1,5483.78,Yes,2023-02-24
4378-OMKOQ,Male,0,No,No,18,No,No phone service,No,No internet service,No internet service,No internet service,No internet service,No internet service,No internet service,One year,Yes,Credit card (automatic),18.5,331.57,No,2023-02-24
3525-DMLUI,Male,0,Yes,No,56,Yes,Yes,Fiber optic,No,Yes,Yes,Yes,No,Yes,Month-to-month,Yes,Mailed check,168.45,9516.5,No,2023-02-24
2111-KNSUD,Female,1,Yes,No,52,Yes,Yes,DSL,No,No,No,No,No,Yes,One year,No,Electronic check,113.5,5843.21,Yes,2023-02-24
9646-XHWAN,Female,0,No,No,4,Yes,Yes,Fiber optic,No,No,Yes,Yes,No,No,Two year,Yes,Mailed check,138.77,567.18,Yes,2023-02-24
9308-BOXNR,Female,0,Yes,No,27,Yes,No,DSL,No,No,Yes,Yes,No,No,Month-to-month,Yes,Bank transfer (automatic),106.69,2831.88,No,2023-02-24
3558-AZYKJ,Female,1,No,No,30,Yes,Yes,DSL,No,Yes,Yes,No,Yes,Yes,Month-to-month,No,Electronic check,145.31,4235.59,No,2023-02-24
1479-GUCBG,Male,0,No,No,29,Yes,Yes,Fiber optic,No,Yes,Yes,Yes,Yes,No,Month-to-month,Yes,Mailed check,172.77,4971.16,No,2023-02-24
7793-TLXTR,Female,0,Yes,No,8,Yes,No,Fiber optic,No,No,Yes,No,Yes,Yes,One year,Yes,Bank transfer (automatic),146.11,1196.0,Yes,2023-02-24
3155-JPVDQ,Female,0,Yes,Yes,37,Yes,Yes,Fiber optic,No,No,No,Yes,Yes,No,Month-to-month,No,Bank transfer (automatic),167.7,6181.95,Yes,2023-02-24
8230-MMSXO,Female,0,No,No,50,Yes,No,DSL,No,No,Yes,No,No,No,One year,Yes,Mailed check,109.17,5426.22,No,2023-02-24
9423-YYUBN,Female,0,No,No,33,Yes,No,DSL,No,No,Yes,No,Yes,No,Two year,No,Credit card (automatic),99.97,3235.01,No,2023-02-24
1985-DVQON,Male,0,Yes,No,14,Yes,No,Fiber optic,Yes,Yes,No,Yes,Yes,Yes,Two year,Yes,Credit card (automatic),161.84,2332.29,No,2023-02-25
8868-GFFWK,Male,0,Yes,No,16,Yes,Yes,DSL,Yes,Yes,Yes,Yes,No,No,One year,No,Mailed check,142.73,2228.83,No,2023-02-25
5917-VCQZZ,Male,0,Yes,No,8,No,No phone service,DSL,No,No,No,No,Yes,Yes,One year,Yes,Electronic check,79.39,639.81,No,2023-02-25
8042-WRBEP,Female,0,No,No,22,Yes,No,DSL,No,Yes,No,No,Yes,Yes,One year,No,Mailed check,121.99,2608.95,No,2023-02-25
9438-EDQGU,Female,0,Yes,Yes,34,Yes,Yes,DSL,No,Yes,Yes,No,Yes,Yes,Month-to-month,Yes,Mailed check,149.89,5007.75,Yes,2023-02-25
1944-EMEGX,Female,0,No,No,34,Yes,Yes,Fiber optic,Yes,No,Yes,Yes,Yes,No,Month-to-month,Yes,Credit card (automatic),181.48,6125.11,Yes,2023-02-25
7948-XOERD,Male,0,Yes,No,40,Yes,Yes,Fiber optic,Yes,No,Yes,Yes,Yes,No,One year,No,Credit card (automatic),181.73,7415.37,No,2023-02-25
6859-SWGCK,Female,0,Yes,No,20,No,No phone service,Fiber optic,Yes,No,No,No,Yes,No,One year,No,Bank transfer (automatic),116.68,2380.21,Yes,2023-02-25
3674-UBSDI,Male,0,No,Yes,9,Yes,Yes,No,No internet service,No internet service,No internet service,No internet service,No internet service,No internet service,Month-to-month,No,Mailed check,63.52,585.8,Yes,2023-02-25
6408-MEKNY,Female,0,Yes,No,61,Yes,No,DSL,Yes,No,No,No,Yes,Yes,Month-to-month,Yes,Electronic check,122.2,7661.55,Yes,2023-02-25
9648-MLMMQ,Female,0,No,No,39,No,No phone service,Fiber optic,Yes,Yes,No,No,Yes,No,One year,Yes,Electronic check,117.71,4581.69,No,2023-02-25
4654-FONTM,Female,0,Yes,No,1,Yes,No,Fiber optic,No,No,Yes,No,Yes,No,One year,Yes,Credit card (automatic),139.95,137.94,Yes,2023-02-25
1841-GDQCJ,Female,0,No,No,47,Yes,Yes,Fiber optic,Yes,No,Yes,Yes,No,No,Month-to-month,No,Mailed check,167.14,7716.39,Yes,2023-02-25
7579-NRNPY,Male,1,Yes,No,49,Yes,No,Fiber optic,No,No,No,No,No,No,One year,No,Mailed check,123.13,5890.05,No,2023-02-25
4242-GFFAT,Female,1,Yes,No,49,Yes,No,No,No internet service,No internet service,No internet service,No internet service,No internet service,No internet service,One year,No,Electronic check,45.01,2226.13,Yes,2023-02-25
8475-IQLXC,Female,0,Yes,No,60,Yes,Yes,Fiber optic,Yes,Yes,No,No,Yes,Yes,Month-to-month,No,Credit card (automatic),178.5,10572.13,Yes,2023-02-25
5056-GPIXZ,Male,0,Yes,No,27,Yes,Yes,No,No internet service,No internet service,No internet service,No internet service,No internet service,No internet service,Two year,Yes,Electronic check,49.66,1328.56,Yes,2023-02-25
5435-NOGJI,Male,0,No,No,26,Yes,Yes,Fiber optic,Yes,No,No,No,Yes,No,Two year,No,Bank transfer (automatic),150.54,3905.42,Yes,2023-02-25
2982-VVLQO,Female,0,Yes,Yes,30,Yes,Yes,Fiber optic,No,No,No,No,Yes,Yes,Two year,No,Electronic check,139.05,4204.76,Yes,2023-02-25
7763-JMPWD,Female,1,Yes,No,30,No,No phone service,Fiber optic,No,Yes,Yes,No,No,Yes,Month-to-month,No,Mailed check,129.64,3839.51,Yes,2023-02-25
8558-EYZKG,Male,0,No,No,58,Yes,No,DSL,Yes,No,Yes,No,Yes,Yes,One year,Yes,Bank transfer (automatic),127.08,7476.51,No,2023-02-25
9701-KVSCM,Female,0,Yes,No,44,Yes,Yes,DSL,Yes,No,No,No,Yes,Yes,Two year,Yes,Mailed check,121.31,5423.66,Yes,2023-02-25
3556-VRIIW,Female,0,Yes,Yes,23,Yes,Yes,Fiber optic,Yes,No,No,Yes,Yes,Yes,Two year,Yes,Credit card (automatic),156.45,3643.42,Yes,2023-02-25
3615-CVMTV,Male,0,Yes,Yes,39,Yes,No,DSL,Yes,No,Yes,No,No,Yes,Month-to-month,No,Bank transfer (automatic),123.51,4764.1,No,2023-02-25
3437-RZZVP,Male,0,Yes,No,20,Yes,No,DSL,Yes,No,Yes,Yes,No,Yes,Month-to-month,Yes,Mailed check,141.5,2807.69,Yes,2023-02-25
2950-QLKIO,Female,0,Yes,No,43,Yes,Yes,DSL,No,No,No,Yes,Yes,No,Month-to-month,No,Mailed check,119.96,5192.05,No,2023-02-25
3126-QXBFA,Female,0,No,Yes,29,Yes,No,DSL,No,No,No,No,No,Yes,Month-to-month,Yes,Electronic check,102.22,2898.54,Yes,2023-02-25
6909-HFAOJ,Female,0,Yes,Yes,52,Yes,No,Fiber optic,Yes,Yes,No,No,Yes,No,Two year,Yes,Credit card (automatic),123.29,6350.98,No,2023-02-25
6491-BMUMD,Female,0,Yes,No,60,Yes,No,DSL,Yes,No,No,No,Yes,Yes,Two year,No,Credit card (automatic),105.51,6276.32,Yes,2023-02-25
2439-WTLJB,Male,0,No,Yes,31,Yes,Yes,No,No internet service,No internet service,No internet service,No internet service,No internet service,No internet service,One year,Yes,Credit card (automatic),51.37,1555.31,No,2023-02-25
9815-NGIWV,Male,0,Yes,No,32,Yes,Yes,DSL,Yes,Yes,No,No,No,No,One year,No,Mailed check,128.58,4186.36,No,2023-02-25
1505-ICDBF,Male,0,No,No,23,Yes,Yes,Fiber optic,No,No,No,Yes,Yes,Yes,Month-to-month,No,Credit card (automatic),166.66,3729.32,Yes,2023-02-26
4709-JPJDS,Male,0,No,No,40,Yes,No,Fiber optic,No,Yes,No,No,No,Yes,One year,Yes,Credit card (automatic),124.88,4896.46,Yes,2023-02-26
7777-CKFGO,Female,0,No,No,28,Yes,Yes,No,No internet service,No internet service,No internet service,No internet service,No internet service,No internet service,Month-to-month,No,Mailed check,60.83,1750.33,Yes,2023-02-26
6336-USBXU,Male,0,Yes,Yes,20,Yes,Yes,Fiber optic,No,No,No,No,No,Yes,Month-to-month,Yes,Electronic check,158.14,3147.68,Yes,2023-02-26
9607-FKMLS,Male,0,Yes,No,36,No,No phone service,DSL,Yes,Yes,Yes,No,Yes,Yes,Two year,Yes,Mailed check,103.37,3762.8,No,2023-02-26
1521-UUKUI,Female,0,Yes,No,13,Yes,No,Fiber optic,Yes,No,No,No,Yes,No,Month-to-month,Yes,Electronic check,140.52,1832.48,Yes,2023-02-26
9720-EHSFD,Female,0,Yes,Yes,44,Yes,Yes,No,No internet service,No internet service,No internet service,No internet service,No internet service,No internet service,One year,Yes,Credit card (automatic),54.57,2404.45,Yes,2023-02-26
9991-ASWSW,Male,0,No,No,30,Yes,No,Fiber optic,Yes,No,No,No,No,Yes,One year,Yes,Electronic check,132.75,3871.36,Yes,2023-02-26
6715-XKKZI,Male,0,Yes,No,15,Yes,No,Fiber optic,Yes,Yes,No,No,Yes,Yes,One year,No,Credit card (automatic),159.72,2449.86,Yes,2023-02-26
3087-EDLVB,Male,1,Yes,Yes,40,Yes,No,DSL,No,No,No,Yes,Yes,Yes,Month-to-month,Yes,Bank transfer (automatic),133.6,5476.66,Yes,2023-02-26
1827-LDPFW,Male,0,No,No,37,Yes,Yes,Fiber optic,No,No,Yes,No,Yes,Yes,One year,No,Electronic check,172.08,6507.41,Yes,2023-02-26
1507-YFEVR,Male,0,No,No,47,Yes,Yes,DSL,No,No,No,Yes,No,Yes,One year,No,Credit card (automatic),114.45,5447.39,Yes,2023-02-26
8573-FHXNU,Male,1,Yes,No,48,Yes,No,DSL,Yes,Yes,No,No,Yes,Yes,Month-to-month,Yes,Credit card (automatic),120.22,5873.29,Yes,2023-02-26
2203-GBLUX,Male,1,No,No,50,Yes,No,Fiber optic,No,No,No,No,Yes,Yes,Month-to-month,Yes,Bank transfer (automatic),143.07,7211.68,Yes,2023-02-26
7208-XPFKP,Male,1,Yes,No,21,No,No phone service,DSL,Yes,No,Yes,Yes,Yes,Yes,One year,Yes,Mailed check,108.93,2250.87,No,2023-02-26
3194-URXOZ,Female,0,No,No,32,Yes,No,No,No internet service,No internet service,No internet service,No internet service,No internet service,No internet service,One year,Yes,Credit card (automatic),39.69,1303.75,Yes,2023-02-26
7296-HRWXW,Female,0,Yes,No,13,Yes,Yes,DSL,No,No,No,Yes,No,Yes,One year,Yes,Electronic check,114.42,1473.04,Yes,2023-02-26
5933-OGYRZ,Male,0,Yes,Yes,25,Yes,Yes,No,No internet service,No internet service,No internet service,No internet service,No internet service,No internet service,One year,Yes,Credit card (automatic),65.47,1588.76,No,2023-02-26
3727-CGFUR,Male,0,Yes,Yes,11,Yes,No,DSL,No,No,No,Yes,Yes,Yes,Two year,Yes,Electronic check,111.04,1245.24,No,2023-02-26
4895-JOCDS,Female,0,Yes,No,64,Yes,Yes,No,No internet service,No internet service,No internet service,No internet service,No internet service,No internet service,One year,No,Electronic check,62.64,4113.26,No,2023-02-26
7648-GLPMS,Male,0,No,No,57,Yes,Yes,No,No internet service,No internet service,No internet service,No internet service,No internet service,No internet service,Month-to-month,No,Credit card (automatic),63.57,3590.38,Yes,2023-02-26
4371-KHSPK,Male,0,No,No,52,Yes,No,Fiber optic,No,Yes,No,No,No,Yes,Two year,Yes,Mailed check,124.77,6366.57,No,2023-02-26
3104-ZOZTN,Female,0,No,Yes,58,Yes,No,No,No internet service,No internet service,No internet service,No internet service,No internet service,No internet service,Month-to-month,No,Mailed check,45.97,2681.1,Yes,2023-02-26
9733-RZBBO,Female,0,Yes,No,15,Yes,No,Fiber optic,No,No,No,Yes,Yes,No,Month-to-month,No,Credit card (automatic),153.25,2319.57,Yes,2023-02-26
8157-VXFAB,Female,0,No,No,34,Yes,Yes,Fiber optic,No,Yes,No,Yes,Yes,Yes,One year,No,Electronic check,178.05,6169.84,Yes,2023-02-27
8579-COAWS,Female,0,No,Yes,10,Yes,No,DSL,Yes,Yes,Yes,Yes,Yes,No,Two year,Yes,Electronic check,121.64,1227.79,Yes,2023-02-27
2303-BIVLK,Male,0,Yes,No,40,No,No phone service,No,No internet service,No internet service,No internet service,No internet service,No internet service,No internet service,Two year,Yes,Electronic check,18.5,723.55,Yes,2023-02-27
7296-JDMVK,Female,0,No,No,34,Yes,No,Fiber optic,Yes,Yes,No,No,Yes,Yes,Two year,Yes,Mailed check,146.82,4900.1,Yes,2023-02-27
8014-RKJEY,Male,0,Yes,Yes,44,Yes,No,No,No internet service,No internet service,No internet service,No internet service,No internet service,No internet service,Month-to-month,Yes,Electronic check,46.82,2019.65,Yes,2023-02-27
9869-TISNV,Female,0,Yes,No,23,Yes,Yes,Fiber optic,No,No,No,No,Yes,Yes,Two year,No,Mailed check,143.44,3356.08,Yes,2023-02-27
1924-HAXBR,Female,0,Yes,No,26,Yes,Yes,DSL,No,No,No,No,No,Yes,Month-to-month,Yes,Mailed check,116.39,2977.59,No,2023-02-27
9881-DMFSA,Male,0,Yes,Yes,35,Yes,No,Fiber optic,No,No,No,No,Yes,Yes,One year,Yes,Credit card (automatic),134.6,4677.08,Yes,2023-02-27
2653-APVUO,Female,0,No,Yes,24,Yes,No,No,No internet service,No internet service,No internet service,No internet service,No internet service,No internet service,One year,Yes,Electronic check,45.94,1079.29,Yes,2023-02-27
7609-AFZFA,Female,0,Yes,No,17,Yes,No,DSL,Yes,No,No,No,Yes,Yes,Month-to-month,No,Mailed check,122.8,2118.93,Yes,2023-02-27
4800-SKASH,Male,0,Yes,No,32,Yes,Yes,Fiber optic,Yes,Yes,No,Yes,Yes,No,Month-to-month,Yes,Credit card (automatic),180.41,5812.43,Yes,2023-02-27
7957-ZZVPW,Male,0,Yes,No,22,Yes,Yes,DSL,No,No,Yes,Yes,Yes,Yes,One year,No,Electronic check,136.24,2934.74,No,2023-02-27
5037-KCZXL,Female,1,No,Yes,38,Yes,No,DSL,No,Yes,Yes,No,No,Yes,One year,Yes,Bank transfer (automatic),110.49,4190.38,No,2023-02-27
1781-IAXDM,Female,0,Yes,No,63,Yes,Yes,No,No internet service,No internet service,No internet service,No internet service,No internet service,No internet service,Month-to-month,No,Mailed check,74.47,4711.41,Yes,2023-02-27
3152-GAGIE,Female,0,Yes,No,41,Yes,Yes,DSL,Yes,No,No,No,Yes,No,Month-to-month,No,Mailed check,131.46,5350.51,Yes,2023-02-27
8173-UZTZU,Female,0,Yes,No,46,Yes,Yes,No,No internet service,No internet service,No internet service,No internet service,No internet service,No internet service,Month-to-month,No,Bank transfer (automatic),61.65,2864.74,Yes,2023-02-27
2699-KYBQZ,Male,0,Yes,No,40,Yes,Yes,No,No internet service,No internet service,No internet service,No internet service,No internet service,No internet service,Month-to-month,Yes,Credit card (automatic),73.11,2923.86,Yes,2023-02-27
5440-OHHQG,Female,0,Yes,Yes,19,Yes,No,DSL,Yes,Yes,No,Yes,Yes,Yes,Month-to-month,Yes,Credit card (automatic),134.96,2490.92,Yes,2023-02-27
3680-FEAXM,Female,0,No,No,35,Yes,Yes,Fiber optic,Yes,No,No,No,Yes,Yes,One year,Yes,Credit card (automatic),170.62,6033.55,No,2023-02-27
7838-NCWWU,Male,0,Yes,No,34,Yes,Yes,Fiber optic,No,No,Yes,Yes,Yes,Yes,Month-to-month,No,Electronic check,180.16,6247.1,Yes,2023-02-27
9621-BTOSK,Female,1,Yes,Yes,49,Yes,Yes,Fiber optic,Yes,No,Yes,No,No,Yes,Month-to-month,Yes,Credit card (automatic),163.19,8028.37,Yes,2023-02-27
8102-TMNCJ,Male,0,No,No,63,Yes,No,DSL,No,Yes,No,No,Yes,No,One year,Yes,Bank transfer (automatic),106.55,6638.07,Yes,2023-02-27
7267-QGXDL,Male,0,Yes,No,62,Yes,Yes,Fiber optic,No,No,Yes,No,Yes,Yes,One year,Yes,Credit card (automatic),159.98,9722.36,Yes,2023-02-28
7032-JYYBQ,Female,0,Yes,No,32,Yes,No,DSL,Yes,No,No,No,No,Yes,Two year,No,Mailed check,103.02,3210.48,Yes,2023-02-28
8714-VGTQG,Female,0,Yes,Yes,21,Yes,Yes,DSL,Yes,Yes,Yes,Yes,Yes,Yes,Month-to-month,Yes,Electronic check,159.37,3428.54,Yes,2023-02-28
9952-ASTRO,Male,1,Yes,No,51,No,No phone service,Fiber optic,No,Yes,Yes,Yes,No,Yes,Month-to-month,No,Mailed check,147.07,7534.89,No,2023-02-28
8928-WHPJK,Female,0,No,No,19,Yes,No,No,No internet service,No internet service,No internet service,No internet service,No internet service,No internet service,Month-to-month,Yes,Electronic check,43.02,841.74,Yes,2023-02-28
6106-HTDZX,Male,1,No,No,27,Yes,No,Fiber optic,Yes,Yes,No,Yes,Yes,Yes,Two year,Yes,Mailed check,160.28,4267.74,No,2023-02-28
7348-HPVGW,Male,0,Yes,Yes,21,No,No phone service,DSL,Yes,No,Yes,No,Yes,Yes,One year,Yes,Bank transfer (automatic),99.51,2093.88,Yes,2023-02-28
1537-UCPEK,Male,0,Yes,No,21,Yes,Yes,Fiber optic,Yes,No,Yes,Yes,Yes,No,Two year,No,Electronic check,146.99,3125.7,Yes,2023-02-28
4328-AGNAF,Female,0,Yes,Yes,30,Yes,Yes,Fiber optic,No,No,Yes,No,Yes,Yes,Two year,Yes,Electronic check,142.59,4223.64,No,2023-02-28
1158-MRJFL,Male,0,Yes,No,54,Yes,Yes,Fiber optic,No,No,Yes,Yes,No,No,Month-to-month,Yes,Mailed check,162.03,8790.31,Yes,2023-02-28
3484-PKRYK,Male,0,Yes,No,24,Yes,Yes,DSL,Yes,Yes,Yes,No,Yes,Yes,Month-to-month,No,Credit card (automatic),163.79,3989.11,Yes,2023-02-28
5997-LXJOF,Female,0,Yes,Yes,57,Yes,No,Fiber optic,No,No,No,No,No,Yes,Two year,Yes,Electronic check,129.97,7432.85,Yes,2023-02-28
9865-MJWOF,Male,0,Yes,Yes,53,Yes,No,DSL,No,Yes,No,No,No,Yes,One year,Yes,Credit card (automatic),96.42,5235.53,No,2023-02-28
4890-POXXB,Female,0,Yes,No,33,Yes,No,Fiber optic,Yes,Yes,Yes,No,No,Yes,Month-to-month,No,Electronic check,169.69,5638.49,Yes,2023-02-28
1588-IQTQR,Male,0,Yes,No,47,Yes,No,DSL,No,No,Yes,No,No,Yes,One year,No,Mailed check,106.8,5140.11,No,2023-02-28
7934-LNZMC,Male,0,No,Yes,49,Yes,No,No,No internet service,No internet service,No internet service,No internet service,No internet service,No internet service,Two year,No,Electronic check,29.58,1436.73,Yes,2023-02-28
9263-XKPMV,Male,0,No,No,26,Yes,No,Fiber optic,No,Yes,No,No,Yes,Yes,Two year,No,Bank transfer (automatic),135.79,3602.33,No,2023-02-28
1968-PQFGE,Female,0,Yes,Yes,36,Yes,No,Fiber optic,No,No,No,No,No,Yes,One year,Yes,Mailed check,130.73,4570.99,Yes,2023-02-28
9055-RTWJI,Female,0,Yes,No,22,No,No phone service,DSL,Yes,Yes,No,No,Yes,Yes,One year,Yes,Electronic check,105.39,2272.19,No,2023-02-28
2806-MDNOR,Female,0,No,No,13,Yes,No,DSL,No,Yes,Yes,No,Yes,Yes,Month-to-month,Yes,Electronic check,122.13,1605.2,Yes,2023-02-28
7609-GDBFM,Male,1,Yes,Yes,15,Yes,Yes,DSL,No,No,No,No,Yes,Yes,Two year,Yes,Bank transfer (automatic),118.87,1765.85,No,2023-02-28
1828-DUUUE,Male,0,Yes,No,29,Yes,No,No,No internet service,No internet service,No internet service,No internet service,No internet service,No internet service,One year,Yes,Electronic check,39.87,1153.79,Yes,2023-02-28
7024-JIXGC,Male,0,Yes,No,17,Yes,Yes,Fiber optic,Yes,No,Yes,No,Yes,Yes,One year,Yes,Electronic check,176.13,2925.58,Yes,2023-02-28
8548-MNANP,Female,0,No,No,26,Yes,Yes,No,No internet service,No internet service,No internet service,No internet service,No internet service,No internet service,Two year,No,Bank transfer (automatic),64.33,1646.52,Yes,2023-02-28
1495-WAUCT,Female,0,No,No,18,Yes,No,Fiber optic,Yes,No,Yes,Yes,Yes,Yes,One year,Yes,Credit card (automatic),160.8,2819.38,Yes,2023-02-28
1732-PJCLN,Male,0,No,Yes,15,Yes,No,DSL,No,No,No,Yes,No,Yes,Month-to-month,Yes,Bank transfer (automatic),111.77,1712.51,Yes,2023-02-28
1599-GXKZQ,Female,0,Yes,Yes,17,Yes,No,DSL,Yes,Yes,No,No,No,Yes,One year,No,Electronic check,116.84,1952.26,Yes,2023-02-28
3192-ZCWEN,Female,0,No,No,23,No,No phone service,No,No internet service,No internet service,No internet service,No internet service,No internet service,No internet service,Month-to-month,Yes,Credit card (automatic),21.51,503.27,Yes,2023-02-28
9136-ZFRHD,Male,0,No,Yes,38,Yes,No,DSL,Yes,No,No,No,No,Yes,One year,No,Credit card (automatic),108.15,4176.01,No,2023-02-28
6110-PGCPY,Male,0,No,No,26,Yes,Yes,DSL,Yes,Yes,Yes,No,Yes,No,One year,No,Electronic check,140.96,3664.39,No,2023-03-01
9680-MCCHM,Male,0,Yes,Yes,6,Yes,No,Fiber optic,No,Yes,No,Yes,No,No,Month-to-month,No,Electronic check,140.6,861.42,Yes,2023-03-01
2179-VNZYP,Female,0,No,No,16,Yes,No,No,No internet service,No internet service,No internet service,No internet service,No internet service,No internet service,Month-to-month,Yes,Bank transfer (automatic),40.42,657.31,No,2023-03-01
2130-EJNRG,Female,0,Yes,No,21,Yes,No,Fiber optic,Yes,No,No,No,No,Yes,Month-to-month,Yes,Bank transfer (automatic),154.68,3256.71,Yes,2023-03-01
4817-XDIYM,Male,0,Yes,No,52,Yes,No,Fiber optic,Yes,Yes,Yes,No,Yes,Yes,Two year,No,Credit card (automatic),148.61,7959.2,No,2023-03-01
2194-LJQAE,Male,0,Yes,No,2,Yes,Yes,DSL,No,No,No,Yes,No,No,Two year,No,Electronic check,107.49,211.76,Yes,2023-03-01
3725-PQWLJ,Male,0,Yes,No,16,Yes,Yes,No,No internet service,No internet service,No internet service,No internet service,No internet service,No internet service,Month-to-month,No,Bank transfer (automatic),62.75,1006.36,Yes,2023-03-01
7439-PSDFI,Female,0,No,Yes,11,Yes,No,Fiber optic,No,No,No,Yes,Yes,Yes,One year,Yes,Credit card (automatic),141.29,1590.91,No,2023-03-01
2702-RGDQO,Female,0,Yes,Yes,40,Yes,No,Fiber optic,Yes,Yes,Yes,No,No,No,One year,Yes,Bank transfer (automatic),154.73,6157.54,Yes,2023-03-01
8443-LYFBH,Female,0,Yes,No,10,Yes,No,Fiber optic,No,Yes,No,No,Yes,Yes,Two year,Yes,Credit card (automatic),137.63,1379.38,No,2023-03-01
4989-XTGNQ,Male,0,No,No,20,Yes,No,Fiber optic,No,No,No,Yes,No,Yes,Two year,Yes,Electronic check,136.54,2704.03,Yes,2023-03-01
2110-CZPBT,Male,0,Yes,Yes,45,Yes,Yes,DSL,No,No,No,Yes,Yes,Yes,Two year,Yes,Electronic check,121.47,5562.23,Yes,2023-03-01
1725-CXARY,Male,0,Yes,No,41,No,No phone service,No,No internet service,No internet service,No internet service,No internet service,No internet service,No internet service,Month-to-month,Yes,Electronic check,21.9,903.05,Yes,2023-03-01
8906-YJPHB,Male,1,Yes,No,39,Yes,No,Fiber optic,Yes,Yes,No,No,Yes,Yes,One year,No,Credit card (automatic),152.08,5793.62,No,2023-03-01
3774-PMKQC,Female,1,Yes,No,17,No,No phone service,Fiber optic,No,Yes,No,No,Yes,Yes,Month-to-month,Yes,Mailed check,125.14,2090.69,Yes,2023-03-01
8207-XMUOC,Female,0,Yes,Yes,13,Yes,No,Fiber optic,No,Yes,Yes,No,No,Yes,Two year,Yes,Mailed check,133.03,1725.02,Yes,2023-03-01
2376-YNMVH,Female,0,Yes,No,34,Yes,Yes,DSL,Yes,No,Yes,Yes,Yes,No,Month-to-month,Yes,Mailed check,146.7,4958.84,No,2023-03-01
1268-CSYRD,Female,0,Yes,Yes,49,Yes,No,No,No internet service,No internet service,No internet service,No internet service,No internet service,No internet service,Month-to-month,Yes,Mailed check,52.44,2638.41,No,2023-03-01
1647-HARIM,Female,0,Yes,No,13,Yes,Yes,DSL,Yes,No,Yes,No,Yes,Yes,Month-to-month,Yes,Mailed check,149.11,1972.16,Yes,2023-03-01
3274-RTELE,Male,0,Yes,No,25,Yes,Yes,Fiber optic,No,Yes,Yes,Yes,Yes,Yes,One year,No,Electronic check,183.07,4631.09,Yes,2023-03-02
9784-CJUYQ,Female,0,Yes,No,27,Yes,Yes,DSL,Yes,No,No,No,Yes,Yes,Month-to-month,Yes,Bank transfer (automatic),136.53,3622.39,No,2023-03-02
8141-WJXCA,Male,0,Yes,No,12,Yes,No,Fiber optic,Yes,No,Yes,Yes,Yes,No,Month-to-month,Yes,Credit card (automatic),169.52,1998.0,Yes,2023-03-02
7288-MBTZT,Male,0,Yes,No,34,Yes,No,Fiber optic,Yes,No,Yes,Yes,Yes,Yes,One year,No,Mailed check,161.13,5587.92,Yes,2023-03-02
3077-RMLBN,Male,0,No,No,38,Yes,Yes,DSL,No,No,No,No,Yes,Yes,Two year,Yes,Mailed check,113.55,4420.44,Yes,2023-03-02
1406-AJHHV,Female,0,Yes,No,45,No,No phone service,Fiber optic,No,Yes,Yes,Yes,Yes,Yes,Month-to-month,No,Mailed check,145.96,6586.84,Yes,2023-03-02
2003-EPLXO,Female,0,No,No,13,Yes,Yes,Fiber optic,No,No,No,Yes,Yes,Yes,One year,No,Electronic check,167.36,2118.94,Yes,2023-03-02
1390-ZYBRZ,Female,0,Yes,Yes,63,Yes,Yes,DSL,No,No,No,No,No,No,One year,Yes,Mailed check,109.93,6722.62,Yes,2023-03-02
2746-UFUSM,Female,0,Yes,Yes,26,Yes,No,Fiber optic,No,Yes,Yes,No,Yes,Yes,Month-to-month,No,Electronic check,171.83,4534.85,Yes,2023-03-02
2970-LIRKS,Female,0,Yes,No,47,No,No phone service,No,No internet service,No internet service,No internet service,No internet service,No internet service,No internet service,One year,No,Mailed check,26.72,1249.46,No,2023-03-02
5147-ENLBL,Female,0,Yes,No,35,Yes,Yes,DSL,No,No,No,No,No,Yes,Month-to-month,No,Electronic check,111.6,3821.5,Yes,2023-03-02
4765-ROZPR,Female,0,Yes,No,37,Yes,Yes,No,No internet service,No internet service,No internet service,No internet service,No internet service,No internet service,Two year,No,Credit card (automatic),55.77,2119.38,No,2023-03-02
9648-URCXP,Male,0,Yes,Yes,17,Yes,No,Fiber optic,No,No,Yes,Yes,Yes,Yes,One year,Yes,Mailed check,159.04,2727.45,No,2023-03-02
2444-HIYGQ,Female,0,No,No,66,Yes,Yes,DSL,No,Yes,No,No,Yes,No,Month-to-month,Yes,Electronic check,130.8,8657.83,Yes,2023-03-02
4455-CCHNK,Female,0,Yes,No,26,Yes,No,No,No internet service,No internet service,No internet service,No internet service,No internet service,No internet service,One year,No,Bank transfer (automatic),50.1,1300.6,Yes,2023-03-02
6512-MNOKZ,Female,1,Yes,No,66,Yes,Yes,DSL,Yes,No,Yes,No,Yes,No,Month-to-month,Yes,Credit card (automatic),148.15,9789.74,Yes,2023-03-02
8499-SZODW,Male,0,No,No,41,No,No phone service,DSL,No,Yes,No,Yes,Yes,No,Two year,Yes,Bank transfer (automatic),84.17,3456.36,No,2023-03-02
5260-JSNBV,Male,0,Yes,No,43,No,No phone service,Fiber optic,No,Yes,No,No,Yes,Yes,Month-to-month,Yes,Mailed check,137.11,5761.93,Yes,2023-03-02
8647-XJSJS,Female,0,Yes,No,22,Yes,Yes,Fiber optic,No,No,No,No,Yes,Yes,Month-to-month,Yes,Credit card (automatic),166.68,3564.94,Yes,2023-03-02
3458-XAPVN,Male,0,Yes,No,13,Yes,No,Fiber optic,No,Yes,Yes,No,Yes,Yes,One year,No,Bank transfer (automatic),146.44,1864.92,Yes,2023-03-02
3638-PWVOF,Male,0,No,No,49,Yes,No,DSL,Yes,No,Yes,No,No,Yes,Two year,No,Credit card (automatic),100.38,4831.31,No,2023-03-02
9844-RNXEM,Female,0,No,No,30,Yes,Yes,Fiber optic,No,Yes,Yes,No,No,No,Two year,No,Credit card (automatic),151.94,4517.3,Yes,2023-03-02
5796-CGOVZ,Male,0,No,No,34,Yes,No,DSL,Yes,No,No,No,Yes,Yes,One year,No,Electronic check,111.25,3888.77,Yes,2023-03-02
3685-JTHZR,Female,0,Yes,No,42,Yes,Yes,Fiber optic,Yes,No,No,Yes,Yes,No,One year,No,Mailed check,162.66,6998.12,Yes,2023-03-02
6120-AVZHS,Male,0,No,No,46,Yes,Yes,DSL,Yes,No,Yes,Yes,No,Yes,Month-to-month,Yes,Credit card (automatic),147.41,6910.15,Yes,2023-03-02
5508-KSCKL,Female,0,No,No,24,Yes,No,Fiber optic,No,Yes,No,No,Yes,No,One year,Yes,Bank transfer (automatic),138.69,3420.25,No,2023-03-02
3529-QBWRP,Female,0,Yes,No,23,Yes,No,DSL,No,No,Yes,No,No,No,Month-to-month,No,Mailed check,102.13,2294.92,Yes,2023-03-02
9989-IGNVY,Female,0,Yes,No,40,No,No phone service,Fiber optic,No,No,No,No,Yes,No,One year,Yes,Electronic check,105.2,4274.58,Yes,2023-03-02
6667-FKKDF,Male,0,Yes,No,42,Yes,No,Fiber optic,Yes,No,Yes,Yes,Yes,Yes,Month-to-month,Yes,Bank transfer (automatic),173.13,7060.72,Yes,2023-03-02
6963-GFLEA,Female,1,No,Yes,23,Yes,No,Fiber optic,No,Yes,No,No,Yes,Yes,Two year,Yes,Electronic check,142.82,3333.21,Yes,2023-03-02
1129-OHSEE,Female,0,No,No,29,Yes,No,Fiber optic,Yes,Yes,No,No,Yes,No,Month-to-month,Yes,Credit card (automatic),148.48,4404.27,Yes,2023-03-02
5225-HQFWW,Female,0,Yes,No,12,Yes,No,Fiber optic,No,Yes,No,No,No,No,Month-to-month,No,Mailed check,151.42,1848.59,Yes,2023-03-02
5978-AUOPZ,Female,0,No,No,25,No,No phone service,Fiber optic,No,No,Yes,Yes,No,No,Month-to-month,No,Electronic check,136.1,3480.06,Yes,2023-03-02
5063-HTECD,Female,1,No,Yes,58,No,No phone service,Fiber optic,Yes,No,No,Yes,Yes,Yes,Month-to-month,Yes,Mailed check,137.24,7799.42,Yes,2023-03-02
9505-PVSBJ,Male,1,No,No,41,Yes,No,Fiber optic,No,No,No,No,Yes,Yes,One year,Yes,Credit card (automatic),151.64,6137.98,No,2023-03-02
9188-ODVXJ,Female,0,Yes,No,45,Yes,No,Fiber optic,No,Yes,No,No,Yes,No,Month-to-month,Yes,Credit card (automatic),162.03,7190.52,Yes,2023-03-02
3706-XNVZK,Male,0,Yes,No,18,Yes,Yes,DSL,No,No,Yes,No,Yes,Yes,Month-to-month,No,Mailed check,141.71,2622.98,No,2023-03-02
5300-BSALU,Female,0,No,Yes,10,Yes,No,Fiber optic,No,Yes,No,No,No,Yes,One year,Yes,Credit card (automatic),137.85,1415.85,No,2023-03-03
3525-JPJCC,Female,0,Yes,No,58,Yes,Yes,Fiber optic,No,Yes,No,No,Yes,Yes,Two year,No,Electronic check,145.94,8692.95,No,2023-03-03
9172-QWXGZ,Male,0,No,Yes,26,Yes,Yes,Fiber optic,No,No,No,No,No,Yes,Month-to-month,Yes,Bank transfer (automatic),145.54,3680.2,Yes,2023-03-03
6996-JOEVJ,Female,0,No,No,50,Yes,No,No,No internet service,No internet service,No internet service,No internet service,No internet service,No internet service,Two year,Yes,Bank transfer (automatic),35.6,1766.58,Yes,2023-03-03
1378-DDOWC,Male,0,Yes,No,31,Yes,Yes,Fiber optic,No,No,No,No,Yes,Yes,Two year,No,Bank transfer (automatic),144.33,4516.56,No,2023-03-03
1119-SSTGT,Male,0,Yes,No,23,Yes,No,Fiber optic,No,No,Yes,No,No,Yes,Two year,No,Bank transfer (automatic),128.39,2936.22,No,2023-03-03
5020-XGNVU,Female,0,Yes,No,17,Yes,No,Fiber optic,Yes,No,Yes,No,No,No,One year,Yes,Electronic check,134.91,2279.46,Yes,2023-03-03
7358-MLBZI,Male,0,Yes,Yes,11,Yes,Yes,Fiber optic,No,Yes,No,No,Yes,No,Month-to-month,Yes,Bank transfer (automatic),170.22,1874.43,Yes,2023-03-03
9137-PRVDY,Male,0,No,No,41,Yes,No,No,No internet service,No internet service,No internet service,No internet service,No internet service,No internet service,Two year,No,Mailed check,38.24,1594.5,Yes,2023-03-03
9759-QMYJH,Male,0,No,No,25,Yes,Yes,Fiber optic,No,No,No,Yes,Yes,Yes,One year,Yes,Electronic check,170.03,4308.53,Yes,2023-03-03
3587-KDJKC,Male,0,No,No,16,Yes,Yes,Fiber optic,Yes,Yes,No,Yes,Yes,Yes,Month-to-month,Yes,Mailed check,176.87,2839.49,Yes,2023-03-03
6218-BYZFL,Male,0,No,No,27,Yes,No,DSL,Yes,No,No,No,Yes,Yes,One year,Yes,Bank transfer (automatic),118.14,3250.21,Yes,2023-03-03
4552-YQSDW,Male,0,No,No,60,Yes,No,DSL,Yes,Yes,Yes,No,Yes,Yes,Month-to-month,Yes,Bank transfer (automatic),138.45,8086.14,Yes,2023-03-03
9970-YJTCB,Male,0,No,No,63,Yes,Yes,DSL,Yes,No,No,No,Yes,Yes,One year,Yes,Bank transfer (automatic),131.74,8394.1,Yes,2023-03-03
6114-KGWIT,Male,1,Yes,No,25,Yes,No,DSL,Yes,Yes,Yes,No,Yes,Yes,One year,Yes,Electronic check,150.08,3718.24,Yes,2023-03-03
8005-ZNBYW,Female,0,Yes,Yes,19,Yes,No,DSL,No,Yes,No,No,No,Yes,One year,No,Credit card (automatic),109.5,2084.7,No,2023-03-03
2956-VRKDM,Female,1,Yes,No,47,Yes,Yes,Fiber optic,Yes,No,Yes,No,Yes,No,One year,Yes,Bank transfer (automatic),172.72,8012.49,Yes,2023-03-03
7208-VZQRP,Female,1,Yes,Yes,52,Yes,No,Fiber optic,Yes,No,Yes,No,Yes,No,Month-to-month,Yes,Bank transfer (automatic),155.47,8130.64,No,2023-03-03
5886-LWKWU,Male,1,No,No,23,Yes,No,No,No internet service,No internet service,No internet service,No internet service,No internet service,No internet service,One year,Yes,Bank transfer (automatic),38.91,902.22,Yes,2023-03-03
1632-AMUBT,Female,0,Yes,No,17,Yes,No,Fiber optic,No,Yes,Yes,Yes,No,No,One year,No,Electronic check,141.64,2461.04,No,2023-03-03
2338-PPLGI,Male,0,Yes,No,27,Yes,No,No,No internet service,No internet service,No internet service,No internet service,No internet service,No internet service,Month-to-month,Yes,Mailed check,41.82,1112.32,Yes,2023-03-03
9604-AHXWP,Female,0,Yes,Yes,29,Yes,No,Fiber optic,No,Yes,Yes,No,Yes,No,Month-to-month,Yes,Bank transfer (automatic),152.69,4514.76,Yes,2023-03-03
1569-VGCVW,Male,0,No,No,18,Yes,No,No,No internet service,No internet service,No internet service,No internet service,No internet service,No internet service,One year,Yes,Electronic check,39.07,692.52,No,2023-03-03
8411-JWMOB,Female,1,Yes,Yes,45,Yes,Yes,Fiber optic,Yes,No,No,Yes,Yes,Yes,One year,Yes,Mailed check,176.14,7964.61,No,2023-03-03
1155-RTBGK,Male,0,No,No,57,Yes,Yes,DSL,No,Yes,No,No,Yes,Yes,Two year,Yes,Bank transfer (automatic),121.14,6770.69,No,2023-03-03
7146-CFBZD,Female,1,Yes,No,39,No,No phone service,Fiber optic,Yes,Yes,No,Yes,Yes,No,Month-to-month,Yes,Credit card (automatic),136.78,5396.89,Yes,2023-03-03
4066-KVFKG,Male,0,Yes,No,15,Yes,Yes,Fiber optic,Yes,Yes,No,No,Yes,No,Month-to-month,No,Bank transfer (automatic),179.56,2629.13,Yes,2023-03-03
2163-ZCNWL,Female,0,Yes,Yes,33,Yes,Yes,DSL,Yes,No,Yes,No,No,Yes,One year,Yes,Electronic check,134.63,4432.76,Yes,2023-03-03
5279-BPVLM,Male,0,Yes,No,63,Yes,No,No,No internet service,No internet service,No internet service,No internet service,No internet service,No internet service,One year,No,Electronic check,46.95,2904.29,No,2023-03-03
5558-EXAKZ,Female,0,Yes,No,22,Yes,No,No,No internet service,No internet service,No internet service,No internet service,No internet service,No internet service,One year,Yes,Mailed check,47.29,1057.12,No,2023-03-03
6009-AARJW,Female,0,Yes,No,55,Yes,No,Fiber optic,No,No,No,No,Yes,No,Month-to-month,No,Credit card (automatic),143.38,7790.96,Yes,2023-03-03
3134-MZUHN,Male,0,Yes,No,50,Yes,No,DSL,Yes,No,Yes,Yes,Yes,Yes,Two year,Yes,Credit card (automatic),117.38,5699.2,Yes,2023-03-03
3843-NAVRW,Male,1,No,No,60,Yes,No,Fiber optic,Yes,No,No,No,No,Yes,Month-to-month,Yes,Electronic check,137.53,8322.33,Yes,2023-03-04
6828-CUFWI,Male,1,Yes,No,47,Yes,Yes,No,No internet service,No internet service,No internet service,No internet service,No internet service,No internet service,One year,Yes,Credit card (automatic),46.08,2119.17,No,2023-03-04
8526-AHJUD,Female,0,Yes,No,50,Yes,Yes,Fiber optic,No,Yes,No,Yes,No,Yes,Two year,Yes,Mailed check,152.47,7800.47,Yes,2023-03-04
5327-XDREA,Male,0,Yes,No,51,Yes,Yes,Fiber optic,Yes,No,No,No,Yes,Yes,Month-to-month,Yes,Bank transfer (automatic),174.6,8998.02,Yes,2023-03-04
7358-TQNMM,Male,0,No,No,56,Yes,No,DSL,Yes,No,Yes,Yes,Yes,Yes,One year,No,Credit card (automatic),125.12,7055.02,Yes,2023-03-04
5549-CCPSS,Female,1,Yes,No,27,No,No phone service,DSL,No,Yes,No,Yes,Yes,Yes,One year,Yes,Electronic check,107.03,2817.61,No,2023-03-04
1629-WIRBG,Male,0,Yes,Yes,37,Yes,Yes,DSL,Yes,Yes,Yes,Yes,Yes,No,Month-to-month,Yes,Mailed check,174.69,6583.43,No,2023-03-04
3578-RRJMX,Female,0,Yes,No,18,Yes,No,Fiber optic,No,No,No,No,Yes,Yes,One year,Yes,Mailed check,143.01,2542.11,No,2023-03-04
3433-WBKHH,Female,0,Yes,No,54,Yes,No,DSL,Yes,Yes,No,No,No,Yes,One year,No,Bank transfer (automatic),117.0,6459.45,No,2023-03-04
1782-PNDSS,Female,0,Yes,Yes,15,Yes,Yes,No,No internet service,No internet service,No internet service,No internet service,No internet service,No internet service,One year,No,Bank transfer (automatic),48.18,725.36,Yes,2023-03-04
2080-MUUBG,Male,0,Yes,Yes,40,Yes,No,Fiber optic,Yes,Yes,Yes,No,Yes,Yes,One year,No,Electronic check,170.09,6641.3,No,2023-03-04
7966-YPFUC,Female,0,Yes,No,13,Yes,No,DSL,No,No,No,No,No,No,Month-to-month,Yes,Mailed check,92.28,1167.03,Yes,2023-03-04
1244-VTNHT,Male,0,Yes,No,16,Yes,Yes,No,No internet service,No internet service,No internet service,No internet service,No internet service,No internet service,Month-to-month,No,Mailed check,51.36,802.2,No,2023-03-04
3200-GXTEH,Female,0,Yes,No,21,Yes,No,No,No internet service,No internet service,No internet service,No internet service,No internet service,No internet service,One year,No,Bank transfer (automatic),47.63,1026.14,Yes,2023-03-04
1976-JSPNK,Male,0,No,No,16,Yes,Yes,DSL,No,Yes,Yes,No,Yes,Yes,One year,Yes,Credit card (automatic),137.67,2241.11,Yes,2023-03-04
8193-JZWEO,Female,0,Yes,No,36,No,No phone service,Fiber optic,No,No,No,No,Yes,No,One year,Yes,Bank transfer (automatic),117.07,4208.16,No,2023-03-04
6800-VYDVB,Male,0,Yes,No,19,No,No phone service,Fiber optic,No,Yes,No,No,No,Yes,Two year,Yes,Bank transfer (automatic),113.55,2165.98,Yes,2023-03-04
4407-DZZKF,Male,0,Yes,Yes,37,Yes,No,Fiber optic,No,No,No,Yes,Yes,No,Two year,Yes,Credit card (automatic),133.1,4891.19,Yes,2023-03-04
5599-OVMDG,Female,0,Yes,No,22,Yes,No,Fiber optic,Yes,No,Yes,No,Yes,Yes,Month-to-month,Yes,Bank transfer (automatic),170.34,3742.9,Yes,2023-03-04
9841-AFJTT,Male,0,Yes,No,27,Yes,No,No,No internet service,No internet service,No internet service,No internet service,No internet service,No internet service,Month-to-month,No,Bank transfer (automatic),51.55,1362.59,Yes,2023-03-04
2093-NOIIE,Female,0,Yes,No,50,Yes,No,No,No internet service,No internet service,No internet service,No internet service,No internet service,No internet service,Month-to-month,Yes,Credit card (automatic),51.68,2509.56,Yes,2023-03-04
7483-IQUII,Male,0,Yes,No,10,Yes,No,DSL,Yes,Yes,Yes,No,Yes,No,One year,Yes,Mailed check,110.86,1084.35,Yes,2023-03-04
1348-YDMAK,Female,0,Yes,Yes,8,Yes,Yes,No,No internet service,No internet service,No internet service,No internet service,No internet service,No internet service,Two year,Yes,Credit card (automatic),55.96,452.91,Yes,2023-03-04
9072-SLBTC,Female,0,Yes,Yes,5,Yes,Yes,No,No internet service,No internet service,No internet service,No internet service,No internet service,No internet service,One year,Yes,Electronic check,62.29,311.16,No,2023-03-04
6854-IRCUW,Female,0,No,Yes,19,Yes,Yes,Fiber optic,No,No,No,No,Yes,Yes,One year,Yes,Electronic check,145.47,2720.05,No,2023-03-04
7051-SIDOU,Male,1,No,No,30,No,No phone service,Fiber optic,No,Yes,Yes,Yes,No,No,Month-to-month,Yes,Credit card (automatic),139.43,4137.31,Yes,2023-03-04
4038-BHGEN,Female,1,No,No,30,Yes,No,DSL,Yes,Yes,No,Yes,Yes,Yes,Month-to-month,Yes,Electronic check,132.5,3881.8,Yes,2023-03-04
5194-YQIQT,Male,0,Yes,Yes,41,Yes,No,Fiber optic,Yes,No,Yes,No,No,Yes,One year,Yes,Electronic check,147.83,6060.18,No,2023-03-04
6680-GNYEP,Female,0,No,No,7,Yes,Yes,Fiber optic,No,No,No,No,Yes,No,One year,Yes,Bank transfer (automatic),147.94,1041.28,Yes,2023-03-04
1158-OFYAX,Male,0,Yes,No,46,Yes,Yes,DSL,Yes,No,Yes,Yes,No,Yes,Two year,Yes,Mailed check,136.07,6279.21,No,2023-03-04
8284-FKEZK,Male,1,Yes,No,49,Yes,Yes,DSL,No,No,No,No,No,No,One year,No,Electronic check,107.24,5318.63,No,2023-03-04
1340-WMLOZ,Male,0,Yes,No,29,Yes,Yes,No,No internet service,No internet service,No internet service,No internet service,No internet service,No internet service,Month-to-month,No,Electronic check,59.02,1661.51,Yes,2023-03-04
6308-HYHON,Male,0,No,No,13,No,No phone service,Fiber optic,No,Yes,Yes,Yes,Yes,No,One year,Yes,Electronic check,127.45,1669.31,No,2023-03-05
5824-VIUIT,Female,0,Yes,No,10,Yes,No,Fiber optic,No,Yes,No,No,No,Yes,Month-to-month,Yes,Credit card (automatic),145.25,1443.66,Yes,2023-03-05
9748-NHCFU,Female,0,No,No,60,Yes,No,No,No internet service,No internet service,No internet service,No internet service,No internet service,No internet service,One year,Yes,Electronic check,37.08,2165.77,Yes,2023-03-05
3152-BZHMK,Female,1,Yes,No,32,Yes,No,DSL,No,No,No,No,Yes,No,Month-to-month,Yes,Bank transfer (automatic),96.73,3018.76,Yes,2023-03-05
1022-FUGOO,Female,0,No,No,23,Yes,Yes,No,No internet service,No internet service,No internet service,No internet service,No internet service,No internet service,Month-to-month,No,Mailed check,62.26,1464.48,Yes,2023-03-05
4225-WJVTX,Female,0,Yes,Yes,42,No,No phone service,Fiber optic,No,No,No,No,Yes,Yes,Month-to-month,Yes,Electronic check,119.17,4878.85,Yes,2023-03-05
1499-KYQEV,Female,0,No,Yes,36,No,No phone service,DSL,Yes,Yes,No,No,Yes,No,One year,No,Electronic check,92.75,3362.95,No,2023-03-05
6889-MGCIU,Female,1,Yes,Yes,26,Yes,Yes,Fiber optic,No,No,No,No,No,Yes,One year,No,Electronic check,140.01,3636.77,No,2023-03-05
2840-SXIZS,Male,0,Yes,Yes,25,Yes,Yes,Fiber optic,No,Yes,No,No,Yes,Yes,Month-to-month,Yes,Credit card (automatic),176.24,4363.68,Yes,2023-03-05
5163-KURHI,Female,0,No,Yes,31,Yes,No,DSL,Yes,No,Yes,Yes,Yes,Yes,Month-to-month,No,Electronic check,147.84,4576.51,Yes,2023-03-05
9361-WYFAR,Female,0,Yes,No,11,Yes,Yes,Fiber optic,No,No,Yes,Yes,No,Yes,Month-to-month,Yes,Electronic check,174.01,1930.99,Yes,2023-03-05
5921-JGCZL,Female,0,No,No,27,Yes,Yes,DSL,Yes,Yes,No,No,Yes,No,Month-to-month,No,Bank transfer (automatic),152.76,4010.07,Yes,2023-03-05
9398-UASMV,Female,0,No,No,34,Yes,No,Fiber optic,Yes,Yes,No,Yes,Yes,Yes,One year,Yes,Electronic check,168.08,5546.36,Yes,2023-03-05
5351-BJDEO,Female,0,Yes,No,7,Yes,Yes,Fiber optic,No,Yes,No,No,Yes,No,Two year,Yes,Credit card (automatic),132.41,934.37,Yes,2023-03-05
7848-BAPNE,Male,0,Yes,No,54,Yes,Yes,Fiber optic,No,No,No,No,Yes,Yes,Two year,Yes,Credit card (automatic),138.4,7573.61,No,2023-03-05
9903-TRGBS,Male,0,Yes,No,35,Yes,Yes,DSL,Yes,No,No,No,Yes,Yes,One year,Yes,Electronic check,129.58,4465.89,Yes,2023-03-05
2670-QGZAT,Female,0,Yes,No,30,Yes,Yes,DSL,No,Yes,No,Yes,Yes,No,One year,Yes,Mailed check,129.14,3877.27,No,2023-03-05
6461-WCPLR,Male,1,No,No,30,Yes,No,DSL,No,No,No,No,Yes,No,Two year,Yes,Credit card (automatic),84.32,2482.47,No,2023-03-05
9125-USMIZ,Female,1,Yes,Yes,31,Yes,No,No,No internet service,No internet service,No internet service,No internet service,No internet service,No internet service,Month-to-month,Yes,Bank transfer (automatic),49.25,1523.83,Yes,2023-03-05
2600-RRIZZ,Female,0,No,No,32,Yes,Yes,DSL,Yes,No,No,No,Yes,Yes,One year,Yes,Bank transfer (automatic),127.91,4148.81,No,2023-03-05
7341-XSPTZ,Male,0,Yes,No,61,Yes,No,No,No internet service,No internet service,No internet service,No internet service,No internet service,No internet service,One year,Yes,Bank transfer (automatic),47.81,2990.5,Yes,2023-03-05
8099-XOQAA,Male,1,Yes,Yes,38,Yes,Yes,No,No internet service,No internet service,No internet service,No internet service,No internet service,No internet service,One year,Yes,Mailed check,63.34,2360.05,No,2023-03-05
7356-WSJOX,Male,0,No,No,53,Yes,No,DSL,Yes,Yes,No,No,Yes,Yes,Month-to-month,No,Electronic check,133.18,7080.62,Yes,2023-03-05
1819-RXXLB,Female,0,Yes,No,46,No,No phone service,Fiber optic,Yes,Yes,No,Yes,Yes,Yes,Month-to-month,Yes,Bank transfer (automatic),153.46,7023.55,No,2023-03-05
5310-OFFVE,Female,0,Yes,No,19,Yes,No,No,No internet service,No internet service,No internet service,No internet service,No internet service,No internet service,Two year,Yes,Bank transfer (automatic),32.6,624.58,No,2023-03-05
5482-AOKBT,Male,0,Yes,No,34,Yes,Yes,Fiber optic,No,No,Yes,No,No,Yes,One year,Yes,Bank transfer (automatic),148.71,5169.31,No,2023-03-05
8455-NTRHN,Female,0,Yes,Yes,8,Yes,No,Fiber optic,No,No,Yes,Yes,No,Yes,Month-to-month,Yes,Mailed check,152.98,1190.12,Yes,2023-03-05
3205-IHOWL,Female,1,No,No,47,Yes,Yes,DSL,Yes,No,No,Yes,No,Yes,Month-to-month,Yes,Electronic check,132.07,6298.66,Yes,2023-03-05
8475-YSEPD,Male,0,Yes,Yes,15,Yes,No,Fiber optic,Yes,No,Yes,No,Yes,No,One year,No,Mailed check,152.03,2294.56,No,2023-03-05
7779-YCAKP,Female,1,Yes,No,22,Yes,No,Fiber optic,Yes,Yes,No,Yes,Yes,Yes,Two year,No,Mailed check,159.88,3540.49,No,2023-03-05
2252-SXWQV,Male,0,No,No,23,Yes,No,Fiber optic,Yes,Yes,Yes,No,Yes,Yes,Month-to-month,Yes,Credit card (automatic),182.65,4299.58,Yes,2023-03-05
2892-GRLYI,Female,0,Yes,No,33,Yes,Yes,No,No internet service,No internet service,No internet service,No internet service,No internet service,No internet service,One year,Yes,Mailed check,54.4,1828.79,No,2023-03-05
1048-YQBCL,Male,0,No,No,15,Yes,Yes,Fiber optic,No,No,No,No,Yes,No,Month-to-month,No,Credit card (automatic),172.39,2637.12,No,2023-03-05
9636-KXBIA,Male,0,Yes,Yes,44,Yes,Yes,Fiber optic,Yes,Yes,Yes,Yes,Yes,No,Two year,Yes,Bank transfer (automatic),171.18,7532.73,Yes,2023-03-05
6027-KDAKD,Female,0,Yes,No,53,No,No phone service,Fiber optic,No,Yes,No,No,Yes,Yes,Month-to-month,No,Mailed check,131.68,6923.6,Yes,2023-03-05
4938-RGPKI,Male,0,No,No,54,Yes,No,Fiber optic,No,Yes,Yes,Yes,Yes,Yes,Two year,Yes,Credit card (automatic),143.17,7755.68,No,2023-03-06
3148-QXINT,Male,0,Yes,Yes,30,Yes,No,DSL,No,No,Yes,Yes,Yes,Yes,Month-to-month,Yes,Bank transfer (automatic),131.56,3943.69,No,2023-03-06
7275-LOJQB,Male,0,No,No,38,No,No phone service,DSL,No,No,Yes,Yes,No,Yes,Month-to-month,Yes,Mailed check,90.04,3384.31,Yes,2023-03-06
4952-ONDTA,Female,1,No,No,49,Yes,No,Fiber optic,No,Yes,No,Yes,Yes,Yes,One year,Yes,Electronic check,162.73,7899.54,No,2023-03-06
1027-QWGCF,Female,0,Yes,No,48,Yes,Yes,Fiber optic,Yes,Yes,No,No,No,Yes,One year,Yes,Credit card (automatic),165.34,7751.25,No,2023-03-06
3352-QHGLS,Female,0,Yes,No,37,Yes,No,Fiber optic,Yes,No,Yes,No,No,Yes,Month-to-month,Yes,Mailed check,162.43,5918.87,Yes,2023-03-06
9151-PZPFF,Female,0,Yes,No,30,Yes,Yes,Fiber optic,Yes,No,No,No,Yes,No,Month-to-month,No,Bank transfer (automatic),158.96,4907.81,Yes,2023-03-06
4994-IMNIL,Female,0,Yes,Yes,20,Yes,No,DSL,No,Yes,No,No,Yes,No,One year,Yes,Mailed check,105.58,2163.55,No,2023-03-06
5007-HFVGL,Male,0,No,No,25,Yes,No,DSL,Yes,Yes,No,Yes,Yes,Yes,Two year,No,Electronic check,125.53,3152.93,No,2023-03-06
6193-EXBXB,Female,0,Yes,No,60,Yes,Yes,Fiber optic,No,No,No,No,Yes,Yes,Month-to-month,Yes,Electronic check,167.15,10231.93,Yes,2023-03-06
8407-EARDU,Female,0,Yes,No,10,No,No phone service,Fiber optic,No,Yes,No,No,Yes,No,Month-to-month,Yes,Bank transfer (automatic),128.12,1278.26,Yes,2023-03-06
7520-SGENW,Male,0,Yes,Yes,18,Yes,No,Fiber optic,No,Yes,Yes,Yes,Yes,No,One year,Yes,Electronic check,158.02,2916.01,No,2023-03-06
3437-FEUFD,Female,0,No,No,17,Yes,No,DSL,No,Yes,No,No,Yes,No,Month-to-month,Yes,Mailed check,117.82,1965.99,Yes,2023-03-06
9162-AYMNE,Female,0,No,No,50,Yes,Yes,No,No internet service,No internet service,No internet service,No internet service,No internet service,No internet service,One year,Yes,Bank transfer (automatic),54.24,2719.94,No,2023-03-06
5520-VQATH,Female,0,Yes,No,28,Yes,No,Fiber optic,No,Yes,Yes,No,No,Yes,Two year,No,Mailed check,131.89,3779.54,No,2023-03-06
8119-DMNIL,Female,1,No,Yes,41,Yes,No,Fiber optic,Yes,No,Yes,No,Yes,No,Two year,No,Bank transfer (automatic),130.06,5394.64,Yes,2023-03-06
7482-BZGXW,Female,0,Yes,Yes,29,No,No phone service,No,No internet service,No internet service,No internet service,No internet service,No internet service,No internet service,Month-to-month,Yes,Electronic check,18.98,541.24,Yes,2023-03-06
6259-LMUBU,Male,0,No,No,63,Yes,Yes,Fiber optic,No,Yes,No,No,Yes,Yes,Two year,Yes,Bank transfer (automatic),159.41,10098.52,Yes,2023-03-06
4100-XUESY,Female,0,No,No,34,No,No phone service,Fiber optic,Yes,No,Yes,No,Yes,No,One year,No,Mailed check,124.58,4133.04,No,2023-03-06
9256-UQHXU,Male,0,Yes,No,36,No,No phone service,Fiber optic,No,Yes,No,Yes,Yes,Yes,One year,Yes,Credit card (automatic),128.72,4771.08,No,2023-03-06
5197-VUZAA,Female,0,No,Yes,44,Yes,No,Fiber optic,Yes,No,Yes,No,Yes,Yes,Month-to-month,Yes,Electronic check,167.31,7476.2,Yes,2023-03-06
3725-THVDU,Male,0,Yes,No,29,Yes,No,Fiber optic,No,Yes,No,No,Yes,Yes,Month-to-month,No,Electronic check,162.0,4805.0,Yes,2023-03-06
3543-ZUUQN,Male,1,No,Yes,11,Yes,No,Fiber optic,Yes,No,No,No,Yes,Yes,Two year,Yes,Credit card (automatic),137.18,1553.85,No,2023-03-06
9494-DKIWP,Female,0,No,No,35,Yes,No,Fiber optic,No,No,Yes,Yes,No,Yes,One year,Yes,Bank transfer (automatic),148.42,5170.79,Yes,2023-03-06
9503-MGUYJ,Female,1,Yes,Yes,41,Yes,Yes,Fiber optic,Yes,No,No,No,Yes,Yes,Month-to-month,Yes,Bank transfer (automatic),162.56,6762.94,Yes,2023-03-07
9040-SDXYN,Female,0,Yes,No,31,Yes,No,Fiber optic,Yes,No,Yes,Yes,Yes,No,One year,Yes,Credit card (automatic),156.72,4877.73,Yes,2023-03-07
7526-BMMBA,Male,0,Yes,No,21,Yes,Yes,Fiber optic,No,Yes,No,Yes,No,Yes,Two year,Yes,Mailed check,141.7,2993.96,Yes,2023-03-07
6881-OZHZR,Female,0,Yes,No,27,Yes,Yes,Fiber optic,Yes,Yes,Yes,No,Yes,Yes,Two year,Yes,Mailed check,168.72,4550.85,Yes,2023-03-07
1928-UVVUV,Male,0,No,Yes,28,Yes,Yes,DSL,Yes,No,No,No,Yes,No,One year,Yes,Credit card (automatic),122.72,3382.33,Yes,2023-03-07
1412-VDOOJ,Female,0,No,No,42,Yes,Yes,Fiber optic,No,Yes,No,No,Yes,Yes,Month-to-month,No,Credit card (automatic),177.49,7567.41,Yes,2023-03-07
7672-LCDIC,Male,0,Yes,No,32,No,No phone service,DSL,No,No,No,No,Yes,Yes,Two year,Yes,Credit card (automatic),79.11,2594.49,No,2023-03-07
3160-KXNYB,Female,0,Yes,No,43,Yes,Yes,Fiber optic,No,Yes,No,No,Yes,No,Two year,Yes,Mailed check,148.15,6457.0,No,2023-03-07
1250-GGOLH,Male,0,Yes,No,34,Yes,No,No,No internet service,No internet service,No internet service,No internet service,No internet service,No internet service,Month-to-month,Yes,Credit card (automatic),40.0,1328.55,Yes,2023-03-07
3550-LSLDM,Male,0,No,No,31,Yes,No,DSL,No,Yes,No,No,Yes,Yes,Month-to-month,Yes,Bank transfer (automatic),120.69,3810.47,No,2023-03-07
5822-MVLYX,Male,0,Yes,Yes,58,Yes,No,DSL,No,Yes,Yes,Yes,Yes,No,Month-to-month,Yes,Credit card (automatic),135.73,7800.81,Yes,2023-03-07
2485-KYXSS,Male,0,Yes,No,51,Yes,No,Fiber optic,No,No,Yes,No,Yes,Yes,Month-to-month,Yes,Credit card (automatic),151.99,7541.67,Yes,2023-03-07
1214-OKEYE,Male,0,No,No,32,Yes,Yes,DSL,Yes,No,No,No,Yes,Yes,One year,No,Electronic check,120.97,3917.94,No,2023-03-07
2034-GERYG,Male,0,No,No,56,Yes,No,DSL,No,Yes,No,Yes,No,Yes,Month-to-month,Yes,Electronic check,119.48,6873.85,Yes,2023-03-07
4337-TTCFF,Male,0,No,No,47,Yes,No,Fiber optic,No,No,Yes,No,Yes,Yes,Month-to-month,Yes,Credit card (automatic),155.76,7107.86,No,2023-03-07
6045-ZEJGM,Female,0,Yes,Yes,38,Yes,Yes,No,No internet service,No internet service,No internet service,No internet service,No internet service,No internet service,Month-to-month,Yes,Mailed check,56.52,2189.53,Yes,2023-03-07
5825-YMSWB,Male,0,Yes,No,22,Yes,Yes,Fiber optic,Yes,No,No,No,Yes,No,One year,Yes,Mailed check,157.51,3558.85,No,2023-03-07
8777-GVEEI,Female,0,No,No,44,Yes,No,DSL,Yes,No,No,No,Yes,No,Month-to-month,Yes,Mailed check,125.39,5593.85,Yes,2023-03-07
1773-FJCKP,Female,0,Yes,Yes,54,Yes,No,No,No internet service,No internet service,No internet service,No internet service,No internet service,No internet service,One year,Yes,Credit card (automatic),35.02,1904.95,No,2023-03-07
9254-SCZRZ,Female,0,Yes,No,37,Yes,No,Fiber optic,No,Yes,No,No,Yes,No,Month-to-month,Yes,Credit card (automatic),150.01,5604.37,No,2023-03-07
4863-XXNXG,Male,0,Yes,No,32,Yes,No,Fiber optic,No,Yes,No,No,No,No,Month-to-month,No,Mailed check,129.78,4265.29,Yes,2023-03-07
1551-LXLVV,Male,0,Yes,No,57,Yes,No,Fiber optic,No,Yes,Yes,Yes,Yes,Yes,Month-to-month,No,Electronic check,169.14,9467.39,Yes,2023-03-07
1653-RXUEG,Male,0,No,No,13,Yes,No,No,No internet service,No internet service,No internet service,No internet service,No internet service,No internet service,One year,No,Credit card (automatic),45.2,599.35,Yes,2023-03-07
7527-JEKCB,Female,0,Yes,No,45,Yes,Yes,Fiber optic,Yes,No,Yes,No,No,Yes,Month-to-month,Yes,Electronic check,173.94,7877.65,Yes,2023-03-08
8774-BTTOF,Female,0,Yes,No,37,Yes,Yes,DSL,No,Yes,Yes,No,Yes,Yes,Month-to-month,Yes,Electronic check,141.38,5310.34,Yes,2023-03-08
7947-MQQHP,Male,1,No,No,49,Yes,Yes,No,No internet service,No internet service,No internet service,No internet service,No internet service,No internet service,One year,No,Mailed check,56.5,2701.33,Yes,2023-03-08
5216-EHOBB,Female,0,Yes,No,40,Yes,Yes,Fiber optic,Yes,No,No,Yes,Yes,Yes,Month-to-month,Yes,Electronic check,176.75,6946.29,Yes,2023-03-08
8217-QHLHK,Female,0,Yes,Yes,10,Yes,Yes,DSL,Yes,No,Yes,No,Yes,No,Month-to-month,Yes,Mailed check,141.41,1416.31,Yes,2023-03-08
7646-NYXQI,Male,0,No,No,48,Yes,Yes,DSL,No,Yes,No,No,Yes,Yes,Two year,No,Mailed check,127.92,6234.43,No,2023-03-08
5998-KRPXR,Female,0,Yes,No,26,Yes,No,No,No internet service,No internet service,No internet service,No internet service,No internet service,No internet service,Month-to-month,No,Bank transfer (automatic),44.69,1183.33,No,2023-03-08
5089-IVAGT,Female,0,Yes,No,27,Yes,No,Fiber optic,No,Yes,Yes,No,Yes,Yes,Month-to-month,Yes,Electronic check,156.92,4212.16,Yes,2023-03-08
1686-OBMKG,Male,0,No,Yes,33,Yes,No,DSL,Yes,Yes,Yes,No,No,Yes,Month-to-month,Yes,Mailed check,135.95,4397.58,Yes,2023-03-08
2591-JJOYO,Male,0,No,No,40,Yes,Yes,Fiber optic,Yes,No,No,No,No,No,One year,Yes,Electronic check,155.3,6235.02,No,2023-03-08
4398-IZOTG,Female,0,Yes,No,37,Yes,No,Fiber optic,No,No,No,Yes,No,Yes,Month-to-month,No,Mailed check,144.97,5463.95,Yes,2023-03-08
7844-FTVLI,Male,0,No,No,45,Yes,Yes,DSL,No,No,Yes,No,Yes,Yes,Two year,Yes,Electronic check,129.99,5961.45,Yes,2023-03-08
3051-CUWRX,Female,0,No,Yes,31,Yes,No,Fiber optic,Yes,No,Yes,No,Yes,Yes,Month-to-month,No,Bank transfer (automatic),168.66,5119.11,Yes,2023-03-08
4653-XMKZO,Male,0,No,No,29,No,No phone service,Fiber optic,No,No,No,No,Yes,Yes,One year,No,Mailed check,116.22,3442.18,Yes,2023-03-08
9379-OXDWL,Female,0,Yes,No,46,Yes,Yes,Fiber optic,No,No,No,Yes,Yes,Yes,One year,Yes,Credit card (automatic),172.51,7727.12,No,2023-03-08
6461-EMBNL,Female,0,Yes,No,29,Yes,No,No,No internet service,No internet service,No internet service,No internet service,No internet service,No internet service,One year,Yes,Bank transfer (automatic),52.61,1507.52,Yes,2023-03-08
1341-GSJIJ,Male,0,Yes,No,35,Yes,Yes,DSL,Yes,No,Yes,Yes,Yes,No,One year,Yes,Mailed check,133.37,4753.91,Yes,2023-03-08
1109-MVJHY,Male,0,No,Yes,22,Yes,No,No,No internet service,No internet service,No internet service,No internet service,No internet service,No internet service,Month-to-month,No,Credit card (automatic),46.58,1027.21,No,2023-03-08
6876-FIPSF,Female,0,Yes,No,29,Yes,Yes,DSL,Yes,No,No,Yes,Yes,Yes,Two year,Yes,Electronic check,131.25,3706.13,Yes,2023-03-08
4640-JBZOL,Male,0,Yes,No,58,Yes,No,Fiber optic,Yes,No,No,Yes,Yes,Yes,Month-to-month,No,Electronic check,167.09,9733.43,Yes,2023-03-08
3438-IMZNA,Female,1,Yes,No,39,Yes,No,Fiber optic,Yes,Yes,Yes,No,Yes,Yes,Two year,Yes,Credit card (automatic),142.12,5629.0,Yes,2023-03-08
9141-FGDLE,Male,1,No,Yes,14,Yes,No,DSL,No,No,Yes,Yes,Yes,No,One year,Yes,Bank transfer (automatic),110.25,1553.41,No,2023-03-08
8206-REUDP,Female,0,Yes,No,58,Yes,Yes,Fiber optic,No,No,Yes,Yes,Yes,Yes,Month-to-month,No,Electronic check,196.97,11516.04,Yes,2023-03-08
7652-UIQSX,Female,0,No,No,57,Yes,Yes,DSL,Yes,No,Yes,Yes,Yes,Yes,Month-to-month,Yes,Bank transfer (automatic),159.86,9116.46,Yes,2023-03-08
1800-FWDJI,Male,0,No,No,57,Yes,Yes,Fiber optic,Yes,Yes,No,Yes,Yes,Yes,Month-to-month,No,Bank transfer (automatic),196.21,11340.44,No,2023-03-08
6647-BARHD,Female,1,Yes,No,8,Yes,No,DSL,Yes,Yes,Yes,No,Yes,No,Two year,Yes,Electronic check,118.88,929.52,No,2023-03-08
9891-CDBID,Female,0,Yes,Yes,10,Yes,Yes,DSL,No,No,Yes,No,Yes,Yes,Two year,Yes,Bank transfer (automatic),121.48,1226.07,Yes,2023-03-08
9439-GZXNB,Male,0,Yes,Yes,17,Yes,No,No,No internet service,No internet service,No internet service,No internet service,No internet service,No internet service,Two year,Yes,Bank transfer (automatic),37.25,644.54,Yes,2023-03-08
7239-ILFOJ,Male,1,No,No,28,Yes,Yes,Fiber optic,Yes,No,No,Yes,No,Yes,One year,No,Mailed check,162.54,4655.42,No,2023-03-08
8345-JPOUS,Male,0,Yes,No,51,Yes,No,Fiber optic,No,Yes,No,Yes,Yes,No,Two year,Yes,Credit card (automatic),140.3,7124.03,Yes,2023-03-08
3963-BFKXP,Female,0,Yes,No,37,Yes,No,DSL,No,No,No,Yes,Yes,Yes,Month-to-month,Yes,Bank transfer (automatic),121.06,4525.62,Yes,2023-03-08
2829-JGBII,Female,0,No,No,24,Yes,Yes,No,No internet service,No internet service,No internet service,No internet service,No internet service,No internet service,Month-to-month,Yes,Electronic check,56.8,1349.7,Yes,2023-03-08
3150-IYLAG,Male,0,No,No,22,Yes,Yes,DSL,Yes,No,Yes,No,Yes,Yes,Month-to-month,Yes,Mailed check,162.09,3506.65,No,2023-03-08
5636-PNKDS,Female,0,Yes,Yes,28,Yes,Yes,Fiber optic,No,Yes,Yes,No,Yes,Yes,Month-to-month,No,Mailed check,192.06,5283.35,Yes,2023-03-08
1647-PHIWG,Female,0,Yes,No,23,Yes,No,No,No internet service,No internet service,No internet service,No internet service,No internet service,No internet service,Month-to-month,No,Credit card (automatic),50.16,1150.8,No,2023-03-08
3021-JDXZF,Male,0,No,No,43,Yes,No,DSL,Yes,No,Yes,No,No,No,One year,Yes,Electronic check,106.56,4563.83,No,2023-03-08
3117-IONPJ,Male,0,No,Yes,22,Yes,No,Fiber optic,Yes,No,Yes,No,No,Yes,Two year,Yes,Bank transfer (automatic),132.68,2917.91,Yes,2023-03-09
7838-HFHZC,Female,1,Yes,No,23,Yes,No,Fiber optic,No,Yes,No,No,Yes,No,Month-to-month,No,Mailed check,140.77,3310.65,Yes,2023-03-09
9463-YSWCX,Female,0,Yes,No,13,No,No phone service,No,No internet service,No internet service,No internet service,No internet service,No internet service,No internet service,Two year,No,Bank transfer (automatic),18.5,245.13,No,2023-03-09
6158-LGYEL,Male,0,No,No,66,Yes,Yes,Fiber optic,Yes,Yes,No,No,No,Yes,Month-to-month,Yes,Mailed check,189.12,12527.81,Yes,2023-03-09
2893-CBLVE,Male,1,No,No,49,Yes,Yes,DSL,No,Yes,Yes,No,Yes,No,Month-to-month,No,Mailed check,128.65,6139.45,Yes,2023-03-09
3288-AFCSK,Male,0,No,No,20,No,No phone service,DSL,No,No,No,No,No,Yes,Month-to-month,No,Credit card (automatic),85.66,1716.32,Yes,2023-03-09
7756-SRGWD,Male,1,No,No,50,Yes,No,Fiber optic,Yes,No,No,Yes,Yes,No,One year,Yes,Electronic check,153.05,7711.41,Yes,2023-03-09
7360-WRJMN,Male,0,No,No,18,Yes,Yes,No,No internet service,No internet service,No internet service,No internet service,No internet service,No internet service,Two year,Yes,Electronic check,71.12,1272.42,Yes,2023-03-09
3213-ZSEPQ,Male,1,No,No,32,Yes,No,Fiber optic,No,Yes,No,Yes,Yes,Yes,Two year,Yes,Credit card (automatic),152.39,5003.71,No,2023-03-09
2270-IYPVD,Male,0,Yes,No,38,Yes,No,Fiber optic,Yes,No,No,Yes,Yes,Yes,Two year,Yes,Credit card (automatic),148.18,5718.48,No,2023-03-09
2600-MMYEI,Male,0,Yes,Yes,35,Yes,Yes,DSL,Yes,Yes,Yes,Yes,Yes,Yes,Month-to-month,Yes,Credit card (automatic),167.37,5715.82,Yes,2023-03-09
7561-XRHED,Male,0,Yes,No,10,Yes,No,No,No internet service,No internet service,No internet service,No internet service,No internet service,No internet service,One year,No,Credit card (automatic),47.09,482.26,No,2023-03-09
6670-ORTEV,Female,0,Yes,No,15,Yes,No,DSL,Yes,No,Yes,No,Yes,No,One year,Yes,Credit card (automatic),115.32,1708.22,No,2023-03-09
8871-ILPUS,Male,0,No,Yes,45,Yes,Yes,Fiber optic,Yes,No,Yes,Yes,Yes,Yes,One year,No,Credit card (automatic),175.33,7961.81,No,2023-03-09
9370-FVFAT,Male,0,Yes,Yes,38,Yes,Yes,DSL,No,No,Yes,No,Yes,Yes,One year,No,Credit card (automatic),130.25,5089.57,Yes,2023-03-09
3614-HZGOB,Male,0,Yes,No,45,Yes,Yes,Fiber optic,No,Yes,No,Yes,No,Yes,One year,No,Credit card (automatic),156.73,6956.41,No,2023-03-09
9589-BXSES,Female,0,Yes,No,9,Yes,Yes,Fiber optic,No,No,No,Yes,No,Yes,Month-to-month,No,Mailed check,168.47,1495.71,Yes,2023-03-09
6014-NAKDA,Male,0,Yes,No,36,Yes,No,DSL,No,No,Yes,Yes,Yes,No,One year,No,Bank transfer (automatic),122.84,4388.48,No,2023-03-09
3484-DTFMG,Male,0,No,No,23,Yes,No,DSL,No,No,Yes,No,Yes,Yes,Two year,No,Electronic check,97.14,2249.41,Yes,2023-03-09
2714-HOOFB,Male,1,Yes,No,21,Yes,No,Fiber optic,Yes,No,No,No,Yes,No,Two year,Yes,Credit card (automatic),124.89,2573.6,No,2023-03-09
1520-PUGXK,Male,0,Yes,No,5,Yes,No,DSL,Yes,No,Yes,No,Yes,Yes,Month-to-month,No,Electronic check,139.27,714.31,Yes,2023-03-09
7861-AEFPA,Male,0,Yes,No,35,Yes,No,DSL,Yes,No,No,No,No,No,Month-to-month,Yes,Electronic check,107.65,3679.49,Yes,2023-03-09
6522-SMUII,Female,0,No,No,37,Yes,Yes,Fiber optic,No,Yes,Yes,No,Yes,No,Month-to-month,Yes,Credit card (automatic),177.31,6446.75,Yes,2023-03-09
8780-WROSU,Female,0,No,No,17,Yes,Yes,Fiber optic,No,No,No,No,Yes,Yes,Month-to-month,Yes,Mailed check,160.04,2676.95,Yes,2023-03-10
9890-MFOYM,Male,0,Yes,Yes,24,Yes,Yes,DSL,Yes,No,No,Yes,Yes,Yes,Month-to-month,No,Bank transfer (automatic),147.74,3508.93,No,2023-03-10
8974-RPOLS,Female,0,Yes,No,29,No,No phone service,Fiber optic,Yes,Yes,Yes,No,Yes,Yes,Two year,Yes,Mailed check,137.47,3939.19,No,2023-03-10
4213-ABVQF,Female,0,Yes,No,45,Yes,Yes,DSL,No,No,Yes,Yes,Yes,No,Month-to-month,No,Mailed check,140.19,6217.14,Yes,2023-03-10
3250-FTFAM,Male,0,No,No,37,Yes,Yes,Fiber optic,Yes,No,No,Yes,Yes,Yes,Month-to-month,Yes,Credit card (automatic),188.43,7109.38,Yes,2023-03-10
6407-TEBXU,Female,0,Yes,No,32,No,No phone service,No,No internet service,No internet service,No internet service,No internet service,No internet service,No internet service,Month-to-month,No,Bank transfer (automatic),25.54,837.93,No,2023-03-10
2424-YKICC,Male,0,No,No,17,Yes,No,Fiber optic,Yes,Yes,Yes,Yes,Yes,Yes,One year,No,Credit card (automatic),185.29,3098.67,No,2023-03-10
3372-GKLTA,Female,0,No,No,13,No,No phone service,DSL,No,No,No,Yes,Yes,Yes,Month-to-month,No,Mailed check,94.2,1224.81,No,2023-03-10
8400-OVGRK,Male,0,Yes,No,9,Yes,Yes,Fiber optic,No,No,No,No,Yes,Yes,Month-to-month,Yes,Electronic check,167.24,1460.9,Yes,2023-03-10
9682-XQZAY,Female,0,No,No,25,Yes,No,Fiber optic,No,Yes,No,No,Yes,Yes,One year,No,Bank transfer (automatic),151.5,3813.31,No,2023-03-10
7240-IVHTM,Male,0,No,No,36,Yes,Yes,Fiber optic,No,No,No,No,Yes,Yes,One year,No,Electronic check,157.1,5613.91,Yes,2023-03-10
7503-SXJPU,Male,1,Yes,Yes,18,Yes,No,DSL,Yes,Yes,Yes,Yes,Yes,Yes,One year,No,Electronic check,157.23,2872.19,Yes,2023-03-10
6746-NWEXP,Male,0,No,No,11,Yes,Yes,DSL,No,Yes,Yes,No,No,Yes,One year,No,Credit card (automatic),130.21,1425.25,Yes,2023-03-10
7994-DIJDH,Female,0,Yes,No,10,Yes,Yes,Fiber optic,No,No,No,No,Yes,Yes,One year,No,Electronic check,159.81,1561.98,Yes,2023-03-10
8890-CEAFC,Female,0,No,No,23,Yes,No,Fiber optic,Yes,No,Yes,No,Yes,Yes,One year,No,Electronic check,155.11,3616.33,Yes,2023-03-10
8086-ZSDDL,Female,1,Yes,No,44,Yes,No,Fiber optic,No,No,Yes,No,Yes,Yes,Two year,No,Electronic check,141.5,6097.02,No,2023-03-10
8993-ZRGZA,Female,0,No,No,24,Yes,No,No,No internet service,No internet service,No internet service,No internet service,No internet service,No internet service,Two year,No,Electronic check,43.56,1048.25,Yes,2023-03-10
7972-FEDDC,Male,1,Yes,No,22,Yes,No,No,No internet service,No internet service,No internet service,No internet service,No internet service,No internet service,Month-to-month,No,Mailed check,53.01,1152.57,Yes,2023-03-10
7046-IAOSL,Male,1,Yes,No,16,Yes,No,Fiber optic,Yes,No,Yes,No,Yes,Yes,One year,No,Mailed check,163.24,2592.13,No,2023-03-10
6080-EEJXT,Female,1,No,No,41,Yes,No,Fiber optic,No,No,No,Yes,Yes,No,Two year,Yes,Credit card (automatic),130.7,5280.31,Yes,2023-03-10
6260-CIIFO,Female,0,No,Yes,55,Yes,No,DSL,No,Yes,Yes,Yes,No,No,Two year,Yes,Credit card (automatic),101.8,5725.56,Yes,2023-03-10
1197-RPYNR,Male,0,Yes,No,35,Yes,No,Fiber optic,Yes,Yes,Yes,Yes,Yes,Yes,Two year,Yes,Credit card (automatic),156.9,5353.59,No,2023-03-10
8865-UAFGG,Female,0,No,No,11,Yes,Yes,Fiber optic,No,Yes,Yes,No,Yes,Yes,One year,Yes,Credit card (automatic),173.17,1873.88,No,2023-03-10
3223-DDMJG,Female,1,Yes,No,63,Yes,No,Fiber optic,Yes,No,No,No,No,Yes,Month-to-month,Yes,Credit card (automatic),153.44,9728.72,Yes,2023-03-10
6077-TPFMQ,Female,0,No,No,9,Yes,No,Fiber optic,No,No,Yes,No,Yes,Yes,One year,Yes,Credit card (automatic),155.28,1371.13,No,2023-03-10
7418-CBMXP,Female,0,No,Yes,5,Yes,No,DSL,No,Yes,Yes,No,Yes,Yes,Two year,Yes,Credit card (automatic),115.81,590.89,No,2023-03-10
4682-UHFYV,Male,1,Yes,Yes,33,Yes,No,No,No internet service,No internet service,No internet service,No internet service,No internet service,No internet service,Month-to-month,No,Electronic check,44.18,1478.95,Yes,2023-03-10
9164-ULAHJ,Male,0,No,No,17,Yes,No,Fiber optic,Yes,No,Yes,No,Yes,No,Two year,No,Credit card (automatic),146.25,2533.44,Yes,2023-03-10
9722-CGYBI,Female,0,Yes,Yes,28,Yes,No,DSL,No,No,Yes,Yes,Yes,No,Month-to-month,Yes,Credit card (automatic),122.1,3450.84,Yes,2023-03-10
8885-UUCJW,Male,0,No,Yes,37,Yes,No,Fiber optic,No,Yes,Yes,Yes,Yes,Yes,One year,No,Bank transfer (automatic),164.78,6164.31,No,2023-03-10
3123-WPIEU,Female,0,No,No,46,Yes,Yes,Fiber optic,No,No,Yes,No,Yes,Yes,One year,No,Electronic check,159.32,7501.18,Yes,2023-03-11
9923-FCKIG,Female,1,No,No,24,No,No phone service,DSL,Yes,No,No,No,Yes,Yes,One year,Yes,Bank transfer (automatic),100.27,2475.41,Yes,2023-03-11
7183-PCPCX,Male,0,Yes,No,18,Yes,No,Fiber optic,No,No,No,No,No,Yes,Month-to-month,Yes,Mailed check,145.68,2625.68,Yes,2023-03-11
1867-RUGHL,Female,0,No,No,39,Yes,No,DSL,No,No,Yes,No,No,Yes,Month-to-month,Yes,Credit card (automatic),122.11,4876.34,Yes,2023-03-11
2964-KCZQF,Male,1,Yes,No,38,Yes,No,No,No internet service,No internet service,No internet service,No internet service,No internet service,No internet service,Month-to-month,No,Bank transfer (automatic),51.5,1965.62,Yes,2023-03-11
4247-CAHNY,Female,0,No,No,27,Yes,No,Fiber optic,Yes,Yes,No,No,Yes,Yes,One year,No,Credit card (automatic),154.96,4147.63,No,2023-03-11
3662-VCQAZ,Female,0,Yes,No,28,No,No phone service,DSL,No,Yes,Yes,No,Yes,Yes,Month-to-month,Yes,Electronic check,104.09,2869.44,Yes,2023-03-11
6196-APPZW,Male,1,Yes,No,14,Yes,No,Fiber optic,Yes,No,Yes,Yes,Yes,Yes,One year,Yes,Credit card (automatic),166.87,2372.16,No,2023-03-11
1229-YDRKI,Female,1,Yes,Yes,18,Yes,No,No,No internet service,No internet service,No internet service,No internet service,No internet service,No internet service,Month-to-month,Yes,Mailed check,44.6,818.22,Yes,2023-03-11
8875-IARXV,Male,0,No,No,9,Yes,Yes,DSL,No,No,No,No,No,No,Month-to-month,Yes,Bank transfer (automatic),106.36,980.81,Yes,2023-03-11
2776-LPJJC,Female,1,No,No,21,Yes,No,Fiber optic,No,No,No,No,No,Yes,One year,Yes,Credit card (automatic),133.43,2808.6,Yes,2023-03-11
9555-ERTJK,Male,1,No,No,39,Yes,No,Fiber optic,No,Yes,No,No,Yes,No,Month-to-month,Yes,Mailed check,156.03,6233.76,No,2023-03-11
8533-MNLPY,Male,0,No,Yes,30,Yes,Yes,DSL,No,No,No,Yes,Yes,No,Month-to-month,Yes,Electronic check,135.38,3963.04,Yes,2023-03-11
2030-CHOGR,Female,0,No,No,11,Yes,No,Fiber optic,Yes,Yes,Yes,Yes,Yes,Yes,One year,No,Credit card (automatic),172.65,1883.71,No,2023-03-11
5885-GDAQT,Female,0,Yes,No,27,Yes,No,Fiber optic,Yes,No,No,Yes,Yes,No,One year,Yes,Mailed check,143.23,3913.77,No,2023-03-11
3765-NOTTS,Female,0,No,No,47,Yes,No,DSL,No,Yes,Yes,Yes,Yes,No,One year,Yes,Electronic check,128.35,5988.45,Yes,2023-03-11
8134-IKVWB,Male,0,No,Yes,28,Yes,No,No,No internet service,No internet service,No internet service,No internet service,No internet service,No internet service,Month-to-month,Yes,Mailed check,41.74,1190.76,Yes,2023-03-11
9323-CITPI,Female,0,No,No,28,Yes,No,Fiber optic,No,No,Yes,Yes,Yes,Yes,Month-to-month,Yes,Credit card (automatic),168.19,4742.75,No,2023-03-11
8276-LTJPJ,Female,1,Yes,No,33,Yes,No,Fiber optic,No,No,Yes,Yes,Yes,Yes,Two year,Yes,Electronic check,151.91,5117.49,Yes,2023-03-11
3826-BWIGH,Male,0,No,Yes,43,Yes,No,Fiber optic,No,Yes,Yes,No,Yes,No,Month-to-month,Yes,Electronic check,153.33,6612.76,Yes,2023-03-11
8953-MRTNY,Male,0,Yes,No,21,Yes,No,Fiber optic,No,Yes,No,No,Yes,Yes,Two year,Yes,Credit card (automatic),137.78,2953.02,No,2023-03-11
8103-FMENM,Female,0,No,Yes,26,Yes,Yes,Fiber optic,No,No,No,Yes,Yes,Yes,Month-to-month,Yes,Credit card (automatic),172.72,4443.96,No,2023-03-11
4628-RPOYL,Male,0,No,No,36,Yes,No,Fiber optic,No,No,Yes,Yes,Yes,Yes,Month-to-month,No,Credit card (automatic),171.23,6017.98,Yes,2023-03-11
6783-KDPSG,Male,0,Yes,No,32,Yes,No,Fiber optic,Yes,Yes,Yes,No,Yes,Yes,Two year,Yes,Credit card (automatic),162.87,5196.9,No,2023-03-11
3197-ICDRY,Female,0,No,Yes,33,Yes,Yes,DSL,No,No,No,Yes,Yes,Yes,Two year,Yes,Electronic check,127.61,4133.74,No,2023-03-11
6971-LFZVV,Male,0,Yes,No,30,Yes,No,DSL,No,No,No,Yes,Yes,Yes,Two year,Yes,Credit card (automatic),118.11,3577.84,No,2023-03-11
5090-RQWBO,Female,1,No,No,17,Yes,No,DSL,Yes,Yes,No,No,Yes,Yes,Two year,Yes,Electronic check,111.97,1940.35,Yes,2023-03-12
9812-WFSVB,Female,0,Yes,No,21,Yes,Yes,No,No internet service,No internet service,No internet service,No internet service,No internet service,No internet service,One year,Yes,Bank transfer (automatic),64.33,1337.32,No,2023-03-12
5410-TKHIE,Male,0,Yes,Yes,38,Yes,Yes,DSL,No,No,Yes,No,No,Yes,One year,Yes,Mailed check,133.31,5109.47,Yes,2023-03-12
9140-MFXZJ,Female,0,No,Yes,24,Yes,No,Fiber optic,Yes,Yes,No,No,No,Yes,Month-to-month,No,Mailed check,157.02,3837.72,No,2023-03-12
9773-UEFZQ,Female,0,Yes,No,42,Yes,No,Fiber optic,No,Yes,Yes,Yes,No,Yes,Month-to-month,Yes,Credit card (automatic),173.38,7200.88,Yes,2023-03-12
3017-NXWLD,Male,0,No,No,45,Yes,Yes,No,No internet service,No internet service,No internet service,No internet service,No internet service,No internet service,Month-to-month,Yes,Electronic check,64.76,2967.06,Yes,2023-03-12
3961-BQPCU,Male,0,No,No,55,Yes,No,No,No internet service,No internet service,No internet service,No internet service,No internet service,No internet service,Month-to-month,Yes,Credit card (automatic),46.49,2545.0,Yes,2023-03-12
5011-HDRAM,Female,0,Yes,No,3,Yes,No,Fiber optic,No,Yes,No,No,Yes,Yes,Month-to-month,Yes,Mailed check,161.51,480.45,Yes,2023-03-12
9236-USNHU,Female,0,Yes,Yes,42,Yes,Yes,Fiber optic,No,No,Yes,Yes,Yes,No,Month-to-month,Yes,Bank transfer (automatic),179.82,7456.15,No,2023-03-12
9825-WPBBM,Male,0,Yes,No,43,Yes,No,Fiber optic,Yes,Yes,Yes,Yes,Yes,Yes,Two year,Yes,Bank transfer (automatic),163.48,7096.82,Yes,2023-03-12
2307-YCBJH,Female,0,Yes,No,48,Yes,Yes,Fiber optic,No,Yes,No,Yes,Yes,Yes,One year,No,Bank transfer (automatic),174.51,8484.15,No,2023-03-12
4245-LBRCU,Female,0,Yes,No,12,Yes,Yes,DSL,Yes,Yes,No,No,Yes,Yes,Month-to-month,Yes,Mailed check,145.87,1744.85,Yes,2023-03-12
7219-FOUJX,Female,1,Yes,No,31,Yes,No,Fiber optic,Yes,Yes,No,No,Yes,Yes,Month-to-month,Yes,Bank transfer (automatic),155.94,4760.56,Yes,2023-03-12
4509-LJTMR,Female,0,No,No,31,Yes,Yes,Fiber optic,Yes,Yes,Yes,Yes,Yes,Yes,Two year,Yes,Bank transfer (automatic),184.37,5811.1,Yes,2023-03-12
3609-GBSMA,Female,0,Yes,No,4,Yes,Yes,Fiber optic,No,Yes,No,No,Yes,Yes,One year,Yes,Bank transfer (automatic),159.52,631.98,No,2023-03-12
4707-YTFLO,Female,0,Yes,No,25,Yes,Yes,Fiber optic,No,No,No,No,No,Yes,Two year,Yes,Credit card (automatic),133.9,3415.38,No,2023-03-12
6726-BCQMX,Male,0,No,No,53,Yes,No,Fiber optic,No,Yes,No,Yes,No,Yes,Month-to-month,Yes,Bank transfer (automatic),161.98,8568.97,No,2023-03-12
2591-XQILP,Male,0,No,No,61,Yes,No,Fiber optic,No,No,Yes,No,Yes,Yes,One year,No,Bank transfer (automatic),148.68,9156.1,No,2023-03-12
9732-LPFXY,Male,0,Yes,Yes,38,Yes,Yes,DSL,Yes,No,Yes,Yes,No,Yes,Month-to-month,No,Credit card (automatic),150.75,5696.75,Yes,2023-03-12
3958-PZJNS,Male,0,Yes,No,41,Yes,No,Fiber optic,No,No,No,No,No,Yes,One year,Yes,Mailed check,137.24,5493.69,Yes,2023-03-12
6473-OKLPO,Female,0,Yes,Yes,21,Yes,Yes,DSL,No,Yes,No,No,Yes,Yes,One year,Yes,Mailed check,140.0,3002.45,Yes,2023-03-12
6892-CYYMU,Male,0,Yes,No,36,Yes,No,Fiber optic,No,No,No,No,No,No,Month-to-month,No,Mailed check,122.25,4373.16,No,2023-03-12
4252-VOLDT,Female,0,Yes,No,23,Yes,No,Fiber optic,Yes,Yes,No,No,No,Yes,Two year,Yes,Bank transfer (automatic),154.17,3644.03,Yes,2023-03-12
8843-ZDVCO,Male,0,Yes,No,40,Yes,No,Fiber optic,No,No,No,No,No,No,Two year,No,Mailed check,110.27,4540.48,No,2023-03-12
9233-SNKXE,Male,0,No,Yes,27,Yes,No,DSL,Yes,Yes,Yes,No,Yes,No,One year,Yes,Bank transfer (automatic),122.99,3390.96,No,2023-03-12
3076-TNTMU,Male,0,Yes,No,47,Yes,Yes,No,No internet service,No internet service,No internet service,No internet service,No internet service,No internet service,Month-to-month,No,Bank transfer (automatic),69.5,3171.6,Yes,2023-03-12
9393-PMHDW,Male,1,Yes,No,66,Yes,Yes,Fiber optic,No,No,Yes,Yes,Yes,Yes,Month-to-month,Yes,Electronic check,183.65,11977.29,Yes,2023-03-12
6799-ZAGPV,Female,0,Yes,No,44,Yes,No,DSL,No,No,No,No,No,Yes,One year,Yes,Credit card (automatic),108.02,4610.42,No,2023-03-12
4989-IZTCX,Female,0,Yes,Yes,1,No,No phone service,Fiber optic,No,Yes,No,No,Yes,Yes,Month-to-month,Yes,Bank transfer (automatic),129.74,127.48,Yes,2023-03-12
4690-TLMSU,Female,0,No,No,50,Yes,Yes,DSL,Yes,Yes,Yes,No,No,Yes,Month-to-month,Yes,Electronic check,150.14,7711.76,Yes,2023-03-12
5987-SCWZD,Male,0,No,No,45,Yes,Yes,No,No internet service,No internet service,No internet service,No internet service,No internet service,No internet service,One year,Yes,Electronic check,46.28,2054.63,No,2023-03-12
9050-XYILK,Male,0,No,No,25,Yes,No,No,No internet service,No internet service,No internet service,No internet service,No internet service,No internet service,Month-to-month,No,Credit card (automatic),45.12,1152.6,Yes,2023-03-13
6104-IRZWS,Female,0,No,No,41,Yes,Yes,No,No internet service,No internet service,No internet service,No internet service,No internet service,No internet service,Two year,Yes,Electronic check,65.4,2685.31,No,2023-03-13
5518-FBSCT,Male,0,No,Yes,14,Yes,No,Fiber optic,Yes,No,Yes,No,Yes,No,One year,Yes,Mailed check,137.51,1977.83,No,2023-03-13
6926-RDYTV,Female,0,No,No,56,No,No phone service,Fiber optic,No,Yes,No,No,No,Yes,Month-to-month,Yes,Credit card (automatic),126.74,7271.25,No,2023-03-13
5803-MMFCI,Male,0,Yes,Yes,17,Yes,Yes,DSL,Yes,No,Yes,No,Yes,Yes,One year,Yes,Credit card (automatic),146.69,2500.54,No,2023-03-13
1484-FFVON,Female,0,No,No,42,Yes,No,Fiber optic,Yes,Yes,Yes,Yes,Yes,No,One year,No,Electronic check,169.72,7068.7,No,2023-03-13
3376-PVVTK,Female,1,Yes,No,33,Yes,No,DSL,Yes,No,Yes,No,No,Yes,One year,No,Credit card (automatic),115.04,3760.52,Yes,2023-03-13
5911-TUNVB,Female,0,No,No,8,Yes,No,Fiber optic,No,No,Yes,Yes,Yes,Yes,Two year,Yes,Credit card (automatic),152.48,1196.88,No,2023-03-13
8510-LWXXS,Male,0,Yes,No,47,Yes,No,Fiber optic,Yes,No,No,Yes,No,Yes,Month-to-month,No,Credit card (automatic),159.82,7693.27,Yes,2023-03-13
7674-ZFKDM,Male,0,No,Yes,17,Yes,Yes,DSL,Yes,Yes,No,No,No,Yes,Month-to-month,Yes,Mailed check,139.54,2403.04,Yes,2023-03-13
3793-ORORO,Female,0,No,No,46,Yes,Yes,DSL,No,No,Yes,No,Yes,Yes,Two year,Yes,Electronic check,127.5,5786.65,Yes,2023-03-13
6258-FHNQC,Male,1,No,Yes,8,Yes,No,DSL,No,No,Yes,No,Yes,Yes,One year,No,Bank transfer (automatic),117.61,933.52,No,2023-03-13
5308-IAJWF,Female,0,No,No,37,Yes,Yes,Fiber optic,No,Yes,No,No,Yes,No,Two year,Yes,Bank transfer (automatic),142.3,5313.18,No,2023-03-13
6002-MRCKZ,Female,0,Yes,No,55,Yes,Yes,DSL,No,No,No,No,No,Yes,Month-to-month,Yes,Credit card (automatic),115.76,6253.82,Yes,2023-03-13
7157-PWRBC,Female,0,No,No,49,Yes,Yes,DSL,Yes,Yes,No,No,Yes,Yes,Month-to-month,No,Credit card (automatic),148.8,7285.89,Yes,2023-03-13
8946-ZCVWU,Male,0,No,No,26,Yes,Yes,Fiber optic,No,Yes,No,No,No,Yes,Month-to-month,Yes,Bank transfer (automatic),166.48,4446.19,Yes,2023-03-13
5135-IZKNZ,Male,0,Yes,No,27,No,No phone service,Fiber optic,Yes,Yes,Yes,Yes,Yes,Yes,One year,Yes,Credit card (automatic),154.51,4055.8,Yes,2023-03-13
8119-IULZD,Female,0,Yes,No,21,Yes,Yes,No,No internet service,No internet service,No internet service,No internet service,No internet service,No internet service,Two year,Yes,Credit card (automatic),49.17,1018.04,Yes,2023-03-13
2672-NUKBY,Female,0,Yes,No,3,Yes,No,DSL,No,Yes,Yes,Yes,Yes,Yes,One year,Yes,Bank transfer (automatic),140.27,414.85,No,2023-03-13
6199-UVHNH,Female,0,Yes,No,54,Yes,No,No,No internet service,No internet service,No internet service,No internet service,No internet service,No internet service,Month-to-month,Yes,Credit card (automatic),45.91,2467.53,Yes,2023-03-13
4255-QJGYE,Female,1,No,No,26,Yes,Yes,No,No internet service,No internet service,No internet service,No internet service,No internet service,No internet service,One year,No,Mailed check,47.91,1261.99,No,2023-03-13
1352-DVUED,Male,0,Yes,No,20,Yes,Yes,Fiber optic,No,Yes,No,No,Yes,Yes,Two year,Yes,Electronic check,147.7,3041.72,No,2023-03-13
2310-ZUDKU,Male,0,Yes,No,31,Yes,Yes,Fiber optic,No,Yes,No,No,Yes,Yes,Month-to-month,No,Bank transfer (automatic),173.44,5510.72,Yes,2023-03-13
1264-CWPIQ,Male,0,No,Yes,26,Yes,Yes,DSL,No,No,Yes,No,Yes,No,Month-to-month,Yes,Electronic check,121.89,3154.11,Yes,2023-03-13
9483-JYKDF,Male,0,No,No,57,Yes,No,No,No internet service,No internet service,No internet service,No internet service,No internet service,No internet service,Month-to-month,Yes,Bank transfer (automatic),45.67,2595.66,Yes,2023-03-13
3418-RFQEG,Female,0,No,No,36,Yes,No,Fiber optic,No,No,No,No,Yes,Yes,Month-to-month,No,Bank transfer (automatic),153.91,5426.14,Yes,2023-03-13
5215-BGDFH,Female,0,Yes,No,53,Yes,No,Fiber optic,Yes,No,No,Yes,Yes,Yes,Two year,Yes,Mailed check,146.84,7995.65,No,2023-03-13
6856-QLUFM,Female,0,Yes,Yes,11,Yes,Yes,Fiber optic,Yes,No,No,No,No,Yes,Month-to-month,Yes,Bank transfer (automatic),170.71,1827.18,No,2023-03-13
1385-YDBHM,Male,0,Yes,No,7,Yes,Yes,No,No internet service,No internet service,No internet service,No internet service,No internet service,No internet service,One year,Yes,Credit card (automatic),52.69,377.5,No,2023-03-14
8425-MEXPV,Female,0,Yes,Yes,56,Yes,No,DSL,No,Yes,Yes,No,No,Yes,Two year,No,Electronic check,114.82,6358.54,No,2023-03-14
8756-KVTKG,Female,0,Yes,No,20,Yes,Yes,Fiber optic,No,Yes,Yes,Yes,No,Yes,Two year,No,Bank transfer (automatic),157.91,3131.09,No,2023-03-14
6733-SVBTR,Male,1,Yes,No,64,Yes,Yes,Fiber optic,Yes,Yes,Yes,No,No,Yes,Month-to-month,No,Bank transfer (automatic),188.39,12202.1,Yes,2023-03-14
7664-UONUU,Male,0,No,No,44,Yes,Yes,Fiber optic,No,No,No,No,No,Yes,One year,No,Electronic check,156.29,7052.68,Yes,2023-03-14
6381-UPDDV,Male,0,Yes,No,2,Yes,Yes,Fiber optic,Yes,No,No,Yes,Yes,No,One year,Yes,Mailed check,165.31,332.39,Yes,2023-03-14
8939-XGDVD,Female,0,Yes,Yes,54,Yes,No,Fiber optic,No,No,Yes,No,Yes,No,Month-to-month,No,Electronic check,145.7,7700.33,Yes,2023-03-14
6596-OYWQX,Male,0,Yes,No,44,Yes,No,Fiber optic,Yes,Yes,Yes,No,Yes,Yes,One year,Yes,Credit card (automatic),168.13,7219.51,No,2023-03-14
8961-JZOQD,Female,0,No,No,16,Yes,No,DSL,No,Yes,Yes,Yes,No,No,Month-to-month,Yes,Mailed check,118.29,1851.02,No,2023-03-14
8974-YGWIV,Female,0,Yes,No,40,Yes,No,DSL,No,Yes,Yes,Yes,No,No,Two year,Yes,Bank transfer (automatic),102.06,4093.87,Yes,2023-03-14
5783-ECTSD,Male,0,Yes,Yes,7,Yes,Yes,DSL,No,No,Yes,Yes,Yes,Yes,Month-to-month,Yes,Bank transfer (automatic),154.13,1058.95,Yes,2023-03-14
6002-PKYPT,Female,0,Yes,No,52,Yes,No,No,No internet service,No internet service,No internet service,No internet service,No internet service,No internet service,Month-to-month,Yes,Bank transfer (automatic),41.33,2185.98,No,2023-03-14
9306-JLMYK,Female,0,No,Yes,12,No,No phone service,Fiber optic,Yes,No,No,No,Yes,Yes,Month-to-month,No,Credit card (automatic),122.23,1423.83,Yes,2023-03-14
9177-LGWPQ,Male,0,Yes,No,10,Yes,Yes,Fiber optic,No,No,Yes,No,Yes,Yes,Month-to-month,No,Mailed check,174.71,1741.78,No,2023-03-14
5447-KKNMF,Male,0,No,Yes,30,Yes,No,DSL,Yes,Yes,Yes,No,No,Yes,Month-to-month,Yes,Bank transfer (automatic),135.45,4176.09,Yes,2023-03-14
4687-QSVIC,Female,0,Yes,No,46,Yes,No,DSL,No,No,No,No,Yes,Yes,Two year,Yes,Credit card (automatic),83.47,3851.98,Yes,2023-03-14
3968-UDSTQ,Female,0,No,No,25,No,No phone service,Fiber optic,Yes,Yes,Yes,No,No,Yes,Two year,Yes,Credit card (automatic),125.59,3061.07,No,2023-03-14
7571-OJFXH,Female,0,Yes,No,36,Yes,Yes,No,No internet service,No internet service,No internet service,No internet service,No internet service,No internet service,Month-to-month,Yes,Electronic check,60.08,2135.54,Yes,2023-03-14
2292-EPYBP,Female,0,No,No,20,No,No phone service,Fiber optic,Yes,No,No,No,Yes,No,Month-to-month,Yes,Bank transfer (automatic),120.03,2339.56,Yes,2023-03-14
7171-IHLGE,Male,0,No,Yes,37,Yes,No,DSL,Yes,Yes,No,No,No,Yes,Month-to-month,Yes,Credit card (automatic),119.68,4494.99,Yes,2023-03-14
5215-SAIHR,Female,0,Yes,No,23,No,No phone service,No,No internet service,No internet service,No internet service,No internet service,No internet service,No internet service,One year,Yes,Electronic check,19.22,433.11,Yes,2023-03-14
5098-HOLJV,Male,0,Yes,Yes,23,Yes,Yes,No,No internet service,No internet service,No internet service,No internet service,No internet service,No internet service,Month-to-month,Yes,Electronic check,59.61,1373.91,Yes,2023-03-14
9705-EURWR,Male,0,No,Yes,15,Yes,No,No,No internet service,No internet service,No internet service,No internet service,No internet service,No internet service,Month-to-month,No,Electronic check,43.25,667.28,Yes,2023-03-14
2800-XADRQ,Female,0,Yes,Yes,16,No,No phone service,Fiber optic,Yes,No,No,Yes,Yes,No,Month-to-month,Yes,Mailed check,125.8,1979.75,Yes,2023-03-14
2694-DSHRL,Female,0,Yes,No,30,Yes,Yes,Fiber optic,No,No,Yes,No,Yes,Yes,Two year,No,Electronic check,149.71,4476.47,Yes,2023-03-14
9763-PANZY,Female,1,Yes,No,11,Yes,No,DSL,No,No,No,No,Yes,Yes,One year,Yes,Credit card (automatic),104.11,1121.88,No,2023-03-14
3874-EMDKK,Female,0,Yes,Yes,30,Yes,Yes,No,No internet service,No internet service,No internet service,No internet service,No internet service,No internet service,Two year,Yes,Credit card (automatic),61.59,1795.82,No,2023-03-14
3764-ULGTA,Female,0,No,No,29,Yes,No,Fiber optic,No,Yes,Yes,No,Yes,Yes,Month-to-month,Yes,Bank transfer (automatic),160.54,4611.95,Yes,2023-03-14
3663-ULZSV,Female,1,Yes,Yes,20,Yes,No,No,No internet service,No internet service,No internet service,No internet service,No internet service,No internet service,Two year,Yes,Mailed check,36.21,744.25,No,2023-03-14
9554-KDIZU,Male,0,Yes,No,25,Yes,Yes,Fiber optic,No,No,Yes,No,Yes,No,Two year,Yes,Mailed check,144.85,3617.19,No,2023-03-14
3513-VQGQB,Female,0,Yes,Yes,11,Yes,No,DSL,No,No,No,No,Yes,Yes,One year,Yes,Mailed check,103.77,1119.54,Yes,2023-03-14
7530-ZRUGZ,Female,0,No,No,30,Yes,No,DSL,No,Yes,No,No,Yes,Yes,One year,Yes,Mailed check,116.47,3546.17,Yes,2023-03-15
2324-ZPOFZ,Female,0,No,No,15,Yes,Yes,No,No internet service,No internet service,No internet service,No internet service,No internet service,No internet service,One year,Yes,Mailed check,64.63,977.51,No,2023-03-15
7339-DSKAE,Female,0,No,No,27,Yes,No,DSL,No,No,Yes,No,Yes,No,Month-to-month,No,Credit card (automatic),115.79,3048.45,No,2023-03-15
5373-JVDIS,Female,0,No,Yes,33,No,No phone service,DSL,Yes,Yes,No,Yes,Yes,No,Month-to-month,No,Mailed check,100.76,3338.0,Yes,2023-03-15
4283-COERO,Male,0,No,No,34,Yes,Yes,No,No internet service,No internet service,No internet service,No internet service,No internet service,No internet service,Month-to-month,Yes,Bank transfer (automatic),66.52,2247.9,Yes,2023-03-15
2487-VLXHZ,Female,0,No,No,26,Yes,No,Fiber optic,No,No,Yes,No,No,No,Month-to-month,No,Electronic check,139.44,3577.89,Yes,2023-03-15
4243-DCGUL,Female,0,Yes,Yes,32,Yes,Yes,Fiber optic,No,Yes,No,No,Yes,No,One year,No,Mailed check,164.34,5253.26,No,2023-03-15
5987-UIMOJ,Male,0,Yes,No,54,Yes,No,DSL,Yes,Yes,Yes,No,No,Yes,Two year,Yes,Bank transfer (automatic),128.95,6830.29,No,2023-03-15
7701-BUGIK,Female,0,Yes,No,31,Yes,No,Fiber optic,Yes,Yes,No,No,No,Yes,One year,Yes,Electronic check,152.88,4679.83,Yes,2023-03-15
6922-SOFMN,Male,0,No,No,56,Yes,No,Fiber optic,Yes,No,No,No,Yes,Yes,One year,No,Electronic check,153.26,8721.55,Yes,2023-03-15
2402-NFKFL,Male,1,Yes,Yes,14,Yes,No,Fiber optic,Yes,No,No,Yes,Yes,No,Month-to-month,Yes,Credit card (automatic),156.14,2172.89,Yes,2023-03-15
7030-DILRM,Female,0,No,Yes,45,Yes,No,Fiber optic,No,Yes,Yes,No,No,Yes,Two year,No,Credit card (automatic),136.76,6106.38,No,2023-03-15
6822-GKAQK,Male,0,No,No,18,Yes,No,Fiber optic,Yes,Yes,Yes,No,Yes,Yes,One year,No,Credit card (automatic),166.91,3020.46,No,2023-03-15
7541-GLOMW,Male,0,No,Yes,38,Yes,No,Fiber optic,No,Yes,No,No,No,Yes,One year,Yes,Electronic check,135.11,5089.34,Yes,2023-03-15
4904-TDNVT,Female,0,No,No,66,Yes,No,No,No internet service,No internet service,No internet service,No internet service,No internet service,No internet service,Month-to-month,Yes,Electronic check,44.91,3007.27,Yes,2023-03-15
5415-OTENL,Female,1,No,No,9,No,No phone service,Fiber optic,No,Yes,Yes,No,Yes,Yes,Month-to-month,No,Credit card (automatic),158.16,1429.86,No,2023-03-15
9201-TXMRJ,Male,0,No,Yes,16,Yes,Yes,No,No internet service,No internet service,No internet service,No internet service,No internet service,No internet service,Two year,No,Mailed check,60.26,954.61,No,2023-03-15
4044-BBWKY,Female,0,No,No,47,Yes,Yes,Fiber optic,Yes,Yes,Yes,No,Yes,Yes,One year,No,Bank transfer (automatic),173.93,7957.37,No,2023-03-15
6564-EBBFZ,Female,0,Yes,No,44,Yes,No,Fiber optic,No,No,No,No,Yes,Yes,Month-to-month,Yes,Electronic check,138.85,6051.34,Yes,2023-03-15
6997-JHHLE,Male,0,No,No,33,Yes,No,Fiber optic,No,No,Yes,No,Yes,Yes,Two year,Yes,Electronic check,145.44,4682.84,Yes,2023-03-15
6474-TJSUJ,Male,0,Yes,Yes,23,Yes,Yes,No,No internet service,No internet service,No internet service,No internet service,No internet service,No internet service,One year,Yes,Bank transfer (automatic),58.62,1337.1,No,2023-03-15
8576-LAGFP,Male,0,Yes,No,15,No,No phone service,DSL,Yes,Yes,Yes,Yes,Yes,Yes,Month-to-month,Yes,Credit card (automatic),121.8,1839.0,Yes,2023-03-15
5742-WAOCZ,Female,0,Yes,No,42,Yes,No,DSL,No,No,Yes,No,Yes,No,Month-to-month,No,Credit card (automatic),115.84,4773.71,No,2023-03-15
4889-YIEVC,Female,1,Yes,No,27,Yes,Yes,Fiber optic,No,Yes,Yes,No,No,Yes,Month-to-month,Yes,Credit card (automatic),166.54,4475.43,No,2023-03-15
3206-FNTAW,Male,0,Yes,No,39,Yes,Yes,Fiber optic,Yes,Yes,Yes,No,Yes,Yes,Two year,No,Electronic check,176.55,6976.03,No,2023-03-15
3125-AYGTR,Male,0,No,No,32,Yes,No,DSL,Yes,No,No,No,No,No,Month-to-month,No,Mailed check,103.76,3295.13,No,2023-03-15
6626-ZCQBS,Male,0,No,Yes,24,Yes,Yes,Fiber optic,No,No,No,Yes,No,Yes,One year,Yes,Credit card (automatic),162.95,3899.19,No,2023-03-15
3825-YGVDV,Male,0,Yes,No,21,Yes,Yes,Fiber optic,No,No,No,Yes,No,Yes,Month-to-month,No,Credit card (automatic),153.27,3193.94,Yes,2023-03-15
9288-EYOZU,Female,0,Yes,No,35,Yes,No,Fiber optic,No,Yes,No,Yes,Yes,Yes,Month-to-month,Yes,Credit card (automatic),171.32,6165.69,Yes,2023-03-15
3617-HEPND,Female,0,Yes,Yes,43,Yes,No,Fiber optic,Yes,No,Yes,No,No,No,Two year,No,Credit card (automatic),127.22,5561.49,Yes,2023-03-15
4032-GYRFA,Male,0,Yes,No,47,Yes,Yes,Fiber optic,Yes,No,No,Yes,Yes,No,Two year,Yes,Bank transfer (automatic),143.8,6901.07,Yes,2023-03-15
3745-LLBVR,Female,0,Yes,Yes,22,Yes,Yes,No,No internet service,No internet service,No internet service,No internet service,No internet service,No internet service,Month-to-month,Yes,Bank transfer (automatic),69.65,1565.33,Yes,2023-03-16
9903-XDKRP,Female,0,No,No,54,Yes,Yes,Fiber optic,Yes,No,Yes,No,No,No,Month-to-month,Yes,Bank transfer (automatic),170.58,9378.94,Yes,2023-03-16
9664-SMSIV,Female,0,No,No,14,Yes,No,No,No internet service,No internet service,No internet service,No internet service,No internet service,No internet service,One year,Yes,Credit card (automatic),43.38,596.82,No,2023-03-16
2089-UUGCB,Male,1,Yes,Yes,13,Yes,No,DSL,No,No,Yes,No,No,Yes,One year,No,Electronic check,112.21,1485.66,No,2023-03-16
9556-ORNYV,Female,0,Yes,No,61,Yes,Yes,DSL,Yes,Yes,No,No,No,Yes,One year,No,Mailed check,125.81,7518.07,Yes,2023-03-16
8055-LVQGG,Male,0,Yes,Yes,44,Yes,Yes,Fiber optic,Yes,No,Yes,No,Yes,Yes,One year,Yes,Bank transfer (automatic),176.36,7545.15,Yes,2023-03-16
2427-RBVRG,Female,0,Yes,No,35,Yes,No,DSL,Yes,No,No,Yes,Yes,No,Month-to-month,Yes,Electronic check,116.31,3965.01,Yes,2023-03-16
5677-KQGKU,Female,0,No,No,18,Yes,No,Fiber optic,No,No,Yes,Yes,Yes,Yes,One year,No,Mailed check,155.89,2820.13,No,2023-03-16
3739-YUILW,Female,0,No,No,31,Yes,Yes,DSL,Yes,No,Yes,No,Yes,Yes,Month-to-month,Yes,Mailed check,144.97,4395.52,Yes,2023-03-16
1374-RMTHE,Male,1,Yes,No,11,Yes,No,DSL,No,Yes,No,Yes,No,Yes,Month-to-month,Yes,Bank transfer (automatic),126.43,1407.99,Yes,2023-03-16
2751-HMKTO,Male,0,No,No,61,Yes,No,No,No internet service,No internet service,No internet service,No internet service,No internet service,No internet service,One year,No,Electronic check,46.31,2907.4,Yes,2023-03-16
2896-RJECP,Male,0,No,No,15,Yes,No,Fiber optic,Yes,Yes,No,No,Yes,Yes,Month-to-month,No,Credit card (automatic),171.2,2499.18,Yes,2023-03-16
4400-HFHPK,Female,0,No,Yes,20,Yes,No,Fiber optic,No,No,Yes,No,No,No,Month-to-month,Yes,Bank transfer (automatic),141.31,2761.77,Yes,2023-03-16
4957-IZYXL,Female,0,Yes,No,15,Yes,Yes,Fiber optic,No,Yes,Yes,No,Yes,Yes,One year,Yes,Bank transfer (automatic),174.52,2610.93,No,2023-03-16
5815-JXOOZ,Female,0,Yes,No,31,Yes,Yes,No,No internet service,No internet service,No internet service,No internet service,No internet service,No internet service,Month-to-month,Yes,Credit card (automatic),62.83,1916.61,Yes,2023-03-16
3301-CQZTN,Female,0,Yes,No,55,Yes,Yes,Fiber optic,No,No,Yes,No,No,No,Month-to-month,No,Credit card (automatic),150.99,8410.15,No,2023-03-16
1835-KLABN,Female,0,Yes,No,40,No,No phone service,DSL,No,Yes,Yes,Yes,Yes,Yes,Month-to-month,Yes,Electronic check,123.25,5017.44,Yes,2023-03-16
1765-XFPUG,Female,0,Yes,Yes,25,Yes,No,No,No internet service,No internet service,No internet service,No internet service,No internet service,No internet service,Month-to-month,Yes,Bank transfer (automatic),39.54,1005.98,No,2023-03-16
2466-NRLAB,Female,0,Yes,No,59,No,No phone service,No,No internet service,No internet service,No internet service,No internet service,No internet service,No internet service,Two year,Yes,Electronic check,23.34,1344.3,Yes,2023-03-16
6681-LLESM,Male,0,Yes,No,30,Yes,Yes,Fiber optic,No,Yes,No,No,Yes,Yes,Two year,Yes,Mailed check,155.23,4655.44,No,2023-03-16
6623-IPNZR,Female,0,No,No,16,Yes,Yes,Fiber optic,No,Yes,No,Yes,Yes,Yes,Month-to-month,No,Credit card (automatic),189.16,3082.41,Yes,2023-03-16
7038-PLIFV,Male,1,No,No,40,Yes,Yes,Fiber optic,Yes,Yes,Yes,Yes,No,Yes,Two year,Yes,Credit card (automatic),171.57,6733.86,Yes,2023-03-16
2336-EEKFK,Female,1,Yes,No,61,Yes,Yes,No,No internet service,No internet service,No internet service,No internet service,No internet service,No internet service,One year,Yes,Mailed check,54.41,3385.82,No,2023-03-16
2084-ETIIR,Female,0,Yes,Yes,2,Yes,No,Fiber optic,Yes,Yes,No,Yes,Yes,Yes,One year,No,Credit card (automatic),167.63,329.41,Yes,2023-03-16
6828-SDTRF,Male,1,Yes,No,32,Yes,Yes,Fiber optic,No,Yes,Yes,No,Yes,Yes,Month-to-month,Yes,Bank transfer (automatic),182.25,5967.1,Yes,2023-03-16
4140-DMLXS,Female,0,No,No,27,Yes,No,DSL,Yes,Yes,Yes,No,No,No,One year,No,Electronic check,117.76,3189.91,No,2023-03-16
1511-RBCTY,Male,0,No,No,31,No,No phone service,Fiber optic,Yes,No,Yes,No,Yes,Yes,Month-to-month,No,Electronic check,149.25,4509.55,Yes,2023-03-16
1585-HQBBG,Female,1,Yes,No,51,Yes,No,No,No internet service,No internet service,No internet service,No internet service,No internet service,No internet service,One year,Yes,Credit card (automatic),38.84,2008.62,No,2023-03-16
5981-PNSPF,Male,1,No,Yes,48,Yes,No,Fiber optic,No,Yes,No,Yes,No,Yes,One year,Yes,Credit card (automatic),146.62,7054.87,No,2023-03-16
5181-LMBNQ,Male,0,Yes,No,36,Yes,Yes,No,No internet service,No internet service,No internet service,No internet service,No internet service,No internet service,Two year,No,Electronic check,60.18,2130.29,No,2023-03-16
9838-EQLGF,Female,0,No,Yes,22,Yes,No,DSL,Yes,Yes,No,Yes,Yes,Yes,Month-to-month,Yes,Mailed check,139.17,3016.77,Yes,2023-03-16
6613-ELLMG,Female,0,Yes,No,33,Yes,Yes,Fiber optic,Yes,Yes,No,No,Yes,Yes,Two year,Yes,Electronic check,159.47,5302.81,No,2023-03-16
7389-AXAWL,Female,0,Yes,No,26,No,No phone service,No,No internet service,No internet service,No internet service,No internet service,No internet service,No internet service,Month-to-month,Yes,Mailed check,20.25,533.58,Yes,2023-03-16
4290-DOTGH,Female,0,No,No,46,Yes,No,DSL,No,Yes,No,No,Yes,Yes,Month-to-month,No,Electronic check,130.83,6004.83,Yes,2023-03-17
3213-ICFFU,Male,0,No,Yes,19,Yes,No,No,No internet service,No internet service,No internet service,No internet service,No internet service,No internet service,One year,Yes,Bank transfer (automatic),50.95,952.77,No,2023-03-17
9341-ASCPF,Female,0,Yes,Yes,19,Yes,Yes,Fiber optic,No,No,Yes,Yes,Yes,Yes,Month-to-month,Yes,Bank transfer (automatic),183.0,3530.68,Yes,2023-03-17
5805-OQPPT,Female,0,No,No,36,Yes,No,DSL,No,No,Yes,No,Yes,Yes,Month-to-month,No,Credit card (automatic),131.97,4673.11,Yes,2023-03-17
6305-ORMFU,Male,0,Yes,No,45,No,No phone service,Fiber optic,Yes,Yes,No,Yes,No,Yes,Month-to-month,Yes,Bank transfer (automatic),145.23,6563.45,No,2023-03-17
7466-EWUYP,Female,0,No,No,48,Yes,Yes,DSL,Yes,Yes,Yes,No,Yes,Yes,Month-to-month,Yes,Electronic check,149.02,7111.09,Yes,2023-03-17
7348-PXYFO,Male,1,Yes,No,30,Yes,Yes,No,No internet service,No internet service,No internet service,No internet service,No internet service,No internet service,One year,No,Mailed check,56.37,1678.63,No,2023-03-17
3847-HLWFE,Female,0,Yes,No,23,Yes,Yes,Fiber optic,Yes,No,No,Yes,Yes,Yes,One year,No,Credit card (automatic),177.02,4064.38,Yes,2023-03-17
2076-CEOTV,Female,1,No,No,36,Yes,Yes,DSL,Yes,No,Yes,Yes,Yes,Yes,One year,No,Mailed check,149.59,5435.43,Yes,2023-03-17
9655-MFHVD,Male,0,No,Yes,56,Yes,No,DSL,Yes,No,No,Yes,No,Yes,One year,No,Credit card (automatic),122.94,6742.76,Yes,2023-03-17
4710-VLCTK,Male,0,No,No,25,Yes,Yes,DSL,No,No,No,Yes,Yes,Yes,Month-to-month,Yes,Electronic check,141.1,3632.04,Yes,2023-03-17
9861-MAVBM,Female,0,No,No,48,Yes,Yes,DSL,Yes,Yes,No,No,Yes,No,Month-to-month,Yes,Mailed check,141.6,6961.01,Yes,2023-03-17
6908-MBDAN,Male,0,Yes,No,32,Yes,Yes,Fiber optic,No,Yes,No,Yes,No,Yes,One year,No,Bank transfer (automatic),164.09,5353.01,Yes,2023-03-17
7117-QBARN,Female,0,Yes,No,42,Yes,Yes,Fiber optic,Yes,No,No,Yes,Yes,Yes,One year,Yes,Bank transfer (automatic),171.97,7255.6,Yes,2023-03-17
4544-HFVYF,Male,0,Yes,No,34,Yes,No,Fiber optic,No,No,Yes,No,Yes,Yes,Month-to-month,Yes,Bank transfer (automatic),162.37,5571.55,No,2023-03-17
1693-LCDQC,Female,0,No,No,36,Yes,Yes,No,No internet service,No internet service,No internet service,No internet service,No internet service,No internet service,Month-to-month,Yes,Mailed check,62.79,2287.45,Yes,2023-03-17
1916-JTRYR,Male,0,No,No,38,Yes,No,No,No internet service,No internet service,No internet service,No internet service,No internet service,No internet service,One year,Yes,Credit card (automatic),34.15,1306.58,No,2023-03-17
4850-QQSZO,Male,0,Yes,No,23,Yes,Yes,DSL,No,Yes,No,Yes,Yes,No,Month-to-month,No,Bank transfer (automatic),138.89,3162.83,No,2023-03-17
7002-ODPFL,Female,0,Yes,No,7,Yes,Yes,Fiber optic,No,Yes,Yes,No,Yes,No,Month-to-month,No,Credit card (automatic),171.57,1223.26,Yes,2023-03-17
4728-NCMQW,Male,0,Yes,Yes,57,Yes,No,Fiber optic,Yes,No,No,No,Yes,Yes,One year,No,Bank transfer (automatic),143.14,7942.14,No,2023-03-17
8918-OEOTN,Male,0,No,No,55,Yes,Yes,No,No internet service,No internet service,No internet service,No internet service,No internet service,No internet service,Month-to-month,Yes,Credit card (automatic),65.02,3604.14,Yes,2023-03-17
6091-TLPSC,Male,0,No,No,35,No,No phone service,Fiber optic,Yes,No,No,Yes,No,No,Month-to-month,Yes,Bank transfer (automatic),121.02,4301.35,Yes,2023-03-17
9186-YMRLN,Female,0,No,Yes,10,Yes,No,Fiber optic,Yes,No,Yes,Yes,Yes,Yes,Two year,Yes,Bank transfer (automatic),151.57,1501.59,No,2023-03-18
5798-ASYYS,Male,0,No,No,31,Yes,No,DSL,No,Yes,No,Yes,No,No,One year,Yes,Mailed check,103.08,3257.97,Yes,2023-03-18
5140-FEUWW,Female,0,Yes,No,38,Yes,No,DSL,No,Yes,No,Yes,Yes,No,Month-to-month,No,Credit card (automatic),117.1,4354.34,Yes,2023-03-18
2369-GZABR,Male,0,No,Yes,43,Yes,No,No,No internet service,No internet service,No internet service,No internet service,No internet service,No internet service,Two year,No,Bank transfer (automatic),37.9,1647.35,No,2023-03-18
6328-JTGRH,Female,0,Yes,No,30,Yes,Yes,Fiber optic,Yes,Yes,No,No,Yes,No,Month-to-month,Yes,Credit card (automatic),162.04,4826.53,Yes,2023-03-18
8844-ZXANX,Male,0,Yes,No,27,Yes,Yes,Fiber optic,Yes,Yes,Yes,No,No,No,Month-to-month,Yes,Credit card (automatic),183.4,5079.93,Yes,2023-03-18
2527-CEOOF,Male,1,Yes,Yes,12,Yes,No,No,No internet service,No internet service,No internet service,No internet service,No internet service,No internet service,One year,No,Credit card (automatic),54.35,649.09,No,2023-03-18
6037-VYBTZ,Female,1,Yes,Yes,25,Yes,Yes,Fiber optic,No,Yes,No,No,Yes,No,Month-to-month,No,Credit card (automatic),167.29,4212.15,Yes,2023-03-18
2294-JLGMF,Female,0,No,No,44,Yes,Yes,Fiber optic,No,No,Yes,No,Yes,No,Month-to-month,No,Electronic check,176.61,7557.33,Yes,2023-03-18
9340-KOTSD,Male,1,Yes,Yes,29,Yes,No,DSL,No,No,No,Yes,No,Yes,Month-to-month,No,Bank transfer (automatic),111.43,3262.99,Yes,2023-03-18
8946-ONKWE,Female,0,No,No,46,Yes,No,Fiber optic,No,No,No,No,No,Yes,One year,Yes,Credit card (automatic),130.98,6152.23,No,2023-03-18
2687-VILXU,Male,0,Yes,No,37,Yes,No,No,No internet service,No internet service,No internet service,No internet service,No internet service,No internet service,Month-to-month,Yes,Bank transfer (automatic),41.84,1589.72,No,2023-03-18
6341-IHEYX,Male,0,No,No,66,Yes,Yes,Fiber optic,No,Yes,Yes,Yes,Yes,Yes,Month-to-month,Yes,Credit card (automatic),190.07,12286.63,Yes,2023-03-18
6078-QRQAH,Female,0,No,No,44,No,No phone service,Fiber optic,No,No,Yes,No,Yes,No,One year,Yes,Mailed check,109.75,4790.18,Yes,2023-03-18
9306-XQHLO,Male,0,No,No,10,Yes,Yes,Fiber optic,Yes,Yes,No,No,No,No,One year,No,Credit card (automatic),156.37,1532.15,No,2023-03-18
5924-AKONR,Female,0,Yes,No,43,Yes,No,Fiber optic,No,Yes,No,Yes,No,Yes,One year,Yes,Credit card (automatic),145.94,6307.45,No,2023-03-18
4463-XROHY,Male,0,No,No,20,Yes,No,Fiber optic,No,Yes,Yes,Yes,Yes,Yes,One year,No,Electronic check,170.77,3421.17,Yes,2023-03-18
1428-ZISWY,Male,0,No,No,18,Yes,No,No,No internet service,No internet service,No internet service,No internet service,No internet service,No internet service,Two year,Yes,Bank transfer (automatic),36.03,657.83,No,2023-03-18
8810-MGQCF,Female,0,No,No,39,Yes,Yes,Fiber optic,No,Yes,Yes,No,Yes,No,Month-to-month,No,Mailed check,174.24,6729.7,Yes,2023-03-18
1916-EIZBT,Female,0,Yes,Yes,37,Yes,No,Fiber optic,Yes,No,No,Yes,Yes,Yes,One year,Yes,Electronic check,157.6,5965.49,Yes,2023-03-18
7252-RRTDP,Male,0,No,Yes,2,No,No phone service,Fiber optic,Yes,No,No,No,No,Yes,Two year,Yes,Credit card (automatic),98.13,199.18,Yes,2023-03-18
1611-KCFVX,Female,0,Yes,No,45,Yes,Yes,Fiber optic,Yes,No,No,No,Yes,Yes,One year,Yes,Electronic check,160.82,7215.39,Yes,2023-03-18
1553-WTOFD,Male,0,No,No,41,Yes,No,No,No internet service,No internet service,No internet service,No internet service,No internet service,No internet service,Two year,No,Mailed check,44.92,1858.52,Yes,2023-03-18
8739-BGPMR,Male,0,Yes,No,15,No,No phone service,Fiber optic,Yes,Yes,No,No,Yes,Yes,One year,Yes,Bank transfer (automatic),132.53,1943.65,No,2023-03-18
5606-QEFNU,Male,1,Yes,No,44,Yes,No,DSL,Yes,Yes,Yes,Yes,Yes,Yes,Month-to-month,No,Credit card (automatic),158.24,6837.27,Yes,2023-03-18
4561-YBGSS,Male,0,Yes,Yes,29,Yes,Yes,Fiber optic,Yes,Yes,Yes,No,Yes,Yes,Month-to-month,Yes,Electronic check,198.05,5643.49,Yes,2023-03-19
7733-BDOSP,Female,0,Yes,No,35,Yes,No,DSL,No,No,Yes,No,Yes,Yes,One year,No,Bank transfer (automatic),107.85,3884.51,No,2023-03-19
7444-JEIFA,Female,0,Yes,Yes,22,Yes,No,Fiber optic,No,No,No,Yes,Yes,Yes,Month-to-month,Yes,Bank transfer (automatic),153.46,3345.98,Yes,2023-03-19
3947-KZWDO,Female,0,No,No,48,Yes,Yes,DSL,Yes,Yes,Yes,Yes,Yes,Yes,One year,Yes,Mailed check,164.68,7978.89,Yes,2023-03-19
6854-ZNTSW,Male,1,Yes,No,14,Yes,No,No,No internet service,No internet service,No internet service,No internet service,No internet service,No internet service,One year,No,Electronic check,31.34,438.88,No,2023-03-19
1315-BZUVI,Female,0,Yes,No,24,Yes,No,DSL,No,No,No,Yes,Yes,Yes,Month-to-month,No,Mailed check,109.31,2547.88,No,2023-03-19
4559-LYWCR,Female,1,Yes,No,42,Yes,No,Fiber optic,No,No,No,No,Yes,No,Two year,Yes,Credit card (automatic),123.17,5104.77,No,2023-03-19
2435-KGGAK,Male,0,Yes,Yes,24,Yes,Yes,Fiber optic,Yes,Yes,Yes,No,Yes,Yes,Month-to-month,Yes,Credit card (automatic),193.53,4741.48,Yes,2023-03-19
1987-HFMSU,Male,0,Yes,Yes,10,Yes,No,Fiber optic,Yes,Yes,Yes,No,Yes,Yes,One year,Yes,Credit card (automatic),167.03,1713.1,No,2023-03-19
2070-KBQBD,Male,0,Yes,Yes,26,Yes,Yes,DSL,No,No,No,Yes,Yes,Yes,Month-to-month,No,Electronic check,131.55,3494.53,Yes,2023-03-19
2950-WVFAD,Male,0,No,Yes,14,Yes,No,DSL,Yes,No,Yes,Yes,Yes,No,Month-to-month,No,Bank transfer (automatic),127.32,1794.43,Yes,2023-03-19
2855-WTUJJ,Male,0,No,No,12,Yes,No,Fiber optic,No,Yes,No,Yes,Yes,Yes,Month-to-month,Yes,Electronic check,171.72,2001.93,Yes,2023-03-19
8555-FTZQP,Female,0,Yes,No,51,Yes,Yes,DSL,No,Yes,Yes,No,Yes,Yes,Month-to-month,No,Credit card (automatic),146.14,7530.63,Yes,2023-03-19
8073-SKIJJ,Female,0,No,No,7,Yes,Yes,Fiber optic,No,No,No,Yes,No,No,One year,No,Electronic check,154.29,1065.92,Yes,2023-03-19
2083-VODNJ,Male,0,No,No,34,Yes,Yes,DSL,No,No,No,No,Yes,Yes,One year,No,Credit card (automatic),118.69,3941.55,Yes,2023-03-19
8190-SCLTM,Male,1,Yes,No,30,Yes,No,Fiber optic,Yes,Yes,No,No,Yes,No,Two year,Yes,Electronic check,144.63,4319.7,No,2023-03-19
6710-PHEGT,Female,0,Yes,No,51,Yes,No,Fiber optic,Yes,No,Yes,Yes,Yes,Yes,Month-to-month,No,Electronic check,173.24,8845.96,Yes,2023-03-19
9456-RDSLS,Male,0,Yes,No,38,Yes,Yes,DSL,Yes,No,No,No,Yes,Yes,Two year,Yes,Mailed check,122.5,4730.27,Yes,2023-03-19
9201-MKSRE,Male,0,Yes,No,57,Yes,No,Fiber optic,No,Yes,No,No,Yes,Yes,Two year,Yes,Electronic check,138.94,8026.87,Yes,2023-03-19
6698-WRSOG,Female,0,Yes,No,31,Yes,Yes,DSL,No,Yes,Yes,Yes,No,No,Month-to-month,Yes,Credit card (automatic),126.17,4022.82,No,2023-03-19
5635-YIGHJ,Male,0,No,No,10,Yes,No,Fiber optic,Yes,Yes,Yes,Yes,Yes,Yes,Month-to-month,Yes,Credit card (automatic),182.62,1861.17,Yes,2023-03-19
9154-NQHBT,Female,0,Yes,No,11,Yes,Yes,Fiber optic,No,Yes,No,No,Yes,Yes,One year,Yes,Bank transfer (automatic),163.07,1807.45,Yes,2023-03-19
9963-WCGIP,Male,0,No,Yes,30,Yes,No,Fiber optic,No,No,No,No,No,Yes,Two year,No,Credit card (automatic),125.43,3859.36,Yes,2023-03-19
9829-EKVLS,Male,0,Yes,No,15,Yes,No,Fiber optic,Yes,No,Yes,No,Yes,Yes,Month-to-month,Yes,Electronic check,155.59,2400.28,Yes,2023-03-19
2970-CSLXO,Female,0,Yes,No,47,Yes,No,Fiber optic,No,Yes,Yes,No,No,Yes,One year,Yes,Bank transfer (automatic),146.65,6833.11,Yes,2023-03-19
2468-WCYLA,Female,0,No,No,15,Yes,No,Fiber optic,Yes,No,No,Yes,Yes,Yes,Two year,Yes,Credit card (automatic),149.97,2213.01,Yes,2023-03-19
9443-ZCRQE,Female,0,Yes,No,2,Yes,Yes,Fiber optic,No,No,No,No,Yes,Yes,One year,Yes,Bank transfer (automatic),161.04,315.45,No,2023-03-19
2600-VYIWX,Male,0,Yes,No,45,Yes,Yes,DSL,No,No,Yes,Yes,No,No,One year,Yes,Bank transfer (automatic),135.24,6135.63,No,2023-03-19
4105-PHEIA,Male,0,No,No,52,Yes,Yes,DSL,Yes,No,No,Yes,Yes,Yes,Month-to-month,No,Credit card (automatic),149.14,7845.26,Yes,2023-03-19
6289-WSFCS,Female,0,Yes,Yes,23,Yes,No,Fiber optic,Yes,Yes,No,No,Yes,No,Two year,Yes,Electronic check,136.14,3192.36,Yes,2023-03-19
4409-HFURZ,Female,0,Yes,Yes,11,No,No phone service,No,No internet service,No internet service,No internet service,No internet service,No internet service,No internet service,One year,No,Credit card (automatic),24.02,264.34,No,2023-03-19
7704-JXEPG,Male,0,Yes,Yes,60,Yes,No,Fiber optic,Yes,Yes,No,Yes,Yes,Yes,One year,Yes,Mailed check,162.58,9880.3,Yes,2023-03-19
8321-KHDRK,Female,0,Yes,Yes,32,Yes,Yes,No,No internet service,No internet service,No internet service,No internet service,No internet service,No internet service,Month-to-month,Yes,Credit card (automatic),61.88,1937.18,No,2023-03-20
4139-MSLRV,Female,0,No,No,58,Yes,Yes,DSL,Yes,No,No,No,Yes,No,One year,No,Bank transfer (automatic),130.48,7778.94,No,2023-03-20
3638-LDLNA,Male,0,Yes,No,20,Yes,Yes,DSL,Yes,No,No,Yes,Yes,No,One year,Yes,Credit card (automatic),125.06,2510.38,Yes,2023-03-20
9290-OCJLC,Female,0,No,No,28,Yes,Yes,DSL,No,Yes,No,Yes,Yes,No,Month-to-month,Yes,Bank transfer (automatic),142.22,3950.88,No,2023-03-20
7297-WGKWD,Female,0,No,No,31,Yes,Yes,DSL,No,No,No,No,Yes,Yes,Month-to-month,No,Credit card (automatic),137.07,4153.89,Yes,2023-03-20
6270-ZLYNV,Male,0,Yes,No,44,No,No phone service,Fiber optic,No,No,Yes,No,Yes,No,Two year,Yes,Electronic check,98.4,4306.49,No,2023-03-20
2462-DDBQR,Female,0,Yes,No,18,Yes,Yes,Fiber optic,No,No,Yes,Yes,Yes,Yes,Month-to-month,Yes,Mailed check,193.46,3437.13,No,2023-03-20
6828-KBHVE,Female,0,Yes,Yes,36,Yes,No,No,No internet service,No internet service,No internet service,No internet service,No internet service,No internet service,Month-to-month,No,Mailed check,53.65,1884.03,Yes,2023-03-20
9935-EIGOV,Female,1,Yes,No,31,Yes,No,No,No internet service,No internet service,No internet service,No internet service,No internet service,No internet service,Month-to-month,Yes,Electronic check,40.48,1261.82,Yes,2023-03-20
3369-KLGTZ,Female,0,No,Yes,35,Yes,No,No,No internet service,No internet service,No internet service,No internet service,No internet service,No internet service,Month-to-month,Yes,Bank transfer (automatic),34.94,1243.13,Yes,2023-03-20
7536-OCKAZ,Female,0,Yes,No,21,Yes,No,DSL,No,Yes,No,No,No,No,Month-to-month,No,Electronic check,101.85,2173.17,No,2023-03-20
8182-WUHDZ,Female,0,No,No,36,Yes,No,Fiber optic,No,No,No,Yes,Yes,Yes,Two year,No,Mailed check,141.12,4961.94,Yes,2023-03-20
4125-AIDRK,Male,0,Yes,No,41,No,No phone service,Fiber optic,Yes,Yes,No,No,Yes,No,Month-to-month,No,Electronic check,135.63,5585.04,Yes,2023-03-20
9867-SDPSS,Male,0,Yes,No,34,Yes,Yes,Fiber optic,No,Yes,No,Yes,No,Yes,Two year,No,Bank transfer (automatic),158.76,5241.43,Yes,2023-03-20
8326-FRIOX,Female,1,Yes,No,32,Yes,No,Fiber optic,No,No,Yes,No,No,No,Month-to-month,Yes,Electronic check,139.09,4459.23,Yes,2023-03-20
7829-RTEJS,Female,0,No,No,56,Yes,Yes,Fiber optic,No,No,Yes,Yes,No,Yes,Month-to-month,Yes,Electronic check,180.03,10247.27,Yes,2023-03-20
1251-EYQVU,Male,0,No,No,59,Yes,Yes,DSL,Yes,Yes,Yes,No,Yes,Yes,One year,No,Bank transfer (automatic),158.68,9557.25,Yes,2023-03-20
3969-YWAYV,Female,0,No,No,45,Yes,No,No,No internet service,No internet service,No internet service,No internet service,No internet service,No internet service,One year,Yes,Electronic check,50.6,2313.79,Yes,2023-03-20
8069-FNJXI,Male,0,No,Yes,56,Yes,No,Fiber optic,Yes,Yes,Yes,No,Yes,No,Month-to-month,No,Bank transfer (automatic),166.48,9374.56,Yes,2023-03-20
6564-OCLJO,Male,0,No,No,60,Yes,No,Fiber optic,No,No,Yes,Yes,Yes,Yes,One year,Yes,Electronic check,166.16,9920.19,Yes,2023-03-20
5387-NOUJN,Female,0,Yes,No,25,Yes,No,No,No internet service,No internet service,No internet service,No internet service,No internet service,No internet service,Month-to-month,No,Bank transfer (automatic),35.96,906.79,Yes,2023-03-20
8752-YGRKK,Male,0,No,Yes,36,Yes,Yes,Fiber optic,Yes,No,No,No,Yes,Yes,Two year,Yes,Bank transfer (automatic),141.79,4976.03,Yes,2023-03-20
9581-IPFJJ,Male,0,Yes,No,22,Yes,No,DSL,No,Yes,No,No,Yes,Yes,One year,Yes,Bank transfer (automatic),114.71,2562.13,Yes,2023-03-20
1086-OVXNS,Male,0,Yes,No,20,Yes,Yes,Fiber optic,Yes,Yes,No,No,Yes,Yes,One year,Yes,Bank transfer (automatic),177.22,3486.43,No,2023-03-20
9877-WXNUI,Male,0,No,Yes,36,Yes,No,Fiber optic,No,No,No,No,Yes,Yes,One year,Yes,Credit card (automatic),148.7,5473.1,Yes,2023-03-20
7022-RJEJG,Female,0,Yes,No,33,Yes,No,Fiber optic,No,Yes,No,No,Yes,No,One year,No,Electronic check,140.03,4560.05,Yes,2023-03-20
1473-LGUGK,Female,0,Yes,No,7,Yes,No,No,No internet service,No internet service,No internet service,No internet service,No internet service,No internet service,Two year,Yes,Mailed check,41.66,286.73,No,2023-03-21
3304-NEAGB,Male,0,Yes,No,30,Yes,Yes,Fiber optic,Yes,Yes,Yes,No,Yes,Yes,One year,No,Bank transfer (automatic),185.92,5561.6,Yes,2023-03-21
8404-VZCKY,Female,1,No,No,15,Yes,No,No,No internet service,No internet service,No internet service,No internet service,No internet service,No internet service,Month-to-month,Yes,Credit card (automatic),43.96,650.89,Yes,2023-03-21
7950-GKCFI,Male,0,No,Yes,33,Yes,Yes,DSL,No,Yes,Yes,No,Yes,Yes,Month-to-month,No,Bank transfer (automatic),148.13,4842.81,Yes,2023-03-21
5614-RCTFP,Female,0,Yes,No,21,Yes,Yes,Fiber optic,Yes,No,Yes,Yes,Yes,Yes,Two year,Yes,Electronic check,154.93,3260.38,Yes,2023-03-21
3848-TYULI,Male,0,Yes,No,10,Yes,No,Fiber optic,No,Yes,No,Yes,Yes,Yes,Month-to-month,Yes,Mailed check,164.55,1653.2,Yes,2023-03-21
2221-IXBLX,Female,0,No,No,43,Yes,Yes,DSL,Yes,No,Yes,No,Yes,Yes,Two year,No,Credit card (automatic),130.26,5630.86,No,2023-03-21
1479-BZXQJ,Male,1,Yes,Yes,37,No,No phone service,DSL,Yes,No,Yes,No,No,Yes,One year,Yes,Electronic check,82.97,3145.82,No,2023-03-21
8853-HJGFM,Male,0,No,Yes,17,Yes,No,Fiber optic,No,Yes,Yes,Yes,Yes,No,One year,Yes,Credit card (automatic),159.37,2743.27,No,2023-03-21
2902-SNLAW,Female,1,Yes,No,38,Yes,Yes,Fiber optic,No,Yes,Yes,No,Yes,No,One year,Yes,Electronic check,160.74,6212.09,No,2023-03-21
3549-EQRHR,Female,0,Yes,Yes,25,Yes,Yes,DSL,No,No,Yes,No,Yes,Yes,Month-to-month,Yes,Credit card (automatic),144.25,3627.07,No,2023-03-21
5419-FSFKN,Male,0,Yes,No,39,Yes,Yes,Fiber optic,No,Yes,No,No,Yes,Yes,Two year,Yes,Electronic check,160.12,6324.35,No,2023-03-21
6268-FTYRE,Female,0,Yes,No,43,Yes,Yes,DSL,No,Yes,Yes,No,Yes,Yes,Month-to-month,Yes,Bank transfer (automatic),154.47,6465.74,Yes,2023-03-21
6695-PYDTG,Male,0,Yes,No,38,Yes,Yes,No,No internet service,No internet service,No internet service,No internet service,No internet service,No internet service,Two year,No,Mailed check,63.67,2365.01,No,2023-03-21
3551-DMBPF,Male,0,No,No,42,No,No phone service,DSL,No,Yes,Yes,No,Yes,Yes,Month-to-month,Yes,Electronic check,99.93,4213.32,Yes,2023-03-21
3316-RMBSH,Male,0,No,No,35,No,No phone service,Fiber optic,Yes,No,No,Yes,Yes,Yes,One year,Yes,Electronic check,125.72,4332.52,Yes,2023-03-21
9411-IAQKB,Female,0,Yes,No,50,Yes,Yes,Fiber optic,No,No,Yes,No,Yes,Yes,One year,Yes,Bank transfer (automatic),164.23,8265.35,Yes,2023-03-21
5947-BMJDC,Female,0,No,No,16,Yes,Yes,Fiber optic,Yes,Yes,Yes,Yes,Yes,Yes,Two year,Yes,Bank transfer (automatic),173.73,2754.07,No,2023-03-21
8323-HXCCX,Female,0,No,No,42,Yes,No,Fiber optic,Yes,Yes,No,No,No,Yes,One year,Yes,Mailed check,146.52,6111.78,No,2023-03-21
6587-REEPB,Female,1,Yes,No,56,Yes,Yes,Fiber optic,Yes,No,Yes,No,Yes,No,One year,Yes,Bank transfer (automatic),170.69,9448.03,No,2023-03-21
5125-LDFBF,Female,0,No,No,31,Yes,Yes,DSL,No,No,No,No,Yes,No,One year,Yes,Mailed check,114.88,3455.39,Yes,2023-03-21
1917-KYFYY,Female,0,No,No,28,Yes,Yes,Fiber optic,Yes,No,Yes,No,Yes,Yes,One year,Yes,Electronic check,179.13,5023.9,Yes,2023-03-21
8835-LIASR,Male,0,Yes,No,55,Yes,Yes,No,No internet service,No internet service,No internet service,No internet service,No internet service,No internet service,One year,Yes,Credit card (automatic),60.52,3247.43,Yes,2023-03-21
1450-JECMW,Female,0,No,No,33,Yes,No,Fiber optic,Yes,No,No,No,Yes,Yes,One year,No,Bank transfer (automatic),146.83,4876.99,No,2023-03-21
2410-GPHQW,Male,0,No,No,34,Yes,Yes,DSL,Yes,No,Yes,Yes,Yes,Yes,One year,Yes,Mailed check,142.28,4938.63,No,2023-03-21
2922-JTPZX,Male,0,No,No,22,Yes,No,DSL,Yes,No,Yes,No,Yes,Yes,Month-to-month,No,Credit card (automatic),146.2,3173.93,No,2023-03-22
5336-UALQC,Male,0,Yes,No,12,Yes,No,No,No internet service,No internet service,No internet service,No internet service,No internet service,No internet service,One year,No,Mailed check,29.05,348.24,No,2023-03-22
6400-RKWYK,Female,0,Yes,No,37,Yes,Yes,No,No internet service,No internet service,No internet service,No internet service,No internet service,No internet service,Month-to-month,No,Credit card (automatic),62.76,2329.97,Yes,2023-03-22
4340-ORIHL,Male,1,Yes,Yes,25,Yes,Yes,Fiber optic,No,Yes,No,Yes,Yes,No,Month-to-month,Yes,Electronic check,175.45,4257.17,Yes,2023-03-22
2802-GHIKR,Male,0,Yes,Yes,18,Yes,Yes,Fiber optic,No,Yes,No,Yes,Yes,Yes,One year,No,Electronic check,170.01,3106.07,No,2023-03-22
4588-DUSBY,Male,0,No,No,10,Yes,Yes,Fiber optic,No,No,No,No,Yes,Yes,One year,No,Mailed check,158.03,1551.03,No,2023-03-22
2720-UDNWP,Female,0,No,Yes,37,Yes,Yes,Fiber optic,No,Yes,Yes,Yes,No,No,Two year,Yes,Electronic check,146.65,5582.15,Yes,2023-03-22
9036-HEPYN,Female,0,No,No,63,Yes,Yes,Fiber optic,Yes,No,No,Yes,No,Yes,Month-to-month,Yes,Bank transfer (automatic),175.01,11196.39,Yes,2023-03-22
5300-ZKHMC,Female,0,Yes,Yes,17,Yes,No,Fiber optic,No,Yes,Yes,No,Yes,No,One year,Yes,Bank transfer (automatic),142.78,2468.21,No,2023-03-22
3213-ZHHFW,Female,0,Yes,No,19,Yes,Yes,Fiber optic,Yes,No,Yes,No,No,Yes,Two year,Yes,Electronic check,152.43,2858.72,Yes,2023-03-22
8962-FANQP,Male,0,Yes,No,58,Yes,Yes,Fiber optic,No,No,No,No,No,Yes,Two year,Yes,Mailed check,138.21,7843.36,Yes,2023-03-22
9458-ZMMOF,Male,0,Yes,Yes,29,Yes,Yes,DSL,Yes,No,No,No,Yes,Yes,Month-to-month,No,Credit card (automatic),135.71,3821.07,Yes,2023-03-22
4274-UOHFD,Female,0,Yes,Yes,25,Yes,No,DSL,No,Yes,No,No,Yes,Yes,Month-to-month,Yes,Credit card (automatic),126.59,3109.15,Yes,2023-03-22
7783-KTPYN,Female,0,No,Yes,24,Yes,Yes,Fiber optic,Yes,Yes,No,Yes,No,Yes,One year,No,Credit card (automatic),173.04,4113.66,No,2023-03-22
9578-OHQIR,Male,0,No,No,54,Yes,No,Fiber optic,No,Yes,No,No,Yes,Yes,Month-to-month,Yes,Mailed check,150.9,8172.77,Yes,2023-03-22
5598-STKRW,Male,1,Yes,No,15,Yes,Yes,Fiber optic,No,No,Yes,Yes,Yes,Yes,Month-to-month,Yes,Bank transfer (automatic),191.18,2869.61,Yes,2023-03-22
3866-YFHJC,Male,1,Yes,No,17,Yes,Yes,DSL,Yes,Yes,No,Yes,No,Yes,Two year,No,Mailed check,135.42,2320.65,Yes,2023-03-22
6996-NAJFA,Female,0,Yes,No,30,Yes,No,Fiber optic,Yes,No,Yes,Yes,Yes,Yes,Two year,Yes,Electronic check,146.89,4367.92,No,2023-03-22
8956-JJUCS,Male,0,No,No,57,No,No phone service,Fiber optic,No,Yes,Yes,No,Yes,Yes,One year,Yes,Mailed check,136.49,7847.67,No,2023-03-22
8552-WTGXE,Female,0,No,No,32,Yes,Yes,DSL,No,Yes,Yes,No,Yes,Yes,Month-to-month,No,Credit card (automatic),147.56,4743.8,Yes,2023-03-22
9004-RAQCY,Male,0,Yes,No,21,Yes,Yes,No,No internet service,No internet service,No internet service,No internet service,No internet service,No internet service,Two year,Yes,Mailed check,60.8,1239.48,No,2023-03-22
9366-EPMAJ,Female,0,Yes,Yes,15,Yes,No,Fiber optic,No,Yes,No,No,Yes,Yes,Two year,Yes,Electronic check,140.52,2077.4,Yes,2023-03-22
7711-CVFGP,Male,0,Yes,Yes,28,Yes,Yes,Fiber optic,No,Yes,Yes,Yes,Yes,No,One year,Yes,Credit card (automatic),168.5,4737.95,No,2023-03-22
6542-TQREB,Male,0,No,No,32,Yes,Yes,Fiber optic,Yes,No,No,No,Yes,Yes,One year,Yes,Mailed check,166.08,5374.09,No,2023-03-22
9240-WFWMY,Male,0,Yes,No,28,Yes,No,No,No internet service,No internet service,No internet service,No internet service,No internet service,No internet service,Two year,Yes,Mailed check,41.91,1152.74,Yes,2023-03-22
2589-JGNVG,Male,0,Yes,Yes,5,Yes,No,No,No internet service,No internet service,No internet service,No internet service,No internet service,No internet service,One year,Yes,Bank transfer (automatic),39.87,202.14,Yes,2023-03-22
9612-VSSUK,Female,0,No,No,9,Yes,Yes,Fiber optic,Yes,Yes,Yes,No,Yes,No,Month-to-month,Yes,Credit card (automatic),188.11,1722.97,Yes,2023-03-22
2346-PGYND,Male,0,Yes,No,25,Yes,No,Fiber optic,Yes,No,Yes,Yes,Yes,No,Two year,Yes,Mailed check,146.11,3711.8,No,2023-03-22
6229-HLHBN,Female,0,Yes,No,32,Yes,No,Fiber optic,No,No,No,No,Yes,Yes,One year,No,Mailed check,127.48,4050.19,Yes,2023-03-22
8318-JVULH,Male,0,Yes,Yes,32,Yes,No,DSL,Yes,Yes,Yes,No,Yes,No,Month-to-month,Yes,Credit card (automatic),139.32,4449.84,Yes,2023-03-22
7405-ORGTS,Female,0,Yes,Yes,15,Yes,Yes,DSL,No,Yes,Yes,No,Yes,No,Two year,Yes,Mailed check,123.59,1814.21,No,2023-03-22
6279-TNAAT,Male,1,Yes,No,23,Yes,No,Fiber optic,No,No,Yes,No,Yes,Yes,Month-to-month,Yes,Electronic check,157.83,3602.45,Yes,2023-03-22
9247-FUPRX,Male,0,Yes,No,49,Yes,Yes,Fiber optic,Yes,No,Yes,No,Yes,Yes,One year,No,Credit card (automatic),173.97,8275.26,Yes,2023-03-22
1783-YOGWI,Female,0,Yes,No,52,Yes,No,DSL,No,Yes,Yes,Yes,Yes,Yes,Two year,No,Electronic check,133.3,6962.79,No,2023-03-22
5244-PHYEN,Female,0,No,No,27,Yes,No,Fiber optic,Yes,Yes,Yes,No,Yes,Yes,Month-to-month,Yes,Bank transfer (automatic),173.39,4667.09,No,2023-03-23
6289-OCHJW,Male,0,No,No,32,Yes,Yes,Fiber optic,No,Yes,No,Yes,Yes,Yes,One year,No,Bank transfer (automatic),171.15,5445.15,Yes,2023-03-23
5485-VSMMR,Female,0,Yes,No,34,Yes,Yes,Fiber optic,No,No,No,No,Yes,No,Month-to-month,No,Mailed check,155.86,5211.5,Yes,2023-03-23
5468-DGURE,Male,0,No,No,31,Yes,Yes,DSL,No,Yes,Yes,Yes,Yes,No,One year,No,Mailed check,132.04,4192.87,Yes,2023-03-23
4787-RKAIF,Female,0,Yes,No,39,Yes,No,DSL,Yes,Yes,Yes,No,Yes,Yes,Two year,Yes,Bank transfer (automatic),123.88,4866.68,Yes,2023-03-23
4295-VCZGV,Male,1,No,Yes,8,Yes,No,Fiber optic,No,Yes,Yes,No,Yes,No,Two year,Yes,Bank transfer (automatic),140.41,1120.3,Yes,2023-03-23
9005-ZQMEU,Male,0,Yes,No,56,Yes,Yes,DSL,Yes,No,No,No,Yes,Yes,Two year,Yes,Bank transfer (automatic),125.43,7101.98,Yes,2023-03-23
2496-FJBHO,Male,0,No,No,19,Yes,Yes,No,No internet service,No internet service,No internet service,No internet service,No internet service,No internet service,One year,No,Credit card (automatic),53.82,1048.39,No,2023-03-23
4973-VZUQN,Female,0,No,No,27,Yes,No,Fiber optic,No,No,Yes,Yes,Yes,No,Month-to-month,No,Electronic check,156.99,4132.14,Yes,2023-03-23
4022-VESZC,Male,0,No,No,21,Yes,Yes,DSL,No,Yes,Yes,No,No,Yes,Month-to-month,No,Credit card (automatic),143.89,3097.59,Yes,2023-03-23
1414-RKITD,Male,0,No,No,43,Yes,No,DSL,No,Yes,Yes,Yes,Yes,No,Month-to-month,Yes,Credit card (automatic),131.91,5797.95,No,2023-03-23
5009-DJNDT,Female,0,Yes,No,26,Yes,No,Fiber optic,No,No,Yes,Yes,Yes,Yes,Month-to-month,Yes,Mailed check,176.6,4715.57,Yes,2023-03-23
7082-WMISZ,Female,0,Yes,Yes,33,Yes,No,Fiber optic,No,No,Yes,No,Yes,Yes,One year,Yes,Bank transfer (automatic),151.46,4937.58,No,2023-03-23
3115-MOYSP,Male,0,No,No,40,Yes,Yes,Fiber optic,No,No,No,No,No,Yes,Month-to-month,No,Electronic check,151.68,6046.43,Yes,2023-03-23
2159-PKSRF,Male,0,No,No,30,Yes,Yes,Fiber optic,Yes,Yes,No,No,Yes,No,Month-to-month,Yes,Credit card (automatic),179.92,5427.18,Yes,2023-03-23
9214-BWDQM,Male,0,No,No,10,Yes,No,DSL,No,No,Yes,No,Yes,Yes,One year,Yes,Mailed check,121.65,1247.62,No,2023-03-23
3228-DEIYS,Female,0,Yes,Yes,34,Yes,No,DSL,No,No,No,No,Yes,No,Month-to-month,Yes,Bank transfer (automatic),106.4,3635.69,Yes,2023-03-23
9207-VVXKK,Female,0,Yes,No,12,Yes,No,Fiber optic,No,Yes,No,No,Yes,Yes,One year,Yes,Credit card (automatic),151.22,1829.14,No,2023-03-24
7442-PGKWP,Male,0,Yes,No,29,Yes,Yes,No,No internet service,No internet service,No internet service,No internet service,No internet service,No internet service,Two year,Yes,Electronic check,42.75,1249.2,Yes,2023-03-24
3727-WPCJF,Male,0,No,No,46,Yes,No,No,No internet service,No internet service,No internet service,No internet service,No internet service,No internet service,Two year,No,Electronic check,35.5,1652.11,No,2023-03-24
6064-AFMHE,Female,0,Yes,No,23,Yes,No,Fiber optic,No,No,Yes,No,Yes,Yes,One year,Yes,Credit card (automatic),152.08,3466.21,No,2023-03-24
6818-DQBMF,Male,0,No,No,36,Yes,Yes,Fiber optic,No,Yes,No,No,Yes,Yes,One year,No,Electronic check,164.34,5795.67,Yes,2023-03-24
5170-ODCLJ,Female,0,Yes,No,45,Yes,Yes,Fiber optic,No,No,No,Yes,No,Yes,Month-to-month,Yes,Mailed check,178.65,7873.9,No,2023-03-24
2075-INDWW,Female,0,No,Yes,14,Yes,Yes,No,No internet service,No internet service,No internet service,No internet service,No internet service,No internet service,One year,Yes,Mailed check,69.91,952.68,No,2023-03-24
3985-SKASK,Female,1,No,Yes,26,Yes,Yes,Fiber optic,Yes,No,Yes,No,No,No,One year,Yes,Electronic check,160.72,4287.8,No,2023-03-24
6005-VOCVW,Male,0,No,No,34,No,No phone service,Fiber optic,Yes,Yes,Yes,No,Yes,Yes,Month-to-month,No,Mailed check,152.57,5075.9,Yes,2023-03-24
3547-CNETU,Male,0,No,No,45,Yes,Yes,Fiber optic,Yes,No,No,No,Yes,Yes,Two year,Yes,Mailed check,159.92,7017.56,Yes,2023-03-24
4761-KDLMB,Male,1,Yes,No,11,Yes,Yes,Fiber optic,Yes,Yes,Yes,Yes,No,Yes,Two year,Yes,Bank transfer (automatic),176.56,1995.15,Yes,2023-03-24
3621-EQWGC,Female,0,No,Yes,48,Yes,No,DSL,No,No,Yes,No,No,Yes,Month-to-month,Yes,Credit card (automatic),110.93,5475.06,No,2023-03-24
6644-SGSHS,Female,0,Yes,No,44,Yes,Yes,Fiber optic,Yes,Yes,Yes,Yes,Yes,No,One year,Yes,Bank transfer (automatic),193.64,8432.97,No,2023-03-24
9301-OYFBJ,Male,0,Yes,No,41,Yes,No,DSL,Yes,Yes,No,No,Yes,Yes,Month-to-month,Yes,Credit card (automatic),131.04,5348.76,Yes,2023-03-24
2849-CJSDD,Male,0,Yes,No,18,Yes,No,Fiber optic,Yes,No,No,Yes,Yes,Yes,Two year,Yes,Credit card (automatic),144.55,2568.23,Yes,2023-03-24
6635-WYOXT,Male,0,Yes,No,52,Yes,No,DSL,No,Yes,Yes,Yes,No,Yes,One year,Yes,Bank transfer (automatic),127.09,6431.21,No,2023-03-24
6431-BNKUF,Male,0,Yes,Yes,15,Yes,Yes,No,No internet service,No internet service,No internet service,No internet service,No internet service,No internet service,Month-to-month,No,Credit card (automatic),70.32,1051.99,No,2023-03-24
4966-QTAMP,Female,1,No,Yes,46,No,No phone service,No,No internet service,No internet service,No internet service,No internet service,No internet service,No internet service,Month-to-month,Yes,Bank transfer (automatic),22.05,1022.87,No,2023-03-24
7870-XWKWG,Female,0,Yes,No,27,Yes,No,DSL,No,No,Yes,No,Yes,Yes,Month-to-month,Yes,Bank transfer (automatic),133.2,3643.4,No,2023-03-24
6503-IJQGJ,Male,0,No,No,46,Yes,Yes,DSL,Yes,Yes,Yes,No,No,Yes,Month-to-month,Yes,Mailed check,146.53,6814.85,Yes,2023-03-24
8550-OGPSG,Female,0,No,No,51,Yes,No,Fiber optic,No,Yes,Yes,Yes,No,No,One year,No,Electronic check,153.33,8028.06,No,2023-03-24
9274-SZLFP,Female,0,Yes,Yes,59,Yes,No,Fiber optic,Yes,No,No,Yes,Yes,Yes,One year,No,Bank transfer (automatic),168.42,9780.51,No,2023-03-24
4197-SMJTH,Female,0,No,No,44,Yes,No,DSL,No,Yes,Yes,No,No,Yes,Month-to-month,Yes,Credit card (automatic),122.15,5393.02,Yes,2023-03-24
7771-JTQPP,Female,0,Yes,No,43,Yes,Yes,Fiber optic,Yes,No,Yes,No,Yes,Yes,One year,No,Bank transfer (automatic),181.08,7755.53,Yes,2023-03-24
1845-WZDEJ,Male,1,Yes,No,19,Yes,No,No,No internet service,No internet service,No internet service,No internet service,No internet service,No internet service,Month-to-month,No,Credit card (automatic),36.73,706.22,No,2023-03-25
8482-TYONR,Male,1,Yes,No,5,Yes,No,Fiber optic,No,Yes,Yes,Yes,Yes,Yes,One year,Yes,Credit card (automatic),170.51,834.07,Yes,2023-03-25
9727-MZSBJ,Female,0,No,No,12,Yes,No,Fiber optic,Yes,Yes,No,Yes,Yes,Yes,Month-to-month,No,Credit card (automatic),174.64,2066.83,Yes,2023-03-25
2922-EPEOU,Male,0,No,No,37,Yes,No,Fiber optic,Yes,No,No,No,Yes,No,Two year,Yes,Credit card (automatic),128.66,4676.86,No,2023-03-25
5243-GTADK,Female,0,No,No,17,Yes,No,Fiber optic,No,No,No,No,Yes,No,Month-to-month,Yes,Electronic check,130.67,2203.02,Yes,2023-03-25
6320-BIMGI,Female,0,Yes,Yes,14,Yes,No,DSL,No,Yes,No,No,Yes,Yes,One year,Yes,Mailed check,110.73,1561.81,No,2023-03-25
7941-VOUEM,Female,1,No,No,33,Yes,Yes,No,No internet service,No internet service,No internet service,No internet service,No internet service,No internet service,Two year,No,Credit card (automatic),47.78,1531.6,No,2023-03-25
4507-SBWBM,Male,0,Yes,No,23,Yes,No,Fiber optic,Yes,Yes,No,Yes,Yes,Yes,One year,No,Mailed check,171.18,4009.54,No,2023-03-25
7576-JLLBT,Female,0,Yes,No,16,Yes,Yes,No,No internet service,No internet service,No internet service,No internet service,No internet service,No internet service,Two year,Yes,Bank transfer (automatic),58.01,905.2,No,2023-03-25
4513-AUWBA,Female,0,No,No,42,Yes,Yes,DSL,Yes,Yes,No,No,Yes,Yes,Month-to-month,Yes,Electronic check,149.13,6108.12,Yes,2023-03-25
2862-XNTTQ,Male,0,Yes,No,21,Yes,Yes,No,No internet service,No internet service,No internet service,No internet service,No internet service,No internet service,Month-to-month,Yes,Mailed check,72.01,1519.4,Yes,2023-03-25
3896-CCYAC,Female,0,Yes,Yes,14,Yes,Yes,DSL,Yes,Yes,No,Yes,No,Yes,Month-to-month,No,Bank transfer (automatic),153.58,2199.96,No,2023-03-25
9368-CBTDD,Male,0,Yes,No,28,Yes,No,DSL,Yes,Yes,Yes,No,Yes,Yes,One year,No,Credit card (automatic),129.73,3603.73,Yes,2023-03-25
8809-DYUCW,Male,0,Yes,No,11,Yes,Yes,Fiber optic,No,No,No,No,Yes,No,Month-to-month,Yes,Electronic check,150.56,1662.53,Yes,2023-03-25
4026-YWHKE,Female,0,Yes,Yes,37,Yes,Yes,Fiber optic,No,Yes,Yes,No,Yes,Yes,One year,No,Electronic check,181.89,6613.7,Yes,2023-03-25
1731-MXLXX,Female,1,Yes,No,20,Yes,Yes,Fiber optic,No,No,No,No,Yes,Yes,Two year,Yes,Bank transfer (automatic),144.71,2836.93,Yes,2023-03-25
2889-HDBNY,Female,0,No,No,42,Yes,Yes,Fiber optic,No,Yes,No,No,No,Yes,Two year,No,Bank transfer (automatic),146.93,6163.03,No,2023-03-25
9913-GZFRM,Male,0,Yes,No,44,No,No phone service,DSL,Yes,Yes,No,No,No,Yes,One year,No,Electronic check,90.59,4075.31,No,2023-03-25
2756-ORYQU,Male,0,No,No,21,No,No phone service,Fiber optic,Yes,No,Yes,No,Yes,Yes,One year,No,Bank transfer (automatic),127.15,2612.39,No,2023-03-25
5368-SDZNH,Female,0,Yes,No,48,Yes,Yes,DSL,Yes,Yes,Yes,No,Yes,Yes,Month-to-month,Yes,Electronic check,162.99,7904.24,No,2023-03-25
4673-QUQTY,Male,0,Yes,No,39,Yes,Yes,No,No internet service,No internet service,No internet service,No internet service,No internet service,No internet service,Two year,Yes,Credit card (automatic),65.89,2500.65,No,2023-03-25
3914-YVIGK,Female,1,Yes,No,44,Yes,Yes,Fiber optic,No,No,Yes,No,Yes,Yes,Two year,No,Mailed check,145.49,6589.44,Yes,2023-03-25
3093-ONLAS,Female,0,Yes,No,38,Yes,Yes,No,No internet service,No internet service,No internet service,No internet service,No internet service,No internet service,One year,Yes,Mailed check,62.79,2372.91,Yes,2023-03-25
5014-OHOWM,Male,0,No,No,33,Yes,Yes,Fiber optic,No,No,No,No,No,Yes,One year,No,Mailed check,154.46,4968.71,No,2023-03-25
4386-GITUE,Female,0,Yes,Yes,33,Yes,Yes,DSL,No,No,No,No,Yes,Yes,Month-to-month,Yes,Mailed check,128.98,4237.16,No,2023-03-25
4848-FPOQW,Male,0,Yes,No,12,Yes,Yes,Fiber optic,No,Yes,Yes,Yes,Yes,Yes,One year,Yes,Mailed check,184.88,2158.19,No,2023-03-25
5451-BZRUJ,Female,0,Yes,No,12,Yes,No,DSL,Yes,Yes,Yes,No,No,No,One year,Yes,Credit card (automatic),115.12,1350.81,No,2023-03-25
9245-AKPRM,Female,0,No,No,35,Yes,No,Fiber optic,No,Yes,No,No,No,Yes,Two year,No,Credit card (automatic),131.24,4648.37,Yes,2023-03-25
3452-IJVEI,Female,1,No,No,31,Yes,Yes,DSL,No,No,No,No,Yes,Yes,Month-to-month,Yes,Credit card (automatic),131.04,4145.76,Yes,2023-03-25
2473-WIWGD,Female,0,No,No,50,Yes,No,Fiber optic,Yes,Yes,No,No,Yes,No,One year,Yes,Mailed check,146.0,7148.76,Yes,2023-03-25
1112-PDSYA,Female,0,Yes,No,20,Yes,No,DSL,No,No,Yes,No,No,No,Month-to-month,Yes,Mailed check,109.36,2188.54,Yes,2023-03-25
8660-AWWJA,Male,0,Yes,No,29,Yes,No,No,No internet service,No internet service,No internet service,No internet service,No internet service,No internet service,Two year,No,Bank transfer (automatic),43.48,1295.14,No,2023-03-25
5150-DFZPY,Female,0,Yes,No,31,Yes,No,Fiber optic,No,Yes,Yes,No,No,Yes,One year,No,Credit card (automatic),152.88,4651.06,No,2023-03-25
2471-OWJEA,Male,0,Yes,No,55,No,No phone service,DSL,No,Yes,No,Yes,No,Yes,Month-to-month,Yes,Mailed check,90.32,5083.68,Yes,2023-03-26
6283-JHMGK,Male,0,Yes,No,47,Yes,No,No,No internet service,No internet service,No internet service,No internet service,No internet service,No internet service,One year,Yes,Bank transfer (automatic),40.04,1927.6,Yes,2023-03-26
1124-BJJVL,Female,0,Yes,No,39,Yes,No,Fiber optic,Yes,No,No,No,Yes,Yes,Month-to-month,No,Electronic check,155.15,5961.26,Yes,2023-03-26
2612-BSUCE,Male,0,Yes,No,22,Yes,No,Fiber optic,No,No,Yes,No,Yes,Yes,Month-to-month,Yes,Credit card (automatic),162.2,3472.95,Yes,2023-03-26
5424-EFQIE,Male,1,No,No,9,Yes,No,Fiber optic,No,Yes,Yes,Yes,Yes,Yes,Month-to-month,Yes,Bank transfer (automatic),181.91,1670.78,Yes,2023-03-26
2703-UDFGS,Male,1,No,Yes,54,Yes,No,Fiber optic,No,Yes,Yes,No,Yes,Yes,Month-to-month,No,Credit card (automatic),176.59,9648.09,Yes,2023-03-26
8149-NFQJW,Female,0,Yes,No,41,Yes,No,Fiber optic,No,Yes,Yes,Yes,Yes,Yes,One year,Yes,Electronic check,163.27,6535.67,Yes,2023-03-26
1255-FCUZS,Female,0,Yes,No,39,Yes,Yes,Fiber optic,No,No,No,No,Yes,Yes,One year,Yes,Credit card (automatic),164.29,6287.13,Yes,2023-03-26
9316-FJMUW,Male,0,Yes,No,31,Yes,Yes,Fiber optic,No,Yes,No,No,Yes,Yes,One year,No,Mailed check,172.37,5196.55,Yes,2023-03-26
8198-GWEEN,Female,0,No,No,47,Yes,Yes,Fiber optic,Yes,No,No,No,Yes,No,Two year,Yes,Bank transfer (automatic),142.04,6756.47,Yes,2023-03-26
8981-EVEBR,Female,0,No,No,15,Yes,Yes,Fiber optic,No,No,No,No,Yes,Yes,Month-to-month,No,Bank transfer (automatic),158.07,2415.53,Yes,2023-03-26
6311-YBBLC,Female,0,No,No,52,Yes,No,No,No internet service,No internet service,No internet service,No internet service,No internet service,No internet service,Month-to-month,Yes,Credit card (automatic),45.38,2288.97,No,2023-03-26
4131-WRBYV,Male,1,Yes,No,51,Yes,Yes,Fiber optic,Yes,No,Yes,No,Yes,No,Month-to-month,No,Bank transfer (automatic),178.91,9315.01,Yes,2023-03-26
7750-WMCJK,Male,1,Yes,Yes,33,Yes,Yes,Fiber optic,Yes,Yes,No,Yes,Yes,Yes,Two year,Yes,Bank transfer (automatic),169.38,5504.28,Yes,2023-03-26
3611-CXMOL,Female,0,No,No,6,Yes,Yes,Fiber optic,Yes,Yes,Yes,No,No,Yes,Month-to-month,No,Electronic check,185.74,1089.87,Yes,2023-03-26
4345-DEOUF,Female,0,Yes,No,27,Yes,Yes,DSL,No,No,No,Yes,Yes,Yes,Two year,Yes,Electronic check,120.95,3291.98,Yes,2023-03-26
3202-XJISX,Male,0,No,Yes,42,Yes,No,DSL,Yes,Yes,No,No,Yes,Yes,One year,Yes,Credit card (automatic),123.82,5349.92,No,2023-03-26
1253-FDVZS,Female,0,Yes,No,38,Yes,No,DSL,Yes,No,No,Yes,Yes,Yes,Two year,Yes,Credit card (automatic),112.81,4343.19,No,2023-03-26
8436-AFZYS,Female,0,Yes,No,56,Yes,Yes,DSL,Yes,No,Yes,No,Yes,Yes,One year,No,Credit card (automatic),147.07,8274.58,No,2023-03-26
4007-NAHKT,Female,0,Yes,No,9,Yes,No,Fiber optic,No,No,Yes,No,Yes,No,Month-to-month,Yes,Credit card (automatic),149.93,1340.44,Yes,2023-03-26
6870-CQKLX,Female,0,Yes,Yes,37,Yes,Yes,Fiber optic,Yes,No,No,No,Yes,Yes,One year,Yes,Bank transfer (automatic),172.89,6392.99,Yes,2023-03-26
5959-ODDLG,Male,0,No,No,13,Yes,Yes,Fiber optic,Yes,No,No,No,No,No,Two year,No,Bank transfer (automatic),134.21,1781.18,No,2023-03-26
1194-MNTDK,Female,0,No,No,7,Yes,Yes,Fiber optic,No,No,No,No,No,Yes,Two year,No,Mailed check,134.44,935.76,No,2023-03-26
3741-NKACC,Male,0,Yes,No,42,Yes,Yes,No,No internet service,No internet service,No internet service,No internet service,No internet service,No internet service,Two year,No,Credit card (automatic),48.71,2091.81,No,2023-03-26
3092-RCDYW,Female,1,Yes,No,44,Yes,No,Fiber optic,No,No,Yes,Yes,Yes,Yes,Month-to-month,No,Bank transfer (automatic),174.04,7816.05,Yes,2023-03-26
8889-AEZKO,Female,0,Yes,No,18,Yes,Yes,Fiber optic,No,Yes,Yes,No,Yes,Yes,Month-to-month,Yes,Bank transfer (automatic),186.93,3289.09,Yes,2023-03-26
9463-HVGIZ,Female,0,No,No,30,Yes,Yes,No,No internet service,No internet service,No internet service,No internet service,No internet service,No internet service,One year,Yes,Bank transfer (automatic),67.15,2035.71,No,2023-03-26
6258-TXCOB,Male,0,Yes,Yes,47,Yes,No,DSL,No,No,Yes,No,Yes,Yes,Two year,No,Electronic check,104.72,4913.71,No,2023-03-26
3374-JSVAZ,Female,0,No,No,58,Yes,No,DSL,Yes,Yes,Yes,No,Yes,Yes,Month-to-month,Yes,Bank transfer (automatic),141.67,8091.81,Yes,2023-03-26
1000-UIPAC,Male,0,No,No,37,Yes,No,Fiber optic,Yes,No,Yes,No,Yes,No,Two year,Yes,Mailed check,138.82,5231.92,No,2023-03-26
8297-NOLIJ,Female,0,Yes,No,12,Yes,Yes,Fiber optic,Yes,Yes,No,No,Yes,Yes,Two year,Yes,Mailed check,164.96,2001.66,Yes,2023-03-27
8010-EJZNI,Male,0,No,No,34,Yes,Yes,Fiber optic,Yes,Yes,No,Yes,Yes,Yes,Month-to-month,No,Electronic check,200.5,6978.18,Yes,2023-03-27
8206-TQDTF,Female,0,Yes,No,54,Yes,No,Fiber optic,No,No,Yes,No,Yes,Yes,One year,No,Electronic check,161.29,8879.35,Yes,2023-03-27
7704-YJHLY,Male,0,Yes,Yes,28,Yes,Yes,DSL,Yes,Yes,No,Yes,Yes,Yes,Two year,No,Credit card (automatic),138.98,3789.07,Yes,2023-03-27
9122-HKXYM,Female,0,Yes,No,32,Yes,Yes,Fiber optic,Yes,No,No,No,Yes,Yes,One year,Yes,Credit card (automatic),162.69,5339.55,No,2023-03-27
4702-QHRXR,Male,0,No,No,17,Yes,No,Fiber optic,No,No,Yes,Yes,Yes,Yes,Month-to-month,No,Electronic check,166.29,2794.44,No,2023-03-27
4764-PFMKM,Female,0,No,Yes,27,Yes,Yes,DSL,Yes,No,Yes,No,No,Yes,Month-to-month,Yes,Mailed check,142.29,3783.77,No,2023-03-27
2516-OLMXZ,Male,0,Yes,Yes,29,Yes,Yes,No,No internet service,No internet service,No internet service,No internet service,No internet service,No internet service,Month-to-month,No,Credit card (automatic),54.52,1554.04,Yes,2023-03-27
8557-ELZMC,Male,0,Yes,No,39,Yes,No,Fiber optic,No,Yes,No,No,Yes,No,Month-to-month,Yes,Bank transfer (automatic),154.18,6119.64,Yes,2023-03-27
7541-FSHCG,Female,0,No,No,46,Yes,No,DSL,Yes,Yes,Yes,No,Yes,Yes,Two year,Yes,Bank transfer (automatic),107.24,4892.21,No,2023-03-27
5285-JWMUS,Female,0,Yes,No,33,No,No phone service,DSL,No,Yes,Yes,No,Yes,No,One year,No,Mailed check,89.65,2964.42,No,2023-03-27
5037-DYJVD,Male,0,No,No,49,Yes,No,Fiber optic,No,No,No,Yes,Yes,Yes,Month-to-month,No,Electronic check,151.1,7544.17,Yes,2023-03-27
9924-PZQKI,Female,0,Yes,No,40,Yes,Yes,Fiber optic,No,Yes,Yes,No,Yes,Yes,One year,Yes,Bank transfer (automatic),171.41,6838.68,No,2023-03-27
6072-TWXXW,Male,0,Yes,No,21,Yes,Yes,No,No internet service,No internet service,No internet service,No internet service,No internet service,No internet service,Month-to-month,Yes,Mailed check,58.7,1248.36,Yes,2023-03-27
1243-KSHVM,Male,0,Yes,No,39,Yes,Yes,DSL,Yes,No,Yes,No,Yes,Yes,Month-to-month,No,Electronic check,144.63,5727.95,Yes,2023-03-27
9982-USFUV,Male,0,Yes,No,36,Yes,No,Fiber optic,Yes,Yes,No,Yes,Yes,Yes,One year,No,Credit card (automatic),174.91,6201.8,No,2023-03-27
1684-AQGWJ,Male,0,No,No,19,Yes,No,Fiber optic,Yes,No,No,No,Yes,Yes,One year,Yes,Credit card (automatic),150.78,2879.49,Yes,2023-03-27
4299-RDZTP,Female,0,Yes,No,6,Yes,No,No,No internet service,No internet service,No internet service,No internet service,No internet service,No internet service,Month-to-month,No,Bank transfer (automatic),45.87,278.19,Yes,2023-03-27
9638-UJZBK,Female,0,No,Yes,45,Yes,Yes,Fiber optic,No,Yes,Yes,No,Yes,Yes,Month-to-month,No,Electronic check,197.86,8735.8,Yes,2023-03-27
9852-VPEYS,Male,0,No,Yes,19,Yes,No,DSL,Yes,No,Yes,No,No,Yes,Month-to-month,Yes,Credit card (automatic),124.11,2388.91,No,2023-03-27
2042-DRCMT,Female,0,No,No,31,Yes,No,Fiber optic,No,No,Yes,No,Yes,Yes,Month-to-month,Yes,Credit card (automatic),157.65,4885.35,Yes,2023-03-28
8144-AYYFM,Female,0,Yes,No,13,Yes,No,Fiber optic,Yes,No,No,Yes,Yes,Yes,Month-to-month,No,Electronic check,168.85,2177.54,Yes,2023-03-28
7190-OAGHA,Male,0,Yes,No,38,Yes,No,DSL,Yes,Yes,Yes,Yes,Yes,Yes,Two year,No,Electronic check,137.39,5299.94,Yes,2023-03-28
8702-DQSDK,Female,0,Yes,No,22,Yes,No,No,No internet service,No internet service,No internet service,No internet service,No internet service,No internet service,Two year,No,Bank transfer (automatic),35.37,762.29,No,2023-03-28
2035-OQKVQ,Female,1,No,No,30,Yes,No,Fiber optic,No,No,Yes,Yes,Yes,Yes,Two year,Yes,Bank transfer (automatic),143.8,4421.67,No,2023-03-28
4968-SFITM,Female,0,Yes,No,22,Yes,Yes,DSL,Yes,No,No,Yes,Yes,Yes,Month-to-month,Yes,Mailed check,139.58,3136.97,No,2023-03-28
5741-ZWWJL,Male,1,Yes,No,27,Yes,No,Fiber optic,No,No,No,Yes,Yes,No,Two year,Yes,Bank transfer (automatic),136.47,3584.28,Yes,2023-03-28
3411-VZUJC,Male,1,No,No,36,Yes,Yes,Fiber optic,No,No,Yes,No,Yes,Yes,One year,Yes,Mailed check,168.34,6134.44,No,2023-03-28
7124-OIHIW,Female,0,No,No,58,Yes,Yes,DSL,No,Yes,Yes,No,Yes,Yes,One year,No,Credit card (automatic),143.33,8481.96,Yes,2023-03-28
6847-KLHAC,Female,0,No,No,39,Yes,Yes,DSL,Yes,Yes,No,Yes,No,Yes,Month-to-month,Yes,Credit card (automatic),152.72,5971.36,Yes,2023-03-28
6518-OOUVW,Female,0,Yes,Yes,22,Yes,No,Fiber optic,Yes,Yes,Yes,Yes,No,Yes,Month-to-month,Yes,Credit card (automatic),182.35,4017.47,Yes,2023-03-28
4398-NFQIG,Female,0,Yes,No,33,Yes,No,No,No internet service,No internet service,No internet service,No internet service,No internet service,No internet service,Month-to-month,Yes,Electronic check,59.88,1925.06,Yes,2023-03-28
6688-OKWFW,Female,0,No,No,8,Yes,No,No,No internet service,No internet service,No internet service,No internet service,No internet service,No internet service,One year,Yes,Credit card (automatic),34.36,273.33,No,2023-03-28
1127-HUPAK,Female,0,No,No,28,Yes,No,Fiber optic,No,Yes,Yes,No,Yes,Yes,Month-to-month,Yes,Bank transfer (automatic),176.51,5026.0,Yes,2023-03-28
9860-QBILJ,Male,0,Yes,No,16,Yes,Yes,No,No internet service,No internet service,No internet service,No internet service,No internet service,No internet service,Month-to-month,Yes,Electronic check,57.84,932.21,Yes,2023-03-28
8702-VPCYA,Male,0,Yes,No,27,Yes,No,DSL,No,No,No,No,No,Yes,Month-to-month,Yes,Mailed check,96.23,2599.86,Yes,2023-03-28
2692-MOUMI,Male,0,Yes,No,45,Yes,Yes,DSL,No,Yes,Yes,Yes,Yes,Yes,One year,Yes,Bank transfer (automatic),141.88,6562.52,No,2023-03-28
5001-FQAZF,Female,0,No,No,29,Yes,No,Fiber optic,No,No,Yes,Yes,Yes,Yes,Two year,Yes,Bank transfer (automatic),146.22,4243.64,Yes,2023-03-28
3632-SRXJY,Female,0,No,No,26,Yes,No,Fiber optic,Yes,No,No,No,No,Yes,One year,Yes,Bank transfer (automatic),146.83,3874.26,Yes,2023-03-28
6539-MUCZH,Male,0,Yes,Yes,45,Yes,Yes,DSL,No,Yes,Yes,No,Yes,Yes,One year,No,Credit card (automatic),132.53,6100.13,No,2023-03-28
4859-JDWNM,Male,0,No,No,51,Yes,Yes,Fiber optic,No,No,No,No,Yes,No,Month-to-month,No,Bank transfer (automatic),158.96,8159.66,Yes,2023-03-28
9012-AEEAR,Female,0,Yes,No,13,Yes,Yes,DSL,No,No,No,No,Yes,Yes,Month-to-month,Yes,Credit card (automatic),136.91,1819.36,No,2023-03-28
6220-DTXQC,Female,0,Yes,No,65,Yes,Yes,DSL,Yes,Yes,Yes,No,Yes,Yes,Month-to-month,No,Bank transfer (automatic),160.25,10307.5,Yes,2023-03-28
6952-GATBN,Male,0,Yes,No,4,Yes,Yes,No,No internet service,No internet service,No internet service,No internet service,No internet service,No internet service,Month-to-month,Yes,Bank transfer (automatic),62.53,251.26,No,2023-03-28
7379-ASWFS,Female,0,No,No,52,Yes,No,DSL,No,Yes,Yes,No,No,Yes,Month-to-month,Yes,Bank transfer (automatic),129.16,6604.66,No,2023-03-28
1057-EDBPR,Female,0,No,No,18,Yes,Yes,Fiber optic,Yes,No,Yes,No,No,Yes,Month-to-month,Yes,Mailed check,191.31,3467.96,Yes,2023-03-28
2794-SMWLQ,Female,0,Yes,No,41,Yes,No,DSL,Yes,No,Yes,No,No,Yes,One year,Yes,Electronic check,114.58,4800.73,Yes,2023-03-28
7709-QPMRL,Male,0,Yes,Yes,35,Yes,Yes,Fiber optic,Yes,No,Yes,No,Yes,Yes,Month-to-month,No,Electronic check,190.6,6694.36,Yes,2023-03-28
1127-NQPDW,Male,0,No,No,23,Yes,No,No,No internet service,No internet service,No internet service,No internet service,No internet service,No internet service,One year,Yes,Mailed check,47.3,1098.36,Yes,2023-03-28
8342-UCFRH,Male,0,Yes,No,38,Yes,Yes,DSL,Yes,No,No,No,Yes,Yes,Month-to-month,Yes,Electronic check,149.72,5681.2,Yes,2023-03-28
9835-KKXQF,Male,0,Yes,Yes,51,Yes,Yes,No,No internet service,No internet service,No internet service,No internet service,No internet service,No internet service,Two year,No,Credit card (automatic),52.2,2682.68,No,2023-03-28
3853-UVTII,Female,0,No,Yes,40,Yes,No,Fiber optic,No,No,No,No,No,Yes,Month-to-month,Yes,Mailed check,145.68,5955.94,Yes,2023-03-28
4616-AJZGJ,Male,0,Yes,No,36,Yes,Yes,No,No internet service,No internet service,No internet service,No internet service,No internet service,No internet service,Month-to-month,No,Electronic check,63.69,2323.27,Yes,2023-03-28
6165-BWBHW,Male,0,No,Yes,17,Yes,No,Fiber optic,No,No,Yes,No,No,Yes,Month-to-month,Yes,Bank transfer (automatic),145.64,2411.02,Yes,2023-03-29
4943-OWZLE,Female,1,No,No,61,Yes,Yes,DSL,No,Yes,No,No,Yes,Yes,Month-to-month,Yes,Electronic check,133.11,7903.25,Yes,2023-03-29
9783-OWTPP,Female,0,No,Yes,51,Yes,No,DSL,Yes,Yes,Yes,No,Yes,No,Month-to-month,No,Electronic check,136.55,7007.21,Yes,2023-03-29
3623-EJYLP,Female,1,No,Yes,18,Yes,No,DSL,Yes,No,No,No,Yes,No,Month-to-month,No,Mailed check,117.11,2102.65,Yes,2023-03-29
8340-VUDCS,Female,0,No,Yes,2,Yes,Yes,DSL,Yes,Yes,Yes,No,Yes,Yes,One year,Yes,Credit card (automatic),151.58,299.35,Yes,2023-03-29
9207-NVHSD,Male,0,No,No,55,Yes,No,DSL,Yes,Yes,Yes,Yes,Yes,No,Two year,No,Credit card (automatic),128.85,7030.78,No,2023-03-29
3723-BQEWU,Male,0,No,Yes,55,Yes,Yes,Fiber optic,No,No,No,Yes,Yes,No,Two year,Yes,Credit card (automatic),142.72,7930.71,No,2023-03-29
9274-VJZJL,Female,1,No,No,29,Yes,No,No,No internet service,No internet service,No internet service,No internet service,No internet service,No internet service,Month-to-month,Yes,Mailed check,42.83,1251.15,Yes,2023-03-29
3321-RWRVH,Male,0,Yes,Yes,37,Yes,No,No,No internet service,No internet service,No internet service,No internet service,No internet service,No internet service,Two year,No,Credit card (automatic),38.65,1428.4,Yes,2023-03-29
4085-TEAFZ,Female,0,No,No,45,Yes,No,DSL,Yes,No,No,No,Yes,Yes,Two year,Yes,Bank transfer (automatic),101.97,4467.99,Yes,2023-03-29
1514-EDLKH,Male,0,No,No,23,Yes,No,Fiber optic,No,No,Yes,Yes,No,Yes,Two year,No,Mailed check,153.55,3461.91,No,2023-03-29
4437-NSFNG,Female,0,No,No,17,Yes,No,DSL,Yes,No,Yes,Yes,No,Yes,Month-to-month,No,Bank transfer (automatic),133.93,2261.62,No,2023-03-29
2155-ZEOIN,Female,0,Yes,No,43,Yes,Yes,No,No internet service,No internet service,No internet service,No internet service,No internet service,No internet service,One year,Yes,Electronic check,61.92,2612.62,Yes,2023-03-29
2423-YHRKN,Female,0,Yes,No,16,Yes,No,DSL,No,No,Yes,Yes,Yes,Yes,Month-to-month,Yes,Credit card (automatic),133.43,2183.95,Yes,2023-03-29
5667-GLZHP,Female,0,Yes,No,28,Yes,Yes,DSL,No,Yes,No,Yes,Yes,No,Month-to-month,No,Bank transfer (automatic),146.27,4187.71,Yes,2023-03-29
2298-AHLXR,Female,1,No,No,35,Yes,Yes,DSL,Yes,No,No,No,Yes,Yes,One year,No,Credit card (automatic),128.46,4492.27,No,2023-03-29
2543-AJSFY,Female,0,No,No,18,Yes,No,Fiber optic,No,No,Yes,Yes,Yes,Yes,One year,Yes,Bank transfer (automatic),167.65,3102.31,No,2023-03-29
5131-HOIUF,Male,0,Yes,No,33,Yes,Yes,Fiber optic,No,No,No,No,Yes,Yes,Month-to-month,Yes,Credit card (automatic),168.24,5544.49,Yes,2023-03-29
9397-ESEWO,Female,0,Yes,No,33,Yes,No,Fiber optic,Yes,Yes,Yes,No,Yes,Yes,One year,Yes,Mailed check,166.71,5374.34,No,2023-03-29
4985-BQPJL,Male,0,Yes,Yes,48,Yes,Yes,Fiber optic,Yes,No,No,No,Yes,Yes,One year,Yes,Mailed check,171.85,8279.37,Yes,2023-03-29
9102-VZKQW,Female,0,Yes,No,9,Yes,No,Fiber optic,Yes,Yes,No,No,Yes,Yes,Month-to-month,No,Credit card (automatic),164.42,1512.19,Yes,2023-03-29
4492-GTYIT,Male,0,No,No,42,Yes,No,Fiber optic,No,No,No,No,Yes,Yes,Month-to-month,Yes,Electronic check,160.75,6639.3,Yes,2023-03-29
1765-BYHUJ,Female,0,No,No,37,Yes,Yes,DSL,No,No,No,Yes,Yes,Yes,Two year,Yes,Electronic check,113.59,4116.67,No,2023-03-29
8902-NOGJC,Male,0,No,No,32,Yes,Yes,No,No internet service,No internet service,No internet service,No internet service,No internet service,No internet service,Two year,No,Electronic check,52.16,1631.26,Yes,2023-03-29
6051-EQQVO,Female,0,Yes,Yes,49,Yes,Yes,Fiber optic,No,No,Yes,No,No,Yes,One year,Yes,Credit card (automatic),160.12,7626.13,Yes,2023-03-29
4173-EXUKR,Male,0,Yes,Yes,55,Yes,Yes,Fiber optic,No,Yes,No,No,No,Yes,One year,No,Mailed check,163.08,8748.97,No,2023-03-29
2972-KOBCN,Female,0,Yes,No,36,Yes,No,DSL,Yes,No,Yes,No,No,No,Two year,Yes,Electronic check,100.99,3548.33,No,2023-03-29
5666-EHMFE,Male,0,No,No,46,Yes,No,Fiber optic,Yes,Yes,Yes,Yes,No,Yes,Month-to-month,Yes,Bank transfer (automatic),185.84,8607.87,Yes,2023-03-29
3283-MYPJH,Male,0,Yes,No,22,Yes,No,Fiber optic,No,No,No,Yes,Yes,No,Month-to-month,Yes,Credit card (automatic),148.43,3288.27,Yes,2023-03-29
8277-FJWVN,Male,0,No,No,43,Yes,No,Fiber optic,No,No,No,No,Yes,Yes,Month-to-month,Yes,Credit card (automatic),149.82,6576.62,Yes,2023-03-30
2526-LSPKP,Female,0,No,No,34,No,No phone service,No,No internet service,No internet service,No internet service,No internet service,No internet service,No internet service,Two year,Yes,Electronic check,18.5,645.29,No,2023-03-30
1985-PUZSN,Male,0,Yes,No,43,No,No phone service,Fiber optic,Yes,No,Yes,No,No,Yes,Two year,No,Mailed check,116.61,4912.6,No,2023-03-30
8902-WZPZA,Male,0,Yes,No,18,Yes,No,Fiber optic,Yes,Yes,No,No,No,No,Month-to-month,No,Electronic check,150.89,2758.92,Yes,2023-03-30
5844-IOGSV,Male,0,Yes,Yes,12,Yes,No,DSL,Yes,Yes,No,Yes,Yes,No,One year,Yes,Credit card (automatic),131.16,1545.7,No,2023-03-30
2426-VAFKS,Male,1,Yes,No,14,Yes,No,No,No internet service,No internet service,No internet service,No internet service,No internet service,No internet service,Month-to-month,No,Electronic check,42.83,611.47,Yes,2023-03-30
9113-FKLSE,Female,0,Yes,No,47,Yes,No,Fiber optic,Yes,No,No,No,Yes,No,Month-to-month,Yes,Credit card (automatic),151.35,7270.14,Yes,2023-03-30
4070-ACIOV,Female,0,No,No,36,Yes,Yes,No,No internet service,No internet service,No internet service,No internet service,No internet service,No internet service,One year,Yes,Mailed check,57.39,2023.24,No,2023-03-30
2361-IHUHC,Female,0,No,No,31,Yes,No,DSL,No,No,No,No,Yes,Yes,Two year,No,Credit card (automatic),116.07,3492.42,Yes,2023-03-30
9379-BAMWU,Female,0,No,No,37,Yes,Yes,Fiber optic,No,Yes,No,Yes,No,Yes,Month-to-month,Yes,Credit card (automatic),176.21,6435.18,No,2023-03-30
8547-FTUAM,Male,1,No,No,44,Yes,No,DSL,No,Yes,No,Yes,Yes,Yes,Two year,Yes,Credit card (automatic),121.37,5195.58,No,2023-03-30
2694-UEYOX,Female,0,Yes,No,35,No,No phone service,Fiber optic,Yes,Yes,No,No,Yes,No,One year,Yes,Mailed check,126.04,4328.1,No,2023-03-30
3699-QXDZC,Female,0,Yes,No,19,Yes,No,Fiber optic,Yes,No,Yes,No,No,Yes,One year,No,Bank transfer (automatic),139.27,2650.2,No,2023-03-30
8414-XAKDQ,Male,1,No,Yes,12,Yes,Yes,DSL,No,Yes,Yes,No,No,Yes,Month-to-month,Yes,Mailed check,137.55,1646.66,Yes,2023-03-30
7070-ISDXF,Female,0,Yes,No,48,Yes,Yes,Fiber optic,Yes,Yes,No,No,Yes,Yes,Two year,Yes,Mailed check,162.57,7868.55,Yes,2023-03-30
5115-UIQRQ,Male,0,Yes,No,53,Yes,Yes,Fiber optic,No,Yes,No,Yes,No,Yes,Month-to-month,No,Mailed check,175.39,9127.17,Yes,2023-03-30
7734-QDHQT,Male,0,No,Yes,22,Yes,No,Fiber optic,Yes,Yes,No,Yes,Yes,No,Two year,No,Credit card (automatic),146.54,3257.87,Yes,2023-03-30
5255-TJZJS,Male,0,Yes,No,16,Yes,No,Fiber optic,No,No,Yes,No,Yes,Yes,Month-to-month,No,Electronic check,157.73,2485.02,Yes,2023-03-30
9014-ONHVA,Male,1,No,No,27,Yes,Yes,No,No internet service,No internet service,No internet service,No internet service,No internet service,No internet service,Month-to-month,Yes,Bank transfer (automatic),67.13,1801.23,No,2023-03-30
3044-TDKGZ,Male,1,No,No,7,Yes,No,Fiber optic,No,Yes,No,Yes,No,Yes,One year,Yes,Mailed check,143.05,979.69,No,2023-03-30
6215-OXLTD,Female,0,Yes,No,56,Yes,No,No,No internet service,No internet service,No internet service,No internet service,No internet service,No internet service,Month-to-month,No,Mailed check,62.92,3471.72,No,2023-03-30
2898-YDQLN,Female,0,No,Yes,29,Yes,Yes,DSL,Yes,No,Yes,Yes,Yes,Yes,One year,Yes,Electronic check,151.65,4465.33,Yes,2023-03-30
9079-IZMKR,Male,0,Yes,No,30,Yes,Yes,DSL,Yes,Yes,No,No,Yes,Yes,Two year,Yes,Bank transfer (automatic),132.04,3938.3,Yes,2023-03-30
2599-LSIHV,Male,0,Yes,No,37,Yes,No,No,No internet service,No internet service,No internet service,No internet service,No internet service,No internet service,Month-to-month,Yes,Credit card (automatic),44.36,1643.4,Yes,2023-03-30
5839-USCES,Male,1,Yes,Yes,63,Yes,Yes,Fiber optic,No,No,Yes,No,No,Yes,One year,Yes,Electronic check,157.08,9947.03,Yes,2023-03-30
5807-FUXII,Male,0,No,No,29,Yes,No,Fiber optic,Yes,No,No,Yes,No,Yes,One year,No,Electronic check,146.94,4331.88,Yes,2023-03-30
1697-IZAEC,Male,0,No,No,29,Yes,Yes,Fiber optic,No,No,No,No,Yes,No,Two year,No,Electronic check,137.14,4040.52,Yes,2023-03-30
4281-FNLUK,Female,1,Yes,No,6,Yes,No,DSL,No,No,No,No,Yes,No,Month-to-month,No,Mailed check,102.45,623.17,Yes,2023-03-30
6757-EBUOV,Female,0,Yes,No,58,Yes,No,Fiber optic,No,Yes,No,Yes,No,Yes,Two year,Yes,Credit card (automatic),129.19,7486.84,Yes,2023-03-30
2709-RQJRG,Female,0,Yes,No,7,Yes,No,DSL,No,No,Yes,Yes,Yes,Yes,Two year,Yes,Mailed check,105.98,739.0,Yes,2023-03-30
9138-KNPDB,Male,0,Yes,No,38,No,No phone service,No,No internet service,No internet service,No internet service,No internet service,No internet service,No internet service,Two year,Yes,Credit card (automatic),22.36,860.43,No,2023-03-31
1341-PKAWF,Male,0,Yes,No,15,Yes,Yes,Fiber optic,Yes,No,No,Yes,No,Yes,Two year,No,Bank transfer (automatic),156.25,2344.08,Yes,2023-03-31
4666-TQVIC,Male,0,No,No,25,Yes,Yes,DSL,Yes,No,No,Yes,Yes,Yes,Two year,Yes,Credit card (automatic),125.34,3168.59,No,2023-03-31
6206-JLMVO,Female,0,Yes,Yes,32,Yes,Yes,Fiber optic,No,No,Yes,No,Yes,Yes,Month-to-month,Yes,Bank transfer (automatic),174.48,5450.4,Yes,2023-03-31
9076-ERPQO,Male,0,No,No,33,Yes,No,No,No internet service,No internet service,No internet service,No internet service,No internet service,No internet service,One year,Yes,Credit card (automatic),53.08,1714.55,No,2023-03-31
8111-QFDPX,Male,0,No,No,11,Yes,Yes,Fiber optic,Yes,Yes,Yes,Yes,No,No,Month-to-month,Yes,Credit card (automatic),187.1,2001.77,No,2023-03-31
5417-BNQJL,Female,0,No,No,31,Yes,Yes,DSL,No,No,Yes,No,No,Yes,Month-to-month,Yes,Electronic check,139.35,4216.51,Yes,2023-03-31
3623-WXJQT,Female,1,No,No,30,Yes,Yes,DSL,Yes,Yes,Yes,Yes,Yes,Yes,Month-to-month,No,Mailed check,171.44,5091.21,No,2023-03-31
7801-WVDAG,Male,0,No,No,36,Yes,No,DSL,Yes,No,No,No,No,Yes,Month-to-month,Yes,Mailed check,120.03,4219.4,Yes,2023-03-31
6947-ZGINY,Female,0,No,No,54,Yes,Yes,Fiber optic,No,Yes,Yes,Yes,No,No,Month-to-month,Yes,Credit card (automatic),192.75,10162.41,Yes,2023-03-31
7082-YFAXT,Male,0,No,Yes,34,Yes,Yes,DSL,Yes,Yes,No,No,No,Yes,Two year,Yes,Credit card (automatic),118.98,3986.02,Yes,2023-03-31
8101-GPEAR,Male,0,Yes,No,68,Yes,Yes,DSL,Yes,Yes,No,Yes,Yes,Yes,One year,No,Credit card (automatic),149.89,10319.49,No,2023-03-31
7043-KXLFB,Male,0,Yes,No,57,Yes,Yes,No,No internet service,No internet service,No internet service,No internet service,No internet service,No internet service,Month-to-month,Yes,Electronic check,73.82,4328.53,Yes,2023-03-31
6440-VROKP,Female,0,Yes,No,29,Yes,No,Fiber optic,No,No,No,No,No,No,One year,Yes,Mailed check,131.86,3854.11,No,2023-03-31
1939-RCDEJ,Male,0,No,No,21,Yes,No,No,No internet service,No internet service,No internet service,No internet service,No internet service,No internet service,Month-to-month,Yes,Bank transfer (automatic),43.26,904.38,No,2023-03-31
2131-WPCQT,Male,0,No,Yes,29,Yes,Yes,Fiber optic,No,Yes,Yes,No,Yes,No,Month-to-month,Yes,Bank transfer (automatic),172.96,5056.79,Yes,2023-03-31
1648-MEUWC,Female,0,Yes,No,25,Yes,No,DSL,Yes,Yes,Yes,No,No,Yes,Month-to-month,No,Credit card (automatic),138.09,3379.66,Yes,2023-03-31
2066-IHKRP,Male,0,Yes,No,17,Yes,Yes,No,No internet service,No internet service,No internet service,No internet service,No internet service,No internet service,Two year,Yes,Bank transfer (automatic),60.48,1027.36,Yes,2023-03-31
4123-KCEVW,Male,0,Yes,No,36,No,No phone service,DSL,No,Yes,Yes,No,Yes,Yes,Month-to-month,Yes,Credit card (automatic),108.08,3872.53,Yes,2023-03-31
9096-TWHVC,Male,0,Yes,No,33,Yes,No,No,No internet service,No internet service,No internet service,No internet service,No internet service,No internet service,One year,No,Mailed check,56.85,1826.63,No,2023-03-31
5020-GMITH,Male,0,Yes,No,22,Yes,Yes,Fiber optic,No,No,Yes,No,No,No,Month-to-month,No,Bank transfer (automatic),166.56,3568.04,Yes,2023-03-31
9123-HXTTS,Male,0,No,Yes,56,Yes,Yes,Fiber optic,Yes,Yes,No,Yes,Yes,No,One year,Yes,Bank transfer (automatic),177.32,9999.88,Yes,2023-03-31
9946-GGMJK,Male,0,No,Yes,47,Yes,Yes,DSL,No,No,Yes,Yes,Yes,Yes,One year,Yes,Electronic check,127.33,5893.94,No,2023-03-31
1910-JVGAR,Female,1,Yes,No,43,Yes,No,DSL,No,No,No,Yes,No,No,Month-to-month,Yes,Electronic check,108.75,4793.03,Yes,2023-03-31
8180-HDTLB,Male,0,No,Yes,27,Yes,No,Fiber optic,No,No,Yes,Yes,Yes,Yes,One year,Yes,Credit card (automatic),153.51,4169.25,Yes,2023-03-31
7498-ENVAC,Male,1,Yes,Yes,28,Yes,No,Fiber optic,Yes,No,Yes,Yes,Yes,No,Two year,No,Bank transfer (automatic),146.34,4163.72,Yes,2023-03-31
2663-NHTUN,Male,0,Yes,No,37,Yes,Yes,No,No internet service,No internet service,No internet service,No internet service,No internet service,No internet service,One year,Yes,Credit card (automatic),66.81,2539.36,No,2023-03-31
7907-MNNTT,Female,0,No,No,7,Yes,Yes,No,No internet service,No internet service,No internet service,No internet service,No internet service,No internet service,Month-to-month,Yes,Credit card (automatic),63.89,441.35,No,2023-03-31
3408-LRWJK,Male,1,No,No,23,Yes,No,No,No internet service,No internet service,No internet service,No internet service,No internet service,No internet service,Month-to-month,No,Mailed check,53.38,1218.05,Yes,2023-03-31
3134-ITJUN,Female,0,No,Yes,9,Yes,Yes,Fiber optic,Yes,Yes,Yes,No,Yes,Yes,Month-to-month,Yes,Bank transfer (automatic),203.53,1851.88,Yes,2023-03-31
6668-LXPQY,Male,0,No,No,48,Yes,No,No,No internet service,No internet service,No internet service,No internet service,No internet service,No internet service,One year,Yes,Credit card (automatic),48.47,2347.4,Yes,2023-03-31
6185-AXYMI,Female,0,Yes,No,45,No,No phone service,Fiber optic,No,No,No,No,No,Yes,One year,Yes,Electronic check,111.04,5045.99,No,2023-03-31
4051-TUVNX,Male,0,Yes,No,40,Yes,Yes,Fiber optic,Yes,Yes,Yes,Yes,No,Yes,Month-to-month,Yes,Credit card (automatic),193.27,7587.67,Yes,2023-03-31
5709-WYMOO,Male,0,No,No,36,Yes,No,DSL,No,Yes,Yes,No,Yes,No,Two year,No,Credit card (automatic),106.99,3863.96,No,2023-03-31
4709-JECGZ,Female,0,No,No,53,Yes,No,Fiber optic,Yes,No,No,No,Yes,Yes,One year,Yes,Bank transfer (automatic),145.49,7584.02,No,2023-03-31
5312-NEBHA,Male,0,Yes,Yes,34,Yes,Yes,Fiber optic,Yes,No,Yes,No,Yes,No,One year,No,Credit card (automatic),178.7,6111.65,No,2023-04-01
7508-HHLTG,Female,0,No,Yes,18,Yes,Yes,Fiber optic,No,No,No,Yes,Yes,Yes,Month-to-month,No,Credit card (automatic),175.2,3073.01,Yes,2023-04-01
1703-BLIAF,Male,0,Yes,No,34,Yes,No,DSL,No,Yes,No,No,Yes,Yes,One year,Yes,Bank transfer (automatic),121.34,4087.51,Yes,2023-04-01
1474-NJEGD,Male,0,Yes,No,31,Yes,Yes,DSL,No,Yes,No,No,Yes,Yes,Month-to-month,Yes,Bank transfer (automatic),137.23,4168.32,Yes,2023-04-01
2482-RNVCE,Female,0,Yes,No,49,Yes,Yes,Fiber optic,No,No,Yes,No,Yes,Yes,Two year,Yes,Bank transfer (automatic),161.97,7913.64,No,2023-04-01
6988-KYCSM,Male,1,Yes,Yes,47,Yes,No,DSL,Yes,Yes,Yes,No,No,Yes,Month-to-month,Yes,Credit card (automatic),135.37,6200.01,Yes,2023-04-01
2600-HWFHY,Female,0,Yes,No,37,Yes,No,Fiber optic,Yes,No,No,No,Yes,Yes,Month-to-month,No,Credit card (automatic),162.74,6008.61,Yes,2023-04-01
7947-WHYYH,Male,0,Yes,Yes,38,Yes,No,Fiber optic,No,No,Yes,Yes,Yes,Yes,Month-to-month,No,Bank transfer (automatic),176.36,6718.09,No,2023-04-01
4729-BFZUL,Male,0,No,Yes,46,Yes,Yes,No,No internet service,No internet service,No internet service,No internet service,No internet service,No internet service,One year,Yes,Bank transfer (automatic),59.37,2667.71,Yes,2023-04-01
2550-LAZJF,Male,1,No,No,31,Yes,Yes,Fiber optic,Yes,No,Yes,No,Yes,Yes,Month-to-month,Yes,Credit card (automatic),177.47,5442.89,Yes,2023-04-01
1730-AKIXO,Female,0,No,No,53,Yes,Yes,Fiber optic,No,Yes,No,Yes,Yes,Yes,Month-to-month,Yes,Electronic check,180.82,9333.53,Yes,2023-04-01
3141-TJWHN,Male,0,Yes,No,30,Yes,No,Fiber optic,Yes,Yes,No,No,Yes,Yes,One year,Yes,Bank transfer (automatic),158.01,4778.77,No,2023-04-01
9775-THLNS,Male,0,No,No,24,Yes,No,DSL,No,No,Yes,No,Yes,Yes,Month-to-month,Yes,Electronic check,118.22,2904.86,Yes,2023-04-01
8293-JHBTT,Male,0,Yes,No,21,Yes,No,DSL,No,Yes,Yes,No,Yes,Yes,Month-to-month,No,Mailed check,128.76,2680.39,Yes,2023-04-01
8764-RERJP,Female,0,Yes,Yes,19,Yes,Yes,No,No internet service,No internet service,No internet service,No internet service,No internet service,No internet service,One year,Yes,Credit card (automatic),56.84,1092.62,No,2023-04-01
8403-WTDKS,Male,0,Yes,No,17,Yes,Yes,No,No internet service,No internet service,No internet service,No internet service,No internet service,No internet service,Two year,Yes,Electronic check,45.28,791.81,Yes,2023-04-01
5960-ILMHV,Male,0,No,No,27,Yes,No,DSL,No,No,No,No,No,No,Two year,No,Credit card (automatic),92.56,2434.46,No,2023-04-01
3651-MDMDI,Female,0,Yes,No,14,Yes,No,Fiber optic,Yes,No,No,Yes,Yes,Yes,One year,Yes,Electronic check,157.94,2207.98,No,2023-04-01
1571-KANCY,Female,0,Yes,Yes,28,Yes,Yes,Fiber optic,Yes,No,Yes,No,Yes,Yes,Month-to-month,Yes,Bank transfer (automatic),187.98,5162.69,Yes,2023-04-01
7572-BRXKP,Female,0,Yes,Yes,11,Yes,Yes,Fiber optic,Yes,No,No,Yes,Yes,No,Two year,Yes,Electronic check,148.12,1594.17,No,2023-04-01
5689-DKTCB,Female,0,Yes,No,59,Yes,Yes,Fiber optic,Yes,No,No,No,Yes,Yes,Month-to-month,Yes,Bank transfer (automatic),178.82,10859.64,Yes,2023-04-01
1997-HHJPE,Female,0,Yes,Yes,49,Yes,No,Fiber optic,No,No,No,No,Yes,Yes,One year,No,Electronic check,141.3,6924.64,Yes,2023-04-01
3895-NPYCH,Female,0,No,No,14,Yes,Yes,Fiber optic,No,No,No,No,No,Yes,Month-to-month,Yes,Bank transfer (automatic),157.53,2199.27,Yes,2023-04-01
7307-SHOBE,Male,0,Yes,Yes,58,Yes,Yes,DSL,No,Yes,No,No,No,Yes,One year,No,Electronic check,128.78,7637.61,Yes,2023-04-01
2513-BQUXW,Female,0,Yes,No,33,Yes,No,No,No internet service,No internet service,No internet service,No internet service,No internet service,No internet service,Two year,No,Electronic check,39.27,1298.27,Yes,2023-04-01
3490-MRJTM,Male,0,No,Yes,17,Yes,No,No,No internet service,No internet service,No internet service,No internet service,No internet service,No internet service,Month-to-month,No,Bank transfer (automatic),54.48,942.55,Yes,2023-04-01
9174-MMVQW,Female,0,No,No,16,Yes,No,Fiber optic,No,Yes,Yes,No,Yes,No,One year,Yes,Electronic check,153.52,2416.47,Yes,2023-04-01
4470-TRFXP,Female,0,Yes,No,36,Yes,Yes,Fiber optic,Yes,Yes,Yes,Yes,Yes,Yes,Month-to-month,No,Bank transfer (automatic),207.5,7606.58,No,2023-04-02
3354-WQXKS,Female,0,Yes,No,32,Yes,Yes,DSL,No,No,No,Yes,No,Yes,Month-to-month,Yes,Credit card (automatic),145.13,4635.95,No,2023-04-02
3666-SLYDD,Female,0,Yes,No,44,Yes,Yes,Fiber optic,No,No,Yes,No,Yes,Yes,One year,Yes,Credit card (automatic),165.53,7405.4,No,2023-04-02
9235-HQPBV,Male,0,Yes,No,26,Yes,No,Fiber optic,No,Yes,No,Yes,Yes,Yes,Month-to-month,Yes,Mailed check,180.38,4654.73,Yes,2023-04-02
7097-OQNEV,Female,0,No,Yes,36,Yes,No,Fiber optic,No,Yes,Yes,Yes,Yes,Yes,Month-to-month,No,Credit card (automatic),188.11,6851.92,Yes,2023-04-02
5072-JQRMK,Female,0,Yes,No,38,Yes,No,No,No internet service,No internet service,No internet service,No internet service,No internet service,No internet service,Month-to-month,Yes,Bank transfer (automatic),45.91,1791.79,No,2023-04-02
9596-WYYRN,Female,0,No,No,13,Yes,No,DSL,Yes,No,Yes,No,No,Yes,Month-to-month,Yes,Credit card (automatic),112.12,1477.58,Yes,2023-04-02
7710-JOMAP,Female,0,Yes,No,58,Yes,No,Fiber optic,Yes,Yes,Yes,No,Yes,Yes,One year,Yes,Credit card (automatic),168.91,10020.93,No,2023-04-02
4485-MGALC,Female,0,Yes,Yes,49,Yes,Yes,DSL,Yes,No,Yes,No,Yes,No,One year,Yes,Electronic check,146.22,7253.23,Yes,2023-04-02
2515-BQWHA,Female,0,No,No,26,Yes,No,DSL,Yes,No,No,Yes,Yes,Yes,One year,No,Electronic check,122.65,3246.77,Yes,2023-04-02
6172-OSPWO,Male,0,Yes,No,35,Yes,Yes,Fiber optic,Yes,Yes,Yes,No,Yes,Yes,One year,No,Credit card (automatic),191.44,6816.36,Yes,2023-04-02
2290-DIJLK,Female,0,No,No,42,Yes,Yes,Fiber optic,No,Yes,Yes,No,Yes,Yes,Two year,Yes,Credit card (automatic),165.53,7098.95,Yes,2023-04-02
9359-YIFNN,Female,0,No,No,36,Yes,Yes,No,No internet service,No internet service,No internet service,No internet service,No internet service,No internet service,Month-to-month,Yes,Mailed check,67.02,2433.42,Yes,2023-04-02
5521-SVJSW,Male,0,Yes,No,61,Yes,No,Fiber optic,No,No,Yes,No,Yes,Yes,Month-to-month,Yes,Mailed check,162.94,9837.35,Yes,2023-04-02
4184-FCQVE,Male,0,No,No,24,Yes,Yes,Fiber optic,Yes,No,Yes,No,Yes,No,Month-to-month,Yes,Electronic check,184.51,4533.08,Yes,2023-04-02
3295-TAJIH,Female,1,No,No,44,Yes,No,Fiber optic,No,No,Yes,No,No,No,Month-to-month,No,Credit card (automatic),136.57,6031.9,No,2023-04-02
9534-VYDHH,Male,0,Yes,No,43,Yes,Yes,Fiber optic,No,No,Yes,No,Yes,Yes,One year,Yes,Credit card (automatic),165.87,7075.53,No,2023-04-02
9115-OCCUV,Male,0,Yes,No,61,Yes,No,Fiber optic,Yes,Yes,No,No,Yes,Yes,Month-to-month,Yes,Electronic check,179.99,10840.17,Yes,2023-04-02
1170-TDVRT,Male,0,Yes,Yes,42,Yes,Yes,Fiber optic,No,No,No,No,Yes,No,One year,Yes,Mailed check,142.67,5952.51,No,2023-04-02
1402-CRWUE,Male,0,Yes,No,38,Yes,No,Fiber optic,Yes,Yes,Yes,No,Yes,Yes,Month-to-month,Yes,Bank transfer (automatic),185.78,7231.63,Yes,2023-04-02
6193-JMMGA,Female,0,Yes,No,17,Yes,Yes,No,No internet service,No internet service,No internet service,No internet service,No internet service,No internet service,Two year,No,Credit card (automatic),55.33,961.8,No,2023-04-02
6157-ESIRO,Female,0,No,No,39,Yes,No,DSL,No,Yes,Yes,No,Yes,No,Two year,Yes,Electronic check,107.83,4286.68,No,2023-04-02
6524-QITGC,Female,0,Yes,Yes,19,Yes,Yes,DSL,No,Yes,No,Yes,Yes,Yes,One year,No,Electronic check,140.26,2639.18,Yes,2023-04-02
8871-AZMBF,Male,0,Yes,No,31,Yes,No,Fiber optic,Yes,Yes,Yes,No,No,Yes,Month-to-month,Yes,Bank transfer (automatic),174.66,5417.45,Yes,2023-04-02
9211-UOEFJ,Male,0,Yes,Yes,29,Yes,No,Fiber optic,No,Yes,No,No,Yes,Yes,Two year,Yes,Electronic check,143.98,4125.21,Yes,2023-04-02
4801-JVCRZ,Male,0,Yes,No,43,Yes,Yes,No,No internet service,No internet service,No internet service,No internet service,No internet service,No internet service,One year,Yes,Bank transfer (automatic),55.3,2331.87,No,2023-04-02
9735-QTOAO,Female,0,No,No,29,Yes,Yes,DSL,Yes,No,No,No,Yes,No,Two year,Yes,Electronic check,112.13,3288.54,No,2023-04-02
2223-KMYPM,Female,0,Yes,No,33,Yes,Yes,DSL,Yes,Yes,No,Yes,No,No,Two year,Yes,Mailed check,124.62,4166.0,No,2023-04-02
6188-KBTKX,Male,0,No,No,14,Yes,Yes,No,No internet service,No internet service,No internet service,No internet service,No internet service,No internet service,Month-to-month,Yes,Credit card (automatic),70.02,989.55,Yes,2023-04-02
6882-KRSXM,Female,0,No,No,22,Yes,No,No,No internet service,No internet service,No internet service,No internet service,No internet service,No internet service,One year,Yes,Credit card (automatic),45.66,1007.21,No,2023-04-03
8744-BZHFV,Female,0,No,No,39,Yes,Yes,Fiber optic,No,Yes,No,No,Yes,Yes,Month-to-month,Yes,Bank transfer (automatic),181.06,7227.75,Yes,2023-04-03
6781-OYDEL,Female,0,Yes,Yes,23,Yes,Yes,Fiber optic,No,Yes,Yes,No,Yes,Yes,Two year,Yes,Electronic check,176.97,4104.27,Yes,2023-04-03
8188-MKDZO,Male,0,Yes,No,36,Yes,Yes,No,No internet service,No internet service,No internet service,No internet service,No internet service,No internet service,Month-to-month,No,Credit card (automatic),75.45,2771.86,No,2023-04-03
8008-CBKNW,Female,0,No,No,42,Yes,Yes,DSL,No,Yes,Yes,No,No,Yes,One year,Yes,Mailed check,131.4,5643.84,No,2023-04-03
8191-JYSRZ,Female,1,Yes,No,20,Yes,No,DSL,No,Yes,No,Yes,Yes,Yes,Month-to-month,Yes,Mailed check,130.35,2572.18,No,2023-04-03
6671-VRMKY,Female,1,No,No,13,Yes,No,Fiber optic,Yes,No,Yes,No,No,Yes,One year,Yes,Mailed check,152.17,1920.95,Yes,2023-04-03
3419-GDFPT,Male,0,Yes,No,35,Yes,No,DSL,No,No,Yes,No,Yes,Yes,Month-to-month,No,Mailed check,122.91,4420.12,Yes,2023-04-03
5262-NCVRE,Male,0,Yes,Yes,34,Yes,No,DSL,No,No,Yes,No,Yes,Yes,One year,No,Electronic check,108.04,3724.72,Yes,2023-04-03
4616-UJASD,Female,0,No,Yes,30,Yes,Yes,Fiber optic,Yes,No,No,Yes,Yes,Yes,One year,No,Bank transfer (automatic),164.83,4847.45,Yes,2023-04-03
9573-YLFLS,Male,0,Yes,Yes,26,Yes,No,Fiber optic,No,No,Yes,No,Yes,Yes,One year,Yes,Mailed check,143.21,3778.86,No,2023-04-03
3822-RCPKK,Male,0,No,No,37,Yes,Yes,Fiber optic,No,Yes,Yes,No,Yes,No,Two year,Yes,Electronic check,150.63,5683.62,No,2023-04-03
9129-RAHYT,Female,0,No,Yes,31,Yes,No,Fiber optic,No,No,No,No,Yes,Yes,Month-to-month,No,Bank transfer (automatic),149.51,4725.81,Yes,2023-04-03
4321-CQFLJ,Female,0,Yes,No,58,Yes,No,Fiber optic,Yes,Yes,No,Yes,Yes,No,Month-to-month,Yes,Credit card (automatic),171.11,10033.32,Yes,2023-04-03
5109-ZVXCR,Female,0,No,No,47,Yes,Yes,Fiber optic,Yes,Yes,No,Yes,No,Yes,Two year,No,Mailed check,156.51,7428.36,No,2023-04-03
9350-GKRWO,Female,0,Yes,No,34,Yes,Yes,Fiber optic,Yes,Yes,No,No,No,Yes,Month-to-month,No,Electronic check,190.14,6642.14,Yes,2023-04-03
8234-OPIRA,Female,0,Yes,No,19,Yes,No,Fiber optic,No,No,Yes,No,Yes,Yes,One year,No,Credit card (automatic),157.44,2943.16,No,2023-04-03
2288-OAYXJ,Female,0,Yes,No,31,Yes,No,Fiber optic,Yes,No,Yes,No,No,Yes,One year,Yes,Credit card (automatic),145.17,4415.69,Yes,2023-04-03
1658-DJDJD,Female,0,Yes,No,18,Yes,Yes,Fiber optic,Yes,No,No,Yes,Yes,Yes,Month-to-month,Yes,Electronic check,193.41,3539.24,Yes,2023-04-03
1880-CXITE,Female,0,Yes,Yes,24,Yes,No,Fiber optic,Yes,Yes,Yes,Yes,Yes,Yes,One year,Yes,Electronic check,184.41,4530.22,Yes,2023-04-03
5911-GUPFQ,Female,0,Yes,No,43,Yes,No,No,No internet service,No internet service,No internet service,No internet service,No internet service,No internet service,Month-to-month,No,Bank transfer (automatic),55.39,2404.36,No,2023-04-03
6243-DXKIO,Female,0,Yes,No,21,Yes,Yes,DSL,No,Yes,Yes,Yes,Yes,No,Month-to-month,No,Mailed check,143.62,3065.15,No,2023-04-03
5776-KSPPF,Female,0,No,No,16,Yes,No,DSL,Yes,Yes,Yes,No,Yes,No,One year,Yes,Bank transfer (automatic),126.52,2022.71,No,2023-04-03
3032-XBCYG,Female,0,Yes,No,44,Yes,Yes,DSL,No,Yes,No,Yes,No,Yes,Month-to-month,Yes,Credit card (automatic),136.84,5901.12,Yes,2023-04-03
2184-BVPLI,Male,0,No,No,58,Yes,No,Fiber optic,Yes,Yes,No,Yes,Yes,Yes,Month-to-month,No,Mailed check,177.29,10286.71,Yes,2023-04-03
4371-XFMMX,Female,0,Yes,No,54,Yes,No,Fiber optic,No,Yes,Yes,Yes,Yes,Yes,Month-to-month,Yes,Mailed check,184.34,9729.94,Yes,2023-04-03
2713-GUTKI,Female,1,No,No,29,Yes,Yes,No,No internet service,No internet service,No internet service,No internet service,No internet service,No internet service,Month-to-month,No,Bank transfer (automatic),51.64,1471.74,Yes,2023-04-03
1540-QDUAZ,Male,0,Yes,No,39,Yes,No,Fiber optic,No,No,Yes,No,Yes,Yes,Month-to-month,Yes,Credit card (automatic),162.88,6250.67,No,2023-04-04
7158-ZSREC,Female,0,No,No,29,Yes,No,DSL,No,No,Yes,Yes,No,Yes,Month-to-month,Yes,Credit card (automatic),133.34,3897.07,Yes,2023-04-04
2156-EIYEW,Female,0,No,Yes,36,Yes,Yes,No,No internet service,No internet service,No internet service,No internet service,No internet service,No internet service,One year,Yes,Credit card (automatic),67.47,2447.67,No,2023-04-04
7660-NMIRL,Male,0,Yes,No,17,Yes,No,DSL,No,Yes,Yes,Yes,Yes,No,Month-to-month,Yes,Credit card (automatic),138.31,2324.46,No,2023-04-04
7327-CKEWZ,Female,0,Yes,No,16,Yes,Yes,Fiber optic,Yes,No,Yes,Yes,No,No,Month-to-month,Yes,Credit card (automatic),180.73,2824.09,Yes,2023-04-04
6744-WPLQU,Male,0,Yes,Yes,22,Yes,Yes,Fiber optic,No,Yes,No,Yes,Yes,No,Two year,Yes,Credit card (automatic),148.66,3213.59,No,2023-04-04
2941-AJYWL,Male,0,No,No,5,Yes,Yes,No,No internet service,No internet service,No internet service,No internet service,No internet service,No internet service,One year,Yes,Mailed check,52.51,266.04,Yes,2023-04-04
6970-QFSDM,Female,0,No,No,53,Yes,Yes,Fiber optic,No,No,No,No,No,Yes,Month-to-month,Yes,Credit card (automatic),154.57,8028.57,Yes,2023-04-04
6375-XXHBM,Female,0,No,Yes,52,Yes,Yes,DSL,Yes,No,No,No,No,Yes,Month-to-month,No,Bank transfer (automatic),137.12,6992.32,Yes,2023-04-04
6931-HTDRB,Male,0,Yes,Yes,29,Yes,Yes,Fiber optic,No,No,No,No,Yes,Yes,Month-to-month,Yes,Credit card (automatic),176.61,5081.57,No,2023-04-04
2686-CRXXG,Female,0,No,No,29,Yes,No,Fiber optic,No,No,No,No,No,No,Month-to-month,Yes,Electronic check,133.78,3824.56,No,2023-04-04
8607-DIMRJ,Male,0,No,No,26,Yes,Yes,Fiber optic,No,No,Yes,No,No,Yes,Month-to-month,Yes,Credit card (automatic),172.4,4514.08,Yes,2023-04-04
1897-DOBZW,Male,1,No,No,51,Yes,Yes,DSL,Yes,Yes,No,Yes,Yes,Yes,Month-to-month,Yes,Credit card (automatic),162.63,8165.25,No,2023-04-04
7632-ZIBCK,Male,0,No,No,18,Yes,No,Fiber optic,Yes,No,Yes,No,Yes,No,Month-to-month,Yes,Electronic check,166.31,2935.7,No,2023-04-04
3322-RNLSH,Male,1,No,No,41,Yes,No,Fiber optic,Yes,Yes,Yes,Yes,Yes,No,Month-to-month,Yes,Bank transfer (automatic),184.17,7611.37,Yes,2023-04-04
7147-ZEZEI,Male,0,Yes,Yes,30,Yes,No,Fiber optic,Yes,Yes,No,Yes,Yes,Yes,Two year,Yes,Bank transfer (automatic),157.16,4629.61,Yes,2023-04-04
8690-TUOZB,Female,0,Yes,No,26,Yes,No,Fiber optic,Yes,No,No,No,Yes,No,Month-to-month,No,Credit card (automatic),163.07,4137.11,Yes,2023-04-04
4766-KVEMB,Male,1,Yes,No,60,No,No phone service,Fiber optic,No,No,Yes,Yes,Yes,Yes,Two year,Yes,Bank transfer (automatic),132.44,7867.37,Yes,2023-04-04
5004-DPLEV,Male,1,No,Yes,65,Yes,Yes,DSL,Yes,Yes,No,No,No,Yes,One year,Yes,Electronic check,124.75,7947.2,Yes,2023-04-04
4752-VUKBX,Male,0,Yes,No,22,No,No phone service,Fiber optic,No,Yes,No,Yes,Yes,No,One year,Yes,Bank transfer (automatic),129.12,2899.08,No,2023-04-04
1001-OTVJB,Female,0,Yes,Yes,24,Yes,Yes,Fiber optic,Yes,Yes,Yes,No,Yes,Yes,Month-to-month,No,Bank transfer (automatic),199.6,4853.1,Yes,2023-04-04
4519-POURN,Female,0,Yes,No,44,Yes,Yes,Fiber optic,Yes,Yes,Yes,No,No,Yes,Two year,Yes,Bank transfer (automatic),168.4,7435.38,No,2023-04-04
7255-MJNPL,Male,0,No,No,57,Yes,No,DSL,No,No,No,No,Yes,Yes,One year,Yes,Credit card (automatic),106.21,6049.43,No,2023-04-04
6270-HEAAX,Male,0,No,Yes,31,Yes,Yes,DSL,No,Yes,Yes,Yes,No,Yes,One year,Yes,Credit card (automatic),150.03,4781.61,No,2023-04-04
3633-IMEFT,Male,0,Yes,No,27,Yes,Yes,Fiber optic,No,No,Yes,No,No,Yes,Month-to-month,Yes,Credit card (automatic),170.65,4728.72,Yes,2023-04-04
1334-ZZFCH,Male,0,No,Yes,16,Yes,No,DSL,Yes,Yes,Yes,No,No,Yes,Month-to-month,Yes,Electronic check,125.17,1972.52,Yes,2023-04-04
2434-SEFRW,Female,0,Yes,No,30,Yes,No,DSL,No,No,No,Yes,Yes,Yes,One year,Yes,Bank transfer (automatic),116.76,3579.59,No,2023-04-04
4562-TYNOW,Female,0,No,No,23,Yes,No,Fiber optic,No,Yes,No,No,Yes,Yes,Month-to-month,No,Credit card (automatic),163.48,3818.91,Yes,2023-04-04
8439-DBZZN,Male,0,Yes,No,29,Yes,Yes,DSL,No,No,No,Yes,Yes,Yes,Month-to-month,No,Mailed check,146.25,4160.94,Yes,2023-04-04
4746-DWNPI,Female,0,No,No,46,Yes,Yes,Fiber optic,Yes,No,No,No,Yes,Yes,Two year,Yes,Electronic check,154.43,7157.38,No,2023-04-04
7337-MLSNN,Male,0,No,Yes,39,Yes,No,Fiber optic,Yes,Yes,No,Yes,Yes,Yes,One year,Yes,Bank transfer (automatic),177.4,6823.75,Yes,2023-04-05
3771-RNAUW,Female,0,No,No,22,Yes,Yes,Fiber optic,Yes,No,Yes,No,No,Yes,One year,Yes,Mailed check,167.94,3648.93,No,2023-04-05
8519-ZJUQG,Male,0,Yes,No,38,Yes,Yes,DSL,Yes,No,Yes,No,Yes,Yes,One year,Yes,Electronic check,145.58,5417.5,Yes,2023-04-05
3769-JGNZX,Male,0,No,No,39,Yes,No,DSL,No,No,Yes,No,Yes,No,Month-to-month,No,Bank transfer (automatic),112.15,4405.83,Yes,2023-04-05
3224-PHOMM,Male,0,Yes,Yes,26,Yes,Yes,Fiber optic,Yes,Yes,Yes,Yes,No,Yes,Month-to-month,Yes,Mailed check,194.54,5034.83,Yes,2023-04-05
6925-BPUUH,Female,0,No,No,35,Yes,Yes,No,No internet service,No internet service,No internet service,No internet service,No internet service,No internet service,One year,No,Electronic check,58.63,2053.55,Yes,2023-04-05
4609-HUSDO,Female,0,Yes,Yes,32,Yes,No,Fiber optic,Yes,Yes,Yes,Yes,Yes,Yes,One year,Yes,Credit card (automatic),176.69,5570.49,Yes,2023-04-05
1855-OLFXT,Female,0,No,No,35,Yes,No,No,No internet service,No internet service,No internet service,No internet service,No internet service,No internet service,One year,No,Mailed check,29.0,1017.98,No,2023-04-05
2684-SQPXI,Female,0,No,No,25,Yes,No,DSL,No,No,Yes,Yes,No,Yes,One year,No,Electronic check,124.08,3109.9,No,2023-04-05
3070-SLOOR,Male,0,No,No,39,Yes,Yes,Fiber optic,Yes,Yes,Yes,No,Yes,Yes,Month-to-month,No,Electronic check,206.52,7950.19,Yes,2023-04-05
2020-NGSQX,Male,0,Yes,No,35,No,No phone service,Fiber optic,No,No,No,Yes,Yes,Yes,One year,Yes,Bank transfer (automatic),136.93,4651.19,Yes,2023-04-05
1808-NPYUB,Male,0,No,No,35,Yes,Yes,No,No internet service,No internet service,No internet service,No internet service,No internet service,No internet service,Month-to-month,Yes,Electronic check,56.8,1944.71,Yes,2023-04-05
7771-QRNGM,Male,0,No,No,42,Yes,Yes,DSL,No,Yes,Yes,No,No,Yes,Month-to-month,Yes,Electronic check,140.73,6039.0,Yes,2023-04-05
1157-YARWS,Male,0,No,No,40,Yes,Yes,Fiber optic,No,No,No,No,Yes,No,Two year,Yes,Bank transfer (automatic),135.36,5458.56,No,2023-04-05
4148-GUXAR,Male,0,Yes,No,33,Yes,Yes,Fiber optic,Yes,Yes,No,No,Yes,Yes,Month-to-month,Yes,Credit card (automatic),187.57,6018.03,No,2023-04-05
4796-RJGDU,Female,0,Yes,No,66,Yes,Yes,DSL,No,Yes,Yes,No,Yes,Yes,One year,No,Bank transfer (automatic),144.5,9546.59,Yes,2023-04-05
5912-XGMQV,Male,0,Yes,No,54,Yes,Yes,DSL,No,Yes,Yes,No,No,Yes,Month-to-month,Yes,Credit card (automatic),145.99,7690.37,Yes,2023-04-05
3146-TRJVB,Male,0,Yes,No,32,Yes,No,Fiber optic,No,No,Yes,Yes,Yes,No,Two year,Yes,Bank transfer (automatic),135.65,4455.93,No,2023-04-05
2658-VURWD,Female,0,No,No,37,Yes,Yes,Fiber optic,Yes,Yes,Yes,Yes,Yes,No,One year,Yes,Mailed check,182.85,6833.72,No,2023-04-05
2680-SNDCE,Female,0,Yes,No,21,Yes,No,No,No internet service,No internet service,No internet service,No internet service,No internet service,No internet service,Two year,Yes,Mailed check,39.68,840.34,No,2023-04-05
4122-CYJYU,Male,0,No,Yes,33,Yes,Yes,Fiber optic,Yes,Yes,No,No,Yes,Yes,Month-to-month,No,Electronic check,192.58,6417.71,Yes,2023-04-05
7490-NUHUP,Male,0,No,Yes,33,Yes,No,Fiber optic,No,Yes,Yes,Yes,Yes,Yes,Month-to-month,Yes,Credit card (automatic),182.06,6146.77,Yes,2023-04-05
4970-CWHUP,Male,0,No,No,6,Yes,Yes,Fiber optic,Yes,No,No,No,Yes,Yes,One year,No,Bank transfer (automatic),172.09,1007.12,No,2023-04-05
1246-ZZUYP,Female,0,Yes,No,61,Yes,No,DSL,No,No,Yes,Yes,Yes,Yes,One year,Yes,Electronic check,129.19,7941.4,Yes,2023-04-05
7564-ODGDL,Female,0,No,No,22,Yes,No,DSL,Yes,Yes,No,No,Yes,No,Two year,No,Credit card (automatic),114.82,2528.54,Yes,2023-04-05
8905-EBGQO,Female,1,Yes,No,22,Yes,Yes,DSL,No,No,Yes,No,Yes,Yes,Two year,Yes,Electronic check,118.18,2574.37,No,2023-04-06
8656-RIRGC,Female,0,No,No,48,Yes,Yes,DSL,No,No,Yes,No,Yes,Yes,Month-to-month,No,Electronic check,150.86,7049.32,Yes,2023-04-06
6323-WXLUP,Male,0,Yes,Yes,9,Yes,No,DSL,No,Yes,Yes,No,Yes,No,Month-to-month,No,Credit card (automatic),125.81,1157.23,Yes,2023-04-06
1069-TEXCP,Male,0,No,No,50,Yes,No,DSL,No,Yes,Yes,Yes,Yes,Yes,One year,Yes,Electronic check,139.73,7175.93,Yes,2023-04-06
8443-FLIUG,Male,0,Yes,No,8,No,No phone service,Fiber optic,Yes,Yes,Yes,No,Yes,Yes,One year,Yes,Credit card (automatic),143.62,1164.27,No,2023-04-06
3249-AYZZN,Female,0,No,No,25,Yes,No,Fiber optic,No,Yes,Yes,Yes,Yes,No,One year,Yes,Electronic check,153.93,3914.31,Yes,2023-04-06
2279-AXNAQ,Male,1,No,Yes,56,Yes,No,Fiber optic,Yes,No,Yes,Yes,Yes,Yes,One year,Yes,Credit card (automatic),166.74,9426.12,No,2023-04-06
2589-KHJEV,Male,0,Yes,No,28,Yes,No,Fiber optic,Yes,Yes,Yes,Yes,Yes,Yes,One year,Yes,Credit card (automatic),180.92,5188.46,No,2023-04-06
9186-PFZHN,Female,0,No,No,46,No,No phone service,No,No internet service,No internet service,No internet service,No internet service,No internet service,No internet service,Two year,Yes,Credit card (automatic),18.5,837.5,No,2023-04-06
4309-NDDKS,Male,0,Yes,No,14,Yes,No,DSL,No,Yes,No,No,Yes,Yes,Two year,Yes,Bank transfer (automatic),109.88,1523.82,No,2023-04-06
6064-EFYGC,Female,0,Yes,Yes,50,Yes,Yes,No,No internet service,No internet service,No internet service,No internet service,No internet service,No internet service,Month-to-month,Yes,Electronic check,53.39,2685.05,Yes,2023-04-06
9187-NYNVO,Female,0,Yes,No,50,Yes,Yes,Fiber optic,Yes,No,Yes,Yes,Yes,Yes,Month-to-month,Yes,Credit card (automatic),199.39,9919.04,Yes,2023-04-06
6786-IRCLU,Male,0,Yes,No,48,Yes,No,DSL,Yes,Yes,No,No,Yes,Yes,Two year,Yes,Bank transfer (automatic),119.4,5703.93,No,2023-04-06
6258-ARXGT,Male,0,No,No,38,Yes,Yes,No,No internet service,No internet service,No internet service,No internet service,No internet service,No internet service,One year,No,Bank transfer (automatic),54.68,2066.91,No,2023-04-06
6194-GNLBC,Female,0,No,No,44,Yes,No,DSL,No,No,No,Yes,Yes,Yes,One year,Yes,Bank transfer (automatic),118.69,5075.87,No,2023-04-06
6115-GUZZG,Female,0,Yes,Yes,29,Yes,Yes,DSL,No,Yes,Yes,Yes,No,Yes,Month-to-month,Yes,Credit card (automatic),144.25,4246.1,Yes,2023-04-06
5741-UAIPR,Male,0,Yes,No,22,Yes,Yes,DSL,Yes,Yes,Yes,Yes,Yes,Yes,Month-to-month,Yes,Bank transfer (automatic),175.85,3902.88,No,2023-04-06
2221-VRDCJ,Female,0,No,Yes,45,Yes,No,Fiber optic,No,Yes,Yes,No,Yes,No,Month-to-month,Yes,Credit card (automatic),154.25,7034.1,Yes,2023-04-06
5212-WMQMS,Female,0,No,No,41,Yes,Yes,DSL,No,Yes,Yes,No,Yes,Yes,Month-to-month,No,Credit card (automatic),147.99,6012.01,Yes,2023-04-06
5845-DCAEZ,Male,0,No,No,54,Yes,No,No,No internet service,No internet service,No internet service,No internet service,No internet service,No internet service,Month-to-month,Yes,Mailed check,47.17,2580.45,Yes,2023-04-06
5710-ONMDO,Female,0,Yes,No,29,Yes,No,Fiber optic,No,Yes,No,No,Yes,Yes,Month-to-month,No,Credit card (automatic),168.63,4764.28,Yes,2023-04-06
7379-XZZEG,Female,0,Yes,No,49,Yes,No,Fiber optic,No,No,No,No,Yes,No,One year,Yes,Mailed check,132.7,6500.86,Yes,2023-04-06
9025-ACNMZ,Male,0,No,No,7,Yes,Yes,Fiber optic,Yes,Yes,No,No,Yes,Yes,One year,No,Bank transfer (automatic),175.09,1259.61,Yes,2023-04-06
9920-PGXYV,Female,0,No,Yes,23,Yes,Yes,DSL,Yes,No,Yes,Yes,Yes,No,Month-to-month,No,Mailed check,157.47,3729.96,No,2023-04-06
1837-AFJBE,Female,0,Yes,Yes,48,Yes,No,Fiber optic,No,No,No,No,Yes,Yes,One year,No,Credit card (automatic),152.68,7127.15,Yes,2023-04-06
1303-LXJBI,Male,0,No,Yes,23,Yes,No,Fiber optic,No,Yes,No,No,Yes,Yes,One year,Yes,Electronic check,149.34,3432.92,Yes,2023-04-07
2471-VRKPR,Female,0,Yes,No,37,Yes,Yes,No,No internet service,No internet service,No internet service,No internet service,No internet service,No internet service,Month-to-month,Yes,Mailed check,51.12,1928.8,No,2023-04-07
8012-EKDGK,Male,0,Yes,No,39,Yes,Yes,DSL,Yes,Yes,Yes,No,No,Yes,Month-to-month,Yes,Mailed check,147.39,5699.0,Yes,2023-04-07
7446-BLQML,Female,0,Yes,No,17,Yes,Yes,DSL,No,Yes,Yes,Yes,Yes,No,One year,No,Bank transfer (automatic),141.91,2345.62,Yes,2023-04-07
3745-MXFRZ,Male,0,Yes,No,46,Yes,No,Fiber optic,Yes,Yes,No,No,Yes,No,Month-to-month,Yes,Electronic check,154.29,6907.57,Yes,2023-04-07
7286-ODXFF,Female,0,No,No,19,Yes,No,Fiber optic,Yes,No,No,No,No,Yes,Month-to-month,No,Bank transfer (automatic),147.57,2867.93,Yes,2023-04-07
3435-DPDGI,Female,1,Yes,Yes,41,Yes,Yes,DSL,No,No,Yes,No,Yes,Yes,Month-to-month,Yes,Mailed check,149.74,5960.21,No,2023-04-07
6943-TWSPM,Male,0,No,Yes,47,Yes,No,DSL,Yes,Yes,No,Yes,Yes,Yes,One year,Yes,Bank transfer (automatic),130.18,6217.49,No,2023-04-07
6286-FOLNF,Male,0,Yes,No,43,Yes,No,DSL,No,Yes,No,Yes,Yes,Yes,One year,Yes,Bank transfer (automatic),128.51,5531.24,No,2023-04-07
9991-FAWNY,Female,0,Yes,No,16,Yes,Yes,DSL,No,Yes,No,Yes,Yes,Yes,Two year,No,Electronic check,132.13,2070.76,Yes,2023-04-07
3829-FAYEZ,Male,0,Yes,No,52,Yes,No,DSL,Yes,Yes,No,No,Yes,Yes,Two year,Yes,Mailed check,118.49,6295.58,No,2023-04-07
2301-WDOJI,Female,0,No,No,17,Yes,Yes,DSL,No,No,No,No,Yes,Yes,Month-to-month,Yes,Electronic check,126.64,2196.79,Yes,2023-04-07
1328-YNWIF,Female,0,Yes,No,29,Yes,Yes,DSL,Yes,Yes,Yes,No,No,Yes,Month-to-month,Yes,Electronic check,152.9,4358.9,Yes,2023-04-07
6182-RQANF,Female,0,No,Yes,26,Yes,No,DSL,No,No,Yes,No,Yes,No,One year,Yes,Credit card (automatic),103.6,2723.67,No,2023-04-07
7882-VCYQV,Female,0,Yes,No,15,Yes,Yes,DSL,No,Yes,No,No,No,Yes,One year,Yes,Electronic check,123.11,1863.0,Yes,2023-04-07
4539-VRPTD,Male,0,Yes,No,53,Yes,No,DSL,Yes,Yes,No,Yes,No,Yes,Month-to-month,No,Mailed check,129.6,6746.66,Yes,2023-04-07
1760-RBUVE,Female,0,Yes,No,3,No,No phone service,Fiber optic,No,No,No,Yes,Yes,Yes,Two year,Yes,Mailed check,121.08,371.77,Yes,2023-04-08
5545-ZBESI,Male,0,No,No,21,Yes,No,Fiber optic,Yes,No,Yes,Yes,Yes,Yes,Two year,No,Bank transfer (automatic),169.33,3616.45,No,2023-04-08
1807-ELWUH,Female,0,No,No,34,Yes,Yes,Fiber optic,No,Yes,Yes,No,No,No,One year,No,Electronic check,163.09,5507.6,No,2023-04-08
3635-JTBTT,Male,1,Yes,No,26,Yes,No,Fiber optic,Yes,Yes,Yes,No,Yes,Yes,Two year,Yes,Mailed check,152.85,4054.96,Yes,2023-04-08
8971-KQQDK,Female,0,Yes,No,4,Yes,No,No,No internet service,No internet service,No internet service,No internet service,No internet service,No internet service,One year,No,Mailed check,38.36,152.2,No,2023-04-08
8404-LWSMK,Male,0,Yes,No,11,Yes,No,DSL,Yes,Yes,No,Yes,Yes,Yes,Month-to-month,Yes,Electronic check,144.55,1570.41,No,2023-04-08
2866-ZLASX,Female,1,No,No,35,Yes,Yes,Fiber optic,No,Yes,No,Yes,No,No,Month-to-month,No,Bank transfer (automatic),165.45,5822.36,Yes,2023-04-08
2234-MOKNY,Male,1,Yes,No,55,Yes,No,Fiber optic,No,No,No,Yes,Yes,Yes,One year,Yes,Electronic check,140.22,7548.62,No,2023-04-08
1679-NBEVJ,Female,0,Yes,No,30,Yes,Yes,DSL,No,No,No,Yes,Yes,Yes,Month-to-month,Yes,Electronic check,126.96,3763.45,Yes,2023-04-08
9663-TFRJJ,Female,0,Yes,Yes,52,Yes,No,Fiber optic,No,No,Yes,No,No,Yes,Month-to-month,Yes,Bank transfer (automatic),142.96,7466.47,Yes,2023-04-08
6292-GNYAB,Male,0,No,No,68,Yes,No,DSL,Yes,Yes,Yes,Yes,No,Yes,Month-to-month,Yes,Mailed check,144.24,9944.73,Yes,2023-04-08
4920-COADA,Male,0,No,Yes,29,Yes,Yes,Fiber optic,No,Yes,Yes,No,Yes,Yes,Month-to-month,No,Mailed check,191.02,5447.19,Yes,2023-04-08
3016-FFVQD,Female,0,Yes,No,35,Yes,Yes,Fiber optic,Yes,Yes,No,No,Yes,Yes,Month-to-month,Yes,Electronic check,192.8,6667.7,Yes,2023-04-08
7768-FJXRZ,Female,0,No,No,28,Yes,No,Fiber optic,Yes,No,No,No,No,Yes,One year,Yes,Electronic check,144.0,4038.23,No,2023-04-08
2872-CYASB,Female,0,Yes,Yes,3,Yes,Yes,DSL,Yes,Yes,Yes,No,Yes,Yes,Month-to-month,No,Mailed check,161.29,491.48,Yes,2023-04-08
8587-QFGWK,Male,0,No,No,28,Yes,No,Fiber optic,No,No,No,No,Yes,Yes,Month-to-month,No,Mailed check,150.76,4283.15,No,2023-04-08
4482-UTQVK,Female,0,No,No,53,Yes,No,Fiber optic,No,Yes,No,Yes,No,Yes,Month-to-month,Yes,Bank transfer (automatic),156.61,8472.5,Yes,2023-04-08
6738-YGKUP,Male,0,No,Yes,46,Yes,No,DSL,No,Yes,No,No,No,Yes,One year,Yes,Electronic check,108.81,4905.76,No,2023-04-08
4158-EYXVG,Female,0,Yes,No,36,Yes,Yes,Fiber optic,No,Yes,Yes,No,Yes,No,One year,Yes,Electronic check,155.06,5508.6,Yes,2023-04-08
9212-HBGKZ,Male,0,Yes,No,12,Yes,Yes,DSL,No,No,No,Yes,No,Yes,One year,Yes,Bank transfer (automatic),135.59,1612.96,Yes,2023-04-08
6624-BSFYZ,Female,0,No,No,22,Yes,No,Fiber optic,No,Yes,Yes,No,Yes,No,Two year,Yes,Electronic check,137.37,2963.92,No,2023-04-08
5035-ZSISW,Male,0,No,No,53,Yes,Yes,DSL,Yes,Yes,Yes,Yes,No,No,One year,Yes,Credit card (automatic),145.92,7716.86,No,2023-04-08
7397-IAEHT,Female,0,No,No,22,No,No phone service,Fiber optic,Yes,Yes,Yes,Yes,No,Yes,Two year,No,Mailed check,132.54,2881.14,No,2023-04-08
8070-ZEFRM,Female,0,Yes,No,26,No,No phone service,Fiber optic,Yes,Yes,Yes,Yes,No,No,One year,No,Mailed check,132.38,3412.16,No,2023-04-08
4145-RLHEP,Male,0,Yes,No,40,Yes,No,Fiber optic,No,No,No,No,Yes,Yes,Month-to-month,Yes,Credit card (automatic),149.77,6018.17,Yes,2023-04-08
8147-OMWLO,Male,0,Yes,No,25,Yes,No,No,No internet service,No internet service,No internet service,No internet service,No internet service,No internet service,Month-to-month,Yes,Electronic check,41.99,1045.33,Yes,2023-04-09
7492-NZDQS,Male,0,Yes,Yes,33,Yes,Yes,Fiber optic,Yes,Yes,No,No,Yes,Yes,Month-to-month,No,Credit card (automatic),193.74,6469.23,Yes,2023-04-09
9492-OUETB,Female,0,No,No,28,Yes,No,Fiber optic,No,Yes,No,No,Yes,Yes,One year,Yes,Credit card (automatic),141.42,4071.93,Yes,2023-04-09
6642-ZQMOT,Female,0,Yes,No,15,Yes,No,Fiber optic,Yes,Yes,No,Yes,Yes,Yes,One year,Yes,Mailed check,170.29,2559.32,No,2023-04-09
1302-ULJGQ,Male,0,No,No,16,Yes,Yes,No,No internet service,No internet service,No internet service,No internet service,No internet service,No internet service,Month-to-month,Yes,Mailed check,60.07,959.68,Yes,2023-04-09
6089-ODVLY,Male,0,No,No,28,Yes,No,No,No internet service,No internet service,No internet service,No internet service,No internet service,No internet service,Month-to-month,No,Bank transfer (automatic),27.89,802.72,No,2023-04-09
7790-LWIFK,Male,0,No,Yes,34,Yes,Yes,Fiber optic,Yes,No,No,Yes,Yes,Yes,Two year,Yes,Bank transfer (automatic),163.82,5413.85,No,2023-04-09
7118-TAHXJ,Female,0,No,No,41,No,No phone service,DSL,Yes,Yes,Yes,Yes,Yes,Yes,Month-to-month,Yes,Electronic check,132.53,5398.92,Yes,2023-04-09
8323-MVARL,Female,0,Yes,No,25,Yes,Yes,Fiber optic,No,No,No,Yes,No,Yes,Two year,Yes,Mailed check,160.48,3921.91,No,2023-04-09
5138-WPSDW,Female,0,Yes,Yes,42,Yes,No,No,No internet service,No internet service,No internet service,No internet service,No internet service,No internet service,Two year,No,Credit card (automatic),48.97,2007.74,No,2023-04-09
8431-GEHLI,Female,0,Yes,No,51,Yes,No,Fiber optic,Yes,Yes,Yes,Yes,No,No,One year,Yes,Credit card (automatic),167.98,8649.69,No,2023-04-09
5682-WIVRQ,Male,0,Yes,No,27,Yes,No,Fiber optic,No,No,Yes,No,Yes,Yes,One year,Yes,Electronic check,151.92,4152.14,Yes,2023-04-09
6798-PJRJG,Male,0,No,No,34,Yes,Yes,Fiber optic,No,Yes,Yes,Yes,Yes,No,Month-to-month,No,Bank transfer (automatic),187.86,6359.12,Yes,2023-04-09
6700-EGUOD,Male,0,Yes,No,31,Yes,Yes,Fiber optic,No,No,No,No,No,No,Two year,No,Bank transfer (automatic),124.01,3773.83,Yes,2023-04-09
7875-TZZZI,Female,0,Yes,Yes,63,Yes,No,No,No internet service,No internet service,No internet service,No internet service,No internet service,No internet service,Month-to-month,Yes,Credit card (automatic),44.7,2747.66,Yes,2023-04-09
3765-DFXKY,Male,0,No,No,30,Yes,Yes,Fiber optic,No,Yes,No,No,Yes,No,One year,Yes,Bank transfer (automatic),161.84,4773.24,Yes,2023-04-09
9354-YBOYZ,Male,0,Yes,No,44,Yes,No,Fiber optic,No,No,Yes,No,Yes,Yes,Two year,Yes,Mailed check,141.33,6313.36,Yes,2023-04-09
8207-OXOYQ,Male,1,No,Yes,54,Yes,Yes,Fiber optic,Yes,Yes,No,No,No,No,Month-to-month,Yes,Electronic check,159.45,8554.96,Yes,2023-04-09
3494-PFBYG,Female,0,Yes,No,28,Yes,No,Fiber optic,Yes,Yes,Yes,No,Yes,Yes,One year,Yes,Electronic check,172.33,4824.66,Yes,2023-04-09
3820-NIIEN,Female,0,Yes,No,54,Yes,No,Fiber optic,No,Yes,Yes,Yes,No,Yes,One year,No,Electronic check,152.74,8140.76,Yes,2023-04-09
7047-ELMKG,Male,0,No,No,52,Yes,No,DSL,No,No,Yes,No,Yes,Yes,Month-to-month,Yes,Electronic check,112.26,5688.84,Yes,2023-04-09
6640-FPEJS,Male,0,Yes,Yes,37,Yes,No,DSL,Yes,No,No,No,Yes,Yes,Two year,Yes,Mailed check,114.26,4206.14,No,2023-04-09
5353-GSFKL,Male,0,No,Yes,49,Yes,Yes,Fiber optic,No,No,Yes,No,Yes,Yes,Two year,Yes,Bank transfer (automatic),150.1,7573.98,No,2023-04-09
3623-SNWAS,Male,1,No,No,25,Yes,No,Fiber optic,Yes,Yes,No,No,Yes,Yes,Month-to-month,No,Bank transfer (automatic),176.03,4319.14,Yes,2023-04-09
6944-INTMN,Female,0,Yes,Yes,47,Yes,No,Fiber optic,No,No,No,No,No,Yes,Month-to-month,Yes,Mailed check,138.3,6359.74,Yes,2023-04-09
5681-XNWDH,Female,0,No,No,24,Yes,Yes,Fiber optic,No,Yes,No,Yes,Yes,Yes,One year,Yes,Electronic check,189.59,4451.0,Yes,2023-04-09
7186-VPKTX,Male,0,No,No,57,Yes,No,No,No internet service,No internet service,No internet service,No internet service,No internet service,No internet service,Month-to-month,Yes,Credit card (automatic),44.47,2517.95,No,2023-04-09
8950-QWMMJ,Female,0,Yes,Yes,49,Yes,Yes,Fiber optic,Yes,No,No,No,Yes,Yes,Month-to-month,Yes,Credit card (automatic),178.21,8634.99,Yes,2023-04-09
3770-OZITK,Male,0,No,No,56,Yes,No,DSL,Yes,No,No,No,Yes,No,One year,Yes,Bank transfer (automatic),119.52,6748.1,No,2023-04-09
7473-XHZSX,Male,0,Yes,No,44,Yes,No,No,No internet service,No internet service,No internet service,No internet service,No internet service,No internet service,One year,No,Bank transfer (automatic),49.05,2184.89,No,2023-04-09
4995-LIBNP,Male,0,Yes,Yes,28,Yes,No,Fiber optic,No,No,Yes,No,Yes,Yes,Two year,Yes,Credit card (automatic),146.71,4146.3,No,2023-04-09
8094-OCLIR,Female,0,Yes,No,22,Yes,No,DSL,Yes,Yes,No,Yes,Yes,Yes,Month-to-month,Yes,Bank transfer (automatic),146.07,3238.15,Yes,2023-04-09
2889-NTNAC,Male,0,No,No,49,Yes,Yes,DSL,No,Yes,No,No,Yes,Yes,One year,Yes,Credit card (automatic),128.2,6446.63,No,2023-04-09
6429-QLXTP,Female,0,Yes,Yes,40,Yes,Yes,Fiber optic,No,Yes,Yes,No,Yes,Yes,Month-to-month,Yes,Credit card (automatic),180.21,7404.17,No,2023-04-09
8918-VCTDC,Male,0,No,Yes,59,Yes,Yes,No,No internet service,No internet service,No internet service,No internet service,No internet service,No internet service,Two year,Yes,Electronic check,47.6,2878.66,No,2023-04-09
5745-WJXIK,Female,1,No,Yes,23,Yes,Yes,No,No internet service,No internet service,No internet service,No internet service,No internet service,No internet service,One year,Yes,Credit card (automatic),59.8,1339.08,No,2023-04-09
6262-GLQIB,Male,0,No,No,43,Yes,No,Fiber optic,No,No,Yes,Yes,Yes,Yes,Month-to-month,Yes,Electronic check,179.38,7778.74,Yes,2023-04-09
6238-PXMMR,Male,0,No,No,16,Yes,Yes,Fiber optic,No,No,No,Yes,Yes,No,One year,Yes,Credit card (automatic),166.98,2663.65,No,2023-04-09
6765-AUDAG,Male,0,No,No,44,Yes,Yes,No,No internet service,No internet service,No internet service,No internet service,No internet service,No internet service,One year,No,Electronic check,54.27,2347.15,Yes,2023-04-09
8803-TTNJS,Male,0,No,Yes,48,Yes,Yes,No,No internet service,No internet service,No internet service,No internet service,No internet service,No internet service,Month-to-month,No,Electronic check,69.37,3322.57,Yes,2023-04-09
4129-HKCRM,Female,0,Yes,No,41,Yes,No,Fiber optic,Yes,No,No,Yes,No,Yes,One year,Yes,Electronic check,148.36,6102.64,No,2023-04-09
2701-NSKMH,Male,0,Yes,No,48,Yes,Yes,No,No internet service,No internet service,No internet service,No internet service,No internet service,No internet service,Month-to-month,Yes,Electronic check,61.2,3011.77,Yes,2023-04-09
7718-DSCCQ,Male,0,No,No,44,Yes,No,Fiber optic,No,Yes,No,No,Yes,No,Two year,No,Credit card (automatic),136.48,5864.53,No,2023-04-09
7066-ALIIR,Male,1,Yes,No,35,Yes,Yes,DSL,No,Yes,No,No,No,No,Month-to-month,Yes,Mailed check,116.73,4037.5,Yes,2023-04-10
6112-TSDAS,Male,0,Yes,No,24,No,No phone service,Fiber optic,No,Yes,Yes,Yes,Yes,Yes,Month-to-month,Yes,Electronic check,165.29,3970.04,Yes,2023-04-10
2167-NLNBR,Male,1,No,No,14,Yes,No,DSL,No,No,No,No,No,Yes,One year,Yes,Mailed check,96.43,1383.51,Yes,2023-04-10
4223-WOVXW,Female,0,Yes,No,7,Yes,No,Fiber optic,Yes,No,No,Yes,Yes,Yes,One year,Yes,Credit card (automatic),164.32,1134.94,Yes,2023-04-10
7427-DDCXY,Female,0,Yes,Yes,21,Yes,Yes,Fiber optic,Yes,No,No,No,Yes,Yes,One year,Yes,Bank transfer (automatic),158.91,3281.95,No,2023-04-10
2718-GNPUB,Male,0,Yes,No,23,Yes,Yes,Fiber optic,Yes,Yes,Yes,Yes,Yes,Yes,Month-to-month,Yes,Bank transfer (automatic),205.0,4854.17,Yes,2023-04-10
4637-XHTDJ,Male,0,Yes,No,26,Yes,No,No,No internet service,No internet service,No internet service,No internet service,No internet service,No internet service,Month-to-month,Yes,Bank transfer (automatic),54.53,1431.54,No,2023-04-10
9722-BHMQY,Male,0,No,No,23,Yes,Yes,Fiber optic,No,No,No,Yes,Yes,Yes,Two year,Yes,Credit card (automatic),157.0,3582.02,No,2023-04-10
9775-WWGRO,Female,0,No,No,38,Yes,No,DSL,No,No,No,Yes,Yes,Yes,Two year,Yes,Electronic check,100.68,3890.01,No,2023-04-10
4578-FNMEM,Male,0,Yes,No,40,Yes,Yes,Fiber optic,No,Yes,No,No,Yes,Yes,Two year,Yes,Credit card (automatic),157.31,6345.42,Yes,2023-04-10
7642-SIJUW,Female,0,No,No,32,Yes,Yes,Fiber optic,Yes,No,No,Yes,No,No,Two year,No,Credit card (automatic),144.37,4572.89,No,2023-04-10
8021-VMWCO,Female,0,Yes,No,31,Yes,Yes,No,No internet service,No internet service,No internet service,No internet service,No internet service,No internet service,Month-to-month,Yes,Bank transfer (automatic),62.02,1870.13,Yes,2023-04-10
9785-AQQGJ,Female,1,No,No,39,Yes,No,Fiber optic,No,Yes,No,Yes,Yes,Yes,One year,Yes,Credit card (automatic),162.52,6210.57,Yes,2023-04-10
7646-FCKCY,Male,0,No,No,48,Yes,Yes,No,No internet service,No internet service,No internet service,No internet service,No internet service,No internet service,One year,Yes,Mailed check,61.25,3022.51,No,2023-04-10
3968-RWGAG,Male,0,No,No,33,Yes,Yes,DSL,No,No,No,No,No,Yes,One year,Yes,Mailed check,118.38,3859.29,No,2023-04-10
4243-AKVJB,Female,0,No,No,27,Yes,Yes,Fiber optic,Yes,Yes,No,No,Yes,No,Month-to-month,No,Credit card (automatic),190.3,5100.12,Yes,2023-04-10
5405-UMNAU,Female,0,Yes,No,58,Yes,Yes,Fiber optic,No,No,No,No,No,No,One year,Yes,Mailed check,144.17,8521.38,No,2023-04-10
1444-CLWEG,Female,0,No,No,67,Yes,No,Fiber optic,Yes,Yes,Yes,No,No,Yes,Two year,No,Bank transfer (automatic),149.82,10283.02,No,2023-04-10
2394-KJDZE,Female,0,No,No,32,Yes,Yes,Fiber optic,No,Yes,Yes,No,Yes,Yes,Month-to-month,Yes,Mailed check,177.4,5767.67,Yes,2023-04-10
5109-XJFQK,Male,1,No,Yes,13,Yes,No,Fiber optic,No,Yes,No,No,Yes,No,One year,Yes,Electronic check,148.67,1892.44,No,2023-04-10
3727-LZIXF,Male,0,No,No,4,Yes,No,Fiber optic,Yes,No,No,No,No,Yes,One year,Yes,Mailed check,143.11,556.72,Yes,2023-04-10
2223-TFOHB,Male,1,No,No,6,Yes,No,Fiber optic,No,Yes,No,Yes,Yes,Yes,Two year,No,Electronic check,146.92,906.76,No,2023-04-11
2003-KROWV,Female,0,Yes,No,21,Yes,No,Fiber optic,No,Yes,No,No,Yes,No,Month-to-month,Yes,Mailed check,159.44,3256.26,Yes,2023-04-11
8419-YCPTJ,Male,0,Yes,No,29,Yes,No,Fiber optic,Yes,Yes,Yes,No,Yes,No,One year,Yes,Bank transfer (automatic),165.39,4707.84,No,2023-04-11
3071-LGUOM,Male,1,No,No,7,Yes,No,Fiber optic,No,Yes,No,No,Yes,Yes,Two year,No,Credit card (automatic),128.83,910.18,Yes,2023-04-11
7129-DCJOV,Male,0,No,No,49,No,No phone service,DSL,No,No,Yes,No,No,Yes,Two year,Yes,Credit card (automatic),73.93,3605.79,No,2023-04-11
8983-JZTGV,Male,0,Yes,No,26,Yes,No,DSL,Yes,No,Yes,No,Yes,Yes,One year,Yes,Mailed check,120.7,3136.57,Yes,2023-04-11
7488-PLTYE,Male,0,Yes,Yes,45,Yes,Yes,Fiber optic,Yes,No,No,No,Yes,Yes,One year,No,Credit card (automatic),157.44,6985.72,No,2023-04-11
3560-ZBPWT,Male,0,No,No,32,Yes,Yes,DSL,No,No,No,Yes,Yes,Yes,Two year,Yes,Credit card (automatic),129.32,4105.57,No,2023-04-11
4366-UOROH,Male,0,No,No,26,Yes,Yes,Fiber optic,No,Yes,Yes,No,No,Yes,Month-to-month,No,Bank transfer (automatic),190.82,4861.58,Yes,2023-04-11
2369-KHCKI,Male,0,No,No,51,Yes,No,Fiber optic,No,No,Yes,No,Yes,Yes,One year,Yes,Bank transfer (automatic),139.96,7187.26,Yes,2023-04-11
6361-KFBYO,Female,0,No,Yes,47,Yes,No,Fiber optic,No,No,No,No,No,No,Two year,Yes,Mailed check,114.74,5327.53,Yes,2023-04-11
3834-ZHPAY,Female,0,Yes,No,21,Yes,No,Fiber optic,No,Yes,Yes,Yes,Yes,No,One year,No,Bank transfer (automatic),158.3,3370.57,No,2023-04-11
6555-BCEMC,Female,0,No,Yes,58,Yes,No,No,No internet service,No internet service,No internet service,No internet service,No internet service,No internet service,One year,Yes,Electronic check,46.28,2732.8,No,2023-04-11
1977-GYODL,Female,0,Yes,No,41,Yes,Yes,DSL,Yes,Yes,No,No,Yes,Yes,One year,Yes,Mailed check,143.59,5740.25,No,2023-04-11
7940-VHPPC,Male,0,Yes,No,41,Yes,No,Fiber optic,Yes,Yes,No,Yes,No,No,Month-to-month,No,Credit card (automatic),170.18,6841.68,Yes,2023-04-11
2489-TNSUL,Female,1,No,Yes,21,Yes,Yes,No,No internet service,No internet service,No internet service,No internet service,No internet service,No internet service,One year,Yes,Electronic check,64.25,1333.47,No,2023-04-11
2698-NCWUR,Female,0,Yes,Yes,8,Yes,Yes,DSL,Yes,Yes,No,Yes,Yes,Yes,Month-to-month,Yes,Electronic check,150.56,1193.72,Yes,2023-04-11
9334-VZORE,Male,0,No,Yes,32,Yes,No,No,No internet service,No internet service,No internet service,No internet service,No internet service,No internet service,Month-to-month,Yes,Credit card (automatic),41.39,1335.57,No,2023-04-11
9252-SQNOR,Female,0,Yes,No,26,Yes,Yes,Fiber optic,Yes,No,Yes,No,No,Yes,Two year,No,Mailed check,153.0,4028.77,No,2023-04-11
6786-UTMRX,Male,0,Yes,Yes,30,Yes,No,Fiber optic,No,No,Yes,No,Yes,Yes,Month-to-month,Yes,Bank transfer (automatic),163.59,4950.73,Yes,2023-04-11
6308-QKFQU,Male,0,Yes,No,5,Yes,No,DSL,Yes,No,No,Yes,Yes,Yes,One year,Yes,Bank transfer (automatic),128.71,645.84,No,2023-04-11
5888-JAXEJ,Male,0,No,No,26,Yes,No,No,No internet service,No internet service,No internet service,No internet service,No internet service,No internet service,Two year,No,Electronic check,36.65,924.65,Yes,2023-04-11
8365-MKNZF,Male,0,Yes,No,67,Yes,Yes,Fiber optic,No,No,Yes,No,Yes,Yes,Two year,Yes,Credit card (automatic),151.4,9905.81,Yes,2023-04-11
6345-COMKG,Female,0,No,No,15,Yes,Yes,Fiber optic,Yes,Yes,No,No,Yes,Yes,Month-to-month,Yes,Bank transfer (automatic),190.52,2856.18,No,2023-04-11
9114-MODGO,Female,0,Yes,No,15,Yes,No,Fiber optic,No,No,Yes,No,Yes,Yes,Month-to-month,Yes,Electronic check,156.63,2385.82,No,2023-04-11
9593-RKCLG,Male,0,Yes,Yes,9,Yes,No,No,No internet service,No internet service,No internet service,No internet service,No internet service,No internet service,One year,Yes,Bank transfer (automatic),46.63,426.49,Yes,2023-04-11
2265-KBNWZ,Female,0,No,No,35,Yes,Yes,DSL,No,Yes,No,No,No,Yes,Month-to-month,No,Electronic check,132.2,4763.2,Yes,2023-04-11
2323-MRVFZ,Female,0,Yes,No,41,Yes,Yes,DSL,Yes,Yes,Yes,No,No,Yes,One year,Yes,Bank transfer (automatic),143.84,5723.91,No,2023-04-12
9969-FISTO,Male,0,Yes,No,35,Yes,Yes,No,No internet service,No internet service,No internet service,No internet service,No internet service,No internet service,Two year,Yes,Electronic check,60.05,2129.58,Yes,2023-04-12
7341-ZVGSF,Male,0,Yes,No,36,Yes,Yes,Fiber optic,Yes,No,No,Yes,Yes,Yes,One year,Yes,Electronic check,172.49,6338.85,No,2023-04-12
5171-EENZL,Male,0,Yes,No,59,Yes,No,Fiber optic,No,No,No,Yes,No,Yes,One year,No,Credit card (automatic),138.93,8056.14,Yes,2023-04-12
1157-NJIDN,Male,0,No,No,44,Yes,Yes,Fiber optic,No,Yes,No,No,No,No,One year,Yes,Electronic check,147.56,6535.86,No,2023-04-12
4111-NLIXE,Female,0,Yes,No,44,Yes,Yes,DSL,Yes,Yes,No,No,No,Yes,Month-to-month,Yes,Credit card (automatic),139.67,6303.8,No,2023-04-12
8681-BDWRC,Male,0,Yes,No,27,Yes,No,Fiber optic,Yes,Yes,Yes,No,Yes,Yes,Month-to-month,Yes,Electronic check,177.39,4814.11,Yes,2023-04-12
9702-GGEOJ,Male,0,No,No,38,Yes,No,Fiber optic,Yes,Yes,Yes,Yes,Yes,No,Two year,No,Mailed check,162.24,6229.48,No,2023-04-12
5632-JMXEQ,Male,0,Yes,No,63,Yes,No,Fiber optic,Yes,No,Yes,No,Yes,Yes,Two year,Yes,Bank transfer (automatic),146.47,9136.51,Yes,2023-04-12
4185-KYYNO,Male,0,Yes,No,50,Yes,No,No,No internet service,No internet service,No internet service,No internet service,No internet service,No internet service,Month-to-month,No,Mailed check,39.74,1954.65,No,2023-04-12
2228-CYCVY,Female,0,No,No,25,Yes,No,Fiber optic,Yes,Yes,Yes,No,Yes,No,Month-to-month,Yes,Bank transfer (automatic),169.98,4366.56,Yes,2023-04-12
9507-GCLLZ,Female,0,No,Yes,49,Yes,No,Fiber optic,No,Yes,Yes,Yes,No,Yes,Month-to-month,No,Bank transfer (automatic),167.61,8211.67,No,2023-04-12
5825-DSYYK,Male,0,Yes,No,7,Yes,No,Fiber optic,No,Yes,Yes,No,Yes,No,Month-to-month,Yes,Credit card (automatic),171.72,1193.27,Yes,2023-04-12
9987-ROZUV,Male,0,Yes,Yes,26,Yes,No,DSL,Yes,Yes,No,No,Yes,Yes,Month-to-month,Yes,Electronic check,127.43,3382.7,Yes,2023-04-12
2840-NUWCX,Female,0,No,Yes,45,No,No phone service,Fiber optic,No,No,No,No,Yes,Yes,Month-to-month,Yes,Electronic check,129.49,5678.65,Yes,2023-04-12
6351-KQAAE,Female,0,Yes,No,35,Yes,Yes,Fiber optic,No,Yes,Yes,Yes,Yes,Yes,Month-to-month,No,Bank transfer (automatic),206.45,7431.18,Yes,2023-04-12
1414-HTPLO,Female,1,Yes,Yes,32,Yes,No,DSL,Yes,No,No,No,Yes,Yes,Month-to-month,No,Credit card (automatic),133.07,4306.46,No,2023-04-12
4263-HPKBR,Female,0,Yes,No,31,Yes,No,Fiber optic,Yes,Yes,Yes,No,Yes,No,Month-to-month,Yes,Credit card (automatic),172.43,5346.03,Yes,2023-04-12
3047-CRZVB,Female,0,Yes,No,24,Yes,No,Fiber optic,Yes,No,No,No,Yes,Yes,Month-to-month,No,Electronic check,152.04,3556.41,Yes,2023-04-12
2462-PCOMC,Male,0,Yes,Yes,62,Yes,No,Fiber optic,No,No,No,No,Yes,No,Month-to-month,Yes,Bank transfer (automatic),142.0,8916.9,Yes,2023-04-12
6784-NMEEE,Male,0,Yes,No,45,Yes,No,DSL,No,No,Yes,No,Yes,Yes,Two year,Yes,Bank transfer (automatic),112.08,4892.77,Yes,2023-04-12
1981-UERPQ,Male,0,Yes,Yes,17,Yes,Yes,No,No internet service,No internet service,No internet service,No internet service,No internet service,No internet service,Month-to-month,Yes,Bank transfer (automatic),67.85,1177.37,Yes,2023-04-12
9537-HSINF,Male,0,Yes,No,61,No,No phone service,Fiber optic,No,Yes,Yes,Yes,Yes,No,Two year,Yes,Credit card (automatic),120.31,7527.28,Yes,2023-04-12
2459-QXDIX,Female,1,No,Yes,5,Yes,No,Fiber optic,Yes,No,Yes,No,Yes,Yes,Two year,Yes,Bank transfer (automatic),145.38,713.01,No,2023-04-13
5977-PLBSB,Female,0,No,No,23,Yes,No,DSL,No,Yes,No,No,Yes,Yes,Month-to-month,No,Bank transfer (automatic),115.72,2730.18,Yes,2023-04-13
4354-SFNWB,Male,0,Yes,No,9,Yes,Yes,Fiber optic,No,No,No,No,Yes,Yes,Month-to-month,Yes,Bank transfer (automatic),165.06,1490.11,Yes,2023-04-13
2630-AOITX,Male,0,Yes,No,24,No,No phone service,DSL,Yes,No,Yes,Yes,Yes,Yes,Month-to-month,Yes,Bank transfer (automatic),118.01,2808.6,No,2023-04-13
5350-GRFVH,Male,0,Yes,No,32,Yes,No,Fiber optic,No,Yes,Yes,No,Yes,Yes,One year,Yes,Credit card (automatic),158.71,5083.15,No,2023-04-13
4951-LTQSN,Male,0,Yes,No,26,Yes,Yes,Fiber optic,No,No,No,No,No,No,Month-to-month,Yes,Bank transfer (automatic),146.18,3697.58,Yes,2023-04-13
1459-WUDJG,Male,0,No,No,43,Yes,No,No,No internet service,No internet service,No internet service,No internet service,No internet service,No internet service,One year,Yes,Credit card (automatic),31.13,1350.35,No,2023-04-13
8154-DDESH,Female,0,Yes,No,15,Yes,No,No,No internet service,No internet service,No internet service,No internet service,No internet service,No internet service,Two year,No,Electronic check,32.54,494.05,Yes,2023-04-13
4914-POWXD,Female,0,Yes,Yes,46,Yes,No,Fiber optic,Yes,No,Yes,No,Yes,Yes,Two year,Yes,Credit card (automatic),148.69,6798.06,No,2023-04-13
6334-FEHCV,Male,0,No,No,49,Yes,No,No,No internet service,No internet service,No internet service,No internet service,No internet service,No internet service,Month-to-month,Yes,Bank transfer (automatic),46.97,2362.21,Yes,2023-04-13
9592-MVNUY,Female,0,Yes,No,24,Yes,Yes,DSL,No,Yes,No,No,No,Yes,Month-to-month,Yes,Bank transfer (automatic),130.37,3210.06,Yes,2023-04-13
6901-CWPFX,Female,0,Yes,Yes,26,Yes,No,Fiber optic,No,Yes,No,No,No,Yes,Month-to-month,Yes,Credit card (automatic),160.25,4158.27,Yes,2023-04-13
9122-WFOYU,Male,0,No,No,14,Yes,Yes,Fiber optic,No,Yes,Yes,No,Yes,No,Month-to-month,Yes,Mailed check,186.69,2659.18,Yes,2023-04-13
4695-GBOVT,Male,0,Yes,Yes,39,No,No phone service,Fiber optic,Yes,Yes,No,No,No,Yes,Two year,Yes,Mailed check,111.0,4342.71,Yes,2023-04-13
3867-KCBHY,Female,0,Yes,Yes,30,Yes,No,Fiber optic,No,No,No,No,Yes,Yes,Month-to-month,No,Bank transfer (automatic),148.16,4419.19,Yes,2023-04-13
1307-TGWCE,Male,0,No,No,31,Yes,No,Fiber optic,No,Yes,Yes,No,Yes,Yes,One year,No,Electronic check,158.69,4929.9,No,2023-04-13
5554-BXJXF,Male,0,Yes,No,30,Yes,Yes,Fiber optic,No,Yes,Yes,No,Yes,Yes,One year,No,Bank transfer (automatic),175.06,5322.18,Yes,2023-04-13
3531-ZUHQJ,Male,0,No,No,49,Yes,No,Fiber optic,No,No,Yes,Yes,Yes,Yes,One year,Yes,Mailed check,153.26,7362.83,No,2023-04-13
6046-LRKXY,Male,0,Yes,No,52,Yes,No,Fiber optic,No,No,Yes,Yes,No,Yes,Month-to-month,Yes,Electronic check,168.98,8705.74,Yes,2023-04-13
5540-PZCZR,Female,0,Yes,No,21,Yes,Yes,No,No internet service,No internet service,No internet service,No internet service,No internet service,No internet service,Month-to-month,Yes,Mailed check,69.12,1494.93,Yes,2023-04-13
7282-AZLHP,Male,0,Yes,No,30,Yes,Yes,Fiber optic,Yes,Yes,Yes,No,Yes,Yes,One year,Yes,Electronic check,193.27,5639.27,No,2023-04-13
6322-EOQRS,Male,0,Yes,No,22,Yes,No,No,No internet service,No internet service,No internet service,No internet service,No internet service,No internet service,One year,No,Bank transfer (automatic),42.39,926.82,No,2023-04-13
3392-JZBFR,Male,0,Yes,No,37,Yes,Yes,Fiber optic,Yes,Yes,Yes,No,No,Yes,Month-to-month,Yes,Electronic check,183.55,6991.8,Yes,2023-04-13
5835-RLOTD,Male,0,No,Yes,9,No,No phone service,Fiber optic,No,Yes,No,Yes,Yes,Yes,Month-to-month,Yes,Bank transfer (automatic),136.26,1224.86,Yes,2023-04-13
1668-WKHRL,Male,0,Yes,No,48,Yes,No,Fiber optic,Yes,No,Yes,Yes,Yes,Yes,Month-to-month,No,Electronic check,173.9,8517.16,Yes,2023-04-13
4802-CASLY,Male,0,No,Yes,48,Yes,No,No,No internet service,No internet service,No internet service,No internet service,No internet service,No internet service,Month-to-month,Yes,Bank transfer (automatic),45.74,2197.95,No,2023-04-13
6966-ROSMO,Male,0,No,Yes,38,Yes,No,DSL,Yes,Yes,Yes,Yes,No,No,Month-to-month,Yes,Electronic check,136.74,5216.05,No,2023-04-13
9312-JGTRN,Male,0,Yes,No,26,Yes,Yes,DSL,Yes,Yes,No,Yes,Yes,No,Month-to-month,No,Bank transfer (automatic),151.88,3984.33,Yes,2023-04-14
6965-OTNID,Female,0,Yes,No,54,Yes,No,Fiber optic,No,Yes,No,No,Yes,No,Month-to-month,Yes,Mailed check,155.71,8306.5,Yes,2023-04-14
2779-IZQHE,Female,0,Yes,No,42,No,No phone service,DSL,No,Yes,No,No,Yes,No,Two year,Yes,Mailed check,81.84,3444.39,Yes,2023-04-14
2074-MGJYV,Female,0,Yes,No,37,Yes,Yes,Fiber optic,No,No,No,No,Yes,Yes,Two year,No,Electronic check,143.78,5328.43,Yes,2023-04-14
7823-HGUJG,Female,0,Yes,Yes,46,Yes,No,No,No internet service,No internet service,No internet service,No internet service,No internet service,No internet service,Month-to-month,Yes,Bank transfer (automatic),47.37,2121.57,No,2023-04-14
3054-NHQGF,Male,0,No,No,30,Yes,No,Fiber optic,Yes,Yes,Yes,No,Yes,Yes,Month-to-month,Yes,Bank transfer (automatic),187.11,5453.6,No,2023-04-14
7463-LQERQ,Male,0,Yes,Yes,46,Yes,Yes,Fiber optic,Yes,No,Yes,No,No,Yes,Month-to-month,Yes,Credit card (automatic),178.35,8432.43,Yes,2023-04-14
9371-LXYOU,Male,0,Yes,No,15,Yes,Yes,Fiber optic,No,Yes,Yes,No,Yes,Yes,One year,No,Bank transfer (automatic),174.33,2673.48,Yes,2023-04-14
6504-LMYFB,Male,0,Yes,No,33,Yes,Yes,DSL,Yes,No,No,Yes,Yes,Yes,One year,Yes,Credit card (automatic),151.08,4959.23,Yes,2023-04-14
4061-LPWNI,Male,0,Yes,No,45,Yes,No,Fiber optic,Yes,Yes,Yes,No,Yes,No,Month-to-month,Yes,Credit card (automatic),167.9,7660.26,Yes,2023-04-14
2056-FQVCW,Female,0,Yes,Yes,22,Yes,No,Fiber optic,Yes,Yes,No,Yes,Yes,Yes,Two year,Yes,Bank transfer (automatic),157.45,3550.66,Yes,2023-04-14
8257-ZZQXZ,Male,0,No,No,44,Yes,No,No,No internet service,No internet service,No internet service,No internet service,No internet service,No internet service,Two year,Yes,Bank transfer (automatic),52.19,2241.38,Yes,2023-04-14
2341-NNJXC,Female,0,No,No,51,Yes,No,DSL,No,Yes,Yes,No,Yes,Yes,One year,No,Credit card (automatic),133.04,6891.64,No,2023-04-14
8772-LWHOI,Female,0,Yes,No,51,Yes,No,DSL,Yes,Yes,No,No,Yes,Yes,One year,Yes,Bank transfer (automatic),119.25,6136.93,No,2023-04-14
7232-DBKXM,Male,0,Yes,Yes,35,Yes,Yes,Fiber optic,Yes,Yes,Yes,Yes,No,No,Month-to-month,No,Mailed check,194.69,6798.61,No,2023-04-14
4774-TMQQT,Male,0,Yes,No,31,Yes,Yes,DSL,No,No,No,No,No,Yes,Month-to-month,Yes,Electronic check,123.92,3758.37,Yes,2023-04-14
2358-XTXSO,Male,0,No,No,63,No,No phone service,DSL,Yes,No,No,No,Yes,No,One year,Yes,Credit card (automatic),76.28,4937.37,No,2023-04-14
7756-JHAMT,Female,0,No,No,26,Yes,No,Fiber optic,No,No,No,No,Yes,Yes,Month-to-month,Yes,Mailed check,145.8,3744.96,Yes,2023-04-14
9283-ERJSN,Female,0,Yes,No,14,Yes,No,DSL,Yes,Yes,Yes,No,Yes,Yes,Two year,No,Bank transfer (automatic),123.32,1706.73,No,2023-04-14
8936-TVSVP,Male,0,No,No,47,Yes,Yes,Fiber optic,Yes,No,Yes,No,Yes,Yes,One year,Yes,Electronic check,170.37,8018.31,Yes,2023-04-14
4623-GZBQA,Male,0,Yes,No,9,Yes,No,Fiber optic,Yes,Yes,No,No,No,Yes,Month-to-month,Yes,Bank transfer (automatic),169.02,1514.44,Yes,2023-04-14
4611-RQXJR,Male,0,No,No,45,Yes,Yes,No,No internet service,No internet service,No internet service,No internet service,No internet service,No internet service,Two year,No,Bank transfer (automatic),41.44,1846.95,No,2023-04-14
4472-MGHLX,Female,0,Yes,No,7,Yes,Yes,Fiber optic,No,Yes,Yes,No,Yes,Yes,One year,Yes,Electronic check,180.63,1249.21,No,2023-04-14
6004-HZDRJ,Female,0,No,No,34,Yes,Yes,DSL,No,No,Yes,Yes,No,Yes,One year,No,Mailed check,134.35,4684.94,Yes,2023-04-14
9129-KQMOG,Male,0,Yes,No,52,Yes,No,DSL,No,Yes,No,No,No,No,Two year,Yes,Bank transfer (automatic),80.6,4115.69,No,2023-04-14
2699-EQPGG,Female,0,No,No,37,Yes,Yes,Fiber optic,Yes,Yes,No,Yes,Yes,Yes,Month-to-month,Yes,Bank transfer (automatic),193.48,7197.31,Yes,2023-04-15
6839-UUFMD,Male,1,No,No,42,Yes,No,Fiber optic,No,Yes,No,No,Yes,Yes,Month-to-month,Yes,Mailed check,156.74,6506.19,Yes,2023-04-15
9261-NEYRT,Female,0,Yes,No,49,Yes,Yes,DSL,Yes,No,No,No,Yes,Yes,Two year,Yes,Credit card (automatic),114.65,5494.43,Yes,2023-04-15
6045-UFEGI,Male,0,No,Yes,36,No,No phone service,DSL,Yes,Yes,Yes,Yes,No,Yes,Month-to-month,Yes,Bank transfer (automatic),108.66,3853.08,No,2023-04-15
1225-GEMBH,Female,1,Yes,No,30,Yes,Yes,Fiber optic,No,Yes,No,No,Yes,Yes,Month-to-month,No,Credit card (automatic),166.46,4994.42,Yes,2023-04-15
6345-HGVYW,Male,0,No,No,49,Yes,Yes,Fiber optic,No,No,No,No,Yes,Yes,Two year,Yes,Mailed check,140.23,7008.46,Yes,2023-04-15
6157-OMPXU,Male,0,Yes,No,29,Yes,Yes,Fiber optic,No,No,Yes,Yes,Yes,Yes,Two year,Yes,Credit card (automatic),158.78,4728.92,No,2023-04-15
2196-MQWEL,Female,0,No,No,53,Yes,No,DSL,Yes,No,Yes,No,Yes,Yes,One year,Yes,Mailed check,114.82,6175.89,Yes,2023-04-15
3465-ZSDQF,Male,0,No,No,40,Yes,Yes,DSL,No,No,No,Yes,Yes,No,Month-to-month,Yes,Electronic check,141.56,5806.2,Yes,2023-04-15
9028-AXISH,Male,0,No,No,16,No,No phone service,Fiber optic,Yes,Yes,No,No,No,Yes,Two year,Yes,Mailed check,120.39,1896.25,Yes,2023-04-15
3330-BEHTO,Female,0,Yes,Yes,28,Yes,No,DSL,No,Yes,Yes,Yes,No,Yes,Month-to-month,Yes,Mailed check,138.81,3804.82,Yes,2023-04-15
3795-IFCGW,Female,0,Yes,Yes,18,Yes,No,Fiber optic,Yes,Yes,Yes,No,Yes,No,Month-to-month,Yes,Credit card (automatic),169.04,3092.18,Yes,2023-04-15
8209-CTEAX,Female,0,Yes,No,30,Yes,Yes,No,No internet service,No internet service,No internet service,No internet service,No internet service,No internet service,Two year,Yes,Mailed check,43.68,1315.22,Yes,2023-04-15
9607-MMQQN,Female,0,Yes,No,12,Yes,No,Fiber optic,No,Yes,No,No,Yes,Yes,Month-to-month,Yes,Bank transfer (automatic),158.96,1918.33,No,2023-04-15
9466-UFKXW,Male,0,No,No,49,Yes,Yes,No,No internet service,No internet service,No internet service,No internet service,No internet service,No internet service,Two year,Yes,Bank transfer (automatic),42.84,2136.08,No,2023-04-15
7556-FZIQX,Male,0,Yes,No,38,Yes,No,Fiber optic,Yes,Yes,No,No,Yes,Yes,Month-to-month,Yes,Credit card (automatic),170.84,6416.62,No,2023-04-15
5501-JBYHF,Male,0,No,No,38,No,No phone service,DSL,Yes,No,Yes,No,Yes,Yes,Month-to-month,No,Bank transfer (automatic),110.02,4141.72,Yes,2023-04-15
3553-DWTVV,Female,0,Yes,No,32,Yes,No,Fiber optic,Yes,No,Yes,Yes,Yes,Yes,Two year,No,Electronic check,165.7,5152.38,Yes,2023-04-15
7618-AADIN,Female,0,Yes,No,20,Yes,No,Fiber optic,Yes,No,No,No,No,No,Month-to-month,Yes,Credit card (automatic),142.26,2874.16,Yes,2023-04-15
4652-AFIWZ,Male,0,No,No,24,Yes,Yes,Fiber optic,No,Yes,Yes,No,Yes,Yes,Month-to-month,No,Mailed check,192.0,4696.62,No,2023-04-16
3618-SSDUO,Male,0,No,No,62,Yes,Yes,DSL,No,No,No,No,Yes,Yes,One year,Yes,Mailed check,127.58,7749.75,Yes,2023-04-16
4215-NFCRQ,Female,0,No,Yes,27,Yes,Yes,Fiber optic,No,Yes,Yes,No,No,Yes,One year,No,Bank transfer (automatic),168.95,4676.53,Yes,2023-04-16
6261-YFMOL,Male,0,Yes,No,44,Yes,Yes,DSL,Yes,No,Yes,No,No,Yes,Two year,Yes,Mailed check,118.13,5275.83,Yes,2023-04-16
2897-WCTJI,Male,0,Yes,No,11,Yes,No,Fiber optic,No,Yes,Yes,Yes,Yes,No,One year,Yes,Mailed check,160.18,1734.9,No,2023-04-16
8680-FFDTE,Male,0,Yes,No,44,Yes,No,Fiber optic,Yes,No,Yes,No,Yes,Yes,Two year,No,Credit card (automatic),143.94,6225.85,No,2023-04-16
6869-USCBJ,Female,0,No,No,12,Yes,Yes,Fiber optic,No,Yes,Yes,Yes,Yes,Yes,Two year,Yes,Mailed check,172.32,2112.61,Yes,2023-04-16
8704-ODVXN,Female,0,Yes,No,70,Yes,Yes,Fiber optic,Yes,No,No,No,Yes,Yes,Month-to-month,No,Credit card (automatic),190.84,13436.68,Yes,2023-04-16
6726-CJYMM,Male,0,No,Yes,42,Yes,Yes,Fiber optic,No,Yes,No,Yes,Yes,Yes,One year,Yes,Bank transfer (automatic),175.44,7203.16,Yes,2023-04-16
2288-PTNPK,Female,0,No,No,35,Yes,No,DSL,No,Yes,Yes,No,Yes,Yes,Two year,Yes,Credit card (automatic),114.54,3975.63,No,2023-04-16
4730-FJRHR,Female,0,Yes,No,69,Yes,No,No,No internet service,No internet service,No internet service,No internet service,No internet service,No internet service,Month-to-month,Yes,Mailed check,47.61,3365.39,Yes,2023-04-16
5913-MRQXP,Female,1,Yes,No,28,Yes,Yes,DSL,Yes,Yes,No,Yes,Yes,Yes,Two year,Yes,Electronic check,137.12,3727.15,No,2023-04-16
1976-TNFCH,Female,0,No,No,20,Yes,No,Fiber optic,Yes,Yes,No,No,Yes,Yes,One year,Yes,Mailed check,158.94,3113.69,No,2023-04-16
1030-GKESZ,Female,0,Yes,Yes,26,Yes,Yes,Fiber optic,Yes,No,No,No,Yes,Yes,Month-to-month,Yes,Credit card (automatic),191.72,5036.94,Yes,2023-04-16
7664-CKMFM,Male,0,Yes,Yes,23,Yes,No,Fiber optic,Yes,No,Yes,Yes,Yes,Yes,One year,No,Bank transfer (automatic),171.63,3860.35,Yes,2023-04-16
5376-WQSPV,Male,0,Yes,No,43,Yes,Yes,Fiber optic,No,No,Yes,No,Yes,Yes,Month-to-month,No,Electronic check,193.07,8094.92,Yes,2023-04-16
2982-QQEXZ,Female,1,Yes,Yes,63,Yes,Yes,Fiber optic,Yes,Yes,Yes,No,Yes,Yes,One year,No,Credit card (automatic),181.71,11680.54,No,2023-04-16
8793-NSEYC,Male,0,Yes,No,31,Yes,No,Fiber optic,Yes,Yes,No,No,No,Yes,One year,Yes,Credit card (automatic),152.53,4709.54,Yes,2023-04-16
1877-TRNTW,Male,1,Yes,No,37,Yes,No,DSL,No,Yes,Yes,No,Yes,Yes,Two year,No,Mailed check,116.23,4394.55,No,2023-04-16
6047-GDSMT,Male,0,No,No,65,Yes,No,Fiber optic,No,Yes,No,Yes,Yes,Yes,Month-to-month,Yes,Credit card (automatic),179.4,11453.33,Yes,2023-04-16
7228-TGSOK,Female,0,Yes,Yes,11,Yes,Yes,Fiber optic,No,Yes,Yes,No,Yes,Yes,Two year,No,Bank transfer (automatic),154.59,1736.93,No,2023-04-16
6632-IHZYU,Male,1,No,No,35,Yes,Yes,No,No internet service,No internet service,No internet service,No internet service,No internet service,No internet service,Month-to-month,Yes,Bank transfer (automatic),66.67,2374.21,Yes,2023-04-16
4752-IICML,Male,0,Yes,Yes,16,Yes,No,DSL,No,Yes,Yes,Yes,Yes,Yes,Month-to-month,Yes,Mailed check,146.26,2338.9,Yes,2023-04-16
3122-DNMFG,Female,1,Yes,Yes,30,Yes,Yes,Fiber optic,No,Yes,Yes,Yes,Yes,Yes,One year,No,Bank transfer (automatic),176.43,5352.34,Yes,2023-04-16
7334-JVJPI,Male,0,Yes,No,38,Yes,Yes,No,No internet service,No internet service,No internet service,No internet service,No internet service,No internet service,Two year,Yes,Credit card (automatic),51.9,2012.8,No,2023-04-16
5541-XQBWU,Male,0,No,No,24,Yes,No,DSL,Yes,No,No,Yes,Yes,Yes,Month-to-month,Yes,Credit card (automatic),125.01,3040.84,No,2023-04-16
4441-YYUJE,Female,0,No,No,33,Yes,Yes,DSL,Yes,Yes,Yes,Yes,Yes,Yes,Two year,No,Credit card (automatic),148.01,4894.44,Yes,2023-04-16
6835-EZIOW,Female,0,Yes,Yes,37,Yes,Yes,Fiber optic,No,No,No,No,No,Yes,Two year,Yes,Mailed check,139.4,5206.06,No,2023-04-16
2516-TIMPJ,Male,1,No,No,21,Yes,Yes,DSL,Yes,No,Yes,No,Yes,Yes,Month-to-month,Yes,Electronic check,146.46,3162.53,Yes,2023-04-16
9290-TPCHL,Male,0,Yes,Yes,32,Yes,Yes,Fiber optic,Yes,Yes,No,No,Yes,No,One year,Yes,Electronic check,164.17,5327.06,Yes,2023-04-16
2584-ILGIW,Male,1,Yes,No,7,Yes,Yes,Fiber optic,No,Yes,No,No,Yes,Yes,One year,Yes,Credit card (automatic),169.54,1199.8,Yes,2023-04-16
6388-JRCHG,Female,0,Yes,No,31,Yes,Yes,DSL,No,No,Yes,No,No,No,Month-to-month,Yes,Electronic check,126.6,4009.48,Yes,2023-04-17
9947-DPVNE,Female,0,No,No,54,Yes,No,DSL,Yes,No,No,No,Yes,Yes,Month-to-month,No,Credit card (automatic),122.45,6552.37,Yes,2023-04-17
2663-ELNNN,Male,0,Yes,Yes,28,Yes,Yes,DSL,Yes,Yes,No,No,Yes,No,One year,No,Credit card (automatic),134.07,3678.91,No,2023-04-17
3408-HCNQC,Male,0,Yes,No,49,Yes,No,Fiber optic,No,No,No,Yes,Yes,Yes,One year,Yes,Mailed check,156.18,7424.64,No,2023-04-17
2013-BWBMM,Male,0,No,No,55,No,No phone service,DSL,Yes,No,Yes,No,Yes,No,Month-to-month,No,Mailed check,97.71,5487.89,Yes,2023-04-17
5240-JPUPI,Male,0,Yes,No,54,Yes,Yes,Fiber optic,Yes,Yes,No,Yes,Yes,Yes,Month-to-month,No,Bank transfer (automatic),197.24,10348.77,Yes,2023-04-17
6255-GEKMM,Female,0,Yes,No,47,Yes,No,Fiber optic,No,No,No,No,Yes,Yes,Two year,No,Credit card (automatic),144.7,6716.74,Yes,2023-04-17
5116-ZJCIS,Male,1,No,Yes,39,Yes,Yes,No,No internet service,No internet service,No internet service,No internet service,No internet service,No internet service,One year,No,Credit card (automatic),55.78,2139.02,No,2023-04-17
9456-UJADA,Male,0,No,No,39,Yes,Yes,DSL,Yes,No,Yes,No,Yes,Yes,Month-to-month,No,Mailed check,154.42,5989.61,Yes,2023-04-17
3041-HRMTX,Female,0,No,Yes,12,Yes,Yes,Fiber optic,No,Yes,Yes,Yes,Yes,Yes,Two year,Yes,Bank transfer (automatic),169.38,1998.85,Yes,2023-04-17
9613-FCSTM,Female,0,Yes,No,35,Yes,No,DSL,No,Yes,Yes,No,Yes,Yes,Two year,Yes,Bank transfer (automatic),127.11,4522.78,Yes,2023-04-17
6888-OKZWJ,Male,0,Yes,No,51,Yes,No,DSL,No,No,Yes,No,Yes,Yes,One year,No,Mailed check,118.19,5880.31,No,2023-04-17
8084-XUZZF,Male,0,No,No,11,Yes,No,Fiber optic,No,Yes,Yes,Yes,Yes,No,One year,No,Credit card (automatic),159.81,1706.14,No,2023-04-17
1460-NJDZB,Female,0,No,Yes,44,Yes,No,Fiber optic,No,Yes,No,Yes,Yes,Yes,One year,Yes,Bank transfer (automatic),158.02,6936.82,Yes,2023-04-17
1913-XUQWO,Female,1,Yes,No,31,Yes,Yes,Fiber optic,Yes,No,Yes,Yes,No,Yes,Month-to-month,Yes,Credit card (automatic),190.77,6001.69,Yes,2023-04-17
7715-KIXIB,Female,0,No,No,19,Yes,Yes,No,No internet service,No internet service,No internet service,No internet service,No internet service,No internet service,Two year,No,Electronic check,55.65,1082.18,Yes,2023-04-17
4550-EVGCP,Male,0,Yes,No,18,Yes,Yes,Fiber optic,No,Yes,No,Yes,Yes,Yes,Two year,Yes,Bank transfer (automatic),158.98,2879.93,No,2023-04-17
5098-KIXBT,Female,0,No,No,51,Yes,No,No,No internet service,No internet service,No internet service,No internet service,No internet service,No internet service,Month-to-month,Yes,Mailed check,46.02,2338.24,Yes,2023-04-17
7783-ADFFQ,Male,0,Yes,No,34,Yes,Yes,No,No internet service,No internet service,No internet service,No internet service,No internet service,No internet service,Month-to-month,Yes,Electronic check,62.42,2066.1,Yes,2023-04-17
7396-ZEXNL,Male,1,Yes,No,16,Yes,Yes,Fiber optic,No,Yes,No,No,Yes,No,One year,No,Credit card (automatic),167.14,2686.73,Yes,2023-04-17
2459-YEOAN,Female,0,No,No,51,Yes,Yes,DSL,No,No,No,No,No,No,One year,Yes,Mailed check,107.02,5434.74,Yes,2023-04-17
5333-HXXRA,Male,0,Yes,No,45,Yes,No,Fiber optic,Yes,No,No,No,No,Yes,Month-to-month,Yes,Mailed check,151.16,6713.88,No,2023-04-18
4579-ZDIUQ,Male,0,Yes,No,18,Yes,Yes,No,No internet service,No internet service,No internet service,No internet service,No internet service,No internet service,Month-to-month,No,Bank transfer (automatic),52.56,947.06,No,2023-04-18
6700-NSHEP,Female,0,Yes,No,38,Yes,No,Fiber optic,Yes,Yes,No,No,Yes,Yes,One year,No,Credit card (automatic),162.17,5981.81,Yes,2023-04-18
1941-XHPZV,Male,0,No,No,36,Yes,No,Fiber optic,No,Yes,Yes,No,No,Yes,Month-to-month,Yes,Mailed check,167.72,6005.26,Yes,2023-04-18
7197-HHSUJ,Female,0,No,No,19,Yes,Yes,No,No internet service,No internet service,No internet service,No internet service,No internet service,No internet service,Two year,Yes,Mailed check,54.11,1042.93,Yes,2023-04-18
5146-UWETG,Male,0,No,No,19,Yes,No,Fiber optic,No,Yes,No,Yes,Yes,No,One year,Yes,Credit card (automatic),156.27,2944.23,No,2023-04-18
8043-LEQHM,Male,0,Yes,No,16,Yes,No,Fiber optic,Yes,Yes,Yes,No,Yes,No,Month-to-month,Yes,Mailed check,177.83,2823.36,Yes,2023-04-18
2607-XLHHB,Female,0,Yes,No,33,Yes,Yes,Fiber optic,No,Yes,Yes,Yes,Yes,Yes,Two year,No,Electronic check,170.92,5709.26,No,2023-04-18
4212-DYDUE,Female,0,Yes,No,37,Yes,No,No,No internet service,No internet service,No internet service,No internet service,No internet service,No internet service,Two year,No,Credit card (automatic),34.19,1269.23,No,2023-04-18
7556-YWHBY,Male,0,Yes,Yes,36,No,No phone service,Fiber optic,No,Yes,Yes,No,Yes,No,One year,No,Bank transfer (automatic),128.67,4600.83,Yes,2023-04-18
2431-ASWWE,Female,0,Yes,No,50,Yes,No,Fiber optic,Yes,Yes,No,Yes,Yes,Yes,Month-to-month,Yes,Bank transfer (automatic),184.49,9031.97,No,2023-04-18
4255-NFZTS,Female,0,Yes,Yes,52,Yes,No,Fiber optic,No,No,Yes,No,Yes,Yes,Month-to-month,Yes,Mailed check,169.66,8718.96,Yes,2023-04-18
7213-BWEQD,Male,0,Yes,No,44,Yes,No,DSL,No,Yes,Yes,No,Yes,Yes,Month-to-month,Yes,Electronic check,142.6,6305.99,Yes,2023-04-18
1797-BMWRM,Male,0,No,No,36,No,No phone service,Fiber optic,Yes,Yes,No,No,No,Yes,Month-to-month,Yes,Bank transfer (automatic),133.1,4717.06,Yes,2023-04-18
4446-IUKAW,Female,0,No,No,68,Yes,Yes,Fiber optic,Yes,Yes,Yes,No,Yes,Yes,One year,Yes,Bank transfer (automatic),188.06,12803.72,No,2023-04-18
8679-QASAK,Female,0,Yes,Yes,37,Yes,Yes,Fiber optic,Yes,No,No,Yes,Yes,No,Month-to-month,Yes,Credit card (automatic),177.67,6486.51,Yes,2023-04-18
9311-XNCQC,Male,1,Yes,No,31,Yes,Yes,Fiber optic,No,No,No,Yes,Yes,Yes,Month-to-month,Yes,Bank transfer (automatic),173.37,5269.04,Yes,2023-04-18
1182-WNZRZ,Female,0,Yes,No,57,Yes,No,No,No internet service,No internet service,No internet service,No internet service,No internet service,No internet service,Month-to-month,Yes,Credit card (automatic),49.59,2795.22,No,2023-04-18
9040-JNGRH,Male,0,No,Yes,55,Yes,No,Fiber optic,Yes,No,No,No,Yes,No,One year,Yes,Mailed check,136.72,7306.64,No,2023-04-19
2479-GTNEL,Male,0,Yes,Yes,39,Yes,No,No,No internet service,No internet service,No internet service,No internet service,No internet service,No internet service,Month-to-month,Yes,Mailed check,47.39,1888.98,Yes,2023-04-19
9445-QBQGZ,Male,0,Yes,Yes,43,Yes,No,No,No internet service,No internet service,No internet service,No internet service,No internet service,No internet service,Month-to-month,Yes,Bank transfer (automatic),36.9,1629.45,No,2023-04-19
8502-UKUZC,Male,0,No,No,37,Yes,No,Fiber optic,No,Yes,Yes,Yes,Yes,Yes,Month-to-month,Yes,Bank transfer (automatic),181.72,6588.35,Yes,2023-04-19
2839-JPIMC,Male,0,Yes,No,29,Yes,No,DSL,Yes,Yes,No,No,Yes,Yes,One year,Yes,Electronic check,136.21,4059.3,Yes,2023-04-19
5624-NCNJC,Female,0,Yes,No,24,Yes,No,No,No internet service,No internet service,No internet service,No internet service,No internet service,No internet service,Two year,Yes,Mailed check,40.68,991.76,Yes,2023-04-19
1342-SJWYV,Female,0,Yes,No,26,No,No phone service,No,No internet service,No internet service,No internet service,No internet service,No internet service,No internet service,Month-to-month,Yes,Electronic check,19.21,485.3,Yes,2023-04-19
3603-XTAIO,Female,0,Yes,No,32,Yes,Yes,No,No internet service,No internet service,No internet service,No internet service,No internet service,No internet service,Two year,Yes,Bank transfer (automatic),57.26,1791.57,No,2023-04-19
4868-HOGOJ,Male,0,Yes,No,33,Yes,No,Fiber optic,No,Yes,Yes,No,Yes,Yes,Month-to-month,Yes,Credit card (automatic),172.22,5600.28,No,2023-04-19
7704-QMPWJ,Male,0,No,No,53,Yes,No,No,No internet service,No internet service,No internet service,No internet service,No internet service,No internet service,One year,Yes,Electronic check,46.54,2396.47,No,2023-04-19
9080-SRJKD,Male,0,No,No,47,Yes,Yes,Fiber optic,Yes,Yes,Yes,Yes,Yes,Yes,Month-to-month,Yes,Bank transfer (automatic),218.68,10543.11,No,2023-04-19
2036-GWSGE,Male,0,Yes,No,37,Yes,Yes,Fiber optic,No,No,No,No,Yes,Yes,Month-to-month,Yes,Bank transfer (automatic),183.34,6629.87,Yes,2023-04-19
3175-VAFHU,Female,0,No,No,21,Yes,Yes,DSL,Yes,Yes,No,No,Yes,No,Month-to-month,Yes,Credit card (automatic),145.1,3054.95,Yes,2023-04-19
5596-TPFAX,Female,0,Yes,No,30,Yes,No,Fiber optic,No,No,No,No,Yes,Yes,One year,Yes,Bank transfer (automatic),151.64,4678.49,Yes,2023-04-19
4807-BSESG,Male,0,No,No,61,Yes,No,DSL,No,Yes,No,No,Yes,Yes,One year,Yes,Bank transfer (automatic),123.7,7423.08,No,2023-04-19
6798-NHHXV,Female,0,Yes,No,50,Yes,Yes,DSL,No,Yes,Yes,No,No,Yes,Month-to-month,Yes,Mailed check,133.7,6684.56,No,2023-04-19
9127-NFAUS,Male,0,Yes,No,36,Yes,No,Fiber optic,No,Yes,Yes,Yes,No,No,Month-to-month,Yes,Credit card (automatic),171.56,6039.83,Yes,2023-04-19
2783-XCXFS,Female,1,Yes,No,44,Yes,No,DSL,No,Yes,Yes,No,Yes,Yes,Two year,Yes,Electronic check,113.21,5038.78,Yes,2023-04-19
9770-ZKDQJ,Male,0,Yes,No,57,Yes,Yes,Fiber optic,No,No,Yes,Yes,No,Yes,Two year,Yes,Bank transfer (automatic),161.46,9354.51,No,2023-04-19
6718-WOXZV,Female,0,No,No,39,Yes,No,Fiber optic,No,Yes,Yes,Yes,Yes,Yes,Month-to-month,Yes,Bank transfer (automatic),188.19,7179.95,Yes,2023-04-20
7870-AEOXY,Female,0,No,No,36,Yes,Yes,DSL,Yes,Yes,No,No,No,Yes,Two year,No,Mailed check,113.65,4006.47,Yes,2023-04-20
9003-HVNRC,Female,0,Yes,Yes,37,Yes,No,Fiber optic,No,Yes,No,Yes,No,Yes,Month-to-month,Yes,Mailed check,171.15,6354.57,Yes,2023-04-20
8491-IEUJC,Male,0,Yes,No,41,Yes,Yes,Fiber optic,No,Yes,No,No,Yes,No,Two year,Yes,Credit card (automatic),149.48,6110.17,No,2023-04-20
6741-FDPFH,Male,0,Yes,No,18,Yes,No,Fiber optic,No,Yes,No,Yes,Yes,Yes,One year,Yes,Bank transfer (automatic),163.65,2946.69,Yes,2023-04-20
5381-WQJMQ,Female,0,Yes,No,52,Yes,No,Fiber optic,No,Yes,Yes,No,Yes,Yes,Month-to-month,Yes,Bank transfer (automatic),180.57,9615.97,Yes,2023-04-20
7779-BKMZJ,Male,0,No,No,33,Yes,No,DSL,No,No,Yes,No,Yes,No,Month-to-month,Yes,Electronic check,118.07,3871.69,Yes,2023-04-20
1848-KHSGR,Male,0,No,No,54,Yes,No,No,No internet service,No internet service,No internet service,No internet service,No internet service,No internet service,Month-to-month,Yes,Electronic check,44.98,2452.89,Yes,2023-04-20
8820-KMVLZ,Male,0,Yes,No,37,Yes,Yes,Fiber optic,No,Yes,Yes,No,Yes,Yes,One year,Yes,Electronic check,178.19,6664.79,No,2023-04-20
1380-IXPYH,Male,0,Yes,No,53,Yes,No,DSL,Yes,Yes,Yes,No,Yes,Yes,Month-to-month,No,Mailed check,151.8,7942.76,Yes,2023-04-20
5809-SMYNN,Female,0,Yes,No,60,Yes,No,Fiber optic,No,Yes,Yes,Yes,Yes,Yes,One year,No,Electronic check,167.41,10307.72,Yes,2023-04-20
4831-QPDOH,Male,0,Yes,Yes,32,Yes,No,Fiber optic,Yes,No,No,No,Yes,Yes,One year,Yes,Mailed check,145.14,4675.22,Yes,2023-04-20
9430-KRGTN,Female,0,Yes,Yes,32,Yes,Yes,Fiber optic,No,No,Yes,Yes,Yes,Yes,Month-to-month,No,Electronic check,194.64,6217.72,Yes,2023-04-20
3649-NINNM,Female,0,No,Yes,30,Yes,No,Fiber optic,No,Yes,No,No,Yes,No,Month-to-month,Yes,Credit card (automatic),148.56,4579.38,Yes,2023-04-20
1760-KTOWQ,Female,0,Yes,No,32,No,No phone service,Fiber optic,Yes,No,No,No,No,No,One year,Yes,Mailed check,110.56,3593.88,No,2023-04-20
7150-UYAUW,Male,0,No,No,37,Yes,No,DSL,No,Yes,No,Yes,Yes,Yes,Month-to-month,Yes,Bank transfer (automatic),133.57,4966.28,No,2023-04-20
8572-LKVQE,Female,0,Yes,Yes,55,Yes,Yes,DSL,Yes,No,Yes,Yes,No,No,Month-to-month,Yes,Bank transfer (automatic),147.3,7988.19,No,2023-04-20
2663-KURSC,Male,0,Yes,No,15,Yes,No,Fiber optic,Yes,Yes,No,No,Yes,Yes,Month-to-month,Yes,Credit card (automatic),171.2,2594.78,Yes,2023-04-20
6222-IJZRT,Male,0,No,No,22,Yes,Yes,Fiber optic,No,No,Yes,Yes,Yes,Yes,One year,Yes,Electronic check,176.77,3851.1,Yes,2023-04-20
3425-VMVVB,Male,1,Yes,No,14,Yes,Yes,DSL,No,No,Yes,No,Yes,Yes,Two year,Yes,Credit card (automatic),122.34,1675.3,No,2023-04-20
2134-RKQRL,Female,1,Yes,No,55,Yes,No,Fiber optic,Yes,No,Yes,Yes,Yes,Yes,One year,Yes,Credit card (automatic),163.07,8732.0,Yes,2023-04-20
2053-AZMJW,Male,0,No,No,44,No,No phone service,DSL,Yes,Yes,Yes,No,No,No,One year,Yes,Mailed check,97.21,4330.9,No,2023-04-20
6076-WEIYH,Male,0,Yes,No,36,Yes,Yes,DSL,No,Yes,Yes,Yes,Yes,Yes,Month-to-month,Yes,Mailed check,160.71,5805.94,No,2023-04-20
7007-DYVYZ,Male,0,No,No,14,Yes,No,Fiber optic,Yes,No,Yes,No,Yes,Yes,Month-to-month,No,Electronic check,172.99,2462.4,Yes,2023-04-20
2047-PEYIP,Female,0,No,Yes,36,Yes,No,Fiber optic,Yes,Yes,Yes,Yes,Yes,Yes,One year,No,Credit card (automatic),187.64,6932.05,Yes,2023-04-20
9353-AEZCW,Male,0,No,Yes,39,Yes,No,No,No internet service,No internet service,No internet service,No internet service,No internet service,No internet service,Month-to-month,Yes,Credit card (automatic),44.43,1726.87,Yes,2023-04-20
8084-ARWJY,Male,0,Yes,No,25,Yes,Yes,Fiber optic,Yes,No,No,Yes,Yes,Yes,Month-to-month,Yes,Electronic check,191.63,4657.88,Yes,2023-04-20
7520-TMEMW,Male,0,No,No,25,Yes,Yes,Fiber optic,No,Yes,No,No,Yes,Yes,Month-to-month,Yes,Electronic check,186.89,4790.57,Yes,2023-04-20
6359-EILTR,Female,0,No,No,40,Yes,No,Fiber optic,No,Yes,Yes,Yes,No,No,Month-to-month,Yes,Electronic check,167.04,6799.19,Yes,2023-04-20
6408-VXQRN,Female,0,No,Yes,43,Yes,Yes,Fiber optic,Yes,Yes,Yes,No,No,Yes,One year,Yes,Bank transfer (automatic),186.11,7766.89,Yes,2023-04-20
4811-USZDX,Male,0,Yes,No,36,No,No phone service,DSL,Yes,Yes,No,No,Yes,Yes,Month-to-month,Yes,Bank transfer (automatic),103.09,3612.07,Yes,2023-04-20
9671-OMPSZ,Female,0,Yes,No,52,Yes,No,No,No internet service,No internet service,No internet service,No internet service,No internet service,No internet service,Month-to-month,Yes,Credit card (automatic),43.56,2301.76,Yes,2023-04-20
2416-JZNXT,Male,0,Yes,No,8,Yes,Yes,Fiber optic,Yes,Yes,Yes,No,Yes,No,One year,Yes,Electronic check,180.24,1449.74,Yes,2023-04-20
5401-OWTPN,Female,0,No,No,55,Yes,Yes,Fiber optic,Yes,No,Yes,No,Yes,Yes,Month-to-month,No,Credit card (automatic),195.38,10713.64,Yes,2023-04-21
5086-TDHPG,Female,0,Yes,No,47,Yes,No,Fiber optic,Yes,No,Yes,No,Yes,No,Month-to-month,Yes,Bank transfer (automatic),162.4,7542.09,Yes,2023-04-21
2156-QXMIS,Male,0,No,No,45,Yes,No,DSL,Yes,No,Yes,No,Yes,Yes,Two year,Yes,Credit card (automatic),112.37,5169.03,No,2023-04-21
2066-SQLZI,Female,0,No,No,35,Yes,Yes,Fiber optic,Yes,Yes,Yes,No,Yes,No,Two year,Yes,Bank transfer (automatic),159.21,5537.94,Yes,2023-04-21
9274-QBHWG,Female,0,Yes,No,54,Yes,Yes,No,No internet service,No internet service,No internet service,No internet service,No internet service,No internet service,One year,No,Bank transfer (automatic),57.47,3196.05,No,2023-04-21
1012-LYIHB,Male,0,Yes,No,45,Yes,No,No,No internet service,No internet service,No internet service,No internet service,No internet service,No internet service,Two year,No,Mailed check,41.34,1819.16,No,2023-04-21
1805-UMXRY,Male,0,Yes,No,21,Yes,No,Fiber optic,Yes,Yes,Yes,No,Yes,Yes,One year,No,Electronic check,157.9,3373.03,Yes,2023-04-21
1710-MHCWI,Male,0,Yes,No,33,Yes,Yes,Fiber optic,No,No,Yes,No,Yes,No,One year,No,Credit card (automatic),162.09,5267.09,No,2023-04-21
5464-KXPTE,Female,0,Yes,No,58,Yes,No,Fiber optic,No,Yes,Yes,Yes,Yes,Yes,Month-to-month,Yes,Credit card (automatic),192.54,11044.1,No,2023-04-21
5227-OTIZK,Male,0,No,No,49,Yes,No,Fiber optic,No,Yes,Yes,No,Yes,Yes,One year,Yes,Mailed check,160.88,7672.7,No,2023-04-21
4000-AGSLZ,Female,0,Yes,No,44,No,No phone service,Fiber optic,Yes,Yes,No,No,No,Yes,Two year,Yes,Bank transfer (automatic),120.51,5203.47,Yes,2023-04-21
7069-MTIZE,Male,0,No,No,62,No,No phone service,Fiber optic,Yes,No,No,No,Yes,No,One year,No,Mailed check,123.44,7588.13,No,2023-04-21
4460-ACNDB,Male,0,No,No,60,Yes,Yes,DSL,No,Yes,No,No,Yes,Yes,One year,No,Electronic check,126.07,7767.49,Yes,2023-04-21
9255-PFODR,Male,0,Yes,No,28,No,No phone service,DSL,Yes,No,Yes,No,Yes,Yes,One year,Yes,Bank transfer (automatic),104.64,2968.45,No,2023-04-21
4966-YMRQQ,Female,0,Yes,No,32,Yes,No,Fiber optic,No,Yes,No,No,Yes,Yes,Month-to-month,No,Credit card (automatic),160.74,5041.57,Yes,2023-04-21
5822-DFLGI,Male,0,Yes,Yes,26,Yes,Yes,DSL,No,No,Yes,Yes,Yes,Yes,One year,Yes,Bank transfer (automatic),162.49,4136.32,No,2023-04-21
8340-TCSMC,Female,0,Yes,No,36,Yes,No,Fiber optic,No,Yes,No,No,Yes,Yes,One year,Yes,Bank transfer (automatic),153.71,5453.61,No,2023-04-21
6515-PQZBT,Male,0,No,Yes,10,Yes,No,No,No internet service,No internet service,No internet service,No internet service,No internet service,No internet service,Month-to-month,Yes,Bank transfer (automatic),39.32,398.2,Yes,2023-04-21
6625-JQOXO,Female,1,Yes,Yes,10,Yes,No,Fiber optic,No,Yes,No,Yes,Yes,Yes,Month-to-month,No,Credit card (automatic),167.01,1675.05,Yes,2023-04-21
2525-VVCFE,Male,0,No,Yes,25,Yes,No,Fiber optic,No,Yes,Yes,Yes,No,Yes,Month-to-month,Yes,Credit card (automatic),171.09,4345.83,Yes,2023-04-21
6139-EHBOJ,Male,0,No,No,37,Yes,No,Fiber optic,Yes,Yes,No,No,No,Yes,One year,No,Credit card (automatic),140.45,5067.93,Yes,2023-04-21
4610-IRXQX,Female,0,No,Yes,31,Yes,No,DSL,No,Yes,No,No,Yes,No,Month-to-month,Yes,Bank transfer (automatic),126.12,4025.77,Yes,2023-04-21
1376-PVPXE,Male,0,Yes,No,56,Yes,No,No,No internet service,No internet service,No internet service,No internet service,No internet service,No internet service,Month-to-month,No,Electronic check,52.52,2922.98,Yes,2023-04-21
8904-QFIUV,Female,0,No,No,54,Yes,No,No,No internet service,No internet service,No internet service,No internet service,No internet service,No internet service,Two year,Yes,Electronic check,38.69,2081.79,Yes,2023-04-21
9411-EEAEC,Female,0,Yes,No,10,Yes,Yes,No,No internet service,No internet service,No internet service,No internet service,No internet service,No internet service,One year,No,Credit card (automatic),52.75,535.13,No,2023-04-21
7730-SPYTV,Female,1,No,Yes,54,Yes,No,Fiber optic,Yes,No,Yes,No,Yes,Yes,Month-to-month,Yes,Bank transfer (automatic),183.04,9901.37,Yes,2023-04-21
8887-OVXBV,Male,0,Yes,No,56,Yes,Yes,Fiber optic,No,No,Yes,No,No,Yes,Two year,No,Bank transfer (automatic),160.33,9026.89,Yes,2023-04-21
1687-AEOAR,Male,0,No,No,44,Yes,No,Fiber optic,No,No,No,No,Yes,No,Two year,Yes,Bank transfer (automatic),109.24,4755.29,Yes,2023-04-21
6686-JZEEI,Male,0,No,No,17,Yes,Yes,No,No internet service,No internet service,No internet service,No internet service,No internet service,No internet service,Two year,Yes,Electronic check,58.41,964.58,Yes,2023-04-21
3713-KDEXB,Female,0,No,No,24,Yes,Yes,Fiber optic,No,Yes,Yes,No,Yes,Yes,Month-to-month,Yes,Bank transfer (automatic),192.38,4719.29,No,2023-04-21
8430-CGDSA,Male,1,No,No,29,Yes,Yes,Fiber optic,Yes,No,Yes,Yes,Yes,Yes,Month-to-month,No,Credit card (automatic),208.69,5978.94,Yes,2023-04-21
4007-WACES,Female,0,No,Yes,38,Yes,No,Fiber optic,Yes,No,Yes,Yes,Yes,Yes,One year,Yes,Bank transfer (automatic),176.71,6581.53,Yes,2023-04-22
4975-PJQXW,Male,0,Yes,No,21,No,No phone service,Fiber optic,Yes,Yes,Yes,Yes,Yes,Yes,Two year,Yes,Credit card (automatic),155.85,3295.47,Yes,2023-04-22
8912-ZBEZS,Male,0,No,No,23,Yes,No,DSL,No,No,Yes,Yes,Yes,No,Two year,No,Bank transfer (automatic),122.37,2815.45,No,2023-04-22
8089-DXWIZ,Female,0,Yes,No,25,Yes,Yes,Fiber optic,Yes,No,No,No,Yes,Yes,Month-to-month,No,Mailed check,176.49,4288.18,No,2023-04-22
4893-BKYKD,Female,0,Yes,Yes,27,Yes,Yes,Fiber optic,No,Yes,Yes,No,Yes,Yes,One year,Yes,Mailed check,174.5,4847.91,No,2023-04-22
3431-GCHKP,Female,0,No,No,34,Yes,Yes,DSL,No,Yes,No,Yes,Yes,Yes,One year,No,Credit card (automatic),145.28,5038.34,No,2023-04-22
9515-HRLFQ,Female,0,Yes,No,49,Yes,No,Fiber optic,No,No,No,No,Yes,Yes,Two year,No,Bank transfer (automatic),126.9,6358.84,Yes,2023-04-22
4748-QFXMS,Female,0,Yes,No,42,Yes,No,No,No internet service,No internet service,No internet service,No internet service,No internet service,No internet service,Two year,Yes,Credit card (automatic),33.01,1425.77,Yes,2023-04-22
3298-WZUGQ,Female,0,No,No,39,Yes,Yes,DSL,No,No,Yes,Yes,Yes,Yes,One year,Yes,Credit card (automatic),132.85,5247.48,No,2023-04-22
6614-JIKPX,Male,0,Yes,Yes,18,Yes,No,Fiber optic,No,No,Yes,No,No,Yes,One year,Yes,Mailed check,145.08,2543.81,No,2023-04-22
6670-XORFJ,Female,0,No,No,44,Yes,Yes,Fiber optic,No,Yes,Yes,No,Yes,No,Two year,Yes,Bank transfer (automatic),149.9,6668.84,Yes,2023-04-22
2887-CNLGH,Male,0,Yes,No,49,Yes,Yes,Fiber optic,No,No,No,No,Yes,Yes,One year,Yes,Credit card (automatic),156.06,7670.03,Yes,2023-04-22
6040-LJXCR,Female,0,Yes,No,40,Yes,No,Fiber optic,Yes,Yes,No,No,No,Yes,Month-to-month,No,Mailed check,161.61,6595.03,Yes,2023-04-22
4433-JCJJE,Male,0,No,Yes,60,Yes,No,No,No internet service,No internet service,No internet service,No internet service,No internet service,No internet service,Month-to-month,No,Credit card (automatic),45.88,2763.54,Yes,2023-04-22
5825-THTCM,Female,1,No,No,44,Yes,Yes,Fiber optic,No,No,No,No,Yes,Yes,Month-to-month,Yes,Mailed check,166.49,7106.68,Yes,2023-04-22
1444-JSADZ,Female,0,No,No,27,No,No phone service,Fiber optic,Yes,No,No,Yes,Yes,No,One year,No,Credit card (automatic),122.08,3347.85,No,2023-04-22
4755-VDHDL,Female,0,Yes,No,14,Yes,No,Fiber optic,Yes,No,No,No,Yes,Yes,One year,Yes,Credit card (automatic),154.24,2221.74,No,2023-04-22
1508-GFETG,Female,1,Yes,No,41,Yes,No,DSL,No,No,Yes,No,Yes,Yes,Month-to-month,Yes,Mailed check,133.71,5578.76,Yes,2023-04-22
6415-HUQTM,Female,0,Yes,No,40,No,No phone service,No,No internet service,No internet service,No internet service,No internet service,No internet service,No internet service,Month-to-month,Yes,Electronic check,26.25,1065.8,Yes,2023-04-22
3926-VZYBX,Male,0,No,No,39,Yes,Yes,Fiber optic,Yes,No,Yes,No,Yes,Yes,Month-to-month,Yes,Bank transfer (automatic),195.21,7751.82,Yes,2023-04-22
1173-SRLZY,Female,0,Yes,Yes,29,Yes,Yes,DSL,Yes,Yes,Yes,Yes,No,No,One year,Yes,Electronic check,142.43,4095.32,Yes,2023-04-22
9867-IZPOC,Male,0,Yes,Yes,43,Yes,No,DSL,No,Yes,No,No,Yes,Yes,One year,Yes,Bank transfer (automatic),117.49,5047.4,No,2023-04-22
1949-UPKOM,Female,0,Yes,No,41,Yes,Yes,DSL,No,No,Yes,Yes,Yes,Yes,Two year,Yes,Electronic check,132.24,5387.04,No,2023-04-22
3267-HIBCW,Female,0,Yes,No,29,Yes,No,Fiber optic,Yes,No,No,No,Yes,Yes,Two year,Yes,Mailed check,138.78,4054.48,No,2023-04-22
7476-HKLKL,Male,0,Yes,Yes,54,Yes,No,No,No internet service,No internet service,No internet service,No internet service,No internet service,No internet service,Month-to-month,Yes,Credit card (automatic),44.71,2422.69,Yes,2023-04-22
6950-TUXXG,Female,0,Yes,No,23,Yes,Yes,No,No internet service,No internet service,No internet service,No internet service,No internet service,No internet service,Month-to-month,No,Credit card (automatic),64.99,1538.23,Yes,2023-04-23
1011-NEVNC,Male,0,Yes,No,16,Yes,Yes,No,No internet service,No internet service,No internet service,No internet service,No internet service,No internet service,One year,No,Mailed check,53.11,871.75,No,2023-04-23
4347-ITCYU,Female,0,No,No,18,Yes,No,DSL,Yes,No,Yes,Yes,Yes,Yes,Month-to-month,No,Bank transfer (automatic),140.42,2561.82,Yes,2023-04-23
9625-RUJZI,Male,0,Yes,No,41,Yes,No,Fiber optic,No,Yes,No,No,Yes,No,Month-to-month,Yes,Electronic check,144.78,5982.94,Yes,2023-04-23
8994-WABQX,Male,0,Yes,No,55,Yes,No,Fiber optic,Yes,Yes,No,Yes,Yes,Yes,Two year,No,Mailed check,162.17,8821.23,No,2023-04-23
5143-ITKNV,Female,0,Yes,No,30,Yes,No,DSL,Yes,Yes,No,No,Yes,Yes,Month-to-month,Yes,Mailed check,129.3,3826.61,Yes,2023-04-23
7458-THGNT,Male,0,Yes,Yes,65,Yes,Yes,No,No internet service,No internet service,No internet service,No internet service,No internet service,No internet service,Month-to-month,Yes,Credit card (automatic),57.16,3778.25,Yes,2023-04-23
7928-YCXHT,Female,0,Yes,Yes,48,Yes,No,No,No internet service,No internet service,No internet service,No internet service,No internet service,No internet service,Month-to-month,Yes,Electronic check,49.33,2301.34,Yes,2023-04-23
1141-TFRZY,Female,0,No,No,29,Yes,No,DSL,No,No,No,No,Yes,Yes,Two year,No,Electronic check,102.51,3047.85,Yes,2023-04-23
3499-ROGZY,Female,0,No,No,18,Yes,Yes,Fiber optic,Yes,Yes,No,No,Yes,Yes,Two year,No,Bank transfer (automatic),169.61,3107.67,Yes,2023-04-23
1128-BJAPG,Male,1,Yes,No,31,Yes,No,DSL,Yes,Yes,Yes,Yes,Yes,Yes,Month-to-month,Yes,Mailed check,157.24,4778.08,Yes,2023-04-23
5328-TJCVS,Male,0,No,Yes,29,Yes,Yes,DSL,Yes,Yes,Yes,Yes,Yes,Yes,Month-to-month,Yes,Bank transfer (automatic),165.47,4731.07,No,2023-04-23
7829-VRTUU,Male,0,No,No,25,No,No phone service,No,No internet service,No internet service,No internet service,No internet service,No internet service,No internet service,One year,Yes,Credit card (automatic),18.82,476.8,No,2023-04-23
1582-JXSCD,Female,1,Yes,Yes,35,Yes,No,Fiber optic,No,No,Yes,No,Yes,Yes,One year,Yes,Mailed check,153.05,5314.32,No,2023-04-23
1071-IXFUW,Female,0,Yes,No,43,Yes,Yes,Fiber optic,Yes,Yes,Yes,No,Yes,Yes,Two year,No,Mailed check,181.15,7941.92,No,2023-04-23
6636-GNGGL,Female,1,Yes,Yes,37,Yes,Yes,Fiber optic,Yes,Yes,No,Yes,Yes,Yes,Month-to-month,Yes,Bank transfer (automatic),203.45,7630.1,Yes,2023-04-23
1631-ABHIJ,Female,0,No,No,63,Yes,Yes,Fiber optic,Yes,No,Yes,No,Yes,Yes,Two year,No,Credit card (automatic),156.19,9691.38,No,2023-04-23
2337-QLXSQ,Female,1,Yes,No,30,Yes,Yes,Fiber optic,Yes,Yes,No,Yes,Yes,Yes,One year,Yes,Credit card (automatic),187.45,5791.26,No,2023-04-23
1320-WTJAJ,Male,0,Yes,No,30,Yes,Yes,DSL,Yes,Yes,Yes,Yes,Yes,Yes,Month-to-month,No,Mailed check,173.98,5303.89,No,2023-04-23
6760-OQKKO,Male,0,No,No,56,Yes,Yes,DSL,Yes,Yes,No,No,Yes,No,One year,Yes,Electronic check,140.02,7788.86,No,2023-04-23
3317-XIRRD,Male,0,No,No,23,Yes,Yes,Fiber optic,Yes,No,Yes,Yes,Yes,Yes,Two year,No,Bank transfer (automatic),168.36,3791.05,Yes,2023-04-23
4459-LCBXZ,Female,0,No,No,44,Yes,Yes,DSL,Yes,No,No,No,Yes,Yes,One year,No,Credit card (automatic),133.1,5837.06,Yes,2023-04-23
9993-GTBFD,Male,0,Yes,No,35,Yes,Yes,DSL,No,Yes,Yes,No,Yes,Yes,Month-to-month,Yes,Mailed check,155.59,5546.08,Yes,2023-04-23
9515-ESXFX,Female,0,Yes,Yes,48,Yes,No,No,No internet service,No internet service,No internet service,No internet service,No internet service,No internet service,Month-to-month,Yes,Credit card (automatic),56.09,2732.6,No,2023-04-23
4678-DWYLN,Female,0,No,No,48,Yes,Yes,Fiber optic,No,Yes,No,No,No,Yes,Two year,Yes,Credit card (automatic),147.1,7190.55,No,2023-04-23
9480-LDEUL,Male,0,No,No,43,Yes,Yes,DSL,Yes,Yes,No,No,Yes,Yes,One year,Yes,Electronic check,144.83,6411.38,No,2023-04-23
8968-JIVFM,Male,0,No,No,44,Yes,No,Fiber optic,Yes,Yes,No,Yes,No,Yes,One year,No,Mailed check,167.68,7178.78,No,2023-04-23
6917-HYEOE,Male,0,No,No,19,Yes,No,DSL,No,No,Yes,No,Yes,No,Month-to-month,No,Electronic check,111.52,2063.49,Yes,2023-04-23
4362-ZGBEC,Male,0,No,No,28,Yes,No,DSL,Yes,Yes,Yes,No,Yes,Yes,Month-to-month,Yes,Electronic check,139.81,3942.48,Yes,2023-04-23
7014-IDRGO,Female,0,No,No,15,Yes,No,Fiber optic,No,Yes,No,Yes,Yes,Yes,Month-to-month,Yes,Electronic check,173.71,2607.19,Yes,2023-04-23
4353-ZNWGV,Female,0,No,No,43,Yes,Yes,Fiber optic,No,No,Yes,No,Yes,Yes,Two year,Yes,Bank transfer (automatic),163.33,6879.16,Yes,2023-04-23
8436-QUHQG,Female,0,Yes,No,42,Yes,Yes,Fiber optic,No,No,Yes,No,Yes,Yes,Month-to-month,Yes,Mailed check,167.12,6916.66,No,2023-04-23
5201-YOQXQ,Male,0,No,No,44,Yes,No,Fiber optic,No,No,Yes,Yes,Yes,Yes,One year,No,Bank transfer (automatic),156.24,6749.17,No,2023-04-23
9914-FTDHC,Female,0,Yes,No,29,Yes,Yes,Fiber optic,Yes,Yes,Yes,Yes,Yes,No,One year,Yes,Credit card (automatic),189.9,5480.09,No,2023-04-23
2677-MXHAR,Male,0,Yes,Yes,56,Yes,Yes,No,No internet service,No internet service,No internet service,No internet service,No internet service,No internet service,One year,Yes,Credit card (automatic),65.61,3765.48,No,2023-04-23
7918-BCWRM,Male,1,Yes,No,26,No,No phone service,Fiber optic,Yes,Yes,No,Yes,Yes,Yes,One year,Yes,Bank transfer (automatic),142.79,3663.29,No,2023-04-24
8398-QYNVO,Male,0,Yes,No,60,Yes,No,No,No internet service,No internet service,No internet service,No internet service,No internet service,No internet service,Month-to-month,No,Mailed check,54.52,3343.73,Yes,2023-04-24
4776-RHUSG,Female,0,Yes,Yes,54,Yes,No,Fiber optic,Yes,Yes,No,Yes,Yes,Yes,Two year,Yes,Bank transfer (automatic),147.52,8001.33,No,2023-04-24
1345-UCSXT,Female,0,No,No,43,Yes,No,Fiber optic,No,Yes,Yes,No,Yes,Yes,Two year,Yes,Mailed check,148.07,6407.11,Yes,2023-04-24
3024-ONOXF,Female,0,Yes,No,49,Yes,No,Fiber optic,Yes,No,Yes,Yes,Yes,Yes,One year,Yes,Electronic check,180.86,8816.7,Yes,2023-04-24
8719-WVGBH,Male,0,No,No,21,Yes,Yes,Fiber optic,Yes,No,Yes,No,Yes,Yes,Two year,Yes,Electronic check,174.28,3735.58,Yes,2023-04-24
8144-KSVBF,Female,1,Yes,No,14,Yes,No,Fiber optic,No,Yes,No,No,Yes,Yes,Two year,Yes,Bank transfer (automatic),146.49,2104.99,No,2023-04-24
5937-ZDIHF,Female,0,Yes,No,33,Yes,Yes,Fiber optic,Yes,No,No,No,Yes,Yes,Two year,Yes,Bank transfer (automatic),154.29,5091.75,No,2023-04-24
7443-TXKAF,Male,0,No,Yes,15,Yes,Yes,Fiber optic,No,Yes,Yes,No,No,Yes,Month-to-month,No,Credit card (automatic),178.28,2741.64,Yes,2023-04-24
9951-HBVIP,Female,0,No,No,45,Yes,No,Fiber optic,Yes,Yes,Yes,No,Yes,Yes,Two year,Yes,Mailed check,145.56,6734.69,Yes,2023-04-24
2635-GSWJQ,Female,0,No,No,57,Yes,Yes,Fiber optic,No,No,No,Yes,Yes,Yes,Month-to-month,Yes,Mailed check,178.32,10152.3,No,2023-04-24
7051-YSGSD,Male,0,No,No,21,Yes,No,Fiber optic,No,No,Yes,Yes,Yes,No,Two year,No,Credit card (automatic),138.11,2838.08,No,2023-04-24
1247-ROMSV,Male,0,No,No,18,Yes,No,Fiber optic,Yes,Yes,No,Yes,Yes,Yes,One year,Yes,Electronic check,165.04,3038.58,No,2023-04-24
9945-AOHBJ,Male,0,Yes,Yes,31,Yes,No,Fiber optic,No,Yes,Yes,Yes,Yes,No,Month-to-month,Yes,Electronic check,156.04,4814.39,No,2023-04-24
2788-DZZNA,Female,0,Yes,No,15,Yes,No,Fiber optic,Yes,Yes,Yes,No,Yes,Yes,Month-to-month,Yes,Credit card (automatic),179.0,2722.33,Yes,2023-04-24
2302-RMNPS,Female,0,Yes,Yes,13,Yes,No,No,No internet service,No internet service,No internet service,No internet service,No internet service,No internet service,One year,Yes,Bank transfer (automatic),41.06,525.16,Yes,2023-04-24
8604-CLQOH,Male,0,Yes,No,16,Yes,Yes,Fiber optic,Yes,No,Yes,Yes,Yes,No,One year,No,Credit card (automatic),184.95,2978.88,No,2023-04-24
8262-INLED,Female,0,Yes,No,59,Yes,Yes,Fiber optic,No,Yes,Yes,No,Yes,No,One year,Yes,Electronic check,162.67,9545.35,Yes,2023-04-24
3741-GDPXV,Male,0,No,Yes,28,Yes,Yes,No,No internet service,No internet service,No internet service,No internet service,No internet service,No internet service,Month-to-month,Yes,Electronic check,58.41,1657.9,Yes,2023-04-24
3131-EVAMY,Male,0,No,No,31,Yes,Yes,Fiber optic,No,No,No,Yes,Yes,Yes,Month-to-month,Yes,Mailed check,172.84,5335.06,Yes,2023-04-24
6398-NZZRO,Female,0,No,Yes,55,Yes,Yes,DSL,No,No,No,Yes,Yes,Yes,Two year,No,Bank transfer (automatic),129.83,7220.65,No,2023-04-24
3420-MDUTW,Female,0,Yes,No,46,Yes,No,No,No internet service,No internet service,No internet service,No internet service,No internet service,No internet service,Month-to-month,No,Credit card (automatic),57.24,2591.48,Yes,2023-04-24
9351-XLJFK,Male,1,Yes,No,20,Yes,Yes,Fiber optic,No,No,Yes,No,Yes,No,One year,Yes,Credit card (automatic),174.52,3552.52,No,2023-04-24
1897-IXJTE,Female,0,Yes,Yes,48,Yes,Yes,Fiber optic,No,Yes,No,Yes,Yes,Yes,Month-to-month,Yes,Bank transfer (automatic),186.77,8803.92,Yes,2023-04-24
3751-HEFYG,Male,0,Yes,No,55,Yes,Yes,No,No internet service,No internet service,No internet service,No internet service,No internet service,No internet service,One year,Yes,Electronic check,49.87,2791.06,Yes,2023-04-24
7020-INZAX,Female,0,Yes,No,13,Yes,No,DSL,Yes,Yes,No,No,Yes,Yes,Two year,No,Credit card (automatic),117.77,1490.86,No,2023-04-24
8778-ERTIY,Female,0,No,No,47,Yes,No,Fiber optic,No,No,Yes,No,Yes,Yes,One year,Yes,Credit card (automatic),157.52,7513.36,No,2023-04-24
3113-WDTKJ,Male,0,Yes,Yes,37,Yes,Yes,Fiber optic,Yes,Yes,Yes,Yes,Yes,Yes,Month-to-month,Yes,Bank transfer (automatic),203.82,7364.13,No,2023-04-24
1667-ASXOJ,Female,0,No,No,56,Yes,No,No,No internet service,No internet service,No internet service,No internet service,No internet service,No internet service,One year,Yes,Credit card (automatic),38.35,2206.67,No,2023-04-24
3709-GFUGG,Female,0,Yes,Yes,50,Yes,Yes,Fiber optic,No,Yes,Yes,No,Yes,Yes,One year,Yes,Bank transfer (automatic),185.34,9144.91,No,2023-04-24
1041-GOBCH,Female,0,Yes,No,31,Yes,No,Fiber optic,Yes,No,No,Yes,Yes,Yes,Two year,Yes,Bank transfer (automatic),152.06,4802.61,No,2023-04-24
6854-MEKEI,Female,1,Yes,Yes,49,Yes,No,Fiber optic,Yes,No,No,No,No,Yes,Month-to-month,Yes,Bank transfer (automatic),148.16,7434.57,No,2023-04-24
3663-BUFHC,Female,0,No,No,38,No,No phone service,No,No internet service,No internet service,No internet service,No internet service,No internet service,No internet service,One year,Yes,Mailed check,18.5,682.36,No,2023-04-24
5057-PRKOB,Male,0,Yes,No,53,Yes,No,Fiber optic,No,No,No,No,Yes,Yes,Two year,Yes,Bank transfer (automatic),140.07,7617.74,No,2023-04-25
4202-BBRRG,Female,0,Yes,Yes,24,Yes,Yes,Fiber optic,Yes,Yes,No,Yes,Yes,Yes,One year,No,Bank transfer (automatic),187.27,4593.27,Yes,2023-04-25
6346-FFZCQ,Male,0,Yes,No,38,Yes,Yes,DSL,Yes,Yes,No,No,Yes,No,Month-to-month,No,Mailed check,148.29,5537.83,No,2023-04-25
7196-CWSYW,Male,0,Yes,No,36,Yes,Yes,No,No internet service,No internet service,No internet service,No internet service,No internet service,No internet service,Month-to-month,Yes,Mailed check,61.71,2261.08,Yes,2023-04-25
2188-RMQWC,Female,0,No,No,19,Yes,Yes,Fiber optic,No,No,No,No,Yes,No,Two year,Yes,Mailed check,129.43,2490.28,Yes,2023-04-25
3453-JEPUQ,Female,0,No,No,28,Yes,Yes,DSL,No,Yes,Yes,No,Yes,Yes,Two year,No,Bank transfer (automatic),129.54,3678.99,Yes,2023-04-25
8599-ULXXB,Male,1,No,No,23,Yes,Yes,Fiber optic,Yes,No,No,No,No,Yes,Month-to-month,Yes,Bank transfer (automatic),172.88,3915.84,No,2023-04-25
1137-ARXRT,Female,0,Yes,No,44,Yes,No,DSL,Yes,No,No,Yes,Yes,Yes,Two year,Yes,Bank transfer (automatic),114.92,5147.86,No,2023-04-25
3580-SYQUN,Male,0,Yes,No,15,Yes,No,DSL,No,Yes,No,No,Yes,Yes,Month-to-month,Yes,Electronic check,123.49,1857.04,No,2023-04-25
3310-ISZKL,Male,0,Yes,Yes,65,Yes,No,No,No internet service,No internet service,No internet service,No internet service,No internet service,No internet service,Month-to-month,No,Mailed check,47.84,3196.5,Yes,2023-04-25
7113-ICIJZ,Female,0,Yes,No,36,Yes,Yes,Fiber optic,No,No,No,Yes,Yes,No,One year,No,Bank transfer (automatic),155.74,5720.11,No,2023-04-25
3158-OMNMX,Female,1,Yes,Yes,23,Yes,No,DSL,Yes,No,No,Yes,No,Yes,Month-to-month,Yes,Mailed check,127.2,2874.49,Yes,2023-04-25
5149-SWEYD,Female,0,Yes,Yes,39,Yes,Yes,Fiber optic,No,No,Yes,No,No,No,Month-to-month,Yes,Mailed check,162.71,6486.17,Yes,2023-04-25
6480-YEPYK,Male,0,No,Yes,39,Yes,No,Fiber optic,Yes,Yes,No,Yes,No,Yes,One year,No,Credit card (automatic),163.76,6543.38,Yes,2023-04-25
1031-IRKEH,Female,0,Yes,No,60,Yes,Yes,No,No internet service,No internet service,No internet service,No internet service,No internet service,No internet service,Month-to-month,Yes,Bank transfer (automatic),60.94,3744.85,Yes,2023-04-25
4137-IBVUK,Male,0,Yes,No,34,Yes,No,Fiber optic,No,Yes,Yes,No,No,Yes,Two year,Yes,Bank transfer (automatic),136.14,4499.29,Yes,2023-04-25
3182-YQBYS,Male,0,No,No,63,No,No phone service,Fiber optic,No,No,Yes,No,Yes,Yes,Two year,No,Credit card (automatic),123.75,7994.53,No,2023-04-25
3097-FQWQX,Male,0,Yes,No,30,Yes,Yes,DSL,No,Yes,Yes,No,Yes,Yes,Two year,Yes,Bank transfer (automatic),123.52,3813.99,No,2023-04-25
7651-VMPZU,Male,0,No,No,45,Yes,No,DSL,Yes,No,No,No,Yes,Yes,Month-to-month,Yes,Mailed check,117.94,5256.71,No,2023-04-25
3352-OLAFN,Female,0,Yes,No,7,Yes,No,Fiber optic,No,No,No,Yes,No,Yes,One year,No,Electronic check,143.61,1027.34,No,2023-04-25
9084-GIIDI,Female,0,Yes,No,30,Yes,Yes,Fiber optic,Yes,No,Yes,No,Yes,Yes,Two year,Yes,Credit card (automatic),161.89,4932.63,Yes,2023-04-25
5763-DCSXB,Male,0,Yes,No,22,Yes,Yes,DSL,Yes,Yes,Yes,Yes,Yes,Yes,Two year,Yes,Credit card (automatic),152.45,3395.02,Yes,2023-04-25
1547-ORXQU,Male,0,Yes,Yes,27,Yes,No,DSL,Yes,No,No,No,No,Yes,Month-to-month,Yes,Bank transfer (automatic),113.6,3050.31,Yes,2023-04-25
1074-XIKKL,Female,0,No,Yes,32,Yes,No,DSL,No,No,Yes,No,Yes,Yes,Two year,No,Mailed check,105.84,3387.82,No,2023-04-25
5795-LTZUK,Female,0,Yes,Yes,33,Yes,No,Fiber optic,No,Yes,Yes,Yes,No,Yes,One year,Yes,Credit card (automatic),157.55,5049.06,Yes,2023-04-25
8310-YNBGX,Male,0,Yes,No,7,Yes,Yes,DSL,No,Yes,Yes,No,Yes,Yes,Month-to-month,Yes,Credit card (automatic),151.55,1082.46,No,2023-04-25
9604-WDLKZ,Male,0,Yes,No,50,Yes,Yes,Fiber optic,No,No,Yes,No,No,Yes,Month-to-month,Yes,Bank transfer (automatic),175.55,8702.77,Yes,2023-04-26
3211-QMDPT,Male,0,No,No,33,Yes,Yes,DSL,Yes,No,No,No,Yes,Yes,Two year,Yes,Bank transfer (automatic),121.95,3935.15,No,2023-04-26
7162-OCVEQ,Male,0,No,No,46,Yes,No,Fiber optic,No,Yes,Yes,Yes,No,Yes,One year,No,Credit card (automatic),157.92,7053.13,No,2023-04-26
2200-HHOPJ,Female,0,No,No,39,Yes,Yes,Fiber optic,Yes,Yes,Yes,No,Yes,No,Month-to-month,No,Electronic check,188.61,7373.56,Yes,2023-04-26
1464-RRJGC,Female,0,Yes,No,59,Yes,Yes,Fiber optic,Yes,No,Yes,Yes,Yes,Yes,Two year,No,Credit card (automatic),168.03,10208.13,No,2023-04-26
7747-XCNFO,Male,1,No,No,23,Yes,Yes,DSL,No,No,No,Yes,Yes,Yes,Two year,No,Credit card (automatic),122.7,2820.33,No,2023-04-26
9498-BQVAQ,Male,0,Yes,No,57,No,No phone service,DSL,Yes,Yes,Yes,No,Yes,Yes,Month-to-month,Yes,Bank transfer (automatic),124.97,7119.32,No,2023-04-26
8552-MCYFH,Male,0,No,Yes,29,Yes,Yes,DSL,Yes,Yes,Yes,No,Yes,No,Month-to-month,Yes,Credit card (automatic),153.51,4477.15,Yes,2023-04-26
5911-BMTOW,Female,0,Yes,Yes,26,Yes,Yes,Fiber optic,No,No,Yes,No,Yes,Yes,One year,No,Bank transfer (automatic),171.48,4370.85,No,2023-04-26
6943-QMGEZ,Male,0,No,No,24,Yes,No,Fiber optic,No,Yes,No,Yes,No,Yes,One year,Yes,Electronic check,147.59,3439.59,Yes,2023-04-26
5093-HGSBT,Male,0,No,No,34,Yes,Yes,Fiber optic,Yes,No,Yes,No,No,Yes,One year,No,Electronic check,170.2,5903.81,No,2023-04-26
9552-ZGFKX,Male,1,No,No,10,Yes,No,Fiber optic,Yes,No,Yes,No,Yes,Yes,One year,Yes,Mailed check,160.11,1586.71,Yes,2023-04-26
2059-SBJNV,Female,0,Yes,Yes,14,Yes,No,No,No internet service,No internet service,No internet service,No internet service,No internet service,No internet service,One year,No,Bank transfer (automatic),48.49,660.35,No,2023-04-26
1374-WYRKD,Male,0,Yes,No,41,Yes,Yes,Fiber optic,No,Yes,Yes,No,Yes,Yes,One year,Yes,Bank transfer (automatic),177.15,7238.44,Yes,2023-04-26
9228-RTCOM,Male,0,Yes,No,33,Yes,No,DSL,No,Yes,Yes,No,Yes,No,Month-to-month,Yes,Bank transfer (automatic),123.78,4184.82,No,2023-04-26
7229-NJKVJ,Female,0,No,No,43,Yes,No,Fiber optic,No,Yes,Yes,No,Yes,Yes,One year,No,Bank transfer (automatic),169.89,7352.98,Yes,2023-04-26
6977-OUPIO,Male,0,Yes,Yes,60,Yes,No,DSL,Yes,No,No,No,No,Yes,Two year,Yes,Mailed check,96.83,5906.22,No,2023-04-26
4678-AYVQU,Male,0,Yes,No,16,Yes,No,No,No internet service,No internet service,No internet service,No internet service,No internet service,No internet service,One year,Yes,Mailed check,41.09,652.95,Yes,2023-04-26
9989-MNYPH,Female,0,No,No,34,Yes,No,Fiber optic,Yes,Yes,Yes,Yes,Yes,No,One year,No,Electronic check,179.26,6121.8,Yes,2023-04-26
5476-HHENI,Male,0,Yes,No,12,Yes,No,Fiber optic,Yes,Yes,Yes,No,No,Yes,One year,No,Credit card (automatic),166.29,2050.15,Yes,2023-04-26
7255-UGOZY,Male,0,Yes,No,36,Yes,Yes,Fiber optic,Yes,Yes,Yes,No,Yes,Yes,Month-to-month,Yes,Bank transfer (automatic),192.43,6973.6,No,2023-04-26
8754-UQPCF,Female,1,Yes,No,15,Yes,Yes,DSL,No,No,Yes,Yes,Yes,No,Month-to-month,Yes,Electronic check,133.94,2055.77,Yes,2023-04-26
4030-ZLQQY,Female,0,Yes,Yes,49,Yes,No,Fiber optic,No,No,No,No,Yes,No,One year,Yes,Credit card (automatic),139.43,6710.78,No,2023-04-26
7973-XLYOZ,Female,0,Yes,No,31,Yes,Yes,Fiber optic,Yes,Yes,No,Yes,Yes,Yes,One year,Yes,Electronic check,191.49,6075.92,Yes,2023-04-26
2477-KPZVH,Male,0,Yes,No,46,Yes,Yes,DSL,No,Yes,Yes,Yes,Yes,Yes,Two year,Yes,Bank transfer (automatic),137.63,6322.68,Yes,2023-04-26
7401-GZSEU,Female,0,Yes,No,8,Yes,No,No,No internet service,No internet service,No internet service,No internet service,No internet service,No internet service,One year,Yes,Credit card (automatic),38.03,303.35,Yes,2023-04-26
5613-SFGRZ,Female,0,No,No,56,Yes,No,DSL,Yes,No,Yes,No,No,Yes,One year,Yes,Electronic check,108.49,6173.69,Yes,2023-04-27
5899-MZRZN,Female,0,Yes,No,15,Yes,Yes,DSL,No,Yes,No,No,Yes,Yes,Month-to-month,Yes,Credit card (automatic),140.49,2142.61,Yes,2023-04-27
7054-WSOJN,Male,0,Yes,Yes,32,Yes,No,Fiber optic,No,No,Yes,Yes,No,No,Two year,No,Electronic check,134.34,4192.51,No,2023-04-27
6508-OOJAT,Male,1,No,No,46,Yes,No,Fiber optic,Yes,Yes,Yes,No,No,Yes,Month-to-month,Yes,Mailed check,169.41,7567.05,No,2023-04-27
9090-AXJOC,Male,0,No,No,16,Yes,Yes,Fiber optic,Yes,No,Yes,No,No,Yes,Two year,Yes,Credit card (automatic),148.43,2412.83,No,2023-04-27
9623-UUPAA,Male,0,Yes,No,43,Yes,Yes,No,No internet service,No internet service,No internet service,No internet service,No internet service,No internet service,Month-to-month,Yes,Electronic check,63.34,2661.66,Yes,2023-04-27
4798-TQPFL,Male,0,Yes,No,41,Yes,No,DSL,Yes,Yes,No,No,Yes,Yes,One year,Yes,Electronic check,123.61,5035.22,No,2023-04-27
2609-JLYCD,Female,0,No,No,26,Yes,Yes,DSL,Yes,Yes,No,No,Yes,Yes,One year,Yes,Mailed check,138.93,3654.53,No,2023-04-27
5289-GLGPQ,Female,0,No,Yes,47,Yes,Yes,Fiber optic,Yes,Yes,Yes,No,Yes,No,One year,Yes,Mailed check,174.37,8021.29,Yes,2023-04-27
3772-XALCK,Female,0,No,No,48,Yes,No,DSL,No,No,Yes,No,Yes,Yes,Month-to-month,Yes,Bank transfer (automatic),134.96,6407.94,Yes,2023-04-27
1479-IEOOP,Female,0,Yes,No,41,Yes,Yes,Fiber optic,Yes,Yes,Yes,No,Yes,Yes,Two year,No,Credit card (automatic),165.33,6841.73,No,2023-04-27
2309-LBKBQ,Male,0,Yes,No,54,Yes,Yes,DSL,Yes,Yes,No,Yes,Yes,No,One year,No,Credit card (automatic),138.46,7664.6,No,2023-04-27
8496-CLUCC,Male,0,No,No,11,Yes,Yes,No,No internet service,No internet service,No internet service,No internet service,No internet service,No internet service,Two year,Yes,Bank transfer (automatic),43.53,473.53,No,2023-04-27
6946-VCZHN,Male,0,No,No,47,Yes,Yes,No,No internet service,No internet service,No internet service,No internet service,No internet service,No internet service,Month-to-month,No,Electronic check,57.91,2766.04,Yes,2023-04-27
6455-PJDZW,Female,0,No,No,45,Yes,No,Fiber optic,Yes,No,No,Yes,Yes,Yes,Month-to-month,No,Electronic check,171.93,7655.36,Yes,2023-04-27
8577-DDRHL,Male,0,No,No,29,Yes,No,Fiber optic,No,No,No,Yes,Yes,No,Two year,No,Credit card (automatic),127.4,3597.04,Yes,2023-04-27
7319-TWMAS,Male,0,Yes,No,20,Yes,Yes,DSL,No,Yes,Yes,No,Yes,Yes,Month-to-month,Yes,Credit card (automatic),164.43,3321.12,Yes,2023-04-27
6175-DZKJZ,Male,0,Yes,No,26,Yes,Yes,No,No internet service,No internet service,No internet service,No internet service,No internet service,No internet service,Month-to-month,Yes,Credit card (automatic),76.38,2005.65,No,2023-04-27
9860-PRPOD,Female,0,Yes,No,38,Yes,Yes,DSL,Yes,No,Yes,Yes,Yes,Yes,Month-to-month,Yes,Bank transfer (automatic),155.34,5945.31,No,2023-04-27
9318-GXIIX,Female,0,Yes,No,7,Yes,Yes,Fiber optic,Yes,No,No,No,Yes,No,Two year,Yes,Bank transfer (automatic),146.2,996.77,No,2023-04-27
8777-WHPDU,Male,0,Yes,No,23,Yes,No,Fiber optic,No,No,No,No,No,Yes,Month-to-month,Yes,Electronic check,149.44,3538.88,Yes,2023-04-27
7358-EOPVF,Female,0,Yes,No,31,Yes,No,Fiber optic,No,No,Yes,No,Yes,Yes,Two year,Yes,Credit card (automatic),138.26,4250.95,No,2023-04-27
7089-ICFPS,Female,0,Yes,No,36,Yes,No,Fiber optic,No,Yes,Yes,No,Yes,Yes,Month-to-month,Yes,Mailed check,173.69,6258.01,Yes,2023-04-27
4040-VIIAS,Female,1,No,No,50,Yes,Yes,DSL,No,No,Yes,No,Yes,Yes,Month-to-month,Yes,Mailed check,154.95,7629.26,Yes,2023-04-27
4357-WXECP,Male,1,Yes,No,40,Yes,Yes,No,No internet service,No internet service,No internet service,No internet service,No internet service,No internet service,Two year,Yes,Bank transfer (automatic),45.72,1875.67,No,2023-04-27
3768-BRAMO,Female,0,Yes,No,35,Yes,Yes,DSL,Yes,Yes,Yes,No,Yes,Yes,Two year,Yes,Credit card (automatic),140.7,4878.31,Yes,2023-04-28
5952-CMHLY,Female,0,Yes,No,38,Yes,Yes,No,No internet service,No internet service,No internet service,No internet service,No internet service,No internet service,Month-to-month,No,Electronic check,69.3,2650.51,Yes,2023-04-28
9719-RKXWV,Male,1,No,Yes,31,Yes,Yes,No,No internet service,No internet service,No internet service,No internet service,No internet service,No internet service,Two year,Yes,Credit card (automatic),52.56,1584.96,No,2023-04-28
5536-GSXHD,Female,0,Yes,No,43,Yes,Yes,Fiber optic,Yes,No,No,No,Yes,Yes,One year,Yes,Mailed check,177.03,7510.2,Yes,2023-04-28
9595-UFORK,Male,0,Yes,Yes,54,Yes,No,DSL,Yes,Yes,Yes,Yes,Yes,Yes,Two year,Yes,Electronic check,134.62,7151.37,No,2023-04-28
5762-VSREF,Female,0,No,No,55,Yes,Yes,DSL,Yes,Yes,Yes,No,Yes,Yes,One year,Yes,Mailed check,146.41,8057.2,Yes,2023-04-28
3375-SIHUE,Male,0,No,No,41,Yes,No,DSL,No,Yes,No,Yes,Yes,No,One year,Yes,Electronic check,112.19,4584.12,Yes,2023-04-28
5670-KAYKB,Male,0,Yes,Yes,30,Yes,No,No,No internet service,No internet service,No internet service,No internet service,No internet service,No internet service,One year,Yes,Bank transfer (automatic),42.67,1257.27,No,2023-04-28
7693-IBYIT,Male,0,Yes,No,27,Yes,Yes,Fiber optic,Yes,Yes,No,Yes,Yes,No,One year,Yes,Mailed check,172.74,4547.32,Yes,2023-04-28
4872-RUYLK,Female,0,Yes,No,22,Yes,Yes,No,No internet service,No internet service,No internet service,No internet service,No internet service,No internet service,One year,Yes,Credit card (automatic),52.16,1120.66,No,2023-04-28
8474-YJBFL,Female,0,Yes,No,24,Yes,Yes,DSL,No,No,Yes,Yes,Yes,Yes,One year,Yes,Mailed check,142.19,3414.27,Yes,2023-04-28
4313-QYPPD,Male,0,Yes,No,21,Yes,No,Fiber optic,Yes,No,No,No,Yes,Yes,Two year,No,Bank transfer (automatic),137.39,2857.83,No,2023-04-28
5341-FUQNJ,Female,0,Yes,No,16,Yes,Yes,DSL,No,Yes,Yes,No,Yes,Yes,One year,Yes,Bank transfer (automatic),153.39,2403.82,Yes,2023-04-28
7585-CRPCT,Female,0,No,No,56,No,No phone service,No,No internet service,No internet service,No internet service,No internet service,No internet service,No internet service,Two year,Yes,Mailed check,18.5,1061.03,No,2023-04-28
6216-FJCZY,Female,0,Yes,No,31,No,No phone service,Fiber optic,Yes,Yes,No,Yes,Yes,Yes,Two year,Yes,Credit card (automatic),136.61,4166.46,No,2023-04-28
5324-FKFMJ,Female,0,Yes,No,35,Yes,Yes,No,No internet service,No internet service,No internet service,No internet service,No internet service,No internet service,One year,No,Bank transfer (automatic),67.44,2326.57,Yes,2023-04-28
4578-BVDVN,Male,0,No,No,56,Yes,Yes,Fiber optic,Yes,No,No,Yes,No,Yes,Month-to-month,Yes,Bank transfer (automatic),168.96,9687.54,No,2023-04-28
9852-CKDNL,Female,1,No,No,9,Yes,No,Fiber optic,No,Yes,Yes,No,Yes,Yes,Two year,Yes,Mailed check,154.86,1372.24,No,2023-04-28
6611-KVQUB,Male,0,Yes,Yes,25,Yes,Yes,Fiber optic,No,Yes,Yes,No,Yes,Yes,Month-to-month,Yes,Credit card (automatic),182.03,4680.24,Yes,2023-04-28
5223-VZPDI,Female,0,No,No,31,Yes,No,Fiber optic,No,No,Yes,No,Yes,Yes,One year,No,Credit card (automatic),159.89,5085.79,No,2023-04-28
6214-GHIMX,Male,0,Yes,No,24,Yes,Yes,Fiber optic,Yes,No,Yes,No,Yes,Yes,Month-to-month,Yes,Electronic check,200.24,4879.9,Yes,2023-04-28
6166-GOSQZ,Male,1,No,Yes,47,Yes,Yes,No,No internet service,No internet service,No internet service,No internet service,No internet service,No internet service,One year,No,Credit card (automatic),70.01,3327.0,Yes,2023-04-28
5811-IHTGC,Male,0,No,No,41,Yes,No,DSL,Yes,No,Yes,Yes,Yes,No,Month-to-month,Yes,Bank transfer (automatic),144.08,6066.73,Yes,2023-04-28
8529-AYELZ,Female,0,No,No,42,No,No phone service,Fiber optic,No,Yes,Yes,No,Yes,No,Two year,No,Credit card (automatic),129.17,5277.34,No,2023-04-28
3387-XXRJM,Male,0,Yes,No,11,Yes,Yes,Fiber optic,Yes,Yes,Yes,No,Yes,Yes,One year,Yes,Electronic check,189.93,2110.91,No,2023-04-28
4209-ZBWZI,Male,0,Yes,Yes,27,Yes,No,DSL,No,Yes,Yes,No,Yes,Yes,Two year,No,Bank transfer (automatic),119.16,3186.49,Yes,2023-04-29
1422-YZEZO,Female,0,Yes,No,43,Yes,Yes,Fiber optic,Yes,No,No,No,Yes,Yes,One year,Yes,Bank transfer (automatic),171.25,7371.95,No,2023-04-29
3962-CPVWZ,Female,0,Yes,Yes,24,Yes,No,Fiber optic,Yes,No,Yes,Yes,No,Yes,Month-to-month,Yes,Electronic check,173.02,4138.8,Yes,2023-04-29
2571-KZVRO,Male,0,No,Yes,37,Yes,No,Fiber optic,No,Yes,No,No,Yes,Yes,One year,Yes,Bank transfer (automatic),142.33,5353.98,Yes,2023-04-29
4737-CSWIO,Female,0,No,No,61,Yes,Yes,No,No internet service,No internet service,No internet service,No internet service,No internet service,No internet service,Month-to-month,Yes,Mailed check,63.2,3782.7,Yes,2023-04-29
3263-VNYBS,Female,0,Yes,No,30,Yes,Yes,Fiber optic,Yes,Yes,No,Yes,Yes,Yes,Month-to-month,No,Bank transfer (automatic),212.94,6387.14,Yes,2023-04-29
3220-RHEVY,Female,1,Yes,No,9,Yes,Yes,No,No internet service,No internet service,No internet service,No internet service,No internet service,No internet service,Two year,Yes,Bank transfer (automatic),56.47,513.81,No,2023-04-29
8913-NQSRR,Female,0,No,No,61,Yes,No,DSL,Yes,Yes,Yes,No,No,Yes,One year,Yes,Credit card (automatic),122.81,7504.68,No,2023-04-29
6901-ONGXL,Female,1,No,No,49,Yes,No,DSL,No,Yes,Yes,No,Yes,Yes,Two year,Yes,Bank transfer (automatic),120.83,5799.1,No,2023-04-29
7686-ZWCFJ,Female,0,Yes,No,14,Yes,No,DSL,No,No,Yes,No,Yes,Yes,Two year,Yes,Bank transfer (automatic),114.37,1574.02,No,2023-04-29
5425-LFQLU,Male,1,Yes,No,39,Yes,No,Fiber optic,No,Yes,No,No,Yes,No,One year,No,Electronic check,141.16,5386.63,Yes,2023-04-29
4643-DAAXQ,Male,1,Yes,Yes,55,Yes,Yes,Fiber optic,Yes,No,No,No,No,Yes,One year,No,Mailed check,156.28,8454.34,Yes,2023-04-29
5335-ABIAX,Male,0,Yes,Yes,63,Yes,Yes,DSL,No,Yes,Yes,Yes,Yes,Yes,Month-to-month,Yes,Credit card (automatic),165.78,10552.76,Yes,2023-04-29
5230-KUBFF,Female,0,No,No,24,Yes,Yes,DSL,No,No,Yes,Yes,Yes,Yes,Month-to-month,No,Mailed check,158.75,3814.66,No,2023-04-29
6285-TOSRJ,Male,0,No,No,37,No,No phone service,Fiber optic,Yes,Yes,Yes,No,Yes,Yes,Two year,Yes,Mailed check,127.68,4592.58,No,2023-04-29
8410-WOXDU,Female,0,No,No,27,Yes,Yes,No,No internet service,No internet service,No internet service,No internet service,No internet service,No internet service,Month-to-month,Yes,Bank transfer (automatic),60.74,1641.66,No,2023-04-29
8591-KWWOL,Male,0,Yes,No,47,Yes,Yes,DSL,No,Yes,No,Yes,Yes,Yes,One year,No,Bank transfer (automatic),147.29,6763.27,No,2023-04-29
1289-VPMWO,Male,1,No,Yes,37,Yes,No,Fiber optic,No,Yes,No,No,Yes,Yes,One year,No,Electronic check,164.96,5928.28,Yes,2023-04-29
6028-ZNUXH,Female,0,Yes,No,16,Yes,No,DSL,No,Yes,Yes,No,Yes,Yes,One year,Yes,Credit card (automatic),130.56,2053.43,No,2023-04-29
1215-NVRLD,Female,1,Yes,Yes,45,Yes,Yes,Fiber optic,Yes,Yes,No,No,Yes,Yes,Month-to-month,No,Bank transfer (automatic),188.67,8451.34,Yes,2023-04-29
7983-HETNR,Female,0,Yes,No,27,Yes,No,DSL,No,Yes,No,No,Yes,Yes,One year,Yes,Electronic check,116.62,3102.95,No,2023-04-29
2696-VYAPU,Female,0,Yes,No,31,No,No phone service,DSL,Yes,No,Yes,No,Yes,Yes,Two year,Yes,Bank transfer (automatic),88.22,2658.09,Yes,2023-04-29
6868-VWKYK,Female,0,Yes,No,30,Yes,Yes,Fiber optic,Yes,No,Yes,Yes,Yes,Yes,One year,Yes,Bank transfer (automatic),190.61,5750.4,Yes,2023-04-29
9185-YHRYE,Male,0,No,No,41,Yes,Yes,DSL,No,No,No,No,Yes,Yes,One year,Yes,Credit card (automatic),120.71,4917.49,Yes,2023-04-29
7945-UTHEN,Male,0,Yes,No,22,Yes,No,Fiber optic,No,No,Yes,No,Yes,Yes,One year,Yes,Electronic check,154.27,3423.81,Yes,2023-04-29
5841-SKVHO,Male,1,Yes,No,50,Yes,No,Fiber optic,Yes,Yes,No,Yes,Yes,Yes,One year,Yes,Electronic check,178.44,8763.01,Yes,2023-04-29
2049-LGUGM,Male,0,Yes,No,32,Yes,Yes,No,No internet service,No internet service,No internet service,No internet service,No internet service,No internet service,Month-to-month,No,Mailed check,57.01,1836.4,Yes,2023-04-29
4937-USGIE,Male,0,Yes,Yes,56,Yes,Yes,Fiber optic,No,Yes,Yes,No,Yes,Yes,Month-to-month,Yes,Electronic check,186.89,10516.27,Yes,2023-04-29
9775-QZMLR,Male,0,No,Yes,36,Yes,No,Fiber optic,No,Yes,Yes,No,Yes,No,One year,Yes,Bank transfer (automatic),153.89,5657.52,No,2023-04-29
4740-AZLIF,Male,0,Yes,No,35,Yes,Yes,No,No internet service,No internet service,No internet service,No internet service,No internet service,No internet service,Two year,No,Mailed check,64.4,2223.04,Yes,2023-04-29
2534-OVTYO,Female,0,Yes,No,58,Yes,Yes,DSL,Yes,No,Yes,Yes,Yes,Yes,One year,Yes,Bank transfer (automatic),148.79,8505.77,No,2023-04-29
9717-LOCGJ,Female,0,Yes,Yes,41,Yes,No,DSL,Yes,Yes,No,No,Yes,Yes,Month-to-month,Yes,Credit card (automatic),130.43,5458.01,Yes,2023-04-30
7932-VZHAX,Male,0,Yes,No,20,Yes,Yes,DSL,Yes,No,Yes,Yes,Yes,No,One year,Yes,Credit card (automatic),140.34,2797.09,No,2023-04-30
7832-LBIVK,Male,0,No,Yes,48,Yes,No,Fiber optic,No,No,Yes,Yes,Yes,Yes,One year,Yes,Mailed check,179.47,8660.28,No,2023-04-30
5818-FOCXK,Male,0,Yes,No,25,Yes,No,No,No internet service,No internet service,No internet service,No internet service,No internet service,No internet service,Month-to-month,No,Electronic check,41.83,1059.6,No,2023-04-30
9872-TIONZ,Male,0,Yes,Yes,19,Yes,Yes,DSL,No,No,No,Yes,Yes,Yes,One year,Yes,Mailed check,138.92,2708.98,No,2023-04-30
1441-ZWFRO,Male,0,Yes,No,61,Yes,Yes,Fiber optic,Yes,No,No,Yes,Yes,Yes,One year,Yes,Bank transfer (automatic),177.05,10767.85,No,2023-04-30
1048-IYXBR,Male,0,No,No,39,Yes,No,Fiber optic,No,Yes,No,Yes,Yes,Yes,Month-to-month,No,Credit card (automatic),174.16,6635.3,Yes,2023-04-30
4797-QSHVT,Male,1,Yes,No,37,Yes,Yes,No,No internet service,No internet service,No internet service,No internet service,No internet service,No internet service,Month-to-month,Yes,Mailed check,60.12,2210.09,No,2023-04-30
5996-CGWBJ,Male,0,No,No,25,No,No phone service,DSL,No,Yes,No,No,Yes,Yes,Two year,No,Credit card (automatic),88.46,2150.81,No,2023-04-30
3048-QZHJH,Female,0,No,Yes,45,No,No phone service,Fiber optic,No,Yes,No,Yes,Yes,Yes,Two year,Yes,Credit card (automatic),126.35,5783.06,No,2023-04-30
2976-NMVBW,Male,0,Yes,No,50,Yes,No,DSL,No,Yes,No,No,Yes,No,Two year,Yes,Credit card (automatic),97.31,4792.9,No,2023-04-30
4043-FLHIR,Female,0,Yes,Yes,33,Yes,No,No,No internet service,No internet service,No internet service,No internet service,No internet service,No internet service,Two year,Yes,Electronic check,52.35,1749.59,Yes,2023-04-30
9658-RVNAD,Female,0,No,No,36,Yes,Yes,No,No internet service,No internet service,No internet service,No internet service,No internet service,No internet service,Month-to-month,Yes,Electronic check,47.47,1706.11,Yes,2023-04-30
9618-FPIXX,Female,0,Yes,No,36,No,No phone service,No,No internet service,No internet service,No internet service,No internet service,No internet service,No internet service,Month-to-month,Yes,Credit card (automatic),20.61,720.18,Yes,2023-04-30
4220-VOMCP,Female,0,Yes,No,38,Yes,No,No,No internet service,No internet service,No internet service,No internet service,No internet service,No internet service,One year,Yes,Credit card (automatic),48.68,1899.97,No,2023-04-30
6626-JABGH,Male,0,Yes,Yes,41,Yes,No,Fiber optic,Yes,No,Yes,No,Yes,Yes,One year,Yes,Electronic check,169.14,6737.45,Yes,2023-04-30
4739-ZKAMZ,Male,1,Yes,No,33,Yes,Yes,Fiber optic,No,Yes,No,Yes,Yes,Yes,Month-to-month,Yes,Bank transfer (automatic),186.99,6279.87,Yes,2023-04-30
6092-UGVXD,Male,0,No,No,35,Yes,No,DSL,Yes,No,Yes,No,Yes,Yes,One year,Yes,Credit card (automatic),132.33,4735.01,Yes,2023-04-30
7459-ACOMM,Male,0,Yes,No,30,Yes,Yes,Fiber optic,No,Yes,Yes,No,Yes,No,One year,Yes,Mailed check,172.14,5154.37,No,2023-04-30
6615-AFITD,Male,0,Yes,No,38,Yes,Yes,DSL,No,No,Yes,No,Yes,Yes,One year,Yes,Bank transfer (automatic),134.46,5081.68,No,2023-04-30
5889-VNFJE,Female,0,No,Yes,43,Yes,No,Fiber optic,No,Yes,No,Yes,Yes,Yes,Two year,Yes,Bank transfer (automatic),149.68,6312.14,No,2023-04-30
1280-ZIEPW,Male,0,Yes,No,42,Yes,No,DSL,Yes,Yes,Yes,Yes,Yes,Yes,Two year,Yes,Credit card (automatic),138.64,5907.23,Yes,2023-04-30
4588-ZZXYN,Female,0,No,No,30,Yes,No,DSL,No,No,Yes,No,Yes,Yes,Two year,Yes,Credit card (automatic),106.48,3184.4,No,2023-04-30
8873-DAPPW,Female,0,No,Yes,39,Yes,Yes,Fiber optic,Yes,No,Yes,No,Yes,No,One year,Yes,Bank transfer (automatic),163.9,6553.95,No,2023-04-30
3860-EHKAV,Female,0,No,No,23,Yes,No,DSL,Yes,Yes,No,No,Yes,Yes,One year,No,Bank transfer (automatic),127.02,2943.19,No,2023-04-30
3352-DZBXC,Female,0,Yes,No,45,Yes,Yes,No,No internet service,No internet service,No internet service,No internet service,No internet service,No internet service,One year,Yes,Credit card (automatic),66.98,3016.18,No,2023-04-30
4860-MCXSN,Female,0,Yes,Yes,46,Yes,No,Fiber optic,Yes,Yes,No,No,Yes,Yes,Two year,Yes,Bank transfer (automatic),157.0,7380.98,No,2023-04-30
1244-JZQSD,Male,0,Yes,No,31,Yes,Yes,No,No internet service,No internet service,No internet service,No internet service,No internet service,No internet service,One year,Yes,Credit card (automatic),51.91,1589.63,Yes,2023-04-30
7439-XQFIP,Female,0,Yes,Yes,45,Yes,No,DSL,Yes,Yes,Yes,No,No,Yes,Month-to-month,Yes,Electronic check,142.9,6579.92,Yes,2023-04-30
8844-DUPHA,Female,0,No,No,13,No,No phone service,No,No internet service,No internet service,No internet service,No internet service,No internet service,No internet service,One year,Yes,Bank transfer (automatic),19.0,244.15,Yes,2023-04-30
4497-IAPJY,Male,1,No,No,26,No,No phone service,Fiber optic,Yes,Yes,Yes,No,Yes,Yes,One year,Yes,Electronic check,147.1,3745.6,Yes,2023-04-30
6280-SMQOK,Male,0,Yes,No,61,Yes,No,Fiber optic,No,No,No,No,Yes,Yes,One year,Yes,Mailed check,137.04,8170.38,Yes,2023-04-30
4396-OBJAP,Male,0,Yes,No,18,Yes,No,No,No internet service,No internet service,No internet service,No internet service,No internet service,No internet service,One year,Yes,Bank transfer (automatic),49.54,914.49,No,2023-04-30
4749-SBEAO,Female,1,Yes,No,33,Yes,Yes,Fiber optic,No,No,No,No,Yes,Yes,One year,Yes,Credit card (automatic),158.43,5184.9,No,2023-04-30
6338-ZNITP,Male,0,Yes,Yes,30,No,No phone service,No,No internet service,No internet service,No internet service,No internet service,No internet service,No internet service,One year,Yes,Electronic check,18.5,571.39,Yes,2023-04-30
4643-BXRKH,Female,0,No,Yes,61,Yes,No,Fiber optic,No,No,Yes,Yes,Yes,Yes,One year,Yes,Bank transfer (automatic),161.76,9632.31,Yes,2023-04-30
1325-ZYOXZ,Female,0,No,No,56,Yes,Yes,DSL,Yes,No,Yes,Yes,Yes,Yes,One year,No,Credit card (automatic),150.27,8457.98,Yes,2023-05-01
8608-QLMJA,Male,0,No,Yes,46,Yes,Yes,DSL,Yes,Yes,Yes,No,Yes,Yes,Month-to-month,No,Credit card (automatic),154.51,7109.69,Yes,2023-05-01
3085-OFSCZ,Male,0,Yes,No,13,Yes,Yes,DSL,Yes,Yes,No,No,Yes,Yes,Month-to-month,Yes,Credit card (automatic),146.12,1949.8,Yes,2023-05-01
3590-EWQPV,Male,0,Yes,No,28,Yes,Yes,Fiber optic,Yes,No,Yes,Yes,Yes,Yes,One year,Yes,Mailed check,191.06,5481.8,Yes,2023-05-01
5062-GKDJJ,Male,1,No,Yes,34,Yes,Yes,No,No internet service,No internet service,No internet service,No internet service,No internet service,No internet service,One year,Yes,Bank transfer (automatic),62.62,2178.4,No,2023-05-01
1575-OXNHH,Male,0,No,No,44,Yes,No,DSL,Yes,Yes,Yes,No,Yes,Yes,Two year,No,Credit card (automatic),116.41,5037.46,Yes,2023-05-01
2494-GDDHW,Female,0,Yes,No,49,Yes,Yes,Fiber optic,Yes,Yes,No,Yes,Yes,Yes,Month-to-month,No,Bank transfer (automatic),205.71,10362.43,Yes,2023-05-01
2021-LPBTP,Female,0,No,Yes,12,Yes,No,DSL,No,Yes,Yes,No,Yes,Yes,Month-to-month,Yes,Credit card (automatic),131.42,1591.72,Yes,2023-05-01
5326-TMFOF,Male,0,Yes,Yes,14,Yes,Yes,No,No internet service,No internet service,No internet service,No internet service,No internet service,No internet service,Month-to-month,Yes,Credit card (automatic),51.66,707.35,No,2023-05-01
7143-YHIRZ,Female,0,Yes,No,52,Yes,Yes,Fiber optic,No,Yes,No,No,Yes,Yes,Month-to-month,No,Electronic check,174.21,9148.49,Yes,2023-05-01
1770-WZFRW,Male,0,Yes,No,32,Yes,No,DSL,Yes,No,No,No,Yes,Yes,One year,Yes,Credit card (automatic),111.02,3494.99,Yes,2023-05-01
6911-QMOYV,Male,0,Yes,Yes,41,Yes,Yes,Fiber optic,No,Yes,Yes,No,Yes,Yes,Month-to-month,No,Bank transfer (automatic),192.21,7837.36,No,2023-05-01
7362-PVYLM,Female,0,Yes,No,36,Yes,Yes,DSL,Yes,Yes,Yes,No,No,Yes,Two year,Yes,Electronic check,136.44,4832.14,Yes,2023-05-01
6282-HVUJT,Female,0,Yes,No,40,No,No phone service,No,No internet service,No internet service,No internet service,No internet service,No internet service,No internet service,Month-to-month,No,Electronic check,18.5,737.68,Yes,2023-05-01
6140-PWCDV,Female,0,No,No,57,Yes,No,Fiber optic,Yes,No,Yes,No,Yes,Yes,Month-to-month,Yes,Mailed check,176.0,10197.18,Yes,2023-05-01
7646-JXYWB,Male,0,Yes,No,23,Yes,Yes,DSL,Yes,No,No,Yes,No,Yes,Two year,Yes,Bank transfer (automatic),118.72,2743.05,Yes,2023-05-01
9750-LPCSA,Female,0,Yes,No,28,Yes,Yes,No,No internet service,No internet service,No internet service,No internet service,No internet service,No internet service,Month-to-month,No,Bank transfer (automatic),71.56,1945.32,Yes,2023-05-01
8890-UABKS,Female,0,No,No,15,Yes,Yes,Fiber optic,No,No,Yes,No,Yes,Yes,One year,No,Mailed check,156.56,2329.91,No,2023-05-01
2393-GOMSM,Male,0,No,No,40,Yes,No,No,No internet service,No internet service,No internet service,No internet service,No internet service,No internet service,Month-to-month,Yes,Bank transfer (automatic),41.66,1667.59,No,2023-05-01
4070-SDOAZ,Male,0,Yes,Yes,21,Yes,No,Fiber optic,Yes,Yes,No,Yes,No,Yes,Month-to-month,No,Mailed check,173.48,3643.61,Yes,2023-05-01
9139-SXVMM,Male,0,Yes,Yes,44,No,No phone service,Fiber optic,No,No,Yes,Yes,Yes,Yes,One year,No,Bank transfer (automatic),147.56,6593.34,No,2023-05-01
3055-RIMSS,Female,0,No,Yes,42,Yes,No,Fiber optic,No,No,Yes,Yes,Yes,No,Two year,Yes,Credit card (automatic),137.75,5882.8,No,2023-05-01
4760-VBRGT,Male,0,Yes,No,15,Yes,No,Fiber optic,Yes,Yes,Yes,No,Yes,Yes,One year,No,Electronic check,159.5,2409.26,No,2023-05-01
4750-SPVGO,Male,1,Yes,No,26,No,No phone service,Fiber optic,No,No,No,No,Yes,Yes,Month-to-month,No,Credit card (automatic),139.98,3727.23,No,2023-05-02
5375-UGPLR,Female,0,No,Yes,64,No,No phone service,Fiber optic,No,No,No,Yes,No,Yes,Two year,Yes,Credit card (automatic),102.94,6729.81,Yes,2023-05-02
1834-SGPHZ,Male,0,No,No,51,Yes,No,Fiber optic,No,Yes,Yes,No,No,Yes,Month-to-month,No,Mailed check,169.83,8773.21,No,2023-05-02
3825-OJUYO,Female,0,Yes,No,16,Yes,Yes,Fiber optic,No,Yes,No,No,No,No,Month-to-month,No,Credit card (automatic),161.69,2538.84,Yes,2023-05-02
8473-JHLEL,Female,0,Yes,No,40,Yes,No,Fiber optic,Yes,No,No,No,Yes,Yes,One year,No,Credit card (automatic),143.21,5668.59,No,2023-05-02
3536-FBICB,Male,1,Yes,No,30,Yes,No,DSL,No,Yes,Yes,No,Yes,No,Two year,Yes,Mailed check,106.69,3165.21,No,2023-05-02
2203-ZEDBB,Female,1,Yes,Yes,5,Yes,Yes,No,No internet service,No internet service,No internet service,No internet service,No internet service,No internet service,Month-to-month,No,Bank transfer (automatic),62.2,303.12,Yes,2023-05-02
2422-MOCSS,Female,0,No,No,31,Yes,No,No,No internet service,No internet service,No internet service,No internet service,No internet service,No internet service,One year,No,Mailed check,44.16,1406.97,No,2023-05-02
4720-NNHVU,Female,0,Yes,No,53,Yes,No,DSL,No,Yes,Yes,No,No,Yes,One year,Yes,Credit card (automatic),109.88,5676.19,No,2023-05-02
7768-WNYUI,Female,0,Yes,No,51,Yes,No,Fiber optic,No,Yes,Yes,Yes,Yes,No,Month-to-month,No,Credit card (automatic),183.01,9251.58,No,2023-05-02
5453-ZPLAO,Male,0,Yes,No,4,Yes,Yes,Fiber optic,No,No,Yes,Yes,Yes,Yes,Two year,Yes,Electronic check,167.31,656.16,Yes,2023-05-02
6408-GIWHX,Female,0,Yes,No,25,Yes,No,Fiber optic,No,Yes,Yes,Yes,Yes,Yes,Two year,Yes,Bank transfer (automatic),163.21,3965.02,No,2023-05-02
5682-LIITO,Female,0,Yes,No,55,Yes,Yes,DSL,Yes,No,Yes,Yes,Yes,Yes,One year,Yes,Bank transfer (automatic),158.21,8627.94,No,2023-05-02
5052-WYIPK,Male,0,No,No,46,Yes,Yes,No,No internet service,No internet service,No internet service,No internet service,No internet service,No internet service,Two year,Yes,Mailed check,61.35,2751.98,No,2023-05-02
2152-EYAIA,Female,0,No,No,24,Yes,Yes,Fiber optic,No,Yes,No,Yes,Yes,Yes,One year,Yes,Bank transfer (automatic),189.26,4437.86,No,2023-05-02
9359-YCFDN,Female,0,No,No,34,Yes,No,Fiber optic,Yes,No,Yes,No,Yes,Yes,Month-to-month,Yes,Electronic check,176.46,6034.2,Yes,2023-05-02
8287-PIFRI,Female,0,No,Yes,41,Yes,No,Fiber optic,Yes,Yes,No,No,Yes,Yes,Month-to-month,No,Bank transfer (automatic),185.81,7442.72,No,2023-05-02
4361-UQKRN,Male,0,Yes,No,42,Yes,Yes,Fiber optic,Yes,Yes,Yes,No,Yes,Yes,Month-to-month,Yes,Mailed check,200.63,8634.9,Yes,2023-05-02
5842-IONPD,Male,0,No,No,34,Yes,No,Fiber optic,No,Yes,No,No,No,Yes,Two year,No,Mailed check,130.61,4369.88,Yes,2023-05-02
5875-EGKSJ,Female,0,Yes,Yes,39,Yes,No,DSL,No,Yes,Yes,No,Yes,Yes,One year,Yes,Bank transfer (automatic),126.58,4986.08,Yes,2023-05-02
2609-ZFHTU,Male,0,Yes,No,54,Yes,Yes,Fiber optic,Yes,No,No,Yes,Yes,Yes,Month-to-month,No,Mailed check,200.77,11064.6,No,2023-05-02
8226-XHYKA,Male,0,Yes,Yes,30,Yes,Yes,Fiber optic,No,Yes,Yes,No,No,Yes,Month-to-month,Yes,Electronic check,179.9,5465.54,Yes,2023-05-02
6312-NMUYG,Female,1,Yes,No,22,Yes,No,Fiber optic,Yes,Yes,Yes,No,Yes,Yes,Month-to-month,No,Bank transfer (automatic),191.16,4102.01,No,2023-05-02
1642-ITOBO,Female,0,Yes,No,41,Yes,No,Fiber optic,No,Yes,No,Yes,Yes,No,Month-to-month,Yes,Bank transfer (automatic),166.81,6734.32,No,2023-05-02
7274-ZLCKV,Female,0,Yes,Yes,35,Yes,Yes,DSL,No,Yes,Yes,Yes,No,Yes,Two year,No,Electronic check,123.04,4354.04,Yes,2023-05-02
7319-OPIJY,Female,0,No,Yes,42,Yes,No,Fiber optic,No,Yes,Yes,No,No,No,Month-to-month,No,Credit card (automatic),165.15,6805.07,Yes,2023-05-02
5917-VJCRI,Male,0,No,Yes,25,Yes,No,Fiber optic,Yes,No,Yes,No,Yes,Yes,One year,No,Bank transfer (automatic),160.32,3908.11,No,2023-05-03
8900-OAFVW,Female,0,Yes,No,43,Yes,Yes,Fiber optic,Yes,No,No,Yes,No,Yes,One year,Yes,Bank transfer (automatic),166.32,7094.97,No,2023-05-03
2162-SIJMB,Female,1,Yes,No,44,Yes,No,Fiber optic,No,Yes,Yes,No,Yes,Yes,One year,No,Credit card (automatic),168.97,7526.58,Yes,2023-05-03
5410-AAOTI,Male,0,Yes,No,32,No,No phone service,Fiber optic,Yes,No,Yes,Yes,No,No,One year,Yes,Electronic check,133.31,4195.29,Yes,2023-05-03
8375-LAGDF,Female,0,No,No,30,Yes,Yes,Fiber optic,No,No,Yes,No,Yes,No,Two year,No,Credit card (automatic),149.04,4380.52,No,2023-05-03
5322-TNRKQ,Female,0,No,No,36,No,No phone service,Fiber optic,Yes,Yes,Yes,Yes,Yes,No,One year,No,Credit card (automatic),149.97,5350.54,Yes,2023-05-03
1904-YPVUK,Male,0,Yes,Yes,33,Yes,No,Fiber optic,Yes,No,No,Yes,Yes,Yes,Two year,Yes,Electronic check,142.29,4580.38,No,2023-05-03
6585-RVONX,Male,0,Yes,No,37,Yes,No,No,No internet service,No internet service,No internet service,No internet service,No internet service,No internet service,Two year,No,Bank transfer (automatic),44.49,1689.58,No,2023-05-03
9642-KKGFO,Female,0,No,No,49,Yes,No,No,No internet service,No internet service,No internet service,No internet service,No internet service,No internet service,Month-to-month,Yes,Mailed check,43.87,2179.44,No,2023-05-03
8800-CDUZN,Female,0,No,No,8,Yes,No,Fiber optic,Yes,Yes,Yes,No,Yes,Yes,Month-to-month,Yes,Credit card (automatic),183.37,1454.13,Yes,2023-05-03
8436-ZOCGW,Female,0,Yes,No,53,Yes,No,DSL,Yes,Yes,No,No,Yes,Yes,Month-to-month,Yes,Credit card (automatic),138.0,7188.41,No,2023-05-03
4852-ECHFY,Male,0,Yes,No,22,Yes,No,Fiber optic,No,Yes,Yes,No,Yes,Yes,Month-to-month,Yes,Bank transfer (automatic),166.78,3562.33,Yes,2023-05-03
6008-DHWMH,Male,0,No,No,39,Yes,Yes,Fiber optic,Yes,Yes,Yes,No,No,Yes,Month-to-month,Yes,Credit card (automatic),181.07,7034.62,No,2023-05-04
8324-ZCQYS,Female,0,No,Yes,22,Yes,Yes,DSL,Yes,No,No,Yes,Yes,Yes,Two year,No,Mailed check,132.43,2941.19,No,2023-05-04
4802-RWWZN,Female,0,Yes,No,32,Yes,No,Fiber optic,Yes,No,No,No,Yes,Yes,Two year,Yes,Electronic check,137.71,4536.08,Yes,2023-05-04
9515-ARRIJ,Female,0,No,No,43,Yes,No,Fiber optic,Yes,Yes,No,No,Yes,Yes,Month-to-month,Yes,Credit card (automatic),176.71,7373.82,Yes,2023-05-04
3487-MUCVS,Female,0,Yes,No,46,Yes,Yes,Fiber optic,No,Yes,Yes,Yes,Yes,Yes,Month-to-month,No,Electronic check,206.45,9275.39,No,2023-05-04
5431-VCPDJ,Male,0,Yes,No,17,Yes,No,No,No internet service,No internet service,No internet service,No internet service,No internet service,No internet service,One year,No,Bank transfer (automatic),40.78,712.44,No,2023-05-04
3741-PPNUV,Male,0,Yes,No,42,Yes,No,DSL,No,Yes,No,No,Yes,Yes,Month-to-month,No,Credit card (automatic),114.66,4713.76,Yes,2023-05-04
8773-ZWCLL,Male,0,Yes,Yes,40,Yes,Yes,Fiber optic,No,Yes,No,Yes,Yes,Yes,Month-to-month,Yes,Electronic check,193.49,7842.25,Yes,2023-05-04
4710-VQXQY,Male,0,Yes,No,51,Yes,No,Fiber optic,No,Yes,No,No,No,Yes,Month-to-month,Yes,Mailed check,148.85,7599.08,No,2023-05-04
5392-SEARP,Female,0,Yes,No,58,Yes,No,Fiber optic,Yes,No,No,Yes,Yes,Yes,One year,Yes,Electronic check,161.77,9390.25,Yes,2023-05-04
8780-URCLF,Female,0,No,No,26,Yes,No,DSL,No,Yes,Yes,No,Yes,Yes,Month-to-month,Yes,Credit card (automatic),143.15,3773.49,No,2023-05-04
3539-WHURW,Female,0,Yes,No,44,Yes,Yes,Fiber optic,No,Yes,No,No,Yes,Yes,Two year,Yes,Electronic check,142.71,6266.74,Yes,2023-05-04
9755-RUXUV,Female,0,Yes,Yes,8,Yes,No,No,No internet service,No internet service,No internet service,No internet service,No internet service,No internet service,Month-to-month,No,Bank transfer (automatic),50.15,412.46,No,2023-05-04
7970-TEWDA,Female,0,No,No,35,No,No phone service,Fiber optic,Yes,Yes,Yes,Yes,Yes,Yes,Two year,Yes,Bank transfer (automatic),142.22,4971.04,Yes,2023-05-04
3209-VVAQK,Female,0,Yes,No,33,Yes,Yes,DSL,No,Yes,Yes,No,Yes,Yes,One year,No,Credit card (automatic),137.57,4660.75,No,2023-05-04
8972-CPICL,Female,1,Yes,No,9,Yes,No,No,No internet service,No internet service,No internet service,No internet service,No internet service,No internet service,Month-to-month,No,Electronic check,44.42,403.85,Yes,2023-05-04
3002-UDUPM,Female,0,Yes,Yes,29,Yes,No,No,No internet service,No internet service,No internet service,No internet service,No internet service,No internet service,Two year,Yes,Credit card (automatic),50.56,1478.39,No,2023-05-04
3461-KVNEE,Male,0,Yes,No,22,Yes,Yes,Fiber optic,No,Yes,Yes,No,Yes,Yes,Month-to-month,Yes,Mailed check,200.78,4536.04,No,2023-05-04
7526-BRQLI,Female,0,No,No,34,Yes,No,Fiber optic,Yes,Yes,Yes,No,Yes,Yes,One year,No,Mailed check,168.61,5560.99,No,2023-05-04
3251-VLTDD,Female,1,Yes,No,38,No,No phone service,Fiber optic,No,No,Yes,Yes,Yes,Yes,Month-to-month,Yes,Bank transfer (automatic),148.1,5656.34,No,2023-05-04
8842-ZTJIK,Female,0,Yes,Yes,58,Yes,Yes,Fiber optic,No,Yes,Yes,No,Yes,Yes,Month-to-month,Yes,Electronic check,197.53,11673.42,Yes,2023-05-04
5878-LJXGU,Female,0,Yes,No,50,Yes,Yes,DSL,Yes,No,Yes,No,Yes,Yes,Month-to-month,No,Bank transfer (automatic),143.79,7133.31,Yes,2023-05-04
7078-TKKVN,Female,0,Yes,Yes,40,Yes,Yes,Fiber optic,Yes,Yes,Yes,No,Yes,Yes,Month-to-month,Yes,Credit card (automatic),196.98,7906.29,Yes,2023-05-04
4085-POBMX,Female,0,No,No,53,Yes,Yes,DSL,Yes,Yes,Yes,No,Yes,Yes,Month-to-month,Yes,Mailed check,161.08,8743.82,Yes,2023-05-04
2374-WNUDO,Male,0,Yes,No,26,Yes,No,No,No internet service,No internet service,No internet service,No internet service,No internet service,No internet service,Month-to-month,Yes,Credit card (automatic),52.35,1345.14,Yes,2023-05-04
4885-TNDSU,Male,0,Yes,No,26,Yes,Yes,No,No internet service,No internet service,No internet service,No internet service,No internet service,No internet service,Month-to-month,Yes,Bank transfer (automatic),62.48,1654.8,No,2023-05-04
1665-ZEGQK,Male,0,Yes,No,15,Yes,No,Fiber optic,Yes,Yes,Yes,Yes,No,Yes,One year,No,Mailed check,168.62,2555.93,Yes,2023-05-04
8346-OERQL,Male,0,Yes,No,34,Yes,No,Fiber optic,Yes,No,Yes,Yes,Yes,Yes,Month-to-month,Yes,Electronic check,188.32,6357.54,Yes,2023-05-04
4513-MQRLO,Female,0,Yes,No,21,Yes,No,No,No internet service,No internet service,No internet service,No internet service,No internet service,No internet service,One year,No,Bank transfer (automatic),39.42,815.43,Yes,2023-05-04
7856-LOHXU,Female,0,No,No,26,Yes,No,DSL,Yes,Yes,No,No,Yes,Yes,Month-to-month,Yes,Credit card (automatic),132.81,3518.24,No,2023-05-04
9975-TFDFE,Male,0,Yes,No,22,No,No phone service,Fiber optic,Yes,Yes,Yes,Yes,Yes,No,Two year,No,Electronic check,134.31,2987.72,No,2023-05-04
4565-TNQCZ,Male,0,Yes,Yes,27,Yes,Yes,No,No internet service,No internet service,No internet service,No internet service,No internet service,No internet service,One year,Yes,Mailed check,46.59,1263.49,No,2023-05-04
9053-XVYTK,Male,0,No,No,29,Yes,Yes,Fiber optic,No,Yes,Yes,Yes,Yes,Yes,Month-to-month,Yes,Credit card (automatic),211.65,6090.19,Yes,2023-05-04
9803-OWHHG,Female,0,No,No,21,Yes,No,Fiber optic,Yes,Yes,Yes,No,Yes,Yes,Two year,Yes,Bank transfer (automatic),159.93,3291.44,Yes,2023-05-04
9934-YINCT,Female,0,Yes,No,39,Yes,Yes,DSL,Yes,Yes,No,Yes,Yes,Yes,Month-to-month,Yes,Bank transfer (automatic),161.86,6157.69,No,2023-05-04
2965-ATEJS,Female,0,Yes,No,19,Yes,Yes,DSL,No,No,Yes,Yes,Yes,No,Month-to-month,No,Credit card (automatic),139.29,2688.46,Yes,2023-05-05
4530-IHDFN,Male,0,Yes,No,32,Yes,No,Fiber optic,Yes,No,Yes,Yes,Yes,Yes,Two year,Yes,Electronic check,161.51,5166.17,No,2023-05-05
7398-PWUFC,Female,0,No,Yes,54,Yes,Yes,Fiber optic,Yes,No,Yes,No,Yes,No,Two year,Yes,Bank transfer (automatic),162.56,8666.4,No,2023-05-05
8281-TYDNT,Female,0,No,No,56,Yes,No,Fiber optic,Yes,Yes,Yes,No,No,Yes,Month-to-month,Yes,Credit card (automatic),174.64,9968.21,Yes,2023-05-05
1910-WGKWI,Female,0,Yes,No,58,Yes,Yes,DSL,No,No,Yes,No,Yes,Yes,One year,Yes,Bank transfer (automatic),138.95,8135.77,No,2023-05-05
6552-MPURJ,Female,1,Yes,No,37,Yes,Yes,Fiber optic,Yes,No,No,No,Yes,Yes,Two year,Yes,Bank transfer (automatic),148.72,5338.94,Yes,2023-05-05
8105-QKPJK,Male,0,Yes,Yes,33,Yes,No,DSL,Yes,No,Yes,Yes,No,No,One year,No,Bank transfer (automatic),111.47,3573.02,Yes,2023-05-05
3134-EPAVW,Female,0,Yes,No,25,Yes,Yes,No,No internet service,No internet service,No internet service,No internet service,No internet service,No internet service,One year,Yes,Mailed check,52.47,1306.43,No,2023-05-05
2626-NXDAN,Male,0,No,No,31,No,No phone service,DSL,Yes,No,No,Yes,Yes,No,One year,Yes,Bank transfer (automatic),106.51,3327.74,No,2023-05-05
3227-JOPKO,Female,0,No,No,28,No,No phone service,DSL,No,Yes,Yes,Yes,Yes,No,One year,No,Electronic check,103.73,2984.57,No,2023-05-05
2742-ZZLOD,Female,0,No,No,26,Yes,Yes,Fiber optic,Yes,Yes,Yes,No,Yes,Yes,Month-to-month,Yes,Credit card (automatic),207.85,5561.94,No,2023-05-05
3157-WCRGY,Female,0,No,Yes,37,No,No phone service,Fiber optic,No,Yes,No,No,No,Yes,Two year,No,Bank transfer (automatic),116.49,4402.53,No,2023-05-05
2010-JMHWL,Male,0,Yes,No,49,Yes,No,Fiber optic,No,Yes,No,Yes,Yes,Yes,Two year,Yes,Bank transfer (automatic),138.62,6908.58,Yes,2023-05-05
8975-FECPW,Female,0,Yes,No,31,Yes,No,Fiber optic,Yes,Yes,No,Yes,Yes,Yes,Month-to-month,Yes,Electronic check,183.04,5559.58,Yes,2023-05-05
6133-FXQHJ,Male,0,Yes,No,48,Yes,Yes,DSL,Yes,No,Yes,No,Yes,No,One year,No,Credit card (automatic),133.63,6515.64,No,2023-05-05
8894-IXWYM,Female,0,Yes,No,22,Yes,Yes,No,No internet service,No internet service,No internet service,No internet service,No internet service,No internet service,One year,No,Mailed check,62.14,1343.92,Yes,2023-05-05
1343-TTSBJ,Male,1,No,No,24,Yes,No,Fiber optic,No,No,Yes,No,Yes,Yes,Month-to-month,Yes,Electronic check,165.64,4064.85,Yes,2023-05-05
7841-NHPWQ,Female,0,No,Yes,40,No,No phone service,Fiber optic,Yes,No,Yes,No,Yes,Yes,Two year,Yes,Bank transfer (automatic),142.82,5579.37,Yes,2023-05-05
4375-JEWQA,Male,1,Yes,No,34,Yes,No,No,No internet service,No internet service,No internet service,No internet service,No internet service,No internet service,Month-to-month,No,Mailed check,56.81,1894.06,Yes,2023-05-05
8362-RQRUJ,Female,1,Yes,No,24,Yes,No,Fiber optic,No,No,No,No,Yes,Yes,Two year,Yes,Mailed check,125.84,3074.54,No,2023-05-05
3559-YLGEX,Male,1,Yes,No,8,Yes,Yes,No,No internet service,No internet service,No internet service,No internet service,No internet service,No internet service,Month-to-month,No,Mailed check,62.79,505.23,Yes,2023-05-05
5170-GOEAW,Female,0,No,No,54,Yes,No,Fiber optic,No,No,Yes,Yes,Yes,Yes,Month-to-month,Yes,Electronic check,169.48,9374.49,No,2023-05-05
6401-XHKLJ,Female,0,Yes,No,17,Yes,No,No,No internet service,No internet service,No internet service,No internet service,No internet service,No internet service,One year,No,Credit card (automatic),51.73,896.18,Yes,2023-05-05
1917-IPHVJ,Male,0,No,No,24,Yes,Yes,DSL,Yes,Yes,Yes,No,Yes,Yes,One year,No,Bank transfer (automatic),154.53,3811.25,No,2023-05-05
8707-CYYVV,Female,0,Yes,No,45,Yes,Yes,Fiber optic,No,No,No,No,Yes,Yes,Two year,No,Electronic check,154.99,6931.87,No,2023-05-05
5021-ORUFQ,Female,0,Yes,No,22,Yes,Yes,DSL,No,No,Yes,Yes,Yes,No,Month-to-month,Yes,Electronic check,139.2,2997.57,Yes,2023-05-05
8090-LJTFQ,Male,0,Yes,No,23,Yes,Yes,No,No internet service,No internet service,No internet service,No internet service,No internet service,No internet service,Month-to-month,No,Electronic check,72.74,1697.11,Yes,2023-05-05
7081-ZJBCK,Female,1,No,Yes,50,Yes,No,Fiber optic,No,No,No,Yes,Yes,Yes,Two year,No,Bank transfer (automatic),138.52,6896.41,No,2023-05-05
9486-HXDVU,Female,0,Yes,No,47,Yes,No,DSL,Yes,No,No,No,Yes,Yes,Two year,No,Electronic check,110.94,5354.7,Yes,2023-05-05
7349-EXJLG,Male,1,Yes,Yes,31,Yes,Yes,Fiber optic,Yes,Yes,Yes,No,No,Yes,Two year,Yes,Credit card (automatic),160.06,4891.9,No,2023-05-06
6726-NYLTF,Male,1,Yes,No,27,Yes,No,Fiber optic,Yes,Yes,No,Yes,Yes,Yes,One year,Yes,Credit card (automatic),171.33,4491.65,Yes,2023-05-06
5702-JCXRY,Male,0,Yes,No,17,Yes,Yes,DSL,Yes,Yes,No,Yes,Yes,Yes,Month-to-month,Yes,Bank transfer (automatic),173.68,3022.2,No,2023-05-06
2870-LDASN,Male,0,No,No,56,Yes,No,Fiber optic,Yes,No,No,No,Yes,Yes,One year,No,Electronic check,157.51,8557.55,Yes,2023-05-06
6058-FPQJI,Female,0,No,No,60,Yes,No,Fiber optic,Yes,No,Yes,Yes,Yes,Yes,One year,Yes,Mailed check,170.17,10294.37,Yes,2023-05-06
1525-KQYUW,Male,0,No,No,31,Yes,No,DSL,Yes,No,Yes,Yes,Yes,Yes,Month-to-month,Yes,Bank transfer (automatic),145.44,4379.93,Yes,2023-05-06
1155-RSRDO,Male,0,No,No,21,Yes,No,Fiber optic,No,Yes,No,Yes,Yes,Yes,One year,Yes,Credit card (automatic),179.36,3761.33,Yes,2023-05-06
7800-GXTLX,Female,0,Yes,Yes,9,Yes,Yes,No,No internet service,No internet service,No internet service,No internet service,No internet service,No internet service,Two year,No,Mailed check,45.93,421.39,No,2023-05-06
9442-ERIAF,Male,0,Yes,No,49,No,No phone service,DSL,No,No,Yes,No,Yes,Yes,One year,No,Credit card (automatic),77.24,3793.7,No,2023-05-06
2232-WRJDU,Male,0,No,No,19,Yes,No,Fiber optic,No,Yes,No,No,Yes,Yes,One year,No,Electronic check,158.87,2976.67,Yes,2023-05-06
8482-XCWAG,Male,0,Yes,No,34,Yes,No,No,No internet service,No internet service,No internet service,No internet service,No internet service,No internet service,Two year,Yes,Electronic check,43.65,1452.79,Yes,2023-05-06
1946-JVNHA,Male,0,No,Yes,23,Yes,No,DSL,Yes,No,Yes,Yes,Yes,Yes,Month-to-month,Yes,Credit card (automatic),158.02,3685.26,No,2023-05-06
3448-LNOHK,Female,0,Yes,No,31,Yes,No,DSL,No,Yes,Yes,Yes,No,Yes,Month-to-month,No,Credit card (automatic),135.23,4141.54,No,2023-05-06
9255-TXNFM,Male,0,No,Yes,51,No,No phone service,Fiber optic,No,No,No,No,No,No,Two year,No,Electronic check,94.92,4784.3,Yes,2023-05-06
8164-LHOLW,Female,0,No,No,46,Yes,No,Fiber optic,Yes,Yes,Yes,No,Yes,Yes,One year,Yes,Mailed check,179.15,8436.43,No,2023-05-06
3671-GGQUX,Male,0,No,No,47,Yes,Yes,DSL,Yes,No,No,No,Yes,No,Month-to-month,No,Credit card (automatic),136.59,6499.01,Yes,2023-05-06
1920-QKFDD,Male,0,Yes,No,21,Yes,Yes,Fiber optic,No,Yes,Yes,Yes,Yes,Yes,Month-to-month,Yes,Credit card (automatic),217.19,4578.81,Yes,2023-05-06
7122-VZWZG,Female,0,Yes,No,41,No,No phone service,Fiber optic,No,Yes,Yes,No,Yes,Yes,One year,Yes,Bank transfer (automatic),144.18,5819.02,Yes,2023-05-06
4078-MIVTN,Female,0,No,Yes,31,Yes,Yes,Fiber optic,Yes,Yes,No,No,Yes,Yes,Two year,Yes,Electronic check,170.99,5210.41,No,2023-05-06
3643-QVUCB,Female,0,Yes,No,9,Yes,No,No,No internet service,No internet service,No internet service,No internet service,No internet service,No internet service,Month-to-month,No,Credit card (automatic),50.53,454.09,Yes,2023-05-06
4080-KCFVY,Female,0,No,No,39,Yes,No,DSL,No,Yes,Yes,No,Yes,Yes,Two year,Yes,Credit card (automatic),118.1,4529.79,No,2023-05-06
9664-OQXLC,Female,0,Yes,No,40,Yes,No,Fiber optic,Yes,No,Yes,Yes,Yes,Yes,One year,Yes,Bank transfer (automatic),171.57,6687.38,Yes,2023-05-06
2663-TVRWC,Female,0,No,No,37,Yes,No,No,No internet service,No internet service,No internet service,No internet service,No internet service,No internet service,Month-to-month,Yes,Bank transfer (automatic),51.48,1939.09,Yes,2023-05-06
1005-BSBSC,Male,0,Yes,Yes,56,Yes,Yes,Fiber optic,Yes,No,Yes,No,Yes,Yes,One year,No,Electronic check,182.7,10047.91,No,2023-05-06
5519-BDSCG,Male,0,Yes,Yes,34,Yes,No,DSL,No,Yes,Yes,Yes,Yes,Yes,Month-to-month,Yes,Electronic check,148.64,5182.11,Yes,2023-05-06
3082-NAMCA,Male,0,Yes,No,35,Yes,Yes,Fiber optic,No,Yes,No,Yes,Yes,Yes,Two year,No,Credit card (automatic),164.8,5786.95,No,2023-05-06
5131-CUVAW,Female,0,Yes,No,17,Yes,No,Fiber optic,Yes,No,Yes,No,Yes,No,Two year,Yes,Bank transfer (automatic),142.7,2408.37,No,2023-05-06
3492-MANPW,Male,0,Yes,No,33,Yes,Yes,Fiber optic,No,No,No,Yes,Yes,No,Month-to-month,Yes,Credit card (automatic),166.38,5451.41,No,2023-05-06
1067-NOKBT,Male,0,No,No,32,Yes,No,DSL,No,Yes,Yes,Yes,Yes,No,Two year,Yes,Bank transfer (automatic),110.09,3462.09,No,2023-05-07
6889-GEZGI,Male,0,Yes,Yes,20,Yes,Yes,Fiber optic,No,Yes,No,Yes,No,No,Two year,Yes,Bank transfer (automatic),136.12,2772.98,No,2023-05-07
8739-WJLIM,Male,0,No,No,53,Yes,No,DSL,Yes,Yes,No,No,Yes,Yes,Month-to-month,Yes,Electronic check,127.24,6632.54,Yes,2023-05-07
1956-FSYNO,Female,0,No,No,49,Yes,No,Fiber optic,Yes,Yes,Yes,Yes,No,Yes,One year,Yes,Credit card (automatic),172.93,8658.86,No,2023-05-07
2817-WWYJY,Female,0,Yes,Yes,23,Yes,No,DSL,Yes,Yes,No,No,Yes,Yes,Two year,Yes,Electronic check,112.25,2613.46,Yes,2023-05-07
2004-UDUDK,Female,1,Yes,No,38,Yes,Yes,Fiber optic,Yes,Yes,No,No,Yes,No,One year,No,Electronic check,176.75,6638.45,Yes,2023-05-07
5971-ANBBW,Female,0,Yes,No,48,Yes,No,Fiber optic,No,No,No,No,Yes,Yes,Month-to-month,No,Credit card (automatic),158.89,7749.47,Yes,2023-05-07
7777-LUNIT,Male,0,Yes,No,47,Yes,Yes,Fiber optic,No,Yes,Yes,No,Yes,No,One year,Yes,Credit card (automatic),181.23,8519.38,No,2023-05-07
3601-EDGDW,Male,0,Yes,No,65,Yes,No,DSL,No,No,Yes,Yes,No,Yes,One year,Yes,Mailed check,117.68,7797.18,No,2023-05-07
3317-ARIOE,Female,0,Yes,No,47,Yes,No,Fiber optic,No,Yes,No,Yes,Yes,Yes,Two year,Yes,Bank transfer (automatic),158.87,7519.72,Yes,2023-05-07
5681-ZQKZG,Male,0,Yes,No,21,Yes,Yes,No,No internet service,No internet service,No internet service,No internet service,No internet service,No internet service,Month-to-month,Yes,Electronic check,63.51,1358.48,Yes,2023-05-07
1311-KBJQX,Female,0,Yes,No,34,Yes,Yes,Fiber optic,No,No,Yes,No,No,Yes,Month-to-month,Yes,Electronic check,172.66,6036.9,Yes,2023-05-07
8778-KROVS,Female,0,No,No,32,Yes,No,Fiber optic,Yes,No,No,No,Yes,Yes,Two year,Yes,Mailed check,131.9,4242.0,Yes,2023-05-07
3552-SDJHW,Female,0,Yes,Yes,31,No,No phone service,No,No internet service,No internet service,No internet service,No internet service,No internet service,No internet service,Two year,Yes,Credit card (automatic),18.5,565.05,No,2023-05-07
8367-BRCZC,Female,0,Yes,No,21,Yes,Yes,DSL,Yes,Yes,Yes,No,Yes,Yes,Month-to-month,Yes,Credit card (automatic),152.15,3250.91,No,2023-05-07
8211-BBGXM,Male,0,Yes,No,48,Yes,No,Fiber optic,No,No,No,No,Yes,Yes,One year,No,Bank transfer (automatic),143.78,6695.51,No,2023-05-07
4254-RWNUO,Female,1,Yes,No,61,Yes,Yes,Fiber optic,Yes,No,Yes,Yes,Yes,Yes,One year,Yes,Credit card (automatic),194.79,11778.06,No,2023-05-07
1192-DFDJO,Male,0,Yes,No,30,Yes,No,No,No internet service,No internet service,No internet service,No internet service,No internet service,No internet service,Month-to-month,Yes,Mailed check,56.34,1736.57,No,2023-05-07
6856-IRRSY,Male,0,Yes,No,24,Yes,Yes,Fiber optic,Yes,No,Yes,Yes,Yes,No,Month-to-month,Yes,Bank transfer (automatic),186.1,4574.1,Yes,2023-05-07
3523-MIPJJ,Female,0,Yes,No,55,Yes,Yes,Fiber optic,No,No,Yes,No,No,Yes,Two year,Yes,Electronic check,144.78,7927.48,Yes,2023-05-07
8623-UMJXI,Male,0,No,No,48,Yes,No,Fiber optic,Yes,Yes,Yes,Yes,Yes,Yes,Month-to-month,Yes,Credit card (automatic),185.99,8747.37,Yes,2023-05-07
4287-XIKGN,Male,0,No,Yes,60,Yes,Yes,DSL,No,No,No,No,Yes,Yes,Two year,Yes,Credit card (automatic),111.16,6700.3,Yes,2023-05-07
4077-BBGXZ,Male,0,No,Yes,51,Yes,Yes,No,No internet service,No internet service,No internet service,No internet service,No internet service,No internet service,Month-to-month,Yes,Credit card (automatic),65.04,3380.23,No,2023-05-07
9642-BQBCU,Female,1,Yes,Yes,6,Yes,Yes,Fiber optic,No,Yes,Yes,Yes,Yes,Yes,One year,Yes,Credit card (automatic),195.03,1137.67,No,2023-05-07
5191-TFDRS,Female,0,Yes,No,25,Yes,Yes,DSL,Yes,Yes,Yes,No,No,Yes,Month-to-month,Yes,Credit card (automatic),160.7,3935.88,Yes,2023-05-07
5042-YNWQW,Female,0,No,No,24,Yes,Yes,DSL,Yes,Yes,Yes,Yes,Yes,Yes,One year,Yes,Credit card (automatic),172.27,4195.41,Yes,2023-05-07
3246-VNHOD,Female,0,No,No,37,Yes,Yes,Fiber optic,No,No,Yes,No,Yes,Yes,Month-to-month,Yes,Credit card (automatic),177.38,6557.63,Yes,2023-05-07
6769-BRFRP,Female,0,No,No,41,Yes,No,DSL,No,No,Yes,No,Yes,Yes,Month-to-month,Yes,Bank transfer (automatic),135.74,5433.57,Yes,2023-05-07
8271-KYHME,Male,0,No,No,36,Yes,No,Fiber optic,No,Yes,Yes,No,Yes,Yes,Month-to-month,Yes,Mailed check,177.21,6369.51,No,2023-05-07
5222-IKJRP,Male,0,No,No,24,Yes,No,Fiber optic,Yes,Yes,No,Yes,Yes,Yes,One year,Yes,Bank transfer (automatic),172.57,4100.59,Yes,2023-05-08
1172-EHPCJ,Male,0,Yes,No,44,Yes,Yes,Fiber optic,Yes,Yes,No,Yes,Yes,Yes,Two year,Yes,Electronic check,171.71,7425.67,Yes,2023-05-08
1282-YPSRD,Female,0,No,No,9,Yes,No,Fiber optic,Yes,No,No,No,Yes,Yes,Two year,No,Credit card (automatic),136.64,1247.5,No,2023-05-08
1207-ACBWX,Male,0,Yes,No,37,Yes,No,Fiber optic,Yes,Yes,No,Yes,Yes,No,Two year,Yes,Bank transfer (automatic),147.15,5530.01,No,2023-05-08
7598-JIXED,Female,0,Yes,No,59,Yes,No,DSL,No,No,Yes,Yes,Yes,No,One year,No,Credit card (automatic),121.26,7042.56,Yes,2023-05-08
7725-FDITS,Female,0,Yes,No,27,Yes,Yes,DSL,Yes,Yes,No,Yes,Yes,Yes,One year,Yes,Bank transfer (automatic),163.5,4313.06,No,2023-05-08
2714-AGQWA,Female,0,Yes,No,26,Yes,Yes,Fiber optic,Yes,No,No,Yes,Yes,No,One year,No,Bank transfer (automatic),166.18,4419.59,Yes,2023-05-08
6985-LZHLV,Male,0,Yes,No,10,Yes,Yes,Fiber optic,Yes,No,No,No,Yes,Yes,Two year,No,Electronic check,161.23,1603.13,Yes,2023-05-08
9956-ZHKBS,Female,0,No,No,23,Yes,No,Fiber optic,No,No,Yes,No,Yes,Yes,Month-to-month,Yes,Bank transfer (automatic),170.03,3906.72,Yes,2023-05-08
6396-NWTZG,Female,0,No,No,55,Yes,No,Fiber optic,Yes,Yes,No,No,No,Yes,One year,Yes,Bank transfer (automatic),158.7,8713.12,Yes,2023-05-08
2091-CPAQW,Female,0,Yes,No,48,Yes,Yes,No,No internet service,No internet service,No internet service,No internet service,No internet service,No internet service,One year,No,Bank transfer (automatic),65.61,3229.28,No,2023-05-08
1476-PJYAH,Male,0,No,No,55,Yes,Yes,Fiber optic,Yes,Yes,Yes,No,Yes,Yes,Month-to-month,No,Bank transfer (automatic),203.36,11082.59,Yes,2023-05-08
6762-MTOLS,Female,0,Yes,No,36,Yes,No,Fiber optic,No,No,Yes,Yes,Yes,Yes,Month-to-month,Yes,Mailed check,174.64,6185.34,Yes,2023-05-08
3655-WOEWE,Female,1,Yes,No,34,Yes,No,No,No internet service,No internet service,No internet service,No internet service,No internet service,No internet service,One year,Yes,Credit card (automatic),49.61,1674.36,No,2023-05-08
3674-GEITU,Female,0,Yes,Yes,44,Yes,Yes,No,No internet service,No internet service,No internet service,No internet service,No internet service,No internet service,Two year,Yes,Electronic check,58.15,2537.42,No,2023-05-08
4200-ULHHF,Male,1,No,No,53,Yes,No,Fiber optic,No,Yes,Yes,No,Yes,Yes,One year,Yes,Bank transfer (automatic),157.06,8420.43,No,2023-05-08
4682-QOEJN,Male,0,No,No,25,Yes,No,Fiber optic,No,Yes,Yes,Yes,Yes,No,One year,Yes,Mailed check,169.25,4109.76,Yes,2023-05-08
3369-HMZIE,Female,0,Yes,No,59,Yes,No,Fiber optic,No,Yes,Yes,Yes,Yes,Yes,Month-to-month,Yes,Credit card (automatic),172.76,10252.99,No,2023-05-08
5477-VMKEI,Male,0,Yes,Yes,60,Yes,Yes,Fiber optic,Yes,No,No,No,No,Yes,Month-to-month,Yes,Credit card (automatic),178.34,10872.97,Yes,2023-05-08
1598-FYVUC,Female,0,No,Yes,20,Yes,Yes,DSL,Yes,No,Yes,Yes,Yes,Yes,One year,Yes,Mailed check,151.15,2983.6,No,2023-05-08
6481-DWGPY,Female,0,Yes,No,33,Yes,No,DSL,Yes,No,Yes,Yes,No,Yes,Month-to-month,No,Credit card (automatic),135.1,4435.78,Yes,2023-05-08
5353-NGZOC,Male,0,Yes,No,29,Yes,Yes,DSL,No,Yes,No,No,No,Yes,Month-to-month,Yes,Credit card (automatic),140.99,3988.96,Yes,2023-05-08
5215-WUJQL,Male,0,No,No,33,Yes,Yes,Fiber optic,Yes,No,No,Yes,Yes,Yes,One year,Yes,Credit card (automatic),186.51,6052.26,No,2023-05-08
4601-QLPRN,Male,0,No,No,23,No,No phone service,Fiber optic,Yes,No,Yes,Yes,No,Yes,Two year,Yes,Bank transfer (automatic),130.6,3005.21,Yes,2023-05-08
3436-SABWD,Male,0,Yes,No,32,Yes,No,Fiber optic,No,Yes,Yes,Yes,Yes,Yes,Month-to-month,No,Mailed check,183.4,5807.74,Yes,2023-05-08
3354-NJIBT,Female,0,No,No,16,No,No phone service,DSL,No,Yes,No,Yes,No,Yes,Two year,Yes,Bank transfer (automatic),84.36,1371.51,No,2023-05-08
2329-GQYRU,Female,1,No,No,53,Yes,Yes,Fiber optic,No,No,Yes,No,Yes,Yes,One year,Yes,Credit card (automatic),181.99,9598.76,Yes,2023-05-08
3649-VNMJH,Male,0,Yes,Yes,35,Yes,No,Fiber optic,No,No,Yes,Yes,No,No,One year,Yes,Mailed check,143.66,4908.22,No,2023-05-08
6922-TYICP,Male,0,No,No,42,Yes,Yes,DSL,No,Yes,No,No,Yes,Yes,One year,Yes,Credit card (automatic),135.21,5627.91,No,2023-05-08
1887-YPXEF,Female,0,Yes,No,25,Yes,Yes,Fiber optic,No,No,No,No,Yes,Yes,One year,Yes,Credit card (automatic),154.82,3950.07,No,2023-05-08
5529-SNQWY,Male,0,No,No,28,Yes,No,Fiber optic,Yes,Yes,No,No,Yes,Yes,One year,Yes,Credit card (automatic),170.65,4900.15,Yes,2023-05-08
2351-GXGCK,Female,0,Yes,No,54,Yes,No,Fiber optic,No,Yes,Yes,Yes,Yes,Yes,Month-to-month,Yes,Credit card (automatic),184.52,9768.28,No,2023-05-08
8845-ZNKMX,Female,0,Yes,Yes,33,Yes,No,Fiber optic,No,Yes,Yes,No,No,No,Two year,Yes,Credit card (automatic),128.4,4241.5,No,2023-05-09
2734-KFHTP,Male,1,No,No,16,Yes,Yes,No,No internet service,No internet service,No internet service,No internet service,No internet service,No internet service,One year,Yes,Credit card (automatic),60.48,963.23,No,2023-05-09
2463-XWVRD,Female,0,Yes,No,34,Yes,Yes,DSL,No,No,No,No,Yes,No,One year,Yes,Mailed check,113.62,3821.37,Yes,2023-05-09
9220-UPRQW,Male,0,Yes,No,29,Yes,Yes,Fiber optic,Yes,No,Yes,No,Yes,Yes,Two year,Yes,Credit card (automatic),160.4,4653.47,Yes,2023-05-09
2758-EJJFF,Male,0,Yes,No,57,Yes,No,Fiber optic,No,No,Yes,No,Yes,Yes,Two year,No,Bank transfer (automatic),151.76,8753.15,Yes,2023-05-09
5764-KUGWP,Male,0,Yes,No,42,Yes,Yes,Fiber optic,No,No,Yes,Yes,Yes,Yes,One year,Yes,Credit card (automatic),177.5,7477.39,No,2023-05-09
9268-IXLAB,Female,0,No,Yes,33,Yes,Yes,Fiber optic,No,Yes,Yes,No,Yes,Yes,One year,No,Bank transfer (automatic),180.96,6007.19,No,2023-05-09
6506-INUCB,Male,0,Yes,No,21,Yes,No,DSL,No,Yes,No,Yes,No,Yes,One year,No,Mailed check,113.04,2428.01,Yes,2023-05-09
4154-TWBRE,Male,0,No,Yes,36,Yes,No,DSL,Yes,No,No,No,Yes,No,One year,Yes,Bank transfer (automatic),117.0,4233.45,Yes,2023-05-09
1270-CFOGJ,Female,0,No,No,47,Yes,Yes,Fiber optic,Yes,No,Yes,No,Yes,Yes,One year,Yes,Mailed check,180.32,8493.34,No,2023-05-09
6556-WHEOE,Male,0,No,No,55,Yes,Yes,Fiber optic,No,No,Yes,Yes,Yes,Yes,Month-to-month,Yes,Bank transfer (automatic),193.73,10748.92,Yes,2023-05-09
3610-XFLJL,Male,0,No,No,48,Yes,No,DSL,Yes,Yes,No,No,Yes,Yes,Two year,Yes,Credit card (automatic),114.12,5597.68,Yes,2023-05-09
8407-CACLR,Female,1,Yes,No,15,No,No phone service,No,No internet service,No internet service,No internet service,No internet service,No internet service,No internet service,One year,Yes,Credit card (automatic),22.75,341.79,No,2023-05-09
4135-TTKVI,Male,1,Yes,No,56,Yes,Yes,DSL,Yes,Yes,Yes,No,Yes,Yes,Month-to-month,Yes,Credit card (automatic),175.84,9733.81,Yes,2023-05-09
9926-BJEEU,Female,0,Yes,No,50,Yes,Yes,DSL,Yes,Yes,No,Yes,No,Yes,Two year,No,Electronic check,138.41,6854.0,No,2023-05-09
9938-UAAXD,Male,0,Yes,No,41,Yes,No,DSL,No,Yes,No,No,No,No,Two year,Yes,Bank transfer (automatic),82.17,3363.6,No,2023-05-09
1341-ZEYLR,Female,1,No,Yes,41,Yes,No,No,No internet service,No internet service,No internet service,No internet service,No internet service,No internet service,One year,Yes,Credit card (automatic),48.59,1982.35,Yes,2023-05-09
5784-JPQSJ,Female,0,No,Yes,15,Yes,Yes,DSL,No,Yes,Yes,Yes,Yes,Yes,Month-to-month,Yes,Bank transfer (automatic),164.56,2461.18,Yes,2023-05-09
2677-IUKWB,Male,0,No,No,37,Yes,Yes,DSL,No,No,Yes,No,Yes,Yes,One year,No,Electronic check,138.98,4990.54,No,2023-05-09
6682-WKTHN,Male,0,No,No,24,Yes,Yes,DSL,Yes,No,Yes,No,Yes,Yes,Month-to-month,Yes,Bank transfer (automatic),160.13,3831.97,Yes,2023-05-09
1577-SINLC,Female,1,Yes,No,21,Yes,Yes,Fiber optic,No,Yes,Yes,No,No,Yes,Month-to-month,Yes,Bank transfer (automatic),186.46,3902.06,Yes,2023-05-09
7088-CUEJC,Male,0,No,Yes,28,Yes,No,Fiber optic,No,Yes,No,Yes,Yes,Yes,Month-to-month,Yes,Credit card (automatic),170.45,4893.54,Yes,2023-05-09
8221-OVFLJ,Female,0,No,No,29,Yes,Yes,No,No internet service,No internet service,No internet service,No internet service,No internet service,No internet service,One year,Yes,Bank transfer (automatic),56.64,1683.72,No,2023-05-09
5936-ULRUC,Female,0,Yes,No,30,Yes,No,Fiber optic,Yes,Yes,No,Yes,No,Yes,Month-to-month,Yes,Mailed check,181.55,5380.57,Yes,2023-05-09
1231-WUKVP,Female,0,Yes,Yes,26,Yes,Yes,DSL,No,No,Yes,No,Yes,Yes,One year,Yes,Electronic check,136.19,3504.35,Yes,2023-05-09
5705-LURKO,Male,0,Yes,No,5,Yes,No,DSL,No,Yes,No,No,Yes,Yes,Month-to-month,Yes,Electronic check,128.7,662.14,Yes,2023-05-09
2272-HOKFL,Female,0,No,No,34,No,No phone service,No,No internet service,No internet service,No internet service,No internet service,No internet service,No internet service,One year,No,Bank transfer (automatic),20.09,666.89,Yes,2023-05-09
5350-QZHLH,Female,0,No,No,42,No,No phone service,Fiber optic,Yes,Yes,Yes,Yes,Yes,Yes,Two year,Yes,Bank transfer (automatic),144.36,6066.65,Yes,2023-05-09
6103-IEPEV,Female,0,Yes,No,45,No,No phone service,Fiber optic,Yes,Yes,No,No,No,No,Month-to-month,No,Electronic check,124.93,5546.93,Yes,2023-05-09
4314-XDOBT,Male,0,Yes,No,7,Yes,No,Fiber optic,Yes,Yes,Yes,Yes,No,Yes,Month-to-month,Yes,Mailed check,189.33,1350.19,No,2023-05-09
7768-HJKUR,Female,1,Yes,No,48,Yes,Yes,Fiber optic,No,No,Yes,No,Yes,Yes,Two year,No,Credit card (automatic),146.04,6972.22,Yes,2023-05-09
4563-LUIJK,Female,1,Yes,Yes,29,Yes,No,Fiber optic,Yes,No,No,Yes,Yes,Yes,Two year,Yes,Bank transfer (automatic),148.48,4419.2,Yes,2023-05-09
2570-NCKOA,Male,0,Yes,Yes,53,Yes,No,Fiber optic,No,No,Yes,No,Yes,Yes,One year,Yes,Electronic check,160.93,8325.51,Yes,2023-05-09
3699-HSMWN,Male,0,Yes,No,34,Yes,No,Fiber optic,Yes,No,No,No,No,Yes,Month-to-month,Yes,Electronic check,163.94,5727.22,Yes,2023-05-09
9550-ARJLL,Female,1,No,No,13,Yes,Yes,Fiber optic,No,Yes,No,No,Yes,Yes,One year,Yes,Mailed check,168.28,2123.64,No,2023-05-09
4285-DLNPB,Female,0,Yes,No,46,Yes,Yes,Fiber optic,No,Yes,No,No,Yes,Yes,Month-to-month,Yes,Mailed check,181.68,8407.07,Yes,2023-05-09
9818-EAEJL,Female,0,Yes,Yes,22,Yes,No,Fiber optic,No,Yes,No,No,Yes,Yes,Month-to-month,Yes,Bank transfer (automatic),166.03,3657.89,No,2023-05-09
5572-QBOLT,Female,0,Yes,No,26,Yes,No,Fiber optic,Yes,Yes,Yes,Yes,Yes,Yes,One year,Yes,Bank transfer (automatic),175.42,4533.62,No,2023-05-09
2869-JLHNQ,Female,0,No,Yes,47,Yes,No,DSL,Yes,Yes,No,No,Yes,Yes,One year,Yes,Credit card (automatic),124.9,5994.8,No,2023-05-10
8740-VONMI,Male,0,No,No,43,Yes,No,DSL,Yes,Yes,No,Yes,Yes,No,Two year,Yes,Mailed check,115.6,4853.56,Yes,2023-05-10
3104-FOAWP,Male,0,Yes,No,64,Yes,No,No,No internet service,No internet service,No internet service,No internet service,No internet service,No internet service,Month-to-month,Yes,Mailed check,38.63,2542.07,Yes,2023-05-10
7601-KEGDZ,Male,0,No,Yes,49,Yes,Yes,Fiber optic,No,Yes,No,No,Yes,Yes,One year,No,Credit card (automatic),164.73,7905.6,No,2023-05-10
7160-DINSY,Female,0,Yes,Yes,32,Yes,No,Fiber optic,No,No,Yes,No,Yes,Yes,Month-to-month,No,Credit card (automatic),165.26,5353.4,Yes,2023-05-10
4854-XKKFT,Female,0,Yes,No,41,Yes,No,Fiber optic,No,Yes,Yes,Yes,Yes,Yes,Two year,Yes,Bank transfer (automatic),159.77,6390.08,No,2023-05-10
6482-LOZJI,Female,0,No,No,10,Yes,Yes,No,No internet service,No internet service,No internet service,No internet service,No internet service,No internet service,One year,Yes,Electronic check,48.8,493.95,Yes,2023-05-10
3182-TKJNA,Male,0,No,Yes,40,Yes,No,Fiber optic,No,Yes,No,Yes,Yes,Yes,Month-to-month,Yes,Bank transfer (automatic),178.35,7019.39,Yes,2023-05-10
5247-DBHFA,Male,0,Yes,No,21,No,No phone service,Fiber optic,Yes,Yes,Yes,Yes,Yes,Yes,One year,Yes,Electronic check,161.87,3449.88,Yes,2023-05-10
6342-YVQOF,Female,0,No,No,27,Yes,No,Fiber optic,Yes,No,Yes,No,Yes,Yes,Two year,Yes,Electronic check,153.28,4082.69,Yes,2023-05-10
3952-JQCCH,Male,0,Yes,Yes,19,Yes,No,Fiber optic,No,Yes,No,No,No,Yes,One year,Yes,Electronic check,151.32,2934.98,Yes,2023-05-10
1156-YVGMU,Male,0,Yes,Yes,43,Yes,Yes,Fiber optic,Yes,Yes,Yes,Yes,Yes,Yes,Month-to-month,No,Credit card (automatic),221.5,9740.38,No,2023-05-10
9358-DORRN,Female,0,Yes,Yes,33,Yes,No,Fiber optic,Yes,Yes,No,Yes,Yes,Yes,One year,No,Electronic check,181.25,6109.88,No,2023-05-10
6851-AYSLY,Female,0,Yes,No,31,Yes,Yes,No,No internet service,No internet service,No internet service,No internet service,No internet service,No internet service,One year,No,Bank transfer (automatic),49.19,1483.22,No,2023-05-10
4087-WXVLV,Female,0,No,No,37,Yes,Yes,No,No internet service,No internet service,No internet service,No internet service,No internet service,No internet service,One year,Yes,Credit card (automatic),58.83,2168.77,No,2023-05-10
7567-EBOER,Female,0,Yes,No,36,No,No phone service,Fiber optic,No,No,No,No,Yes,Yes,Month-to-month,Yes,Credit card (automatic),132.81,4718.61,Yes,2023-05-10
1159-ZGBNJ,Male,0,Yes,No,23,Yes,Yes,No,No internet service,No internet service,No internet service,No internet service,No internet service,No internet service,One year,Yes,Mailed check,58.83,1333.51,No,2023-05-10
8101-TVUAJ,Male,0,Yes,Yes,54,Yes,Yes,Fiber optic,No,Yes,No,No,Yes,No,Two year,Yes,Mailed check,147.93,7974.18,No,2023-05-10
4991-XRIBK,Female,1,Yes,No,14,Yes,No,No,No internet service,No internet service,No internet service,No internet service,No internet service,No internet service,Month-to-month,Yes,Credit card (automatic),52.14,750.1,Yes,2023-05-10
4294-QKUVG,Female,0,Yes,No,8,Yes,Yes,Fiber optic,Yes,Yes,Yes,No,Yes,No,Month-to-month,No,Mailed check,195.72,1558.71,Yes,2023-05-10
4366-SQHRR,Male,0,No,No,37,Yes,Yes,Fiber optic,No,No,No,Yes,Yes,No,Month-to-month,Yes,Electronic check,169.02,6160.96,Yes,2023-05-10
7930-FZITL,Female,0,Yes,No,32,Yes,Yes,No,No internet service,No internet service,No internet service,No internet service,No internet service,No internet service,Two year,Yes,Electronic check,58.0,1865.8,No,2023-05-10
8206-NGJDE,Male,0,No,No,15,Yes,No,Fiber optic,Yes,No,No,No,No,Yes,Two year,Yes,Mailed check,120.14,1762.95,No,2023-05-10
1127-MSDYD,Female,0,No,No,20,Yes,No,Fiber optic,Yes,Yes,No,No,Yes,Yes,Two year,Yes,Mailed check,159.51,3201.15,Yes,2023-05-10
5414-TCWBU,Female,0,Yes,Yes,27,Yes,No,DSL,Yes,No,Yes,Yes,Yes,Yes,Month-to-month,No,Bank transfer (automatic),145.92,3974.14,Yes,2023-05-10
5815-PZIFV,Female,0,Yes,No,45,Yes,No,DSL,Yes,No,No,Yes,Yes,Yes,One year,No,Electronic check,116.39,5380.87,No,2023-05-10
2076-XUJQA,Male,0,No,Yes,28,Yes,No,Fiber optic,No,Yes,No,Yes,Yes,Yes,One year,Yes,Bank transfer (automatic),156.63,4369.2,No,2023-05-11
7070-WSWFU,Female,0,No,Yes,10,Yes,Yes,Fiber optic,No,Yes,Yes,No,Yes,No,Two year,Yes,Electronic check,148.93,1527.78,Yes,2023-05-11
1842-PRNIF,Female,0,Yes,No,46,Yes,No,DSL,No,No,No,No,No,Yes,One year,No,Bank transfer (automatic),100.11,4500.41,No,2023-05-11
5527-KTWQF,Female,0,Yes,No,44,Yes,Yes,DSL,Yes,Yes,Yes,No,No,Yes,Month-to-month,No,Bank transfer (automatic),148.04,6613.47,No,2023-05-11
3547-ECMFB,Male,0,Yes,No,31,No,No phone service,DSL,No,Yes,No,Yes,Yes,Yes,Month-to-month,Yes,Bank transfer (automatic),111.52,3473.34,No,2023-05-11
8529-BTUMJ,Female,0,Yes,No,31,Yes,No,Fiber optic,No,No,Yes,No,Yes,Yes,Two year,No,Bank transfer (automatic),140.21,4273.62,No,2023-05-11
6610-NQBQY,Female,0,No,No,53,Yes,No,No,No internet service,No internet service,No internet service,No internet service,No internet service,No internet service,One year,Yes,Bank transfer (automatic),50.91,2632.01,No,2023-05-11
6073-WJNZL,Female,0,Yes,No,39,Yes,No,Fiber optic,No,Yes,No,No,No,Yes,One year,Yes,Credit card (automatic),132.78,5088.1,No,2023-05-11
4668-BGBDW,Female,0,Yes,No,26,Yes,No,DSL,No,No,Yes,No,Yes,Yes,Month-to-month,No,Mailed check,124.78,3199.22,Yes,2023-05-11
2474-TBFAX,Male,0,No,Yes,45,Yes,No,DSL,Yes,No,No,Yes,Yes,Yes,Month-to-month,Yes,Credit card (automatic),137.41,6046.34,Yes,2023-05-11
8442-EDEYO,Male,0,Yes,No,54,Yes,Yes,Fiber optic,No,No,Yes,Yes,Yes,Yes,One year,Yes,Bank transfer (automatic),191.25,10554.4,No,2023-05-11
9100-KIBDK,Male,0,Yes,No,49,Yes,No,Fiber optic,Yes,Yes,Yes,No,Yes,Yes,One year,Yes,Bank transfer (automatic),175.12,8372.62,No,2023-05-11
3085-OYRIZ,Male,0,Yes,No,32,Yes,No,Fiber optic,Yes,Yes,No,Yes,Yes,Yes,Month-to-month,No,Electronic check,187.4,6082.31,Yes,2023-05-11
7926-GTVBE,Female,1,No,No,43,Yes,No,Fiber optic,No,Yes,Yes,Yes,Yes,Yes,Two year,Yes,Bank transfer (automatic),158.58,6959.5,No,2023-05-11
1264-ULQLF,Male,0,Yes,No,33,Yes,Yes,DSL,Yes,No,No,Yes,No,Yes,One year,No,Credit card (automatic),129.42,4307.34,No,2023-05-11
8916-ZVYTF,Female,0,Yes,No,15,Yes,Yes,Fiber optic,Yes,No,Yes,Yes,Yes,Yes,One year,No,Mailed check,188.74,2771.32,No,2023-05-11
7542-AKEMO,Male,1,Yes,Yes,54,Yes,No,Fiber optic,No,No,Yes,Yes,Yes,Yes,One year,Yes,Credit card (automatic),172.61,9113.2,Yes,2023-05-11
4445-OEETU,Female,0,Yes,No,32,Yes,Yes,DSL,No,Yes,No,No,Yes,Yes,Month-to-month,Yes,Credit card (automatic),128.15,4093.88,No,2023-05-11
4424-NSXHB,Male,1,No,No,40,Yes,No,Fiber optic,Yes,Yes,Yes,No,Yes,Yes,Month-to-month,No,Electronic check,185.03,7236.93,Yes,2023-05-11
6370-ZSFYR,Male,0,No,No,35,Yes,No,DSL,No,No,Yes,Yes,Yes,Yes,Month-to-month,No,Electronic check,128.4,4448.48,Yes,2023-05-11
9001-GDIRR,Female,0,No,Yes,29,Yes,Yes,Fiber optic,Yes,No,No,No,Yes,Yes,One year,Yes,Mailed check,175.18,5181.67,No,2023-05-11
7122-KPWTD,Male,0,Yes,No,38,No,No phone service,Fiber optic,Yes,No,No,Yes,Yes,Yes,Month-to-month,Yes,Credit card (automatic),154.1,5954.4,Yes,2023-05-11
2439-PDAEN,Male,0,Yes,No,34,Yes,No,Fiber optic,No,No,Yes,Yes,Yes,No,Month-to-month,Yes,Credit card (automatic),162.67,5475.25,Yes,2023-05-11
8975-GHMSM,Male,1,Yes,No,35,Yes,No,Fiber optic,Yes,Yes,Yes,Yes,No,Yes,One year,Yes,Electronic check,174.26,6273.06,Yes,2023-05-12
1580-DQOEI,Female,0,No,No,29,Yes,No,Fiber optic,No,Yes,Yes,Yes,Yes,Yes,Two year,No,Credit card (automatic),154.62,4445.13,No,2023-05-12
7596-IVJRC,Male,0,No,Yes,13,Yes,Yes,Fiber optic,Yes,Yes,Yes,Yes,Yes,No,Two year,Yes,Credit card (automatic),181.64,2387.15,No,2023-05-12
3132-QSGIT,Male,0,Yes,No,23,No,No phone service,Fiber optic,No,Yes,No,No,No,Yes,One year,Yes,Bank transfer (automatic),121.6,2796.42,No,2023-05-12
2316-NWZAQ,Female,0,Yes,No,38,Yes,No,Fiber optic,Yes,No,No,No,Yes,Yes,Two year,Yes,Bank transfer (automatic),153.64,5697.04,No,2023-05-12
7179-SKHJG,Female,1,Yes,No,27,Yes,Yes,No,No internet service,No internet service,No internet service,No internet service,No internet service,No internet service,One year,Yes,Bank transfer (automatic),64.56,1698.22,Yes,2023-05-12
3710-YUSCC,Female,0,No,No,36,Yes,Yes,Fiber optic,No,No,No,No,Yes,No,Two year,No,Credit card (automatic),146.41,5399.97,Yes,2023-05-12
5411-RSLIV,Female,0,Yes,Yes,58,Yes,No,Fiber optic,Yes,No,Yes,No,No,No,Two year,Yes,Credit card (automatic),128.7,7407.73,No,2023-05-12
2756-FEQFK,Male,0,Yes,No,53,Yes,Yes,DSL,No,No,No,Yes,Yes,No,Month-to-month,Yes,Bank transfer (automatic),135.3,7096.37,Yes,2023-05-12
5869-UIRQG,Male,0,No,No,18,No,No phone service,Fiber optic,No,Yes,No,No,Yes,Yes,One year,Yes,Bank transfer (automatic),117.55,2130.08,No,2023-05-12
9594-MCNMY,Male,0,Yes,No,31,Yes,No,Fiber optic,No,Yes,Yes,No,No,Yes,Two year,No,Bank transfer (automatic),139.49,4218.57,No,2023-05-12
6278-HBVHT,Male,1,Yes,No,28,Yes,No,No,No internet service,No internet service,No internet service,No internet service,No internet service,No internet service,One year,Yes,Bank transfer (automatic),47.56,1339.57,No,2023-05-12
6974-LMNDI,Male,0,Yes,No,52,Yes,Yes,Fiber optic,No,No,Yes,Yes,Yes,Yes,One year,Yes,Bank transfer (automatic),175.49,8875.28,Yes,2023-05-12
3250-ONPJX,Female,0,No,No,18,Yes,No,DSL,No,Yes,No,No,Yes,Yes,One year,No,Bank transfer (automatic),112.66,2006.01,No,2023-05-12
1749-ZQRJZ,Male,0,Yes,No,58,No,No phone service,Fiber optic,Yes,No,No,Yes,No,Yes,One year,Yes,Bank transfer (automatic),131.64,7719.89,No,2023-05-12
7238-MPZCH,Male,1,No,No,16,Yes,No,Fiber optic,No,Yes,No,Yes,Yes,Yes,One year,No,Bank transfer (automatic),162.29,2565.96,No,2023-05-12
5639-XYLXS,Male,0,Yes,No,44,Yes,Yes,No,No internet service,No internet service,No internet service,No internet service,No internet service,No internet service,Month-to-month,Yes,Bank transfer (automatic),61.79,2694.29,No,2023-05-12
1448-MGJUF,Female,0,No,No,44,Yes,No,No,No internet service,No internet service,No internet service,No internet service,No internet service,No internet service,Two year,No,Credit card (automatic),43.96,1929.46,No,2023-05-12
5546-GHCLF,Male,0,Yes,No,51,No,No phone service,No,No internet service,No internet service,No internet service,No internet service,No internet service,No internet service,Two year,No,Bank transfer (automatic),18.5,942.19,No,2023-05-12
7984-RMXBC,Male,0,Yes,No,37,Yes,No,No,No internet service,No internet service,No internet service,No internet service,No internet service,No internet service,Month-to-month,Yes,Electronic check,41.38,1576.86,No,2023-05-12
9471-EIYOX,Male,0,Yes,No,13,Yes,Yes,DSL,No,No,Yes,Yes,Yes,Yes,Two year,Yes,Electronic check,128.65,1634.37,Yes,2023-05-12
2529-RQNVK,Female,0,No,No,38,Yes,No,Fiber optic,No,Yes,Yes,Yes,Yes,Yes,One year,Yes,Credit card (automatic),181.46,6744.15,No,2023-05-12
1966-JACGG,Male,0,Yes,No,30,Yes,Yes,DSL,No,No,No,Yes,Yes,No,One year,No,Bank transfer (automatic),131.62,3978.67,No,2023-05-12
8125-LKILE,Female,0,No,No,10,Yes,Yes,DSL,No,Yes,No,Yes,No,Yes,Two year,No,Bank transfer (automatic),134.9,1330.71,No,2023-05-12
6483-IXEJE,Male,0,Yes,Yes,36,Yes,Yes,Fiber optic,Yes,Yes,No,Yes,Yes,Yes,One year,Yes,Credit card (automatic),184.33,6439.95,No,2023-05-12
5288-EHTFU,Female,0,Yes,Yes,31,Yes,Yes,Fiber optic,No,Yes,Yes,Yes,Yes,Yes,One year,No,Credit card (automatic),192.39,5961.59,No,2023-05-12
4814-TJCPA,Male,0,Yes,No,49,Yes,No,Fiber optic,No,Yes,Yes,Yes,Yes,Yes,One year,No,Bank transfer (automatic),173.86,8508.88,No,2023-05-12
1013-RFEHE,Male,0,No,No,43,No,No phone service,DSL,No,No,Yes,Yes,No,No,Month-to-month,No,Credit card (automatic),96.29,4130.21,Yes,2023-05-12
8489-MJHBS,Male,0,No,Yes,27,Yes,No,DSL,Yes,Yes,Yes,No,Yes,Yes,One year,Yes,Mailed check,139.63,3693.1,Yes,2023-05-13
7841-MVHKH,Male,0,Yes,No,35,Yes,No,DSL,No,Yes,Yes,No,Yes,Yes,One year,No,Bank transfer (automatic),128.52,4501.14,No,2023-05-13
2276-ALFAM,Female,0,Yes,Yes,30,Yes,No,Fiber optic,No,Yes,No,No,Yes,Yes,Month-to-month,No,Credit card (automatic),154.66,4728.63,No,2023-05-13
8821-XTQIL,Female,0,No,Yes,52,Yes,No,DSL,No,No,Yes,Yes,No,No,Two year,Yes,Mailed check,109.08,5556.85,No,2023-05-13
7692-QGKGU,Male,0,No,No,54,Yes,Yes,Fiber optic,Yes,No,No,No,No,Yes,Month-to-month,Yes,Bank transfer (automatic),163.1,8556.33,Yes,2023-05-13
1202-DOIGE,Female,0,Yes,No,43,No,No phone service,DSL,Yes,No,No,Yes,Yes,Yes,Month-to-month,Yes,Bank transfer (automatic),105.9,4515.91,No,2023-05-13
9388-LFEBV,Female,0,Yes,Yes,23,Yes,Yes,Fiber optic,Yes,No,No,Yes,Yes,Yes,Two year,Yes,Bank transfer (automatic),158.54,3710.54,Yes,2023-05-13
6655-SPDBO,Female,0,Yes,No,34,Yes,No,DSL,No,No,No,No,Yes,Yes,Month-to-month,No,Credit card (automatic),108.34,3617.12,Yes,2023-05-13
1926-LLTLU,Female,0,No,Yes,27,Yes,Yes,DSL,Yes,No,No,No,Yes,Yes,Two year,Yes,Bank transfer (automatic),129.2,3474.57,No,2023-05-13
3422-VGXXB,Male,0,No,Yes,23,No,No phone service,No,No internet service,No internet service,No internet service,No internet service,No internet service,No internet service,Two year,Yes,Bank transfer (automatic),18.5,437.97,No,2023-05-13
7425-POHFZ,Male,1,Yes,No,40,Yes,No,DSL,Yes,Yes,Yes,No,Yes,Yes,Month-to-month,Yes,Mailed check,141.1,5573.6,Yes,2023-05-13
5303-SOTNK,Female,0,Yes,No,37,Yes,Yes,Fiber optic,No,Yes,Yes,No,Yes,Yes,Two year,No,Bank transfer (automatic),169.87,6153.11,No,2023-05-13
6127-UAVQF,Male,0,No,No,34,No,No phone service,Fiber optic,Yes,No,No,No,Yes,Yes,Month-to-month,No,Bank transfer (automatic),128.11,4479.51,No,2023-05-13
9037-QEXAT,Male,0,Yes,No,14,No,No phone service,Fiber optic,Yes,No,Yes,No,No,Yes,One year,Yes,Mailed check,130.08,1802.14,Yes,2023-05-13
9299-AAISE,Female,0,No,Yes,23,Yes,Yes,Fiber optic,No,No,Yes,No,Yes,Yes,Month-to-month,Yes,Mailed check,179.3,4188.29,Yes,2023-05-13
5187-JOPKL,Female,0,Yes,No,30,Yes,Yes,Fiber optic,No,No,Yes,Yes,Yes,Yes,Month-to-month,Yes,Credit card (automatic),190.23,5719.33,Yes,2023-05-13
3615-QMRCW,Female,1,Yes,No,37,No,No phone service,Fiber optic,Yes,Yes,No,No,Yes,Yes,One year,Yes,Mailed check,147.03,5594.23,No,2023-05-13
9055-OYKWF,Female,0,No,No,47,Yes,No,DSL,No,Yes,No,Yes,Yes,Yes,Two year,Yes,Electronic check,117.64,5384.8,No,2023-05-13
3643-BNTXA,Male,0,Yes,No,22,No,No phone service,Fiber optic,Yes,Yes,No,No,No,Yes,One year,No,Credit card (automatic),126.09,2755.42,No,2023-05-13
7077-PRBSC,Male,1,Yes,No,11,Yes,No,No,No internet service,No internet service,No internet service,No internet service,No internet service,No internet service,Month-to-month,Yes,Credit card (automatic),49.04,529.61,Yes,2023-05-13
3441-GCYDA,Female,0,Yes,No,9,Yes,Yes,Fiber optic,No,Yes,Yes,No,No,No,Month-to-month,Yes,Bank transfer (automatic),186.13,1708.74,No,2023-05-13
3239-PKVQN,Female,1,No,No,33,Yes,No,Fiber optic,Yes,No,No,Yes,Yes,Yes,One year,Yes,Bank transfer (automatic),165.07,5332.81,No,2023-05-13
8461-MTYJY,Female,0,Yes,No,26,No,No phone service,Fiber optic,No,No,Yes,Yes,Yes,Yes,One year,No,Bank transfer (automatic),145.92,3800.55,No,2023-05-13
6164-ZXXRM,Female,0,Yes,Yes,42,Yes,Yes,Fiber optic,No,Yes,No,Yes,Yes,Yes,Month-to-month,No,Bank transfer (automatic),189.38,8128.63,No,2023-05-13
5986-SIIVX,Male,1,Yes,No,24,Yes,No,DSL,No,No,No,No,Yes,Yes,One year,Yes,Mailed check,101.32,2417.38,No,2023-05-13
6765-ILLUS,Female,0,Yes,No,22,Yes,Yes,DSL,No,Yes,Yes,No,Yes,Yes,Two year,Yes,Mailed check,133.66,2911.43,No,2023-05-13
1381-GCNSN,Female,1,Yes,No,20,Yes,Yes,Fiber optic,No,Yes,Yes,Yes,Yes,Yes,Two year,Yes,Bank transfer (automatic),184.11,3647.09,No,2023-05-13
9780-MGIPI,Female,0,Yes,Yes,38,Yes,Yes,DSL,Yes,Yes,Yes,No,Yes,Yes,One year,No,Bank transfer (automatic),150.6,5571.64,No,2023-05-13
6790-AXNLB,Male,0,Yes,No,42,Yes,No,Fiber optic,Yes,No,No,Yes,Yes,Yes,Month-to-month,Yes,Mailed check,174.63,7245.84,Yes,2023-05-13
1785-ITCPN,Female,0,Yes,No,44,Yes,No,Fiber optic,No,Yes,Yes,Yes,No,Yes,Month-to-month,Yes,Bank transfer (automatic),171.35,7380.09,Yes,2023-05-13
3574-PSSTY,Female,0,Yes,No,22,Yes,Yes,DSL,No,No,Yes,No,Yes,Yes,Month-to-month,Yes,Bank transfer (automatic),141.58,3056.24,No,2023-05-13
4239-RNPQH,Female,0,No,Yes,41,Yes,No,No,No internet service,No internet service,No internet service,No internet service,No internet service,No internet service,One year,Yes,Credit card (automatic),44.74,1864.45,No,2023-05-13
7539-NAPAY,Male,0,Yes,No,39,Yes,No,Fiber optic,No,Yes,No,No,No,Yes,Two year,Yes,Electronic check,131.47,5045.01,Yes,2023-05-13
6197-SRROO,Male,0,Yes,No,44,Yes,Yes,No,No internet service,No internet service,No internet service,No internet service,No internet service,No internet service,Month-to-month,Yes,Mailed check,72.05,3117.3,Yes,2023-05-14
7480-KNJWI,Male,0,No,No,17,Yes,Yes,DSL,Yes,Yes,Yes,No,Yes,Yes,Month-to-month,No,Bank transfer (automatic),159.1,2682.54,No,2023-05-14
1738-GJRXK,Male,0,No,Yes,70,Yes,No,Fiber optic,Yes,Yes,No,No,Yes,No,Month-to-month,Yes,Bank transfer (automatic),166.84,11809.76,Yes,2023-05-14
7894-MOOQZ,Female,1,No,No,30,Yes,No,No,No internet service,No internet service,No internet service,No internet service,No internet service,No internet service,Month-to-month,Yes,Credit card (automatic),54.39,1621.52,No,2023-05-14
8294-LKIEV,Female,0,No,No,35,Yes,Yes,Fiber optic,No,No,Yes,No,Yes,Yes,One year,Yes,Bank transfer (automatic),178.34,6120.54,Yes,2023-05-14
6287-PVMIG,Female,0,No,No,46,Yes,Yes,No,No internet service,No internet service,No internet service,No internet service,No internet service,No internet service,One year,No,Credit card (automatic),65.58,3002.55,No,2023-05-14
7429-VCGRJ,Female,0,No,Yes,21,Yes,No,Fiber optic,Yes,Yes,No,No,Yes,Yes,Two year,Yes,Bank transfer (automatic),157.88,3412.34,No,2023-05-14
1091-IESNI,Male,0,No,No,49,Yes,No,Fiber optic,Yes,Yes,No,No,No,Yes,One year,Yes,Electronic check,153.76,7520.9,No,2023-05-14
1704-AVFJF,Female,0,No,Yes,44,Yes,No,Fiber optic,Yes,No,Yes,No,Yes,No,Two year,No,Credit card (automatic),143.69,6352.35,No,2023-05-14
9987-CWZGH,Female,0,Yes,Yes,60,Yes,Yes,Fiber optic,No,Yes,Yes,Yes,Yes,Yes,One year,No,Bank transfer (automatic),198.81,11794.28,Yes,2023-05-14
2316-DEJFD,Male,0,Yes,No,33,Yes,No,Fiber optic,No,No,Yes,No,Yes,Yes,One year,Yes,Mailed check,159.88,5145.65,No,2023-05-14
3137-SVIHW,Female,0,Yes,No,64,Yes,No,Fiber optic,Yes,Yes,Yes,No,Yes,No,One year,Yes,Electronic check,162.21,10200.92,No,2023-05-14
3390-WUPGF,Female,0,Yes,No,17,Yes,No,No,No internet service,No internet service,No internet service,No internet service,No internet service,No internet service,Month-to-month,No,Electronic check,49.3,849.0,Yes,2023-05-14
6877-ODRCO,Male,0,Yes,Yes,62,Yes,No,Fiber optic,Yes,Yes,Yes,No,No,No,One year,Yes,Credit card (automatic),149.38,9419.42,No,2023-05-14
1855-DULMH,Female,0,No,No,39,Yes,Yes,Fiber optic,No,No,Yes,Yes,Yes,No,Two year,Yes,Electronic check,149.93,5978.7,Yes,2023-05-14
8233-DENDG,Male,0,No,No,17,No,No phone service,No,No internet service,No internet service,No internet service,No internet service,No internet service,No internet service,Month-to-month,No,Bank transfer (automatic),27.39,462.07,Yes,2023-05-14
4962-THFQY,Female,0,Yes,No,39,Yes,No,DSL,No,Yes,No,No,Yes,Yes,One year,Yes,Electronic check,127.27,4836.13,No,2023-05-14
9186-MVIJR,Female,0,Yes,No,65,Yes,No,Fiber optic,No,Yes,Yes,No,Yes,Yes,Month-to-month,Yes,Electronic check,167.51,11023.73,Yes,2023-05-14
6058-WVLXP,Female,0,Yes,Yes,64,Yes,No,Fiber optic,No,Yes,No,No,Yes,No,One year,Yes,Credit card (automatic),146.22,9169.94,No,2023-05-14
7639-IBVHX,Female,0,No,No,53,Yes,Yes,DSL,Yes,Yes,No,Yes,Yes,Yes,Two year,Yes,Electronic check,131.33,7146.2,No,2023-05-14
4972-KEKPG,Female,0,Yes,Yes,31,No,No phone service,DSL,Yes,Yes,Yes,No,Yes,No,Month-to-month,Yes,Electronic check,122.47,3870.02,Yes,2023-05-14
8227-RHECY,Male,1,No,No,24,Yes,Yes,DSL,Yes,Yes,Yes,No,Yes,Yes,Two year,Yes,Mailed check,144.84,3429.58,No,2023-05-14
2175-GUCXM,Male,0,Yes,No,27,Yes,Yes,Fiber optic,Yes,No,No,Yes,No,Yes,Two year,Yes,Mailed check,157.54,4345.5,Yes,2023-05-14
6048-YQRUO,Male,0,No,Yes,26,Yes,No,No,No internet service,No internet service,No internet service,No internet service,No internet service,No internet service,Two year,Yes,Credit card (automatic),30.39,787.85,No,2023-05-14
5876-CPWNR,Male,0,Yes,No,43,Yes,Yes,No,No internet service,No internet service,No internet service,No internet service,No internet service,No internet service,One year,Yes,Bank transfer (automatic),62.41,2714.78,No,2023-05-14
6742-ARTSA,Female,0,No,No,46,Yes,No,DSL,Yes,Yes,Yes,Yes,No,Yes,Two year,Yes,Bank transfer (automatic),114.07,5187.41,No,2023-05-14
4990-JJNRW,Male,0,No,No,30,Yes,Yes,Fiber optic,Yes,No,Yes,Yes,Yes,Yes,Month-to-month,Yes,Bank transfer (automatic),214.74,6580.8,Yes,2023-05-15
4821-EXWQY,Male,0,No,No,33,Yes,Yes,Fiber optic,No,Yes,Yes,Yes,Yes,No,Two year,Yes,Credit card (automatic),167.36,5432.83,No,2023-05-15
9748-FFYUV,Female,0,Yes,No,24,Yes,Yes,DSL,Yes,Yes,No,No,No,Yes,One year,No,Credit card (automatic),133.97,3304.92,Yes,2023-05-15
6021-VDBZE,Male,0,No,No,46,Yes,Yes,Fiber optic,No,No,Yes,Yes,Yes,Yes,Month-to-month,Yes,Electronic check,177.45,8033.66,Yes,2023-05-15
1355-PJZWQ,Female,0,No,No,47,Yes,No,Fiber optic,Yes,Yes,Yes,No,Yes,No,One year,Yes,Bank transfer (automatic),159.35,7356.53,No,2023-05-15
1873-UBVQO,Female,1,No,Yes,41,Yes,Yes,Fiber optic,Yes,No,Yes,No,No,No,One year,Yes,Mailed check,162.47,6657.28,No,2023-05-15
2143-BDRFE,Female,0,No,No,37,Yes,Yes,No,No internet service,No internet service,No internet service,No internet service,No internet service,No internet service,Two year,Yes,Bank transfer (automatic),46.18,1706.47,No,2023-05-15
8812-FFAFA,Female,0,Yes,No,37,Yes,Yes,No,No internet service,No internet service,No internet service,No internet service,No internet service,No internet service,One year,Yes,Mailed check,62.99,2378.11,No,2023-05-15
9682-RURBY,Male,0,No,Yes,33,Yes,No,Fiber optic,No,Yes,No,No,Yes,Yes,Month-to-month,Yes,Credit card (automatic),166.72,5656.87,Yes,2023-05-15
7163-QWOCO,Female,0,Yes,Yes,31,Yes,Yes,Fiber optic,Yes,Yes,Yes,No,Yes,No,Two year,Yes,Bank transfer (automatic),173.88,5362.72,Yes,2023-05-15
3575-HUIJH,Female,0,Yes,No,55,Yes,Yes,Fiber optic,No,Yes,No,No,Yes,Yes,Two year,Yes,Electronic check,162.99,8782.91,Yes,2023-05-15
5243-BPHJE,Female,0,Yes,No,50,Yes,Yes,No,No internet service,No internet service,No internet service,No internet service,No internet service,No internet service,Two year,No,Electronic check,42.01,2140.68,No,2023-05-15
2323-NFDHK,Female,0,No,Yes,23,Yes,Yes,Fiber optic,Yes,No,No,No,No,Yes,Two year,Yes,Mailed check,143.68,3394.68,No,2023-05-15
7354-OQWBR,Female,0,Yes,No,15,Yes,No,No,No internet service,No internet service,No internet service,No internet service,No internet service,No internet service,Two year,Yes,Bank transfer (automatic),31.54,472.5,Yes,2023-05-15
4087-EWGOP,Female,0,Yes,No,42,Yes,No,DSL,No,No,Yes,Yes,Yes,Yes,Month-to-month,Yes,Credit card (automatic),138.0,5874.63,Yes,2023-05-15
7444-ZFAUQ,Male,0,Yes,No,56,Yes,Yes,No,No internet service,No internet service,No internet service,No internet service,No internet service,No internet service,One year,Yes,Credit card (automatic),61.21,3497.97,No,2023-05-15
7344-XQCDV,Female,0,Yes,No,43,Yes,No,DSL,No,No,No,No,Yes,No,Month-to-month,No,Mailed check,108.84,4689.14,No,2023-05-15
7972-ZYZNJ,Female,0,Yes,No,20,Yes,Yes,DSL,No,Yes,No,No,Yes,Yes,Month-to-month,Yes,Bank transfer (automatic),145.82,2992.4,No,2023-05-15
7207-UPAOO,Female,0,Yes,No,27,Yes,Yes,Fiber optic,No,Yes,No,Yes,Yes,Yes,Month-to-month,Yes,Bank transfer (automatic),202.86,5316.27,Yes,2023-05-15
4833-NIVMV,Male,0,No,No,48,Yes,Yes,DSL,Yes,No,No,No,Yes,Yes,One year,No,Bank transfer (automatic),123.11,5998.77,No,2023-05-15
1323-NASMR,Male,0,No,No,46,No,No phone service,DSL,No,Yes,Yes,No,Yes,Yes,Month-to-month,Yes,Electronic check,109.92,5091.76,Yes,2023-05-15
9986-BRLEQ,Male,0,No,No,24,Yes,No,Fiber optic,No,Yes,No,No,Yes,Yes,Two year,Yes,Bank transfer (automatic),138.02,3389.65,No,2023-05-15
6099-PVWQO,Male,0,Yes,No,39,Yes,No,Fiber optic,Yes,No,Yes,No,Yes,Yes,Month-to-month,Yes,Credit card (automatic),157.43,6004.91,Yes,2023-05-15
4912-ETRQW,Female,0,No,No,24,Yes,Yes,Fiber optic,Yes,Yes,No,No,Yes,Yes,One year,Yes,Electronic check,170.07,3983.7,Yes,2023-05-15
8808-ADVID,Female,0,No,No,32,Yes,Yes,DSL,Yes,No,No,Yes,Yes,Yes,One year,No,Bank transfer (automatic),144.52,4506.41,Yes,2023-05-15
3330-LZKUT,Female,0,Yes,No,50,Yes,No,DSL,No,No,Yes,No,Yes,No,One year,Yes,Mailed check,108.49,5403.79,No,2023-05-15
9361-CUVWI,Male,0,Yes,No,62,Yes,Yes,Fiber optic,No,Yes,Yes,No,Yes,Yes,One year,Yes,Electronic check,189.55,11765.03,Yes,2023-05-15
9284-PPZJL,Male,0,Yes,No,44,Yes,Yes,DSL,No,No,No,No,Yes,Yes,One year,Yes,Mailed check,119.94,5169.61,No,2023-05-15
4982-XBACC,Male,0,No,No,43,Yes,No,Fiber optic,Yes,Yes,Yes,Yes,Yes,Yes,One year,Yes,Mailed check,180.28,7893.84,No,2023-05-15
2427-AJLQY,Male,0,Yes,No,43,Yes,Yes,No,No internet service,No internet service,No internet service,No internet service,No internet service,No internet service,Two year,Yes,Bank transfer (automatic),62.26,2614.39,No,2023-05-15
5840-IGLPR,Male,0,No,No,36,Yes,Yes,Fiber optic,Yes,No,Yes,Yes,Yes,Yes,One year,Yes,Mailed check,205.62,7212.64,No,2023-05-16
9072-RMVVG,Female,0,Yes,Yes,35,Yes,Yes,DSL,No,No,No,No,Yes,Yes,Two year,No,Bank transfer (automatic),111.77,3962.72,Yes,2023-05-16
4166-CSIFM,Female,0,No,No,57,Yes,Yes,Fiber optic,No,No,No,Yes,Yes,Yes,Month-to-month,Yes,Bank transfer (automatic),188.08,10961.51,No,2023-05-16
7896-LCESO,Male,0,Yes,No,46,Yes,Yes,Fiber optic,No,Yes,Yes,Yes,Yes,Yes,Month-to-month,No,Electronic check,202.7,9101.75,Yes,2023-05-16
4216-AVLIB,Male,0,No,Yes,10,Yes,No,Fiber optic,No,No,Yes,No,Yes,Yes,Two year,Yes,Mailed check,138.79,1360.76,No,2023-05-16
2931-HMGAQ,Male,0,No,No,63,Yes,Yes,Fiber optic,Yes,Yes,No,No,No,Yes,One year,Yes,Credit card (automatic),175.53,10892.36,No,2023-05-16
8459-THWVE,Male,0,No,No,40,Yes,Yes,No,No internet service,No internet service,No internet service,No internet service,No internet service,No internet service,Month-to-month,Yes,Electronic check,67.23,2683.02,Yes,2023-05-16
8048-CQHRC,Female,0,No,Yes,14,Yes,Yes,DSL,Yes,No,Yes,Yes,Yes,Yes,Month-to-month,Yes,Mailed check,168.24,2408.19,No,2023-05-16
4205-TASOR,Female,0,No,No,42,Yes,No,DSL,Yes,No,No,Yes,No,Yes,One year,Yes,Bank transfer (automatic),125.1,5379.42,Yes,2023-05-16
3670-DGBVD,Male,0,No,No,63,Yes,No,Fiber optic,Yes,Yes,Yes,No,No,Yes,Two year,Yes,Credit card (automatic),146.32,9035.76,No,2023-05-16
2318-ZKBEB,Male,0,Yes,No,26,Yes,No,Fiber optic,No,Yes,No,Yes,Yes,Yes,Two year,Yes,Credit card (automatic),149.61,3876.11,Yes,2023-05-16
7059-LOTVJ,Male,0,Yes,No,27,Yes,Yes,No,No internet service,No internet service,No internet service,No internet service,No internet service,No internet service,Two year,Yes,Credit card (automatic),46.65,1291.29,No,2023-05-16
7945-XEQFJ,Female,0,Yes,No,33,Yes,Yes,Fiber optic,No,Yes,Yes,Yes,No,Yes,Month-to-month,No,Bank transfer (automatic),199.09,6559.09,Yes,2023-05-16
1919-YSHBX,Male,0,Yes,No,19,No,No phone service,No,No internet service,No internet service,No internet service,No internet service,No internet service,No internet service,Month-to-month,Yes,Bank transfer (automatic),18.5,356.37,Yes,2023-05-16
3237-KXXPZ,Female,0,No,No,15,Yes,Yes,Fiber optic,No,No,No,Yes,Yes,Yes,Two year,No,Electronic check,152.72,2349.97,Yes,2023-05-16
7699-HRSWL,Female,0,Yes,No,45,Yes,Yes,Fiber optic,No,Yes,Yes,Yes,No,Yes,One year,Yes,Mailed check,185.19,8390.47,Yes,2023-05-16
9017-LINQM,Female,0,No,No,38,Yes,Yes,Fiber optic,Yes,Yes,Yes,No,Yes,Yes,Month-to-month,Yes,Credit card (automatic),200.23,7803.43,Yes,2023-05-16
5909-GXDRO,Female,0,No,No,36,Yes,No,No,No internet service,No internet service,No internet service,No internet service,No internet service,No internet service,Month-to-month,Yes,Bank transfer (automatic),42.37,1495.68,Yes,2023-05-16
2133-ZNDRY,Male,0,Yes,Yes,17,Yes,No,No,No internet service,No internet service,No internet service,No internet service,No internet service,No internet service,Month-to-month,Yes,Bank transfer (automatic),41.91,694.46,No,2023-05-16
2274-DVTLO,Male,0,No,No,22,Yes,No,Fiber optic,Yes,No,Yes,No,Yes,Yes,Month-to-month,Yes,Credit card (automatic),171.17,3733.52,Yes,2023-05-16
5642-HQSIN,Male,0,Yes,No,54,Yes,Yes,DSL,No,Yes,No,Yes,Yes,Yes,Month-to-month,Yes,Credit card (automatic),149.7,8164.63,Yes,2023-05-16
8079-IDBCT,Male,0,No,No,55,Yes,No,DSL,Yes,Yes,Yes,Yes,Yes,No,One year,No,Mailed check,139.07,7546.1,Yes,2023-05-16
8792-RDAZV,Female,0,No,No,59,Yes,Yes,DSL,Yes,No,No,Yes,Yes,Yes,Two year,Yes,Bank transfer (automatic),134.4,7823.3,No,2023-05-16
3285-DQJGB,Female,0,Yes,No,49,Yes,Yes,DSL,Yes,Yes,Yes,Yes,No,Yes,One year,No,Bank transfer (automatic),154.07,7743.96,No,2023-05-16
9743-MPVLP,Male,0,No,No,18,Yes,Yes,No,No internet service,No internet service,No internet service,No internet service,No internet service,No internet service,Month-to-month,Yes,Mailed check,54.62,964.63,Yes,2023-05-16
5761-WBKFR,Female,0,Yes,No,40,Yes,No,No,No internet service,No internet service,No internet service,No internet service,No internet service,No internet service,Month-to-month,No,Mailed check,37.97,1505.56,No,2023-05-16
8156-VCPNV,Female,0,No,No,40,Yes,Yes,DSL,No,Yes,No,No,Yes,Yes,Two year,No,Credit card (automatic),115.36,4708.07,No,2023-05-16
6065-ILTJS,Female,0,No,Yes,53,Yes,Yes,Fiber optic,No,Yes,Yes,No,Yes,No,Two year,Yes,Mailed check,150.71,7922.21,No,2023-05-16
2956-VXNMY,Male,0,No,Yes,58,Yes,No,Fiber optic,No,Yes,No,No,Yes,Yes,One year,No,Credit card (automatic),157.22,9243.18,No,2023-05-16
6496-YJGJM,Female,0,Yes,No,68,Yes,No,Fiber optic,No,No,No,Yes,Yes,Yes,Two year,No,Mailed check,154.02,10644.34,No,2023-05-16
6983-OILQM,Male,0,No,No,54,Yes,Yes,Fiber optic,No,No,Yes,Yes,Yes,No,One year,Yes,Electronic check,178.8,9799.07,No,2023-05-16
5911-ZPMZU,Male,0,Yes,Yes,70,Yes,No,Fiber optic,Yes,No,No,Yes,Yes,Yes,One year,Yes,Bank transfer (automatic),162.29,11220.29,No,2023-05-16
4897-HJJXF,Male,0,Yes,No,25,Yes,No,Fiber optic,No,Yes,No,Yes,Yes,Yes,Two year,Yes,Mailed check,143.8,3700.84,Yes,2023-05-16
8570-WEFND,Female,0,Yes,No,41,Yes,Yes,DSL,Yes,Yes,Yes,No,Yes,No,Month-to-month,No,Credit card (automatic),157.55,6417.95,Yes,2023-05-17
3833-FWEPE,Female,0,No,No,33,Yes,Yes,DSL,Yes,No,Yes,No,Yes,Yes,One year,Yes,Electronic check,151.41,5045.14,No,2023-05-17
1985-EKAKA,Female,0,No,No,49,Yes,Yes,DSL,No,Yes,No,No,Yes,Yes,One year,No,Bank transfer (automatic),137.94,6574.03,No,2023-05-17
4113-XCAVX,Male,0,Yes,Yes,16,Yes,No,No,No internet service,No internet service,No internet service,No internet service,No internet service,No internet service,Two year,Yes,Credit card (automatic),31.58,493.79,Yes,2023-05-17
3676-DFPNX,Male,0,No,No,52,Yes,Yes,No,No internet service,No internet service,No internet service,No internet service,No internet service,No internet service,Month-to-month,Yes,Electronic check,69.77,3617.25,Yes,2023-05-17
5780-VQHCN,Male,0,Yes,No,46,Yes,No,Fiber optic,No,No,Yes,Yes,No,Yes,One year,Yes,Bank transfer (automatic),151.32,6822.51,Yes,2023-05-17
2616-LKNLD,Female,1,Yes,No,55,Yes,No,Fiber optic,Yes,No,No,No,Yes,Yes,One year,Yes,Bank transfer (automatic),154.14,8249.47,No,2023-05-17
4856-NBLBX,Male,0,Yes,Yes,53,Yes,No,Fiber optic,No,Yes,Yes,Yes,Yes,No,Month-to-month,No,Credit card (automatic),180.09,9680.71,No,2023-05-17
4209-XHOID,Female,0,No,No,42,Yes,Yes,Fiber optic,Yes,Yes,No,No,Yes,Yes,Month-to-month,Yes,Electronic check,205.19,8558.99,Yes,2023-05-17
5423-SOBHQ,Female,1,Yes,No,38,Yes,No,Fiber optic,Yes,Yes,No,No,Yes,Yes,Two year,Yes,Bank transfer (automatic),155.81,5817.15,Yes,2023-05-17
3588-IXFUL,Female,1,No,No,32,Yes,Yes,DSL,Yes,Yes,No,No,No,Yes,Month-to-month,No,Credit card (automatic),142.34,4466.82,Yes,2023-05-17
5124-IFTEZ,Male,0,No,No,29,Yes,No,Fiber optic,Yes,Yes,No,Yes,Yes,No,One year,No,Bank transfer (automatic),159.92,4590.69,No,2023-05-17
2043-XDHFG,Male,0,Yes,No,17,Yes,Yes,Fiber optic,No,No,No,Yes,Yes,Yes,One year,Yes,Electronic check,156.73,2614.85,No,2023-05-17
9375-BFRYI,Male,0,No,No,10,Yes,Yes,No,No internet service,No internet service,No internet service,No internet service,No internet service,No internet service,Month-to-month,Yes,Bank transfer (automatic),61.54,618.84,No,2023-05-17
8617-QRTOJ,Male,1,Yes,Yes,52,Yes,Yes,DSL,No,Yes,Yes,No,No,Yes,Month-to-month,Yes,Electronic check,149.17,7684.63,Yes,2023-05-17
9629-YCZFM,Female,0,No,Yes,7,Yes,Yes,No,No internet service,No internet service,No internet service,No internet service,No internet service,No internet service,One year,Yes,Credit card (automatic),54.75,393.91,Yes,2023-05-17
3321-HVYPF,Female,0,Yes,No,32,Yes,No,No,No internet service,No internet service,No internet service,No internet service,No internet service,No internet service,One year,Yes,Bank transfer (automatic),37.89,1179.36,Yes,2023-05-17
7244-XCOPB,Female,0,No,No,29,Yes,No,Fiber optic,Yes,No,No,Yes,Yes,Yes,Two year,Yes,Electronic check,149.41,4338.4,No,2023-05-17
5578-WYGRE,Female,1,Yes,No,10,Yes,Yes,DSL,Yes,Yes,No,No,Yes,Yes,Two year,No,Bank transfer (automatic),133.45,1356.95,No,2023-05-17
7265-LPTRS,Female,0,Yes,No,32,Yes,No,No,No internet service,No internet service,No internet service,No internet service,No internet service,No internet service,One year,Yes,Mailed check,63.24,1978.36,No,2023-05-17
1405-XZVLW,Male,0,Yes,No,47,Yes,Yes,Fiber optic,No,No,Yes,No,Yes,Yes,One year,Yes,Bank transfer (automatic),168.55,7909.03,No,2023-05-17
7407-XHFVD,Male,0,No,No,27,Yes,Yes,Fiber optic,Yes,Yes,No,No,Yes,No,Month-to-month,Yes,Credit card (automatic),184.18,5041.73,Yes,2023-05-17
5904-FLKXY,Male,0,No,No,33,Yes,No,Fiber optic,Yes,No,Yes,Yes,Yes,Yes,Two year,No,Electronic check,149.62,4886.43,No,2023-05-17
9296-HEVQU,Female,0,Yes,Yes,47,Yes,No,Fiber optic,No,No,No,No,No,Yes,One year,No,Bank transfer (automatic),131.42,6101.02,No,2023-05-17
4238-ELYIU,Female,0,Yes,Yes,50,Yes,Yes,Fiber optic,Yes,No,No,Yes,Yes,Yes,One year,Yes,Credit card (automatic),190.5,9699.04,No,2023-05-17
8510-MVOYH,Female,0,Yes,No,16,Yes,Yes,Fiber optic,Yes,Yes,No,No,Yes,Yes,Month-to-month,Yes,Credit card (automatic),192.12,3072.56,Yes,2023-05-17
8544-OTIPJ,Male,0,Yes,No,53,Yes,No,Fiber optic,Yes,No,Yes,Yes,No,Yes,Two year,No,Mailed check,147.97,7753.77,Yes,2023-05-17
7681-NDWIX,Female,0,Yes,No,49,Yes,Yes,DSL,No,No,Yes,No,Yes,No,One year,Yes,Bank transfer (automatic),127.36,6248.76,No,2023-05-17
1774-TKGBX,Male,0,No,Yes,23,Yes,Yes,Fiber optic,Yes,Yes,Yes,Yes,Yes,Yes,Two year,Yes,Electronic check,184.47,4218.23,No,2023-05-17
5699-QYVSD,Female,0,Yes,No,35,Yes,Yes,No,No internet service,No internet service,No internet service,No internet service,No internet service,No internet service,One year,No,Credit card (automatic),62.62,2238.87,No,2023-05-18
4440-IMNGQ,Female,0,No,No,52,No,No phone service,Fiber optic,Yes,Yes,No,Yes,Yes,Yes,Two year,Yes,Mailed check,143.26,7263.98,No,2023-05-18
4586-FMPUF,Male,0,Yes,No,24,Yes,No,Fiber optic,No,Yes,No,No,Yes,Yes,Month-to-month,Yes,Bank transfer (automatic),169.94,4108.38,No,2023-05-18
5913-LOFKQ,Male,0,Yes,No,35,Yes,No,DSL,No,Yes,No,Yes,Yes,Yes,One year,Yes,Credit card (automatic),126.74,4476.23,No,2023-05-18
3878-UZDMU,Female,0,Yes,No,48,Yes,No,Fiber optic,Yes,Yes,Yes,No,Yes,No,One year,Yes,Electronic check,164.22,7915.43,Yes,2023-05-18
2047-VCMUF,Male,0,Yes,Yes,43,Yes,No,Fiber optic,Yes,No,No,Yes,Yes,Yes,Two year,No,Electronic check,150.7,6523.35,No,2023-05-18
1960-EAKYU,Female,0,Yes,No,62,Yes,Yes,DSL,No,No,Yes,No,Yes,Yes,Two year,Yes,Bank transfer (automatic),127.73,7910.4,No,2023-05-18
3897-OGPDF,Male,1,Yes,No,48,Yes,No,Fiber optic,No,Yes,Yes,No,Yes,Yes,One year,Yes,Credit card (automatic),165.64,8000.39,Yes,2023-05-18
8542-YGUBU,Male,0,Yes,No,28,Yes,No,No,No internet service,No internet service,No internet service,No internet service,No internet service,No internet service,Month-to-month,No,Credit card (automatic),36.0,1013.43,Yes,2023-05-18
5009-HGTBW,Female,0,No,No,27,Yes,No,Fiber optic,No,No,Yes,No,Yes,No,One year,Yes,Bank transfer (automatic),146.25,3977.12,No,2023-05-18
7928-VIGKH,Male,0,Yes,No,33,Yes,Yes,No,No internet service,No internet service,No internet service,No internet service,No internet service,No internet service,Two year,Yes,Bank transfer (automatic),55.39,1873.32,Yes,2023-05-18
1020-YZRXO,Male,0,Yes,No,60,Yes,No,Fiber optic,No,No,Yes,Yes,No,Yes,One year,No,Electronic check,148.0,8769.38,No,2023-05-18
1806-FNLIT,Male,0,Yes,Yes,26,Yes,No,No,No internet service,No internet service,No internet service,No internet service,No internet service,No internet service,One year,No,Credit card (automatic),45.55,1218.25,No,2023-05-18
3928-XOUSE,Male,0,Yes,No,30,Yes,Yes,Fiber optic,Yes,No,Yes,Yes,Yes,Yes,One year,No,Credit card (automatic),191.12,5863.67,No,2023-05-18
6881-ZWIJO,Male,0,Yes,No,31,Yes,Yes,No,No internet service,No internet service,No internet service,No internet service,No internet service,No internet service,Month-to-month,Yes,Credit card (automatic),62.3,1939.56,Yes,2023-05-18
2584-KUIYT,Male,0,Yes,No,26,Yes,Yes,Fiber optic,Yes,Yes,No,Yes,Yes,Yes,Two year,Yes,Credit card (automatic),174.0,4572.97,Yes,2023-05-18
8792-ODSMC,Male,0,Yes,No,48,Yes,No,Fiber optic,Yes,No,Yes,Yes,Yes,Yes,One year,No,Bank transfer (automatic),179.31,8624.2,No,2023-05-18
7666-QWMQT,Female,0,No,Yes,33,Yes,No,Fiber optic,Yes,No,Yes,No,Yes,Yes,Month-to-month,No,Electronic check,183.37,6069.49,No,2023-05-18
8849-LEYGW,Male,0,Yes,No,44,No,No phone service,DSL,No,No,Yes,No,Yes,Yes,Month-to-month,Yes,Bank transfer (automatic),103.62,4632.3,Yes,2023-05-18
5315-TSMCW,Male,0,Yes,No,23,Yes,No,Fiber optic,Yes,Yes,Yes,Yes,No,Yes,Two year,No,Credit card (automatic),159.3,3557.39,Yes,2023-05-18
3275-AXXXL,Male,0,Yes,Yes,10,Yes,No,No,No internet service,No internet service,No internet service,No internet service,No internet service,No internet service,Two year,Yes,Mailed check,50.48,496.98,Yes,2023-05-18
1713-QZGAU,Male,0,Yes,No,13,Yes,No,DSL,Yes,Yes,Yes,No,Yes,Yes,One year,No,Bank transfer (automatic),140.27,1771.03,No,2023-05-18
1613-EHDFG,Male,0,Yes,No,30,Yes,No,No,No internet service,No internet service,No internet service,No internet service,No internet service,No internet service,Month-to-month,Yes,Bank transfer (automatic),55.43,1653.75,Yes,2023-05-18
2660-WTBNA,Female,0,Yes,No,28,Yes,No,DSL,Yes,Yes,No,Yes,Yes,Yes,Month-to-month,Yes,Bank transfer (automatic),147.58,4011.82,Yes,2023-05-18
7907-WBSXO,Male,0,Yes,No,51,Yes,No,Fiber optic,No,No,Yes,No,Yes,Yes,One year,No,Credit card (automatic),152.34,7906.93,No,2023-05-18
3253-DDQGG,Male,0,Yes,No,24,Yes,Yes,Fiber optic,Yes,Yes,No,No,Yes,No,One year,Yes,Bank transfer (automatic),166.21,3988.25,No,2023-05-18
1033-XZXCA,Male,0,No,No,19,Yes,No,Fiber optic,Yes,Yes,Yes,No,Yes,Yes,Two year,Yes,Mailed check,166.51,3214.66,Yes,2023-05-18
1963-XNHLA,Male,0,Yes,No,43,No,No phone service,Fiber optic,No,No,No,Yes,Yes,Yes,Two year,Yes,Bank transfer (automatic),126.62,5351.19,No,2023-05-18
5570-CSGAS,Male,0,Yes,No,37,Yes,No,No,No internet service,No internet service,No internet service,No internet service,No internet service,No internet service,Two year,Yes,Electronic check,48.59,1838.62,Yes,2023-05-18
3473-RFDZK,Female,0,Yes,Yes,50,Yes,No,DSL,No,Yes,No,No,No,Yes,Month-to-month,Yes,Bank transfer (automatic),114.89,5916.45,No,2023-05-18
3732-NZWIN,Female,0,No,No,53,Yes,Yes,Fiber optic,Yes,Yes,No,Yes,Yes,Yes,Two year,Yes,Credit card (automatic),173.34,9223.65,No,2023-05-18
4555-MYWXN,Female,0,Yes,No,57,Yes,Yes,Fiber optic,No,No,Yes,No,Yes,No,Month-to-month,No,Bank transfer (automatic),169.89,9701.69,Yes,2023-05-18
5676-TTXYT,Female,0,Yes,Yes,31,Yes,No,Fiber optic,No,Yes,Yes,Yes,Yes,Yes,Two year,Yes,Credit card (automatic),161.22,5048.97,No,2023-05-19
2538-EUQGD,Male,0,Yes,Yes,27,No,No phone service,No,No internet service,No internet service,No internet service,No internet service,No internet service,No internet service,Month-to-month,Yes,Credit card (automatic),18.5,492.82,Yes,2023-05-19
5777-UHEWD,Male,0,Yes,No,35,Yes,Yes,DSL,No,Yes,No,No,Yes,Yes,Month-to-month,Yes,Bank transfer (automatic),137.57,4719.19,Yes,2023-05-19
5529-TAWLN,Female,0,No,Yes,14,Yes,No,No,No internet service,No internet service,No internet service,No internet service,No internet service,No internet service,One year,No,Credit card (automatic),49.46,676.47,Yes,2023-05-19
2199-EBWIV,Male,0,No,No,38,Yes,Yes,Fiber optic,Yes,Yes,No,No,Yes,Yes,One year,Yes,Bank transfer (automatic),177.22,6636.67,Yes,2023-05-19
6528-SLXGU,Female,0,Yes,No,6,Yes,Yes,Fiber optic,No,No,Yes,Yes,Yes,Yes,Month-to-month,Yes,Credit card (automatic),189.66,1155.66,Yes,2023-05-19
1094-VEYXB,Female,0,Yes,Yes,14,Yes,No,Fiber optic,Yes,Yes,Yes,Yes,Yes,Yes,Two year,Yes,Mailed check,166.82,2371.69,Yes,2023-05-19
6515-ZOCJP,Male,1,No,No,61,Yes,Yes,DSL,No,Yes,No,No,Yes,Yes,Two year,No,Bank transfer (automatic),123.61,7534.32,No,2023-05-19
1265-SNRFK,Female,0,Yes,No,33,No,No phone service,Fiber optic,No,Yes,No,No,Yes,Yes,Two year,Yes,Credit card (automatic),127.0,4090.97,No,2023-05-19
3751-IINNI,Male,0,Yes,No,51,Yes,Yes,No,No internet service,No internet service,No internet service,No internet service,No internet service,No internet service,One year,Yes,Mailed check,69.18,3432.96,Yes,2023-05-19
3013-ZTLZG,Male,0,Yes,No,51,Yes,No,DSL,Yes,Yes,No,Yes,No,No,Month-to-month,No,Mailed check,125.15,6437.25,Yes,2023-05-19
6882-DWBJR,Female,0,Yes,Yes,52,Yes,Yes,Fiber optic,No,No,Yes,Yes,Yes,Yes,One year,Yes,Bank transfer (automatic),173.52,8935.22,No,2023-05-19
6787-KGHGP,Female,0,No,No,11,Yes,Yes,Fiber optic,Yes,Yes,Yes,No,Yes,Yes,Two year,Yes,Electronic check,178.75,1954.93,Yes,2023-05-19
2100-FNNRF,Male,0,Yes,No,34,Yes,Yes,Fiber optic,Yes,No,Yes,Yes,Yes,Yes,Two year,No,Credit card (automatic),174.7,5792.28,No,2023-05-19
3970-VZMFK,Male,0,No,No,63,Yes,No,Fiber optic,Yes,Yes,No,No,Yes,Yes,Month-to-month,Yes,Bank transfer (automatic),180.14,11353.62,Yes,2023-05-19
9421-LUJVM,Female,0,No,Yes,29,Yes,No,No,No internet service,No internet service,No internet service,No internet service,No internet service,No internet service,Month-to-month,Yes,Bank transfer (automatic),48.74,1450.4,Yes,2023-05-19
8303-LXBJV,Female,1,Yes,No,24,No,No phone service,DSL,Yes,No,Yes,No,Yes,Yes,One year,No,Electronic check,108.52,2538.64,Yes,2023-05-19
6564-WQVIS,Female,0,Yes,No,43,Yes,Yes,Fiber optic,Yes,No,No,No,Yes,Yes,One year,No,Bank transfer (automatic),173.45,7604.84,No,2023-05-19
9475-PHQAA,Female,0,No,Yes,23,Yes,No,Fiber optic,No,Yes,Yes,No,Yes,No,One year,Yes,Credit card (automatic),164.79,3783.94,No,2023-05-19
2545-YPCMM,Female,0,No,Yes,39,Yes,Yes,No,No internet service,No internet service,No internet service,No internet service,No internet service,No internet service,Two year,Yes,Mailed check,42.19,1669.21,Yes,2023-05-20
1264-FIDXK,Female,1,Yes,No,39,Yes,Yes,No,No internet service,No internet service,No internet service,No internet service,No internet service,No internet service,Two year,Yes,Mailed check,52.34,2067.19,No,2023-05-20
9769-KXZNZ,Female,0,Yes,No,51,Yes,Yes,DSL,Yes,Yes,Yes,Yes,Yes,No,One year,Yes,Electronic check,156.25,7815.86,No,2023-05-20
9818-ENDHO,Female,0,No,No,46,Yes,No,Fiber optic,No,No,No,No,Yes,Yes,One year,Yes,Credit card (automatic),142.18,6560.14,No,2023-05-20
3467-IPXER,Male,0,No,No,45,Yes,Yes,Fiber optic,No,No,Yes,No,Yes,Yes,One year,Yes,Bank transfer (automatic),169.41,7767.26,No,2023-05-20
8748-YGZNM,Female,0,Yes,No,21,Yes,Yes,DSL,No,No,Yes,Yes,Yes,No,One year,Yes,Mailed check,142.9,3025.94,Yes,2023-05-20
1935-XWBOG,Male,0,Yes,No,30,Yes,Yes,DSL,No,Yes,No,Yes,Yes,No,Month-to-month,No,Credit card (automatic),136.04,3990.8,Yes,2023-05-20
4588-TYYDI,Male,0,No,No,37,Yes,No,Fiber optic,No,Yes,Yes,No,Yes,Yes,One year,Yes,Credit card (automatic),160.84,5853.07,Yes,2023-05-20
4411-BSQNI,Female,0,No,No,23,Yes,No,Fiber optic,Yes,Yes,Yes,Yes,No,Yes,Two year,Yes,Credit card (automatic),159.68,3732.82,No,2023-05-20
8832-ORMYP,Male,0,Yes,No,19,Yes,No,Fiber optic,Yes,No,Yes,No,Yes,Yes,Two year,No,Mailed check,152.32,2841.55,No,2023-05-20
2474-LDZOL,Male,0,Yes,Yes,14,Yes,Yes,DSL,No,No,Yes,No,Yes,Yes,Two year,Yes,Mailed check,121.84,1724.73,No,2023-05-20
5692-VHUTD,Female,0,Yes,No,53,Yes,Yes,DSL,Yes,No,No,No,Yes,Yes,Month-to-month,Yes,Electronic check,141.9,7402.29,Yes,2023-05-20
9922-FTZWF,Female,1,Yes,No,33,Yes,No,No,No internet service,No internet service,No internet service,No internet service,No internet service,No internet service,Month-to-month,Yes,Credit card (automatic),40.49,1375.45,Yes,2023-05-20
9082-UPIER,Male,0,Yes,No,25,Yes,Yes,No,No internet service,No internet service,No internet service,No internet service,No internet service,No internet service,Month-to-month,Yes,Credit card (automatic),66.59,1714.1,Yes,2023-05-20
7736-OVIJL,Male,0,Yes,No,38,Yes,No,Fiber optic,Yes,Yes,Yes,Yes,Yes,Yes,Month-to-month,Yes,Credit card (automatic),191.93,7189.24,Yes,2023-05-20
8923-GHTHE,Female,0,Yes,No,50,Yes,Yes,DSL,Yes,Yes,Yes,No,Yes,Yes,One year,No,Bank transfer (automatic),151.41,7380.7,No,2023-05-20
2479-IPZUB,Female,0,Yes,No,51,Yes,Yes,No,No internet service,No internet service,No internet service,No internet service,No internet service,No internet service,One year,Yes,Credit card (automatic),62.42,3160.72,No,2023-05-20
6901-WAWQG,Female,0,No,No,47,Yes,No,Fiber optic,Yes,No,Yes,Yes,Yes,Yes,Month-to-month,Yes,Credit card (automatic),185.52,8492.7,Yes,2023-05-20
1257-DXRZD,Male,0,Yes,Yes,41,Yes,No,No,No internet service,No internet service,No internet service,No internet service,No internet service,No internet service,Month-to-month,No,Bank transfer (automatic),46.35,1858.65,Yes,2023-05-20
5148-PHLXD,Male,0,No,No,4,Yes,No,Fiber optic,Yes,No,Yes,No,Yes,Yes,One year,Yes,Mailed check,155.64,635.7,No,2023-05-20
7482-EVIAW,Female,0,No,No,53,Yes,No,Fiber optic,Yes,Yes,Yes,No,No,Yes,Month-to-month,No,Bank transfer (automatic),173.81,9306.52,Yes,2023-05-20
9737-XCXFQ,Female,0,Yes,No,25,Yes,Yes,Fiber optic,Yes,No,Yes,No,No,Yes,Month-to-month,Yes,Credit card (automatic),172.42,4410.73,No,2023-05-20
9433-FPJJX,Male,0,No,No,54,No,No phone service,Fiber optic,Yes,Yes,Yes,Yes,Yes,Yes,Two year,Yes,Bank transfer (automatic),146.82,8025.85,No,2023-05-20
4538-VGUUP,Female,1,Yes,No,16,No,No phone service,Fiber optic,Yes,Yes,No,No,Yes,Yes,Two year,No,Mailed check,139.95,2283.51,No,2023-05-20
2767-KUYKA,Male,0,Yes,No,55,Yes,Yes,Fiber optic,No,Yes,Yes,No,Yes,Yes,Month-to-month,No,Mailed check,203.46,11482.2,No,2023-05-20
5589-ZRHCW,Male,0,Yes,No,45,Yes,Yes,DSL,Yes,Yes,No,Yes,Yes,Yes,Month-to-month,Yes,Bank transfer (automatic),165.03,7521.83,No,2023-05-20
8700-YLBGW,Female,0,Yes,No,19,Yes,No,Fiber optic,Yes,No,No,No,Yes,No,One year,Yes,Bank transfer (automatic),133.73,2537.42,No,2023-05-20
3000-JOTGB,Male,0,Yes,No,31,Yes,No,No,No internet service,No internet service,No internet service,No internet service,No internet service,No internet service,Two year,Yes,Electronic check,27.11,827.02,Yes,2023-05-20
4852-PYBCH,Male,0,No,No,39,Yes,Yes,Fiber optic,Yes,No,No,No,Yes,No,Two year,Yes,Credit card (automatic),143.36,5524.72,No,2023-05-20
1793-NVOGV,Female,0,Yes,No,25,Yes,No,Fiber optic,Yes,Yes,Yes,No,Yes,Yes,Month-to-month,Yes,Electronic check,185.03,4757.08,Yes,2023-05-20
5566-OYBSR,Female,0,Yes,No,37,Yes,No,DSL,Yes,Yes,Yes,No,Yes,Yes,Two year,Yes,Bank transfer (automatic),127.19,4598.02,No,2023-05-20
4762-SOTAS,Male,0,Yes,No,36,Yes,Yes,No,No internet service,No internet service,No internet service,No internet service,No internet service,No internet service,One year,Yes,Electronic check,53.34,1918.21,Yes,2023-05-20
4225-YPLPB,Male,0,Yes,Yes,23,No,No phone service,DSL,Yes,No,No,Yes,No,Yes,One year,Yes,Credit card (automatic),101.07,2393.45,No,2023-05-20
7510-WFGOU,Female,0,No,No,51,Yes,Yes,Fiber optic,No,No,No,Yes,Yes,No,Month-to-month,No,Mailed check,174.68,8769.12,Yes,2023-05-20
3584-EUBFN,Male,0,Yes,No,13,Yes,No,Fiber optic,No,No,No,No,Yes,No,Two year,Yes,Bank transfer (automatic),123.79,1638.92,Yes,2023-05-20
8682-BLAPA,Male,0,Yes,No,33,Yes,Yes,No,No internet service,No internet service,No internet service,No internet service,No internet service,No internet service,Month-to-month,No,Bank transfer (automatic),71.57,2402.67,Yes,2023-05-20
4347-BJNQE,Male,0,No,Yes,27,Yes,Yes,Fiber optic,Yes,Yes,Yes,No,Yes,Yes,Month-to-month,Yes,Bank transfer (automatic),206.03,5659.27,No,2023-05-20
7519-OIYQN,Female,0,No,Yes,29,Yes,Yes,Fiber optic,Yes,No,Yes,Yes,Yes,Yes,Month-to-month,No,Bank transfer (automatic),195.2,5573.39,No,2023-05-20
8002-HKCRV,Female,0,No,Yes,52,Yes,No,Fiber optic,Yes,Yes,Yes,Yes,Yes,Yes,Two year,Yes,Mailed check,158.44,8119.11,Yes,2023-05-21
1015-LCQAK,Male,0,Yes,No,25,Yes,Yes,Fiber optic,No,Yes,Yes,Yes,Yes,Yes,Two year,Yes,Credit card (automatic),166.35,4127.64,No,2023-05-21
5404-KWEHQ,Female,0,No,No,30,Yes,No,Fiber optic,No,No,Yes,Yes,Yes,Yes,One year,Yes,Mailed check,156.45,4735.31,No,2023-05-21
6497-JJKFE,Female,0,Yes,No,21,No,No phone service,Fiber optic,No,No,Yes,Yes,Yes,Yes,One year,Yes,Mailed check,129.65,2649.16,Yes,2023-05-21
5185-UHPZC,Male,0,No,No,29,Yes,Yes,DSL,Yes,Yes,No,Yes,No,Yes,One year,Yes,Bank transfer (automatic),140.76,4098.98,No,2023-05-21
9456-FHOQJ,Female,0,No,No,48,Yes,Yes,DSL,Yes,No,No,No,Yes,Yes,One year,Yes,Mailed check,134.19,6633.77,Yes,2023-05-21
1837-XXVFF,Female,0,Yes,Yes,18,Yes,No,Fiber optic,No,No,Yes,Yes,Yes,Yes,One year,Yes,Mailed check,172.9,3049.53,No,2023-05-21
5759-UVZBF,Female,0,Yes,No,40,Yes,Yes,DSL,Yes,Yes,Yes,Yes,Yes,No,Two year,Yes,Credit card (automatic),146.1,5823.4,No,2023-05-21
6794-ONGDF,Female,0,No,Yes,37,Yes,Yes,Fiber optic,Yes,No,No,No,Yes,No,One year,No,Bank transfer (automatic),170.68,6438.32,No,2023-05-21
9769-GUYRF,Female,0,Yes,No,37,No,No phone service,Fiber optic,Yes,Yes,Yes,Yes,Yes,Yes,Two year,No,Electronic check,151.7,5468.18,Yes,2023-05-21
3089-BDYTI,Female,0,No,No,22,Yes,No,No,No internet service,No internet service,No internet service,No internet service,No internet service,No internet service,Two year,No,Credit card (automatic),32.76,725.15,No,2023-05-21
4411-SGYIY,Male,0,Yes,No,30,Yes,No,Fiber optic,Yes,Yes,No,No,Yes,Yes,Month-to-month,Yes,Mailed check,184.34,5526.38,Yes,2023-05-21
5199-NDXVA,Male,0,No,No,36,Yes,No,Fiber optic,No,Yes,Yes,No,Yes,Yes,Two year,No,Mailed check,146.02,5117.34,No,2023-05-21
2701-HJBJR,Female,1,Yes,No,32,Yes,No,Fiber optic,Yes,Yes,No,Yes,Yes,No,Two year,Yes,Mailed check,152.1,4954.28,Yes,2023-05-21
3572-BMLCD,Female,0,Yes,No,31,Yes,Yes,Fiber optic,Yes,No,Yes,No,No,Yes,One year,No,Bank transfer (automatic),178.09,5373.61,No,2023-05-21
3496-OJILA,Female,0,Yes,No,57,Yes,Yes,DSL,No,No,Yes,No,Yes,Yes,Month-to-month,Yes,Mailed check,145.07,8348.09,No,2023-05-21
1157-TEFUG,Male,0,Yes,No,52,Yes,Yes,No,No internet service,No internet service,No internet service,No internet service,No internet service,No internet service,Two year,No,Credit card (automatic),43.36,2225.57,No,2023-05-21
6431-NSKRO,Female,1,No,No,50,Yes,No,DSL,No,No,Yes,No,No,Yes,Month-to-month,Yes,Bank transfer (automatic),108.93,5401.76,Yes,2023-05-21
8142-IESOW,Male,0,Yes,Yes,18,No,No phone service,Fiber optic,No,No,No,No,Yes,Yes,Two year,Yes,Mailed check,108.47,1990.23,No,2023-05-21
6841-HSRCM,Male,0,Yes,Yes,23,Yes,Yes,Fiber optic,No,No,No,Yes,No,Yes,Month-to-month,No,Bank transfer (automatic),177.48,4032.02,No,2023-05-21
7487-GAFBL,Male,0,Yes,No,33,Yes,Yes,DSL,Yes,Yes,Yes,No,Yes,Yes,One year,Yes,Bank transfer (automatic),149.94,5039.14,No,2023-05-21
7039-NAACU,Male,0,Yes,No,58,Yes,No,Fiber optic,No,Yes,No,Yes,Yes,Yes,One year,Yes,Electronic check,164.07,9732.38,Yes,2023-05-21
5127-UECHB,Female,1,No,No,54,Yes,Yes,DSL,No,Yes,Yes,No,Yes,Yes,Two year,Yes,Bank transfer (automatic),122.34,6565.98,No,2023-05-21
1634-VRPKA,Female,0,No,Yes,35,Yes,No,Fiber optic,No,No,Yes,No,No,No,Month-to-month,Yes,Bank transfer (automatic),142.37,4967.78,Yes,2023-05-21
8623-TLLUJ,Male,0,Yes,No,27,Yes,Yes,Fiber optic,Yes,Yes,No,No,Yes,Yes,Two year,Yes,Credit card (automatic),163.26,4426.48,Yes,2023-05-22
1223-MQNFQ,Male,0,No,No,8,Yes,Yes,DSL,Yes,Yes,No,Yes,Yes,Yes,Month-to-month,No,Credit card (automatic),175.28,1411.94,Yes,2023-05-22
6459-VFDHN,Male,0,No,No,53,Yes,No,Fiber optic,No,Yes,Yes,Yes,Yes,Yes,One year,Yes,Electronic check,174.05,9240.96,Yes,2023-05-22
6712-IDHVV,Male,0,Yes,Yes,36,Yes,Yes,DSL,Yes,Yes,No,No,Yes,Yes,Two year,No,Credit card (automatic),137.75,4846.54,No,2023-05-22
3123-CZLLM,Male,0,No,No,25,Yes,Yes,Fiber optic,No,Yes,No,No,Yes,Yes,Month-to-month,Yes,Credit card (automatic),178.24,4584.18,Yes,2023-05-22
2679-NUBHA,Male,0,Yes,No,53,Yes,Yes,DSL,No,No,Yes,No,No,Yes,One year,No,Electronic check,122.63,6312.22,No,2023-05-22
2775-EUVHD,Female,0,Yes,Yes,10,Yes,No,Fiber optic,No,Yes,Yes,No,Yes,Yes,One year,No,Credit card (automatic),166.29,1708.13,No,2023-05-22
6365-UPHPP,Male,0,No,Yes,34,Yes,No,DSL,Yes,Yes,Yes,No,Yes,No,Month-to-month,Yes,Mailed check,136.97,4601.07,Yes,2023-05-22
7931-MSKMY,Male,1,Yes,No,52,Yes,Yes,No,No internet service,No internet service,No internet service,No internet service,No internet service,No internet service,Month-to-month,Yes,Mailed check,70.64,3589.97,No,2023-05-22
8328-JOLUR,Male,0,No,No,35,Yes,Yes,Fiber optic,No,No,Yes,No,Yes,Yes,Month-to-month,Yes,Credit card (automatic),182.67,6401.09,Yes,2023-05-22
1413-YPKUV,Male,0,Yes,Yes,46,Yes,No,Fiber optic,Yes,Yes,No,Yes,Yes,Yes,Two year,Yes,Credit card (automatic),157.97,7286.98,Yes,2023-05-22
6331-PESYN,Female,0,No,Yes,50,Yes,No,Fiber optic,Yes,Yes,Yes,No,Yes,Yes,One year,Yes,Mailed check,172.87,8874.95,No,2023-05-22
5051-WVKOR,Male,0,No,No,57,Yes,Yes,No,No internet service,No internet service,No internet service,No internet service,No internet service,No internet service,One year,Yes,Mailed check,63.3,3638.67,No,2023-05-22
1430-FXALD,Female,0,Yes,Yes,23,Yes,Yes,Fiber optic,No,No,No,Yes,Yes,Yes,Month-to-month,Yes,Mailed check,185.55,4299.17,Yes,2023-05-22
5961-PCQPP,Male,0,Yes,No,39,Yes,Yes,Fiber optic,No,Yes,Yes,No,Yes,No,Month-to-month,Yes,Mailed check,182.02,7293.15,Yes,2023-05-22
2085-UGBHP,Female,0,No,No,66,Yes,Yes,Fiber optic,Yes,Yes,No,No,Yes,Yes,One year,Yes,Bank transfer (automatic),179.51,11492.41,Yes,2023-05-22
1855-ZIEBP,Male,0,Yes,No,54,Yes,No,Fiber optic,No,Yes,Yes,No,Yes,No,Two year,No,Mailed check,137.31,7627.25,Yes,2023-05-22
9753-MPCIC,Male,1,Yes,Yes,46,Yes,No,Fiber optic,No,No,No,No,Yes,Yes,One year,Yes,Mailed check,147.33,6915.84,Yes,2023-05-22
7771-PBCPN,Male,0,Yes,Yes,30,Yes,Yes,No,No internet service,No internet service,No internet service,No internet service,No internet service,No internet service,One year,No,Credit card (automatic),62.18,1862.23,No,2023-05-22
6851-XMLLE,Female,1,No,No,23,Yes,No,Fiber optic,No,No,No,No,Yes,Yes,Two year,Yes,Mailed check,128.98,2922.29,No,2023-05-22
8674-MQKJB,Female,0,Yes,No,43,Yes,Yes,DSL,No,Yes,No,Yes,Yes,Yes,Month-to-month,No,Bank transfer (automatic),161.73,7096.97,No,2023-05-22
9738-CVPQF,Female,0,No,No,18,Yes,No,Fiber optic,Yes,Yes,No,No,No,No,Two year,No,Mailed check,136.62,2418.05,Yes,2023-05-22
4394-WTSAT,Male,0,Yes,Yes,52,Yes,No,DSL,No,Yes,No,Yes,Yes,Yes,Month-to-month,Yes,Bank transfer (automatic),130.96,6764.11,Yes,2023-05-22
7591-REYWQ,Female,0,No,Yes,35,No,No phone service,DSL,Yes,No,Yes,Yes,Yes,Yes,Month-to-month,Yes,Credit card (automatic),112.87,3867.07,No,2023-05-22
7579-FXCOZ,Male,0,Yes,No,62,Yes,No,DSL,Yes,No,Yes,No,Yes,Yes,One year,Yes,Bank transfer (automatic),128.29,8040.39,No,2023-05-22
2386-EDAAB,Female,0,Yes,Yes,29,Yes,No,Fiber optic,Yes,Yes,Yes,Yes,No,Yes,Two year,Yes,Mailed check,170.78,4960.9,Yes,2023-05-23
3750-PRDMM,Female,0,No,No,49,Yes,Yes,Fiber optic,No,Yes,Yes,Yes,Yes,Yes,Two year,Yes,Mailed check,183.86,9268.79,Yes,2023-05-23
8636-NSSAN,Male,0,Yes,Yes,37,Yes,No,DSL,Yes,No,No,No,Yes,Yes,One year,Yes,Bank transfer (automatic),113.56,4164.33,Yes,2023-05-23
6959-XKMYF,Female,1,No,Yes,33,Yes,No,Fiber optic,No,Yes,Yes,No,Yes,Yes,Two year,Yes,Bank transfer (automatic),152.08,4877.73,No,2023-05-23
6916-UOOTO,Female,1,Yes,No,59,Yes,Yes,No,No internet service,No internet service,No internet service,No internet service,No internet service,No internet service,One year,Yes,Mailed check,65.48,3921.44,No,2023-05-23
7253-PGMSO,Female,0,Yes,No,47,Yes,Yes,No,No internet service,No internet service,No internet service,No internet service,No internet service,No internet service,Month-to-month,No,Credit card (automatic),66.15,3025.07,No,2023-05-23
8606-XHKDY,Female,0,Yes,No,46,Yes,Yes,Fiber optic,No,Yes,Yes,No,Yes,Yes,One year,No,Mailed check,187.14,8665.3,No,2023-05-23
8997-CXMVF,Female,0,Yes,Yes,30,Yes,Yes,DSL,Yes,Yes,No,Yes,Yes,No,One year,Yes,Credit card (automatic),141.67,4348.94,No,2023-05-23
8001-MYAQK,Male,0,Yes,Yes,33,Yes,Yes,Fiber optic,No,No,No,Yes,Yes,Yes,One year,Yes,Credit card (automatic),180.65,5879.29,No,2023-05-23
2588-WXPOX,Male,0,Yes,Yes,24,No,No phone service,DSL,Yes,Yes,No,No,Yes,Yes,Month-to-month,Yes,Bank transfer (automatic),115.82,2785.55,No,2023-05-23
1462-FKHSU,Female,0,No,Yes,22,Yes,Yes,DSL,No,Yes,Yes,No,Yes,Yes,Month-to-month,Yes,Credit card (automatic),160.37,3605.07,No,2023-05-23
9699-DFZTF,Male,0,Yes,Yes,32,Yes,No,Fiber optic,Yes,Yes,Yes,Yes,No,Yes,One year,No,Credit card (automatic),175.45,5590.31,No,2023-05-23
3300-MKACJ,Male,0,No,No,27,Yes,Yes,Fiber optic,Yes,Yes,No,Yes,Yes,No,Month-to-month,No,Bank transfer (automatic),201.9,5575.23,No,2023-05-23
5868-FBBBT,Female,0,Yes,No,33,Yes,Yes,No,No internet service,No internet service,No internet service,No internet service,No internet service,No internet service,One year,Yes,Mailed check,51.74,1725.67,No,2023-05-23
5050-VHUMG,Male,0,Yes,Yes,26,Yes,Yes,Fiber optic,No,Yes,No,No,Yes,No,Two year,Yes,Electronic check,149.73,3977.42,Yes,2023-05-23
4503-XACQD,Male,0,Yes,Yes,32,Yes,Yes,Fiber optic,No,Yes,Yes,Yes,Yes,Yes,One year,Yes,Bank transfer (automatic),182.76,5741.35,No,2023-05-23
8681-QNILE,Male,0,No,No,41,Yes,Yes,Fiber optic,No,Yes,Yes,No,No,Yes,One year,Yes,Bank transfer (automatic),172.67,7171.68,No,2023-05-23
6093-YQXBZ,Female,0,No,Yes,27,Yes,Yes,DSL,Yes,No,No,Yes,Yes,Yes,One year,Yes,Electronic check,146.75,3956.06,Yes,2023-05-23
7463-NXRXN,Male,0,Yes,Yes,52,Yes,Yes,DSL,Yes,Yes,No,Yes,Yes,Yes,Two year,No,Electronic check,141.32,7216.54,Yes,2023-05-23
7990-JMBKO,Female,0,Yes,No,57,Yes,No,Fiber optic,Yes,Yes,No,No,Yes,No,One year,Yes,Bank transfer (automatic),154.41,8837.81,No,2023-05-23
3696-GYPQK,Female,0,No,No,14,Yes,Yes,Fiber optic,No,Yes,Yes,No,No,Yes,Two year,No,Bank transfer (automatic),151.68,2167.84,No,2023-05-23
2635-IRMHP,Female,0,Yes,No,19,Yes,Yes,Fiber optic,Yes,Yes,No,Yes,Yes,Yes,Month-to-month,Yes,Mailed check,209.88,4043.8,Yes,2023-05-23
6927-POWQM,Female,0,No,Yes,51,Yes,No,Fiber optic,No,Yes,No,Yes,Yes,No,Month-to-month,No,Bank transfer (automatic),168.48,8835.11,Yes,2023-05-24
2750-MYSGZ,Male,0,Yes,Yes,66,Yes,Yes,Fiber optic,Yes,Yes,No,Yes,Yes,Yes,Two year,Yes,Bank transfer (automatic),176.56,11439.74,No,2023-05-24
1922-VIFRK,Male,0,Yes,No,50,Yes,No,Fiber optic,Yes,No,No,No,Yes,Yes,One year,No,Credit card (automatic),145.73,7246.65,Yes,2023-05-24
4051-EVKAZ,Male,0,Yes,No,25,Yes,No,Fiber optic,No,Yes,Yes,No,Yes,Yes,One year,Yes,Credit card (automatic),158.76,3882.07,No,2023-05-24
9674-HDTTI,Male,0,Yes,No,35,Yes,No,Fiber optic,No,No,Yes,No,Yes,Yes,One year,Yes,Mailed check,161.83,5689.08,Yes,2023-05-24
2897-LPAIB,Male,0,No,Yes,27,Yes,Yes,DSL,No,Yes,Yes,No,No,Yes,Two year,Yes,Electronic check,114.56,3130.96,Yes,2023-05-24
3905-TNQRO,Female,0,No,No,43,Yes,No,Fiber optic,Yes,Yes,Yes,Yes,Yes,Yes,Two year,No,Electronic check,176.15,7434.32,No,2023-05-24
3306-FMYXK,Male,0,Yes,Yes,49,Yes,Yes,Fiber optic,No,No,No,Yes,No,Yes,Two year,Yes,Credit card (automatic),143.78,7053.43,No,2023-05-24
8028-LPNRJ,Male,0,Yes,No,24,No,No phone service,Fiber optic,Yes,Yes,No,No,Yes,Yes,Month-to-month,Yes,Electronic check,151.46,3739.34,Yes,2023-05-24
4453-WSAGN,Female,0,No,No,18,No,No phone service,DSL,Yes,No,No,No,Yes,Yes,Two year,Yes,Credit card (automatic),86.22,1582.05,No,2023-05-24
5166-PEYKL,Female,0,Yes,No,30,Yes,Yes,Fiber optic,Yes,Yes,No,No,Yes,Yes,Two year,Yes,Credit card (automatic),168.02,5113.94,No,2023-05-24
1841-CMIEE,Female,0,No,No,18,Yes,No,No,No internet service,No internet service,No internet service,No internet service,No internet service,No internet service,Two year,No,Bank transfer (automatic),41.18,754.28,No,2023-05-24
7512-MNNBL,Female,0,Yes,No,15,Yes,Yes,DSL,Yes,No,Yes,Yes,Yes,Yes,Month-to-month,Yes,Credit card (automatic),159.12,2414.55,No,2023-05-24
9588-LYKQA,Male,0,Yes,Yes,39,Yes,Yes,DSL,Yes,No,No,No,Yes,Yes,One year,Yes,Mailed check,142.17,5708.37,No,2023-05-24
2323-GTBOP,Male,0,Yes,No,26,Yes,Yes,DSL,No,Yes,Yes,No,Yes,Yes,Two year,No,Bank transfer (automatic),130.81,3453.56,No,2023-05-24
5602-KTASI,Female,0,Yes,Yes,37,Yes,No,Fiber optic,Yes,Yes,Yes,No,Yes,No,One year,No,Electronic check,165.99,6219.51,No,2023-05-24
9223-FRYCY,Male,0,No,No,40,No,No phone service,Fiber optic,No,No,Yes,No,Yes,No,One year,Yes,Electronic check,116.71,4782.01,Yes,2023-05-24
4820-VQMGF,Female,0,Yes,No,65,Yes,No,Fiber optic,No,No,Yes,Yes,Yes,No,One year,Yes,Credit card (automatic),153.69,10095.54,No,2023-05-24
8403-YAMCI,Male,0,No,No,38,Yes,No,DSL,No,No,No,Yes,Yes,Yes,Month-to-month,Yes,Bank transfer (automatic),121.3,4481.7,Yes,2023-05-24
6260-DZLRS,Female,0,Yes,No,21,Yes,No,DSL,Yes,No,Yes,No,Yes,Yes,Month-to-month,No,Bank transfer (automatic),131.55,2770.56,No,2023-05-24
1409-JYBUQ,Male,0,No,No,24,Yes,Yes,Fiber optic,Yes,No,No,Yes,Yes,Yes,Month-to-month,Yes,Mailed check,196.91,4747.37,Yes,2023-05-24
5616-RBJXI,Male,0,No,No,45,Yes,Yes,Fiber optic,Yes,Yes,Yes,No,Yes,Yes,One year,No,Bank transfer (automatic),191.01,8689.19,No,2023-05-24
4055-GBMIQ,Female,0,Yes,No,44,Yes,No,Fiber optic,No,Yes,Yes,Yes,Yes,Yes,Month-to-month,Yes,Credit card (automatic),190.19,8232.27,Yes,2023-05-24
2727-ZPZXH,Male,1,Yes,Yes,4,Yes,Yes,No,No internet service,No internet service,No internet service,No internet service,No internet service,No internet service,One year,No,Bank transfer (automatic),57.01,232.83,No,2023-05-24
1817-VZWCX,Female,0,Yes,No,15,Yes,Yes,No,No internet service,No internet service,No internet service,No internet service,No internet service,No internet service,One year,No,Electronic check,65.42,985.06,Yes,2023-05-24
3932-SXQRL,Male,0,Yes,No,53,Yes,Yes,Fiber optic,Yes,Yes,Yes,No,Yes,Yes,One year,Yes,Electronic check,200.47,10340.46,Yes,2023-05-24
8632-OELMZ,Male,0,Yes,No,54,Yes,Yes,Fiber optic,Yes,Yes,No,Yes,Yes,Yes,One year,Yes,Bank transfer (automatic),193.95,10640.56,No,2023-05-24
1243-IFVTD,Female,1,No,No,15,Yes,No,DSL,No,No,Yes,No,No,Yes,Month-to-month,Yes,Bank transfer (automatic),104.08,1585.67,Yes,2023-05-24
4283-AUWBL,Male,0,Yes,Yes,43,Yes,Yes,No,No internet service,No internet service,No internet service,No internet service,No internet service,No internet service,Two year,Yes,Mailed check,54.31,2307.38,No,2023-05-24
7789-EHLLI,Female,0,No,No,37,Yes,No,DSL,No,No,Yes,Yes,Yes,Yes,One year,Yes,Electronic check,127.05,4820.96,No,2023-05-24
6964-IVUBL,Male,0,No,No,44,Yes,Yes,Fiber optic,No,Yes,No,No,Yes,Yes,One year,Yes,Credit card (automatic),177.53,7770.93,No,2023-05-25
7543-TLXZL,Female,0,Yes,No,11,Yes,Yes,Fiber optic,No,Yes,Yes,No,Yes,Yes,Month-to-month,Yes,Credit card (automatic),193.12,2119.35,Yes,2023-05-25
7440-FPHXD,Female,0,No,No,34,Yes,Yes,Fiber optic,No,No,Yes,Yes,Yes,Yes,One year,Yes,Electronic check,183.23,6167.39,No,2023-05-25
3425-DCOBK,Male,0,No,Yes,33,Yes,No,No,No internet service,No internet service,No internet service,No internet service,No internet service,No internet service,Two year,Yes,Electronic check,40.19,1320.85,No,2023-05-25
6614-XPBJD,Male,0,No,No,30,No,No phone service,DSL,No,Yes,Yes,Yes,Yes,Yes,One year,No,Bank transfer (automatic),121.05,3633.85,Yes,2023-05-25
1304-CLMUP,Male,0,Yes,No,33,Yes,Yes,Fiber optic,No,No,Yes,Yes,Yes,Yes,One year,Yes,Electronic check,182.88,6057.49,Yes,2023-05-25
1005-RNHPA,Male,0,Yes,No,18,Yes,Yes,Fiber optic,No,Yes,No,No,Yes,Yes,Two year,Yes,Mailed check,164.0,2868.14,No,2023-05-25
1223-ETELZ,Female,0,Yes,Yes,16,Yes,No,Fiber optic,Yes,No,Yes,No,Yes,Yes,One year,No,Bank transfer (automatic),160.6,2504.46,Yes,2023-05-25
6291-NGWPK,Male,0,No,No,38,Yes,No,DSL,Yes,Yes,No,Yes,Yes,Yes,One year,Yes,Mailed check,138.0,5122.08,No,2023-05-25
2120-MAGGB,Male,0,Yes,Yes,29,Yes,Yes,DSL,Yes,No,Yes,No,Yes,Yes,Month-to-month,Yes,Bank transfer (automatic),153.8,4472.82,No,2023-05-25
9863-BRLHC,Female,0,No,No,36,Yes,Yes,Fiber optic,No,Yes,Yes,No,Yes,No,Two year,Yes,Bank transfer (automatic),154.95,5488.78,No,2023-05-25
1160-STKER,Female,0,Yes,No,41,Yes,Yes,DSL,No,Yes,Yes,No,Yes,Yes,One year,No,Electronic check,144.12,5746.29,No,2023-05-25
3584-ORXTH,Female,0,Yes,No,55,Yes,No,Fiber optic,No,No,No,Yes,Yes,Yes,Two year,Yes,Bank transfer (automatic),145.61,7832.48,Yes,2023-05-25
4457-GCGOE,Female,0,Yes,No,32,Yes,Yes,Fiber optic,No,No,Yes,No,Yes,Yes,One year,Yes,Credit card (automatic),167.66,5236.11,No,2023-05-25
7294-WJSLJ,Female,0,Yes,Yes,58,Yes,Yes,Fiber optic,No,No,Yes,No,Yes,Yes,One year,Yes,Mailed check,166.82,9625.41,Yes,2023-05-25
4608-GORZA,Male,0,Yes,No,17,Yes,No,Fiber optic,Yes,Yes,No,No,Yes,Yes,Month-to-month,Yes,Electronic check,175.96,2977.74,Yes,2023-05-25
2267-FJHSL,Male,0,Yes,No,23,Yes,No,No,No internet service,No internet service,No internet service,No internet service,No internet service,No internet service,Month-to-month,No,Credit card (automatic),49.78,1111.66,Yes,2023-05-25
5732-XNNTN,Female,0,No,No,47,Yes,No,Fiber optic,Yes,No,Yes,Yes,No,Yes,Month-to-month,Yes,Mailed check,185.51,8946.79,No,2023-05-25
1543-LPXXJ,Female,0,Yes,Yes,33,Yes,No,Fiber optic,Yes,No,No,Yes,Yes,No,Month-to-month,Yes,Bank transfer (automatic),161.68,5242.21,Yes,2023-05-25
7979-EWSHM,Female,0,No,No,47,Yes,No,DSL,Yes,Yes,No,No,Yes,Yes,One year,Yes,Bank transfer (automatic),128.5,6001.11,Yes,2023-05-25
6707-BRXIK,Male,0,No,Yes,37,Yes,Yes,Fiber optic,Yes,No,Yes,No,Yes,Yes,Month-to-month,Yes,Credit card (automatic),196.27,7096.9,Yes,2023-05-25
9512-WDHDA,Female,0,No,No,24,Yes,Yes,DSL,No,Yes,Yes,Yes,Yes,Yes,One year,Yes,Bank transfer (automatic),156.02,3795.88,No,2023-05-25
3504-QUKBJ,Female,0,Yes,No,8,Yes,Yes,DSL,Yes,No,Yes,No,Yes,Yes,Two year,Yes,Bank transfer (automatic),123.23,1000.97,No,2023-05-26
2638-BFGYW,Male,0,Yes,Yes,21,Yes,No,Fiber optic,Yes,Yes,No,Yes,Yes,Yes,One year,No,Credit card (automatic),177.86,3625.1,No,2023-05-26
2590-UCAWB,Male,0,No,No,34,Yes,No,Fiber optic,No,Yes,Yes,No,No,Yes,Month-to-month,No,Bank transfer (automatic),155.66,5367.16,No,2023-05-26
5115-XCPYS,Female,0,No,No,61,Yes,No,DSL,No,Yes,Yes,Yes,Yes,Yes,One year,Yes,Electronic check,138.86,8699.39,Yes,2023-05-26
8808-BWNSV,Male,0,Yes,No,58,Yes,No,Fiber optic,Yes,No,Yes,Yes,No,Yes,Month-to-month,No,Mailed check,183.04,10327.11,No,2023-05-26
2313-EOMCQ,Female,0,Yes,No,50,Yes,No,Fiber optic,No,Yes,Yes,No,No,Yes,Two year,Yes,Credit card (automatic),146.31,7140.38,No,2023-05-26
6069-PXWNK,Male,0,Yes,No,48,Yes,Yes,No,No internet service,No internet service,No internet service,No internet service,No internet service,No internet service,Month-to-month,Yes,Mailed check,67.07,3130.42,Yes,2023-05-26
1159-QAEST,Female,0,Yes,Yes,23,Yes,Yes,DSL,No,No,Yes,No,Yes,No,Two year,Yes,Bank transfer (automatic),114.09,2680.05,No,2023-05-26
4989-GMMFB,Female,0,No,No,40,Yes,No,Fiber optic,Yes,Yes,Yes,Yes,Yes,Yes,Month-to-month,Yes,Credit card (automatic),213.45,8479.84,No,2023-05-26
1186-GGBGC,Male,0,Yes,No,25,Yes,No,Fiber optic,Yes,Yes,Yes,Yes,Yes,Yes,Two year,No,Bank transfer (automatic),163.77,4150.58,Yes,2023-05-26
9177-UUEBS,Male,0,Yes,Yes,29,Yes,Yes,Fiber optic,No,Yes,No,No,Yes,Yes,One year,No,Credit card (automatic),168.76,4964.04,Yes,2023-05-26
3306-PSYAD,Female,0,Yes,No,45,Yes,Yes,No,No internet service,No internet service,No internet service,No internet service,No internet service,No internet service,Two year,Yes,Electronic check,54.9,2476.76,Yes,2023-05-26
6830-ZSCKT,Male,0,No,Yes,20,Yes,Yes,No,No internet service,No internet service,No internet service,No internet service,No internet service,No internet service,One year,Yes,Bank transfer (automatic),62.89,1234.77,No,2023-05-26
9933-OWQRC,Male,0,Yes,No,61,Yes,Yes,DSL,Yes,Yes,No,Yes,Yes,Yes,Month-to-month,No,Electronic check,157.75,9666.9,Yes,2023-05-26
5217-RHDDC,Female,0,Yes,No,22,Yes,No,Fiber optic,Yes,Yes,Yes,No,Yes,Yes,Month-to-month,Yes,Electronic check,190.9,4184.89,Yes,2023-05-26
2527-YKOHX,Male,0,Yes,Yes,43,Yes,No,Fiber optic,Yes,Yes,Yes,Yes,Yes,Yes,One year,No,Electronic check,196.36,8351.45,Yes,2023-05-26
9212-TSVUU,Female,0,No,No,49,Yes,No,Fiber optic,No,Yes,No,Yes,Yes,Yes,One year,Yes,Mailed check,162.22,8043.4,No,2023-05-26
7965-FMTDU,Female,1,No,Yes,51,Yes,No,No,No internet service,No internet service,No internet service,No internet service,No internet service,No internet service,One year,Yes,Electronic check,41.49,2161.99,No,2023-05-26
5749-CNKXQ,Male,0,Yes,No,54,Yes,Yes,DSL,Yes,No,No,No,Yes,No,Two year,No,Credit card (automatic),118.53,6423.21,No,2023-05-26
7246-LBRJZ,Female,0,No,No,33,Yes,Yes,Fiber optic,No,No,No,No,No,Yes,Two year,No,Credit card (automatic),128.44,4257.88,No,2023-05-26
6382-VPVAV,Female,1,Yes,Yes,43,Yes,No,Fiber optic,Yes,Yes,Yes,Yes,Yes,Yes,Month-to-month,Yes,Mailed check,197.84,8484.53,Yes,2023-05-26
3938-VAYSI,Female,0,Yes,No,45,Yes,Yes,DSL,No,No,Yes,Yes,No,Yes,One year,No,Mailed check,141.15,6390.44,No,2023-05-26
6200-HCGHX,Male,0,No,No,37,Yes,Yes,Fiber optic,Yes,Yes,No,Yes,Yes,Yes,Month-to-month,No,Bank transfer (automatic),204.04,7426.87,No,2023-05-26
7420-DJJCI,Female,0,Yes,No,22,Yes,No,Fiber optic,No,Yes,No,No,Yes,Yes,Two year,Yes,Electronic check,141.24,3162.35,Yes,2023-05-26
1367-DLSLQ,Male,0,Yes,No,29,Yes,No,DSL,Yes,No,No,Yes,Yes,No,Month-to-month,Yes,Credit card (automatic),126.25,3736.62,Yes,2023-05-26
8858-XUDVU,Male,0,Yes,No,39,Yes,Yes,Fiber optic,No,No,No,No,Yes,No,Two year,Yes,Bank transfer (automatic),137.33,5272.64,No,2023-05-26
6431-TFFZL,Male,0,Yes,Yes,19,Yes,Yes,DSL,No,Yes,Yes,No,Yes,Yes,Two year,Yes,Credit card (automatic),129.47,2459.06,Yes,2023-05-26
8669-PKKDG,Male,0,Yes,No,33,Yes,Yes,Fiber optic,No,No,Yes,Yes,No,Yes,Month-to-month,No,Credit card (automatic),192.18,6263.55,No,2023-05-27
7022-SNGUX,Male,0,Yes,No,34,Yes,Yes,Fiber optic,No,No,No,Yes,Yes,Yes,One year,No,Electronic check,163.3,5542.23,Yes,2023-05-27
4988-DBNSZ,Male,0,Yes,No,56,Yes,Yes,No,No internet service,No internet service,No internet service,No internet service,No internet service,No internet service,Two year,Yes,Credit card (automatic),61.09,3355.96,No,2023-05-27
1382-BDXWY,Female,0,No,No,52,Yes,Yes,Fiber optic,Yes,No,Yes,No,Yes,Yes,Month-to-month,Yes,Electronic check,200.03,10682.2,Yes,2023-05-27
8022-SHWPM,Female,0,Yes,Yes,31,Yes,No,Fiber optic,Yes,Yes,Yes,Yes,Yes,No,One year,Yes,Credit card (automatic),177.87,5605.01,No,2023-05-27
5768-QXUAG,Male,1,Yes,No,42,Yes,Yes,DSL,Yes,Yes,Yes,No,Yes,Yes,Two year,Yes,Bank transfer (automatic),145.0,6010.51,No,2023-05-27
3229-VUXQL,Male,0,No,No,64,No,No phone service,DSL,No,Yes,Yes,Yes,Yes,Yes,Two year,Yes,Credit card (automatic),103.51,6679.87,Yes,2023-05-27
9683-IKKCV,Male,0,Yes,No,43,Yes,Yes,DSL,No,Yes,No,No,Yes,Yes,One year,No,Mailed check,141.35,6006.49,No,2023-05-27
9679-PRCWY,Male,0,Yes,Yes,20,Yes,Yes,Fiber optic,No,Yes,No,No,No,Yes,One year,Yes,Bank transfer (automatic),164.77,3368.23,Yes,2023-05-27
8336-FABET,Male,0,No,No,6,Yes,No,DSL,No,Yes,Yes,No,No,Yes,Month-to-month,Yes,Bank transfer (automatic),129.78,756.32,Yes,2023-05-27
6798-BCOVY,Female,0,Yes,Yes,37,Yes,Yes,DSL,Yes,No,No,Yes,Yes,No,Two year,Yes,Bank transfer (automatic),125.56,4596.46,No,2023-05-27
7488-WQNUZ,Female,0,Yes,No,31,Yes,No,Fiber optic,No,No,Yes,Yes,Yes,No,Month-to-month,Yes,Mailed check,164.8,5235.84,Yes,2023-05-27
3633-TLWJN,Female,0,No,Yes,56,Yes,No,DSL,No,Yes,No,Yes,Yes,Yes,Month-to-month,Yes,Bank transfer (automatic),125.78,6942.27,Yes,2023-05-27
4763-EVSNZ,Female,0,No,Yes,53,Yes,No,No,No internet service,No internet service,No internet service,No internet service,No internet service,No internet service,Month-to-month,Yes,Credit card (automatic),33.16,1752.5,No,2023-05-27
3625-YIJHS,Male,0,No,No,29,Yes,Yes,Fiber optic,No,Yes,Yes,Yes,Yes,Yes,Two year,Yes,Electronic check,169.44,4894.56,No,2023-05-27
9393-QYPSL,Male,0,Yes,No,50,Yes,No,Fiber optic,No,No,No,No,Yes,Yes,Month-to-month,Yes,Bank transfer (automatic),154.86,7770.52,Yes,2023-05-27
8831-HWNBV,Female,0,Yes,No,51,Yes,No,DSL,No,No,No,Yes,Yes,Yes,One year,Yes,Mailed check,118.91,5891.22,No,2023-05-27
1250-CROOC,Female,0,Yes,No,41,Yes,Yes,Fiber optic,No,No,Yes,No,Yes,Yes,One year,No,Bank transfer (automatic),163.71,6735.03,No,2023-05-27
1195-ZEXMX,Male,1,Yes,No,21,Yes,Yes,Fiber optic,Yes,Yes,Yes,Yes,Yes,Yes,Two year,Yes,Credit card (automatic),186.54,3945.02,Yes,2023-05-27
7531-OGUIN,Female,0,No,No,36,Yes,Yes,Fiber optic,No,Yes,No,No,Yes,Yes,Month-to-month,No,Electronic check,178.24,6548.81,Yes,2023-05-27
1342-FYYIQ,Female,0,Yes,No,38,Yes,No,Fiber optic,No,No,No,No,No,Yes,One year,Yes,Bank transfer (automatic),140.24,5337.16,Yes,2023-05-27
3731-QOKTT,Male,0,Yes,No,16,Yes,Yes,No,No internet service,No internet service,No internet service,No internet service,No internet service,No internet service,Month-to-month,Yes,Bank transfer (automatic),60.18,935.7,Yes,2023-05-27
5462-OQZLC,Female,0,No,No,40,Yes,Yes,Fiber optic,Yes,Yes,No,Yes,No,Yes,One year,Yes,Bank transfer (automatic),179.41,6977.31,No,2023-05-27
1885-DWQEM,Female,1,No,No,20,Yes,No,Fiber optic,Yes,Yes,No,No,No,No,Two year,No,Mailed check,133.21,2719.63,No,2023-05-27
9026-MCGTX,Male,0,Yes,Yes,54,Yes,No,DSL,Yes,Yes,No,No,Yes,Yes,One year,Yes,Credit card (automatic),127.46,6945.89,No,2023-05-27
4042-XSBFF,Male,0,No,No,29,Yes,Yes,Fiber optic,Yes,No,Yes,No,No,Yes,Month-to-month,Yes,Credit card (automatic),181.46,5392.0,Yes,2023-05-27
9099-MKKFX,Female,0,Yes,No,10,No,No phone service,Fiber optic,No,Yes,No,Yes,Yes,Yes,One year,No,Electronic check,148.96,1500.22,Yes,2023-05-27
2845-SNWON,Male,0,Yes,No,54,Yes,Yes,No,No internet service,No internet service,No internet service,No internet service,No internet service,No internet service,Two year,No,Mailed check,50.08,2671.23,No,2023-05-27
9410-JQYWN,Female,0,No,No,14,Yes,Yes,Fiber optic,No,No,No,No,No,Yes,One year,Yes,Bank transfer (automatic),161.08,2235.2,No,2023-05-27
1642-NJGZX,Male,0,Yes,No,41,Yes,No,DSL,No,Yes,No,No,Yes,Yes,Two year,Yes,Mailed check,112.23,4490.13,No,2023-05-27
7772-ROZYC,Male,0,No,No,23,Yes,Yes,Fiber optic,Yes,Yes,No,No,Yes,Yes,One year,No,Bank transfer (automatic),188.09,4289.01,No,2023-05-27
5778-TWWPY,Male,0,No,No,25,Yes,Yes,Fiber optic,No,No,No,No,No,Yes,Month-to-month,Yes,Bank transfer (automatic),158.82,3949.34,No,2023-05-27
4366-TPQEC,Female,0,Yes,No,32,Yes,Yes,DSL,No,No,Yes,No,Yes,Yes,One year,Yes,Electronic check,130.27,4143.18,Yes,2023-05-27
6912-PMAUN,Male,0,Yes,No,41,Yes,Yes,Fiber optic,Yes,Yes,No,Yes,Yes,Yes,Two year,Yes,Credit card (automatic),170.44,7038.84,Yes,2023-05-27
7366-FOIWC,Female,0,Yes,No,46,Yes,No,No,No internet service,No internet service,No internet service,No internet service,No internet service,No internet service,One year,Yes,Credit card (automatic),27.65,1252.46,No,2023-05-27
3451-TCRTY,Female,0,No,No,42,Yes,No,Fiber optic,Yes,Yes,Yes,No,Yes,Yes,One year,Yes,Electronic check,182.4,7656.48,Yes,2023-05-27
7899-KQDEM,Female,0,Yes,No,43,Yes,No,No,No internet service,No internet service,No internet service,No internet service,No internet service,No internet service,Month-to-month,Yes,Electronic check,36.24,1602.53,No,2023-05-28
5128-LWRWL,Female,0,No,No,43,Yes,No,Fiber optic,Yes,Yes,Yes,No,Yes,No,Two year,Yes,Electronic check,157.58,6661.54,Yes,2023-05-28
4173-SONAP,Male,0,No,Yes,41,Yes,No,DSL,Yes,Yes,Yes,No,Yes,Yes,One year,Yes,Electronic check,127.22,5181.04,Yes,2023-05-28
4774-LKOVD,Female,0,Yes,No,23,No,No phone service,DSL,Yes,No,No,Yes,No,Yes,Month-to-month,Yes,Electronic check,104.71,2388.43,Yes,2023-05-28
7502-QXUJJ,Male,0,No,No,34,Yes,Yes,DSL,No,No,No,Yes,Yes,Yes,One year,Yes,Mailed check,139.12,4814.76,No,2023-05-28
7846-HTUWQ,Female,0,Yes,No,48,Yes,Yes,DSL,No,Yes,No,No,Yes,No,Month-to-month,No,Mailed check,132.2,6442.07,Yes,2023-05-28
9517-TWSEJ,Male,0,Yes,No,48,Yes,Yes,DSL,No,Yes,No,Yes,Yes,Yes,Two year,Yes,Credit card (automatic),129.72,6123.27,Yes,2023-05-28
6067-RISOE,Male,0,No,Yes,42,No,No phone service,Fiber optic,No,No,No,Yes,Yes,Yes,Month-to-month,Yes,Credit card (automatic),140.2,5966.04,Yes,2023-05-28
2651-LNXCI,Male,1,No,No,45,Yes,Yes,Fiber optic,No,No,Yes,Yes,Yes,Yes,One year,No,Mailed check,177.88,7919.33,No,2023-05-28
2296-EFIHG,Male,0,Yes,No,28,Yes,No,Fiber optic,Yes,Yes,No,No,No,No,Two year,Yes,Bank transfer (automatic),137.56,3829.67,No,2023-05-28
7411-ZDSUZ,Female,0,No,Yes,64,Yes,No,No,No internet service,No internet service,No internet service,No internet service,No internet service,No internet service,One year,Yes,Electronic check,43.09,2717.63,No,2023-05-28
7234-JMEKO,Female,0,Yes,No,23,Yes,Yes,Fiber optic,No,No,Yes,Yes,Yes,No,Month-to-month,Yes,Mailed check,186.35,4252.06,Yes,2023-05-28
8500-PLOWV,Male,0,Yes,No,34,Yes,Yes,DSL,No,Yes,Yes,No,No,Yes,Month-to-month,No,Credit card (automatic),140.06,4704.19,No,2023-05-28
2350-YHFTP,Male,0,Yes,No,61,Yes,Yes,No,No internet service,No internet service,No internet service,No internet service,No internet service,No internet service,Two year,Yes,Bank transfer (automatic),52.37,3155.52,No,2023-05-28
5684-WYKXS,Male,0,No,No,40,Yes,Yes,DSL,No,Yes,Yes,Yes,Yes,Yes,One year,No,Credit card (automatic),151.05,5955.27,No,2023-05-28
1599-EPHJS,Female,0,No,No,51,Yes,Yes,DSL,Yes,No,No,Yes,Yes,No,Month-to-month,Yes,Mailed check,145.69,7306.06,Yes,2023-05-28
7992-CXTYX,Female,0,No,No,26,Yes,No,Fiber optic,No,Yes,No,No,Yes,Yes,Month-to-month,No,Credit card (automatic),156.54,4167.55,Yes,2023-05-28
7390-CXCRJ,Female,0,No,No,11,Yes,No,Fiber optic,Yes,Yes,No,No,Yes,Yes,Month-to-month,Yes,Electronic check,175.01,1927.3,No,2023-05-28
5334-WDWGW,Male,0,Yes,No,36,Yes,Yes,Fiber optic,No,No,No,No,Yes,Yes,One year,No,Bank transfer (automatic),162.12,5983.59,Yes,2023-05-28
2972-KMLIM,Male,0,Yes,No,18,Yes,No,No,No internet service,No internet service,No internet service,No internet service,No internet service,No internet service,One year,No,Mailed check,37.42,690.06,No,2023-05-28
7680-DQTOI,Female,0,No,No,21,No,No phone service,No,No internet service,No internet service,No internet service,No internet service,No internet service,No internet service,One year,No,Bank transfer (automatic),18.5,384.73,No,2023-05-29
9450-KEHFW,Female,0,No,Yes,45,Yes,Yes,No,No internet service,No internet service,No internet service,No internet service,No internet service,No internet service,One year,No,Bank transfer (automatic),58.3,2595.48,No,2023-05-29
7498-LAHFR,Male,0,Yes,No,49,Yes,No,No,No internet service,No internet service,No internet service,No internet service,No internet service,No internet service,Month-to-month,Yes,Electronic check,56.58,2746.77,Yes,2023-05-29
2455-SSYUH,Male,0,No,No,6,Yes,No,Fiber optic,No,Yes,Yes,No,Yes,Yes,One year,No,Bank transfer (automatic),168.85,1035.14,No,2023-05-29
8526-NEBEY,Female,0,Yes,No,50,Yes,Yes,Fiber optic,No,Yes,Yes,Yes,Yes,Yes,Two year,Yes,Electronic check,171.0,8494.17,Yes,2023-05-29
4255-YKHYH,Female,0,No,No,40,Yes,No,Fiber optic,Yes,Yes,Yes,Yes,Yes,No,Two year,No,Credit card (automatic),162.34,6589.91,No,2023-05-29
1761-ACANA,Male,1,Yes,No,61,Yes,No,Fiber optic,No,Yes,Yes,Yes,Yes,Yes,Two year,No,Electronic check,160.86,9617.92,Yes,2023-05-29
7379-TBDBS,Male,0,Yes,No,45,Yes,No,DSL,Yes,Yes,No,Yes,Yes,Yes,Two year,No,Bank transfer (automatic),129.13,5792.04,No,2023-05-29
4191-PQTZG,Female,0,Yes,No,45,Yes,Yes,Fiber optic,Yes,Yes,Yes,Yes,Yes,Yes,One year,Yes,Credit card (automatic),208.81,9177.43,No,2023-05-29
1160-EWFRH,Male,0,No,No,42,Yes,No,DSL,No,No,Yes,No,Yes,Yes,Month-to-month,Yes,Mailed check,139.43,5741.32,Yes,2023-05-29
1700-IXZDI,Female,0,No,No,20,Yes,Yes,Fiber optic,No,No,Yes,No,Yes,Yes,Two year,Yes,Bank transfer (automatic),166.99,3347.66,No,2023-05-29
5991-RDWMP,Female,0,Yes,Yes,33,Yes,Yes,Fiber optic,No,No,No,No,No,Yes,Month-to-month,Yes,Mailed check,165.5,5403.72,Yes,2023-05-29
5957-EYXTB,Male,0,Yes,Yes,23,Yes,Yes,Fiber optic,Yes,No,No,No,No,No,Month-to-month,Yes,Bank transfer (automatic),164.87,3894.64,Yes,2023-05-29
6931-MIGQI,Male,0,No,No,48,Yes,No,Fiber optic,Yes,Yes,Yes,No,Yes,Yes,One year,Yes,Mailed check,186.56,9124.42,Yes,2023-05-29
9354-PRPQO,Male,0,No,No,44,Yes,Yes,Fiber optic,No,No,No,No,Yes,Yes,Month-to-month,Yes,Electronic check,163.91,7426.7,Yes,2023-05-29
3604-VTXKP,Male,0,Yes,No,30,Yes,No,Fiber optic,Yes,Yes,Yes,No,Yes,Yes,Two year,No,Electronic check,158.13,4639.21,No,2023-05-29
2032-UQFWB,Male,1,No,No,59,Yes,Yes,Fiber optic,No,Yes,No,No,Yes,Yes,One year,Yes,Credit card (automatic),165.51,9784.27,No,2023-05-29
2279-ROPPX,Female,0,Yes,No,26,Yes,No,No,No internet service,No internet service,No internet service,No internet service,No internet service,No internet service,Month-to-month,Yes,Bank transfer (automatic),53.86,1409.61,Yes,2023-05-29
4947-SFXCY,Male,0,No,No,15,Yes,Yes,Fiber optic,No,Yes,No,Yes,Yes,Yes,One year,Yes,Bank transfer (automatic),190.19,2794.95,No,2023-05-29
9595-PZVHJ,Female,0,Yes,No,30,Yes,No,Fiber optic,No,Yes,Yes,Yes,Yes,Yes,Two year,Yes,Mailed check,160.88,4821.82,No,2023-05-29
7985-TPIGK,Female,0,Yes,Yes,41,Yes,No,Fiber optic,No,Yes,No,No,Yes,Yes,Month-to-month,Yes,Bank transfer (automatic),168.75,7088.69,Yes,2023-05-29
6690-ULFRJ,Female,0,Yes,No,24,Yes,Yes,Fiber optic,No,Yes,No,No,Yes,Yes,One year,Yes,Bank transfer (automatic),180.68,4288.64,No,2023-05-29
5767-DNCJA,Female,0,Yes,Yes,27,Yes,No,No,No internet service,No internet service,No internet service,No internet service,No internet service,No internet service,One year,Yes,Bank transfer (automatic),40.29,1113.38,No,2023-05-29
9279-BWHLT,Female,0,Yes,No,49,Yes,Yes,Fiber optic,No,No,Yes,No,Yes,No,Month-to-month,Yes,Bank transfer (automatic),181.43,8672.48,Yes,2023-05-29
4237-RYIHV,Male,0,Yes,No,46,Yes,No,DSL,Yes,Yes,Yes,Yes,Yes,Yes,Two year,Yes,Bank transfer (automatic),145.23,6797.52,No,2023-05-30
5122-NINID,Male,0,No,Yes,46,Yes,Yes,DSL,No,Yes,No,No,Yes,Yes,Two year,No,Bank transfer (automatic),114.81,5334.68,No,2023-05-30
7424-TOPNX,Male,0,No,No,37,Yes,Yes,DSL,No,Yes,Yes,No,Yes,No,One year,Yes,Bank transfer (automatic),132.61,4971.55,No,2023-05-30
9734-YMVPB,Male,1,No,Yes,42,Yes,No,Fiber optic,Yes,No,Yes,No,Yes,No,One year,Yes,Bank transfer (automatic),162.67,6969.81,No,2023-05-30
3238-MNELB,Male,0,Yes,No,40,Yes,Yes,Fiber optic,Yes,No,No,No,Yes,Yes,Month-to-month,Yes,Credit card (automatic),193.41,7636.35,Yes,2023-05-30
7432-IEGSS,Male,0,Yes,No,26,Yes,No,DSL,No,Yes,No,Yes,No,Yes,One year,Yes,Credit card (automatic),120.25,3213.17,No,2023-05-30
1718-HFWPM,Male,0,Yes,No,39,Yes,Yes,DSL,Yes,Yes,Yes,Yes,Yes,Yes,Month-to-month,No,Credit card (automatic),171.78,6862.38,No,2023-05-30
7786-VENLB,Male,0,Yes,Yes,41,Yes,No,Fiber optic,Yes,No,Yes,Yes,Yes,No,Month-to-month,Yes,Mailed check,169.56,7113.63,Yes,2023-05-30
7416-PGEDO,Male,0,Yes,Yes,63,Yes,Yes,DSL,Yes,Yes,Yes,No,Yes,Yes,One year,No,Bank transfer (automatic),163.81,10226.99,No,2023-05-30
9217-NEZPD,Male,0,Yes,No,36,Yes,No,Fiber optic,No,Yes,No,No,Yes,No,Month-to-month,Yes,Credit card (automatic),154.67,5615.35,No,2023-05-30
5180-XMGBZ,Male,0,Yes,No,43,Yes,Yes,Fiber optic,No,No,Yes,Yes,Yes,Yes,Month-to-month,No,Bank transfer (automatic),199.55,8698.5,No,2023-05-30
6107-ZLPXI,Female,0,Yes,No,30,Yes,Yes,DSL,Yes,No,No,No,No,No,Two year,No,Credit card (automatic),104.3,3101.57,No,2023-05-30
5471-RTPIF,Female,0,No,No,39,Yes,Yes,Fiber optic,Yes,No,No,No,Yes,Yes,Month-to-month,Yes,Bank transfer (automatic),188.95,7222.99,Yes,2023-05-30
2073-WCENA,Male,0,No,No,47,Yes,Yes,No,No internet service,No internet service,No internet service,No internet service,No internet service,No internet service,Month-to-month,Yes,Mailed check,72.83,3384.42,Yes,2023-05-30
6939-UIXMW,Female,1,Yes,No,58,Yes,No,Fiber optic,Yes,Yes,No,No,Yes,Yes,One year,Yes,Bank transfer (automatic),162.25,9633.25,No,2023-05-30
6522-QJUOC,Female,0,Yes,No,35,Yes,Yes,DSL,Yes,Yes,No,Yes,Yes,Yes,One year,No,Bank transfer (automatic),148.26,5105.09,No,2023-05-30
9884-FNUWW,Female,0,Yes,No,23,No,No phone service,DSL,Yes,No,Yes,No,Yes,Yes,One year,Yes,Credit card (automatic),106.54,2413.85,No,2023-05-30
4788-CZUHI,Male,0,Yes,No,55,Yes,Yes,Fiber optic,Yes,No,Yes,No,Yes,Yes,Two year,No,Electronic check,160.42,8981.49,Yes,2023-05-30
2596-TEVRP,Female,0,Yes,No,27,Yes,No,Fiber optic,Yes,Yes,Yes,No,Yes,Yes,Month-to-month,Yes,Credit card (automatic),184.19,4860.73,No,2023-05-30
4731-CBAFF,Male,0,No,No,56,Yes,Yes,Fiber optic,No,Yes,Yes,Yes,Yes,Yes,Month-to-month,No,Bank transfer (automatic),214.44,12112.15,No,2023-05-30
8349-XHJHK,Male,0,Yes,No,44,Yes,Yes,DSL,No,Yes,Yes,No,Yes,Yes,One year,Yes,Mailed check,143.18,6183.66,No,2023-05-30
5966-RQOOQ,Male,0,No,No,31,Yes,Yes,Fiber optic,No,Yes,Yes,No,Yes,Yes,One year,Yes,Mailed check,177.8,5520.76,Yes,2023-05-30
7135-LCYOH,Female,0,Yes,No,40,Yes,No,Fiber optic,No,Yes,No,No,Yes,No,Month-to-month,Yes,Bank transfer (automatic),159.57,6345.95,Yes,2023-05-30
9841-IXVBW,Male,0,Yes,No,52,Yes,Yes,Fiber optic,Yes,Yes,No,No,Yes,Yes,Month-to-month,No,Credit card (automatic),199.51,10192.46,Yes,2023-05-30
1091-XIZOX,Male,0,No,Yes,48,Yes,Yes,Fiber optic,No,No,No,Yes,Yes,Yes,Two year,Yes,Bank transfer (automatic),155.65,7519.33,No,2023-05-30
8190-NBCFV,Male,0,Yes,No,54,Yes,Yes,Fiber optic,Yes,No,No,No,Yes,No,One year,No,Electronic check,166.45,9004.93,No,2023-05-30
9623-JNIMA,Male,0,No,No,28,Yes,Yes,Fiber optic,No,No,Yes,No,Yes,Yes,Month-to-month,No,Mailed check,194.07,5555.58,No,2023-05-30
8496-XKWCI,Male,0,Yes,No,24,Yes,No,No,No internet service,No internet service,No internet service,No internet service,No internet service,No internet service,One year,Yes,Bank transfer (automatic),41.7,1014.38,No,2023-05-30
7980-FRABE,Male,0,Yes,No,50,Yes,No,DSL,Yes,No,Yes,Yes,No,Yes,One year,Yes,Mailed check,122.0,6030.64,No,2023-05-31
4254-YPWEW,Male,0,No,No,19,No,No phone service,Fiber optic,No,No,Yes,No,Yes,Yes,Month-to-month,Yes,Mailed check,141.13,2693.39,No,2023-05-31
3219-LKLQQ,Male,0,Yes,Yes,31,Yes,No,Fiber optic,Yes,Yes,No,No,Yes,Yes,Month-to-month,Yes,Electronic check,178.18,5439.7,Yes,2023-05-31
6792-WBZAT,Male,0,No,No,56,Yes,No,DSL,No,No,No,Yes,Yes,Yes,Month-to-month,Yes,Mailed check,127.14,7144.76,Yes,2023-05-31
1007-TTDZL,Female,0,Yes,No,48,Yes,Yes,No,No internet service,No internet service,No internet service,No internet service,No internet service,No internet service,One year,Yes,Mailed check,57.9,2742.6,No,2023-05-31
2371-VVWIM,Female,0,No,No,42,Yes,No,Fiber optic,No,Yes,Yes,No,Yes,Yes,One year,Yes,Bank transfer (automatic),167.43,6861.46,Yes,2023-05-31
2211-JPNMN,Male,0,No,No,29,Yes,No,No,No internet service,No internet service,No internet service,No internet service,No internet service,No internet service,Two year,Yes,Mailed check,34.1,961.37,No,2023-05-31
5623-TOODL,Female,0,No,No,25,Yes,Yes,Fiber optic,No,Yes,No,No,Yes,Yes,One year,Yes,Credit card (automatic),183.23,4655.23,No,2023-05-31
4970-MXJSA,Male,0,Yes,No,48,Yes,Yes,Fiber optic,Yes,Yes,Yes,No,Yes,Yes,One year,Yes,Bank transfer (automatic),193.89,9544.89,No,2023-05-31
8039-XLTIV,Female,0,Yes,Yes,18,Yes,Yes,No,No internet service,No internet service,No internet service,No internet service,No internet service,No internet service,One year,Yes,Electronic check,54.9,966.18,No,2023-05-31
1689-UTRSD,Female,0,No,No,22,Yes,Yes,No,No internet service,No internet service,No internet service,No internet service,No internet service,No internet service,Month-to-month,Yes,Electronic check,72.6,1578.07,Yes,2023-05-31
5918-QPDTV,Female,0,Yes,No,27,Yes,No,Fiber optic,No,No,Yes,Yes,Yes,Yes,Month-to-month,Yes,Mailed check,172.35,4547.94,Yes,2023-05-31
6034-HLNRC,Male,0,Yes,Yes,18,Yes,Yes,Fiber optic,No,Yes,Yes,Yes,Yes,No,Month-to-month,Yes,Electronic check,204.38,3617.8,Yes,2023-05-31
1453-WHNNH,Male,0,Yes,No,58,Yes,Yes,Fiber optic,Yes,No,Yes,No,Yes,Yes,One year,No,Electronic check,191.07,11143.77,Yes,2023-05-31
6119-ICMKC,Female,0,Yes,Yes,23,Yes,Yes,No,No internet service,No internet service,No internet service,No internet service,No internet service,No internet service,Month-to-month,Yes,Bank transfer (automatic),60.65,1421.64,No,2023-05-31
1338-CXHFT,Female,1,Yes,No,66,Yes,No,Fiber optic,No,No,Yes,No,Yes,No,Two year,No,Bank transfer (automatic),131.83,8785.35,Yes,2023-05-31
9629-AZXHJ,Male,0,Yes,No,18,Yes,No,No,No internet service,No internet service,No internet service,No internet service,No internet service,No internet service,Month-to-month,Yes,Credit card (automatic),43.51,768.58,Yes,2023-05-31
7519-EXXVX,Male,0,Yes,No,58,Yes,Yes,Fiber optic,Yes,Yes,No,No,Yes,Yes,Month-to-month,No,Electronic check,187.34,11132.67,Yes,2023-05-31
3638-VIDXX,Female,0,No,No,29,Yes,No,DSL,No,Yes,Yes,Yes,Yes,Yes,One year,Yes,Bank transfer (automatic),133.62,3781.21,No,2023-05-31
6189-BTGUJ,Female,0,No,No,48,Yes,No,DSL,Yes,Yes,Yes,Yes,Yes,Yes,One year,Yes,Bank transfer (automatic),138.13,6529.34,No,2023-05-31
7132-BHOXY,Male,0,Yes,No,45,Yes,No,DSL,Yes,No,No,Yes,Yes,Yes,Month-to-month,No,Bank transfer (automatic),132.52,6058.39,No,2023-05-31
7159-CIBBL,Male,1,No,No,34,Yes,No,No,No internet service,No internet service,No internet service,No internet service,No internet service,No internet service,Two year,Yes,Bank transfer (automatic),33.56,1118.84,Yes,2023-05-31
2255-AMAPR,Female,0,Yes,No,56,Yes,Yes,No,No internet service,No internet service,No internet service,No internet service,No internet service,No internet service,Month-to-month,Yes,Credit card (automatic),63.0,3540.55,No,2023-05-31
7317-KADIZ,Male,1,Yes,No,25,Yes,No,No,No internet service,No internet service,No internet service,No internet service,No internet service,No internet service,Two year,Yes,Credit card (automatic),48.94,1219.99,Yes,2023-05-31
2248-MMFQW,Female,0,No,Yes,45,Yes,No,Fiber optic,Yes,Yes,No,Yes,Yes,Yes,One year,No,Mailed check,181.24,8257.91,No,2023-05-31
9368-TVAVA,Female,0,Yes,No,28,Yes,No,Fiber optic,No,Yes,Yes,No,Yes,Yes,Two year,Yes,Bank transfer (automatic),155.21,4386.47,No,2023-06-01
1934-DAREZ,Female,0,Yes,No,29,Yes,Yes,DSL,Yes,Yes,Yes,Yes,Yes,No,One year,Yes,Bank transfer (automatic),155.22,4504.35,Yes,2023-06-01
7532-MZZSS,Male,0,Yes,No,47,Yes,No,No,No internet service,No internet service,No internet service,No internet service,No internet service,No internet service,One year,Yes,Credit card (automatic),39.19,1812.48,No,2023-06-01
6237-UUYDR,Male,0,Yes,No,17,Yes,No,No,No internet service,No internet service,No internet service,No internet service,No internet service,No internet service,Month-to-month,Yes,Bank transfer (automatic),40.39,700.93,No,2023-06-01
7656-DFMET,Male,0,No,No,26,Yes,Yes,DSL,Yes,Yes,Yes,Yes,Yes,Yes,One year,Yes,Bank transfer (automatic),165.37,4365.89,Yes,2023-06-01
5003-TJFGD,Male,0,Yes,Yes,15,Yes,No,Fiber optic,No,Yes,No,Yes,Yes,Yes,Month-to-month,Yes,Bank transfer (automatic),172.36,2651.71,Yes,2023-06-01
9711-DBZWY,Male,0,Yes,No,35,Yes,Yes,DSL,Yes,No,Yes,Yes,No,Yes,One year,No,Electronic check,143.53,4960.92,Yes,2023-06-01
4966-BPNGA,Male,0,No,Yes,47,Yes,No,Fiber optic,No,Yes,Yes,No,Yes,Yes,Month-to-month,Yes,Credit card (automatic),172.58,7962.57,No,2023-06-01
3082-XXNYY,Female,0,No,No,50,Yes,No,Fiber optic,Yes,No,Yes,Yes,Yes,Yes,Two year,Yes,Credit card (automatic),164.25,8291.11,Yes,2023-06-01
1048-AGMVM,Female,0,Yes,No,53,Yes,Yes,No,No internet service,No internet service,No internet service,No internet service,No internet service,No internet service,Two year,Yes,Electronic check,57.4,3076.85,No,2023-06-01
2813-ZZXHV,Male,0,No,No,55,Yes,Yes,Fiber optic,Yes,Yes,Yes,No,Yes,Yes,Month-to-month,No,Mailed check,211.43,11933.08,Yes,2023-06-01
2867-JXQUQ,Female,0,Yes,No,34,Yes,Yes,Fiber optic,No,Yes,Yes,No,Yes,Yes,One year,No,Mailed check,181.58,6353.18,No,2023-06-01
7691-XDFRS,Male,0,Yes,Yes,58,Yes,No,Fiber optic,No,No,Yes,No,Yes,Yes,Two year,Yes,Bank transfer (automatic),142.89,8275.32,No,2023-06-01
2361-AYJVS,Female,0,Yes,No,39,Yes,Yes,Fiber optic,Yes,No,No,Yes,Yes,Yes,One year,Yes,Credit card (automatic),203.45,7966.76,Yes,2023-06-01
9971-MXGZN,Female,0,No,No,53,Yes,Yes,DSL,No,No,No,Yes,Yes,Yes,Month-to-month,No,Mailed check,149.24,8113.59,Yes,2023-06-01
8664-COFZV,Male,0,Yes,Yes,61,Yes,No,DSL,Yes,Yes,Yes,Yes,No,Yes,Two year,Yes,Credit card (automatic),127.25,7775.29,No,2023-06-01
4073-NCJMJ,Female,0,No,No,23,Yes,No,Fiber optic,Yes,Yes,Yes,No,Yes,Yes,Month-to-month,No,Bank transfer (automatic),191.28,4411.56,Yes,2023-06-01
9922-JDSHI,Male,0,No,No,34,Yes,No,Fiber optic,No,No,Yes,Yes,Yes,Yes,One year,Yes,Bank transfer (automatic),172.47,5788.93,No,2023-06-01
4962-SYOUR,Male,0,No,Yes,12,Yes,Yes,Fiber optic,Yes,Yes,Yes,Yes,Yes,Yes,Two year,Yes,Bank transfer (automatic),190.04,2232.68,No,2023-06-01
5480-ZSMVM,Male,0,Yes,No,44,Yes,No,Fiber optic,Yes,Yes,No,Yes,Yes,Yes,Two year,Yes,Mailed check,158.93,6993.92,No,2023-06-01
6644-XJFMI,Male,0,No,No,39,Yes,Yes,Fiber optic,Yes,Yes,No,Yes,Yes,Yes,Two year,No,Mailed check,172.91,6650.71,No,2023-06-01
7357-FPDKA,Male,0,No,No,18,Yes,Yes,Fiber optic,No,Yes,No,No,No,Yes,One year,Yes,Bank transfer (automatic),160.77,2962.75,Yes,2023-06-01
3291-AWFQF,Male,0,Yes,Yes,36,Yes,Yes,DSL,No,Yes,Yes,No,Yes,Yes,One year,Yes,Credit card (automatic),134.56,4826.24,Yes,2023-06-01
1992-FSQYL,Female,0,Yes,Yes,39,Yes,Yes,Fiber optic,No,Yes,No,No,Yes,Yes,Month-to-month,Yes,Credit card (automatic),190.33,7629.16,No,2023-06-01
4622-AAGAR,Male,0,No,No,39,Yes,No,Fiber optic,Yes,Yes,Yes,No,Yes,No,Two year,Yes,Credit card (automatic),156.23,6189.39,No,2023-06-01
6083-SHZVY,Female,0,Yes,No,58,Yes,No,Fiber optic,No,No,No,Yes,Yes,Yes,Month-to-month,Yes,Mailed check,159.79,9404.99,Yes,2023-06-01
7271-WMRCW,Female,0,Yes,No,42,Yes,Yes,Fiber optic,No,Yes,Yes,No,Yes,Yes,One year,Yes,Bank transfer (automatic),183.25,7652.67,Yes,2023-06-01
2423-SUITK,Male,0,Yes,No,29,Yes,No,Fiber optic,Yes,No,No,No,Yes,Yes,Month-to-month,No,Bank transfer (automatic),157.5,4596.44,Yes,2023-06-01
6798-OCIFQ,Female,0,Yes,No,37,Yes,Yes,Fiber optic,Yes,No,Yes,No,Yes,Yes,One year,No,Bank transfer (automatic),179.4,6742.83,No,2023-06-01
6607-MZPBZ,Female,0,Yes,Yes,61,Yes,Yes,Fiber optic,No,No,Yes,No,No,Yes,Month-to-month,No,Mailed check,171.53,10748.65,Yes,2023-06-01
7501-FXUOV,Female,0,Yes,No,30,Yes,Yes,Fiber optic,Yes,Yes,Yes,Yes,Yes,No,Month-to-month,No,Credit card (automatic),209.71,6316.88,Yes,2023-06-01
8174-OKAAU,Male,0,Yes,No,16,Yes,No,Fiber optic,No,No,No,No,Yes,Yes,Month-to-month,Yes,Bank transfer (automatic),156.86,2583.32,Yes,2023-06-01
5306-FRCJE,Male,0,No,Yes,35,Yes,Yes,Fiber optic,No,Yes,Yes,Yes,Yes,Yes,One year,Yes,Electronic check,192.04,6522.17,No,2023-06-01
4971-XKQNW,Female,0,No,No,24,Yes,Yes,No,No internet service,No internet service,No internet service,No internet service,No internet service,No internet service,Month-to-month,No,Bank transfer (automatic),60.5,1433.23,Yes,2023-06-02
9146-YFSDD,Male,0,No,No,22,Yes,Yes,Fiber optic,No,Yes,No,Yes,Yes,Yes,One year,Yes,Electronic check,186.83,4002.47,Yes,2023-06-02
7215-FUOKL,Male,0,Yes,No,46,Yes,No,Fiber optic,No,Yes,No,Yes,Yes,Yes,Month-to-month,Yes,Bank transfer (automatic),171.2,7976.48,No,2023-06-02
6689-ISBRK,Male,0,No,No,31,Yes,No,Fiber optic,Yes,Yes,No,Yes,Yes,No,One year,Yes,Credit card (automatic),179.68,5490.88,No,2023-06-02
8465-YUSKG,Female,0,Yes,No,51,Yes,Yes,Fiber optic,No,Yes,Yes,No,Yes,Yes,Month-to-month,Yes,Credit card (automatic),188.65,9807.71,Yes,2023-06-02
1195-YUMDU,Male,0,No,Yes,37,Yes,Yes,Fiber optic,Yes,Yes,No,Yes,Yes,No,Two year,No,Mailed check,167.11,6055.86,Yes,2023-06-02
6298-CPGXX,Male,0,Yes,Yes,21,Yes,No,DSL,Yes,No,Yes,No,Yes,Yes,Two year,Yes,Credit card (automatic),124.88,2546.58,Yes,2023-06-02
2506-SULCU,Female,1,No,No,54,Yes,Yes,DSL,No,No,No,No,Yes,Yes,One year,Yes,Credit card (automatic),119.08,6574.28,Yes,2023-06-02
8409-IRORM,Female,0,No,No,32,Yes,No,DSL,No,Yes,Yes,Yes,Yes,Yes,Month-to-month,No,Electronic check,159.88,5078.41,Yes,2023-06-02
9578-VLTWW,Male,0,No,Yes,43,Yes,Yes,Fiber optic,No,Yes,Yes,No,Yes,Yes,Month-to-month,No,Bank transfer (automatic),201.08,8421.92,Yes,2023-06-02
8505-PIVFJ,Female,0,Yes,No,47,Yes,No,Fiber optic,Yes,Yes,No,Yes,No,Yes,One year,No,Bank transfer (automatic),156.93,7367.75,No,2023-06-02
9139-HMGAK,Female,0,Yes,No,43,Yes,No,No,No internet service,No internet service,No internet service,No internet service,No internet service,No internet service,One year,No,Mailed check,33.19,1432.09,No,2023-06-02
4554-UQHBV,Male,0,Yes,No,36,Yes,Yes,DSL,No,Yes,No,No,Yes,Yes,Month-to-month,No,Mailed check,145.68,5141.33,Yes,2023-06-02
5629-YVLEG,Male,0,Yes,Yes,58,Yes,No,Fiber optic,Yes,No,Yes,Yes,Yes,Yes,One year,Yes,Bank transfer (automatic),173.26,10241.38,No,2023-06-02
8406-BSDVD,Female,0,Yes,No,13,Yes,Yes,Fiber optic,Yes,No,Yes,No,Yes,Yes,Month-to-month,Yes,Credit card (automatic),190.64,2420.47,No,2023-06-02
9154-XJXIK,Male,0,Yes,No,38,Yes,Yes,Fiber optic,Yes,Yes,Yes,No,Yes,Yes,One year,Yes,Bank transfer (automatic),198.08,7392.17,No,2023-06-02
3884-EQMCB,Female,0,Yes,No,64,Yes,Yes,DSL,No,Yes,No,No,Yes,Yes,One year,No,Bank transfer (automatic),136.39,8575.11,Yes,2023-06-02
1187-QQBNI,Female,1,No,No,60,Yes,Yes,No,No internet service,No internet service,No internet service,No internet service,No internet service,No internet service,Two year,Yes,Credit card (automatic),55.44,3250.67,No,2023-06-02
1724-FLIRL,Female,0,Yes,No,16,No,No phone service,DSL,No,Yes,Yes,Yes,Yes,Yes,One year,Yes,Electronic check,114.17,1797.14,No,2023-06-02
6951-UETWM,Female,1,No,Yes,44,Yes,Yes,DSL,No,Yes,Yes,Yes,Yes,Yes,Month-to-month,Yes,Bank transfer (automatic),159.03,6812.74,Yes,2023-06-02
3705-RJZHL,Male,0,Yes,No,57,Yes,No,Fiber optic,No,Yes,No,Yes,Yes,Yes,Two year,Yes,Mailed check,135.13,7818.38,Yes,2023-06-02
3472-JDVQI,Female,1,No,No,29,Yes,No,Fiber optic,Yes,No,Yes,No,Yes,Yes,Two year,No,Credit card (automatic),156.37,4506.85,No,2023-06-02
9097-DNZNA,Male,0,Yes,No,37,Yes,No,Fiber optic,Yes,Yes,No,No,Yes,Yes,One year,No,Mailed check,159.87,5742.14,No,2023-06-02
4530-CKOMT,Male,0,No,No,63,Yes,No,Fiber optic,Yes,Yes,No,Yes,Yes,Yes,One year,No,Credit card (automatic),175.13,11071.82,No,2023-06-02
2739-DLSML,Male,0,No,Yes,48,Yes,Yes,DSL,No,Yes,Yes,No,Yes,Yes,One year,Yes,Mailed check,151.39,7075.2,No,2023-06-02
1614-GWPUL,Female,0,Yes,No,30,Yes,Yes,Fiber optic,Yes,Yes,No,No,No,Yes,Two year,No,Mailed check,165.85,4843.65,No,2023-06-02
4881-HDRFH,Male,0,No,No,30,Yes,Yes,DSL,Yes,Yes,No,No,Yes,No,Two year,Yes,Bank transfer (automatic),123.14,3754.61,No,2023-06-02
7520-SUIEU,Female,0,Yes,Yes,35,Yes,Yes,Fiber optic,Yes,Yes,Yes,No,Yes,Yes,Month-to-month,Yes,Mailed check,212.11,7467.66,Yes,2023-06-02
2095-QLHLR,Female,0,No,No,46,Yes,No,Fiber optic,No,No,No,No,Yes,No,Month-to-month,Yes,Bank transfer (automatic),140.92,6664.04,Yes,2023-06-02
7115-IIXPO,Female,0,Yes,No,21,Yes,Yes,Fiber optic,Yes,Yes,Yes,No,No,Yes,Month-to-month,Yes,Bank transfer (automatic),202.38,4205.21,Yes,2023-06-03
4836-AUBST,Male,0,Yes,No,41,Yes,No,Fiber optic,Yes,No,No,Yes,Yes,No,One year,Yes,Mailed check,151.7,6183.46,No,2023-06-03
6855-JRGJI,Male,0,Yes,Yes,50,Yes,Yes,Fiber optic,Yes,Yes,No,Yes,Yes,Yes,Month-to-month,Yes,Mailed check,204.11,10006.74,Yes,2023-06-03
6830-SDWEQ,Male,0,No,No,58,Yes,No,Fiber optic,Yes,Yes,No,Yes,Yes,Yes,Month-to-month,Yes,Electronic check,195.59,11326.29,Yes,2023-06-03
1580-BGSKJ,Male,0,Yes,No,44,No,No phone service,DSL,No,Yes,Yes,Yes,Yes,Yes,Month-to-month,Yes,Credit card (automatic),119.96,5132.74,No,2023-06-03
4217-PTJWT,Female,0,No,Yes,51,Yes,No,Fiber optic,No,Yes,No,Yes,Yes,Yes,One year,Yes,Credit card (automatic),169.74,8694.31,No,2023-06-03
2101-RESFZ,Female,0,Yes,No,63,Yes,Yes,Fiber optic,No,No,No,No,Yes,Yes,One year,Yes,Credit card (automatic),154.59,9723.15,Yes,2023-06-03
8671-KLZKE,Female,0,Yes,No,47,Yes,No,Fiber optic,No,Yes,Yes,No,Yes,Yes,Two year,Yes,Bank transfer (automatic),153.64,7311.94,No,2023-06-03
1195-JFPHB,Male,0,Yes,Yes,50,Yes,Yes,Fiber optic,Yes,Yes,No,Yes,Yes,Yes,One year,No,Mailed check,195.4,9852.49,Yes,2023-06-03
9152-HVVYY,Male,0,No,No,34,Yes,No,Fiber optic,Yes,Yes,No,Yes,Yes,Yes,Two year,Yes,Credit card (automatic),163.47,5661.02,No,2023-06-03
8777-QZTHL,Female,0,No,No,27,Yes,Yes,Fiber optic,No,No,Yes,Yes,Yes,Yes,One year,Yes,Credit card (automatic),182.24,4830.18,Yes,2023-06-03
5417-GBCMB,Male,0,Yes,No,47,Yes,Yes,Fiber optic,Yes,Yes,Yes,No,Yes,No,One year,Yes,Mailed check,198.06,9385.25,No,2023-06-03
9641-AIKHO,Male,0,Yes,No,37,Yes,No,No,No internet service,No internet service,No internet service,No internet service,No internet service,No internet service,Month-to-month,No,Bank transfer (automatic),43.47,1591.73,Yes,2023-06-03
2040-ASIVT,Female,0,Yes,No,27,Yes,Yes,Fiber optic,Yes,Yes,No,Yes,Yes,Yes,Month-to-month,No,Mailed check,206.72,5599.2,Yes,2023-06-03
6838-OLLUR,Female,0,No,No,44,Yes,Yes,Fiber optic,Yes,Yes,Yes,No,Yes,Yes,Two year,Yes,Credit card (automatic),171.23,7388.58,No,2023-06-03
3807-BCMKG,Male,0,No,No,38,No,No phone service,Fiber optic,Yes,No,Yes,No,Yes,Yes,Two year,Yes,Mailed check,120.82,4534.66,No,2023-06-03
2522-OXIZC,Female,0,No,No,23,Yes,Yes,DSL,Yes,No,Yes,Yes,Yes,Yes,Month-to-month,Yes,Mailed check,165.28,3864.14,Yes,2023-06-03
3895-HAAZV,Male,0,Yes,No,45,Yes,Yes,Fiber optic,Yes,Yes,Yes,No,Yes,Yes,Month-to-month,Yes,Electronic check,206.86,9173.24,Yes,2023-06-03
4948-EDPKH,Male,0,No,No,20,Yes,Yes,Fiber optic,Yes,Yes,No,No,Yes,Yes,One year,Yes,Bank transfer (automatic),186.48,3694.45,No,2023-06-03
2142-VKBSS,Male,0,Yes,No,26,No,No phone service,Fiber optic,Yes,Yes,No,No,Yes,Yes,One year,Yes,Mailed check,142.68,3617.67,Yes,2023-06-03
8553-NVNBE,Male,0,Yes,No,67,Yes,Yes,Fiber optic,Yes,Yes,No,No,Yes,Yes,Two year,Yes,Credit card (automatic),169.31,11649.19,No,2023-06-03
3500-IUOSU,Male,0,No,No,12,Yes,Yes,No,No internet service,No internet service,No internet service,No internet service,No internet service,No internet service,One year,Yes,Electronic check,54.86,646.83,Yes,2023-06-04
4083-WFQQL,Female,0,No,No,21,Yes,No,No,No internet service,No internet service,No internet service,No internet service,No internet service,No internet service,Two year,Yes,Electronic check,34.31,707.14,No,2023-06-04
9868-XCSYW,Male,0,Yes,No,21,Yes,Yes,No,No internet service,No internet service,No internet service,No internet service,No internet service,No internet service,Month-to-month,No,Mailed check,68.71,1423.56,No,2023-06-04
1081-GTZQO,Female,0,No,Yes,44,Yes,Yes,Fiber optic,No,No,Yes,Yes,Yes,Yes,One year,No,Electronic check,193.28,8532.79,Yes,2023-06-04
1307-JHPQS,Male,0,No,No,33,Yes,Yes,Fiber optic,Yes,No,Yes,No,Yes,Yes,One year,Yes,Credit card (automatic),178.45,5917.95,Yes,2023-06-04
3520-OWPUH,Male,0,No,Yes,49,Yes,Yes,Fiber optic,Yes,Yes,Yes,No,No,Yes,Two year,Yes,Bank transfer (automatic),170.59,8404.08,Yes,2023-06-04
2011-AFNJB,Male,0,Yes,No,17,Yes,No,Fiber optic,Yes,Yes,Yes,No,Yes,Yes,One year,Yes,Credit card (automatic),170.78,2830.46,No,2023-06-04
5671-URMJL,Female,0,Yes,No,16,Yes,Yes,Fiber optic,Yes,No,No,No,Yes,Yes,Two year,Yes,Credit card (automatic),157.65,2586.79,Yes,2023-06-04
8521-ZHLZX,Male,0,Yes,Yes,58,Yes,Yes,Fiber optic,No,No,No,No,No,No,One year,Yes,Bank transfer (automatic),151.55,8702.91,No,2023-06-04
8154-HQYJM,Male,0,No,Yes,40,Yes,Yes,Fiber optic,No,No,No,Yes,Yes,Yes,Month-to-month,No,Bank transfer (automatic),180.2,7048.52,No,2023-06-04
1829-IHAMU,Male,0,Yes,No,38,Yes,No,Fiber optic,No,No,No,Yes,Yes,Yes,Two year,No,Credit card (automatic),151.54,5884.97,Yes,2023-06-04
8761-GWZOK,Male,1,Yes,No,36,Yes,No,Fiber optic,Yes,Yes,Yes,No,Yes,No,Month-to-month,Yes,Credit card (automatic),180.09,6503.1,Yes,2023-06-04
6397-KNZFJ,Male,0,No,Yes,16,Yes,No,No,No internet service,No internet service,No internet service,No internet service,No internet service,No internet service,One year,No,Mailed check,44.03,712.08,No,2023-06-04
4584-XOPUB,Male,0,No,No,46,No,No phone service,Fiber optic,Yes,No,Yes,No,Yes,Yes,Month-to-month,Yes,Credit card (automatic),146.41,6640.4,Yes,2023-06-04
5377-OCWWR,Female,0,No,No,57,Yes,Yes,DSL,Yes,Yes,Yes,Yes,Yes,Yes,One year,No,Bank transfer (automatic),162.17,9191.94,No,2023-06-04
1034-DJWKO,Female,0,Yes,No,47,Yes,Yes,DSL,Yes,Yes,Yes,Yes,Yes,Yes,Two year,Yes,Mailed check,162.78,7505.18,No,2023-06-04
5014-CPRWG,Female,0,No,No,35,Yes,Yes,Fiber optic,No,Yes,Yes,Yes,Yes,No,Month-to-month,Yes,Mailed check,184.29,6528.17,Yes,2023-06-04
6066-GTJJR,Female,0,Yes,No,43,Yes,No,No,No internet service,No internet service,No internet service,No internet service,No internet service,No internet service,Two year,Yes,Bank transfer (automatic),35.62,1554.49,No,2023-06-04
7224-BRGHU,Female,0,No,Yes,50,Yes,Yes,Fiber optic,No,Yes,No,Yes,Yes,Yes,Month-to-month,No,Bank transfer (automatic),196.57,9619.4,No,2023-06-04
8122-DNVXL,Female,0,Yes,Yes,47,Yes,Yes,No,No internet service,No internet service,No internet service,No internet service,No internet service,No internet service,Month-to-month,No,Mailed check,55.83,2681.32,Yes,2023-06-04
4919-WCMUU,Female,0,No,No,30,Yes,Yes,Fiber optic,No,No,Yes,No,Yes,Yes,Month-to-month,No,Mailed check,177.49,5330.79,Yes,2023-06-04
5291-CMILN,Female,0,No,No,52,Yes,Yes,Fiber optic,Yes,Yes,Yes,Yes,Yes,No,Month-to-month,No,Bank transfer (automatic),202.72,10612.0,Yes,2023-06-04
1216-BNVAH,Male,0,Yes,No,22,Yes,No,Fiber optic,No,Yes,No,No,Yes,Yes,One year,Yes,Electronic check,148.19,3333.96,Yes,2023-06-04
9705-HYEOF,Male,0,Yes,No,34,No,No phone service,Fiber optic,Yes,Yes,Yes,Yes,Yes,Yes,Month-to-month,Yes,Credit card (automatic),171.98,5962.1,Yes,2023-06-04
6273-BDKHD,Female,0,No,No,21,Yes,No,DSL,No,No,Yes,Yes,Yes,Yes,Two year,Yes,Credit card (automatic),122.6,2632.91,Yes,2023-06-04
7891-ATHDY,Female,0,Yes,No,33,Yes,Yes,Fiber optic,Yes,No,Yes,Yes,Yes,Yes,Two year,No,Mailed check,182.17,6048.2,Yes,2023-06-05
3177-BFJRQ,Male,0,No,No,40,Yes,No,DSL,Yes,No,Yes,Yes,Yes,Yes,Month-to-month,Yes,Bank transfer (automatic),153.2,6280.54,Yes,2023-06-05
5186-HYTHW,Male,0,No,No,19,Yes,Yes,Fiber optic,Yes,Yes,Yes,No,Yes,Yes,Two year,No,Bank transfer (automatic),185.91,3619.14,No,2023-06-05
9719-AABSY,Male,0,Yes,No,25,Yes,No,Fiber optic,Yes,Yes,Yes,No,Yes,No,One year,Yes,Credit card (automatic),171.69,4398.39,No,2023-06-05
7067-BORHU,Female,0,No,No,21,Yes,No,DSL,No,No,Yes,No,Yes,Yes,One year,No,Bank transfer (automatic),115.61,2364.4,No,2023-06-05
1680-QHHIR,Female,1,Yes,No,20,Yes,Yes,Fiber optic,No,Yes,No,No,Yes,Yes,One year,No,Mailed check,171.85,3502.58,Yes,2023-06-05
2693-FBWGX,Male,0,No,No,46,Yes,No,Fiber optic,Yes,No,Yes,No,Yes,No,One year,Yes,Credit card (automatic),155.99,7332.92,No,2023-06-05
2565-NASHY,Male,0,No,No,39,No,No phone service,Fiber optic,Yes,Yes,No,No,Yes,No,Two year,Yes,Electronic check,122.1,4686.15,No,2023-06-05
8777-QFLIL,Female,1,Yes,Yes,60,No,No phone service,DSL,Yes,No,Yes,Yes,Yes,Yes,Month-to-month,Yes,Credit card (automatic),125.66,7371.87,No,2023-06-05
5634-FCEKH,Male,0,Yes,No,52,Yes,Yes,Fiber optic,Yes,Yes,No,Yes,Yes,Yes,One year,Yes,Bank transfer (automatic),206.06,10836.27,No,2023-06-05
9089-OPEZE,Male,0,Yes,No,62,Yes,No,No,No internet service,No internet service,No internet service,No internet service,No internet service,No internet service,Two year,No,Credit card (automatic),31.61,1965.07,No,2023-06-05
5362-LJACE,Male,0,Yes,No,26,Yes,No,No,No internet service,No internet service,No internet service,No internet service,No internet service,No internet service,One year,Yes,Mailed check,45.62,1180.76,No,2023-06-05
4743-KVKSI,Male,1,Yes,No,33,Yes,No,Fiber optic,No,Yes,Yes,No,Yes,Yes,One year,No,Credit card (automatic),171.18,5552.35,No,2023-06-05
6649-ZYBQP,Male,0,Yes,No,63,Yes,Yes,Fiber optic,Yes,No,No,Yes,Yes,No,Month-to-month,No,Credit card (automatic),175.7,10808.29,No,2023-06-05
4451-NEKKR,Female,0,No,No,35,Yes,Yes,No,No internet service,No internet service,No internet service,No internet service,No internet service,No internet service,One year,Yes,Bank transfer (automatic),57.98,2024.67,No,2023-06-05
7790-MCLDS,Male,0,No,No,38,Yes,Yes,Fiber optic,No,Yes,No,Yes,No,Yes,Month-to-month,No,Bank transfer (automatic),180.46,6721.69,Yes,2023-06-05
7841-TWTPM,Female,0,Yes,No,57,Yes,Yes,Fiber optic,Yes,Yes,Yes,No,Yes,No,Two year,Yes,Electronic check,166.42,9722.97,No,2023-06-05
8762-AXDIK,Female,0,No,No,50,Yes,No,Fiber optic,No,Yes,No,No,Yes,Yes,Two year,Yes,Mailed check,133.76,6489.0,No,2023-06-05
9121-MQIXG,Female,0,No,No,23,Yes,Yes,DSL,No,Yes,Yes,No,Yes,Yes,Two year,No,Bank transfer (automatic),135.85,3140.18,No,2023-06-05
4560-FQHIR,Female,0,Yes,No,39,Yes,No,Fiber optic,Yes,No,No,Yes,Yes,Yes,Two year,Yes,Credit card (automatic),147.1,5861.06,No,2023-06-05
9474-TQLSL,Female,0,No,Yes,50,Yes,Yes,Fiber optic,No,Yes,No,No,Yes,Yes,Month-to-month,Yes,Credit card (automatic),188.66,9521.93,Yes,2023-06-06
2626-EJVDF,Male,0,Yes,Yes,52,Yes,No,No,No internet service,No internet service,No internet service,No internet service,No internet service,No internet service,Month-to-month,Yes,Bank transfer (automatic),44.82,2331.46,No,2023-06-06
3283-CKGIM,Female,0,Yes,No,24,Yes,Yes,DSL,No,Yes,No,No,Yes,Yes,One year,Yes,Credit card (automatic),138.18,3385.6,No,2023-06-06
8233-UPEHB,Female,0,No,No,23,Yes,Yes,Fiber optic,Yes,No,Yes,No,Yes,No,One year,Yes,Mailed check,164.54,3896.05,Yes,2023-06-06
8360-PKYZV,Male,0,No,No,48,Yes,Yes,DSL,No,Yes,No,No,No,Yes,Month-to-month,Yes,Credit card (automatic),135.68,6664.78,Yes,2023-06-06
7298-JQPNT,Male,0,Yes,Yes,42,Yes,Yes,Fiber optic,No,No,No,No,Yes,Yes,One year,Yes,Mailed check,156.79,6628.66,No,2023-06-06
2547-GXPCC,Male,0,No,No,58,Yes,Yes,No,No internet service,No internet service,No internet service,No internet service,No internet service,No internet service,Month-to-month,Yes,Electronic check,66.3,3836.67,Yes,2023-06-06
5203-CYTCY,Female,0,Yes,Yes,61,Yes,No,Fiber optic,Yes,No,Yes,No,Yes,Yes,Month-to-month,Yes,Electronic check,168.44,10071.81,Yes,2023-06-06
5981-RFPKU,Male,1,Yes,No,20,Yes,Yes,DSL,No,No,Yes,No,Yes,Yes,Month-to-month,Yes,Credit card (automatic),154.61,3138.09,Yes,2023-06-06
7953-FMCZR,Male,0,No,Yes,26,Yes,Yes,Fiber optic,No,Yes,Yes,No,No,No,Two year,Yes,Bank transfer (automatic),150.54,3801.39,Yes,2023-06-06
1616-PSPCV,Female,0,Yes,No,48,Yes,No,DSL,Yes,No,No,Yes,Yes,Yes,Month-to-month,Yes,Bank transfer (automatic),141.27,6745.17,No,2023-06-06
8932-EGOFZ,Female,0,No,Yes,54,Yes,Yes,DSL,Yes,No,Yes,Yes,Yes,No,One year,No,Credit card (automatic),142.09,7738.84,No,2023-06-06
4807-FYVZL,Female,0,Yes,No,39,No,No phone service,Fiber optic,No,No,No,No,Yes,Yes,One year,Yes,Electronic check,126.18,5027.57,No,2023-06-06
9732-QIXLW,Female,1,Yes,No,24,Yes,Yes,Fiber optic,No,No,Yes,Yes,Yes,Yes,Two year,Yes,Electronic check,163.04,3817.78,No,2023-06-06
4979-GOVPE,Female,0,No,No,46,Yes,Yes,Fiber optic,Yes,No,No,No,No,Yes,Month-to-month,Yes,Mailed check,170.94,7762.66,Yes,2023-06-06
6390-XJKPP,Male,0,No,No,25,Yes,Yes,DSL,No,No,Yes,Yes,Yes,No,Month-to-month,Yes,Bank transfer (automatic),143.05,3596.39,No,2023-06-06
1158-OIBES,Female,0,Yes,No,24,Yes,No,DSL,Yes,No,No,Yes,Yes,Yes,Month-to-month,Yes,Bank transfer (automatic),140.54,3367.2,No,2023-06-06
4669-ZRINS,Female,0,No,No,29,Yes,No,Fiber optic,No,Yes,Yes,No,Yes,Yes,Month-to-month,No,Bank transfer (automatic),183.68,5404.58,No,2023-06-06
3039-QFNYR,Female,0,Yes,No,44,Yes,No,Fiber optic,Yes,Yes,No,No,Yes,Yes,Month-to-month,Yes,Bank transfer (automatic),177.32,7740.26,Yes,2023-06-06
2779-TLNAZ,Male,0,Yes,Yes,42,Yes,Yes,No,No internet service,No internet service,No internet service,No internet service,No internet service,No internet service,One year,Yes,Mailed check,62.26,2640.09,Yes,2023-06-06
8535-KWWZD,Female,0,No,No,47,Yes,No,DSL,No,Yes,Yes,No,Yes,No,Two year,Yes,Electronic check,103.57,4957.0,Yes,2023-06-06
9654-RSIJU,Female,0,Yes,No,33,Yes,No,Fiber optic,No,Yes,Yes,No,Yes,Yes,Month-to-month,No,Electronic check,183.67,6003.34,Yes,2023-06-06
5725-WRXPM,Male,0,Yes,No,39,Yes,Yes,No,No internet service,No internet service,No internet service,No internet service,No internet service,No internet service,Two year,Yes,Bank transfer (automatic),57.07,2202.4,Yes,2023-06-06
8020-JTDZW,Male,0,Yes,Yes,38,Yes,No,Fiber optic,No,No,Yes,No,No,Yes,Two year,Yes,Bank transfer (automatic),139.51,5212.33,No,2023-06-06
6113-MZMPV,Male,0,No,No,27,No,No phone service,DSL,Yes,No,Yes,Yes,Yes,Yes,Two year,Yes,Bank transfer (automatic),108.25,2991.53,No,2023-06-06
2570-ZIIZW,Male,0,Yes,No,39,Yes,Yes,Fiber optic,Yes,Yes,No,Yes,Yes,Yes,Two year,Yes,Mailed check,173.55,6617.61,Yes,2023-06-06
4167-BAEHT,Female,0,Yes,No,58,Yes,No,No,No internet service,No internet service,No internet service,No internet service,No internet service,No internet service,One year,Yes,Bank transfer (automatic),48.14,2785.6,No,2023-06-06
5208-QUGES,Male,0,No,No,25,No,No phone service,DSL,No,Yes,No,No,Yes,Yes,Two year,Yes,Electronic check,89.25,2259.36,No,2023-06-06
5542-LHTNJ,Male,1,No,No,40,Yes,No,DSL,Yes,Yes,No,No,Yes,Yes,Month-to-month,Yes,Credit card (automatic),134.37,5364.15,No,2023-06-06
7139-ZWMZG,Male,0,No,No,45,No,No phone service,Fiber optic,No,No,No,Yes,Yes,No,One year,Yes,Electronic check,114.07,5233.3,No,2023-06-06
1104-QKAID,Male,0,No,No,64,Yes,Yes,Fiber optic,No,No,No,Yes,Yes,Yes,One year,No,Bank transfer (automatic),179.1,11133.3,No,2023-06-06
1381-UTSHU,Female,0,Yes,Yes,15,Yes,Yes,DSL,No,Yes,No,No,Yes,Yes,Two year,Yes,Electronic check,120.98,1769.11,Yes,2023-06-06
5156-FGNLE,Male,0,Yes,Yes,61,Yes,Yes,Fiber optic,No,No,Yes,No,Yes,Yes,Month-to-month,Yes,Credit card (automatic),182.05,10873.37,Yes,2023-06-06
9860-HCONT,Male,0,Yes,Yes,39,Yes,Yes,Fiber optic,No,No,No,No,Yes,Yes,Month-to-month,Yes,Credit card (automatic),185.14,7324.46,Yes,2023-06-06
5252-ONQHE,Female,0,Yes,Yes,42,Yes,No,DSL,Yes,Yes,Yes,No,Yes,Yes,One year,Yes,Credit card (automatic),144.08,6121.85,No,2023-06-06
8113-YIPBZ,Female,0,No,No,53,Yes,No,No,No internet service,No internet service,No internet service,No internet service,No internet service,No internet service,One year,Yes,Electronic check,52.78,2739.71,No,2023-06-06
4973-DNJNI,Male,0,Yes,Yes,62,Yes,No,Fiber optic,Yes,Yes,Yes,Yes,Yes,No,One year,Yes,Bank transfer (automatic),170.47,10509.71,No,2023-06-06
9621-GISKF,Male,0,Yes,No,37,Yes,Yes,No,No internet service,No internet service,No internet service,No internet service,No internet service,No internet service,Month-to-month,Yes,Credit card (automatic),56.47,2130.0,Yes,2023-06-06
2618-WCRXO,Female,0,No,No,42,Yes,Yes,Fiber optic,Yes,Yes,Yes,Yes,Yes,Yes,One year,Yes,Credit card (automatic),206.75,8902.91,No,2023-06-06
9398-IQWMW,Female,0,Yes,No,43,Yes,Yes,Fiber optic,Yes,Yes,No,Yes,Yes,Yes,Two year,Yes,Electronic check,175.57,7539.99,No,2023-06-06
3792-XSMMR,Male,0,No,No,20,Yes,Yes,No,No internet service,No internet service,No internet service,No internet service,No internet service,No internet service,One year,Yes,Credit card (automatic),56.48,1128.17,No,2023-06-06
6139-UZAFN,Female,0,No,No,58,Yes,Yes,Fiber optic,No,No,Yes,Yes,Yes,Yes,Month-to-month,Yes,Electronic check,202.58,11996.89,Yes,2023-06-07
4485-IUVQW,Female,0,No,No,26,Yes,No,Fiber optic,No,Yes,No,Yes,Yes,Yes,Month-to-month,No,Credit card (automatic),178.02,4628.95,Yes,2023-06-07
9099-PZPKR,Female,0,Yes,No,60,Yes,Yes,Fiber optic,No,No,Yes,No,No,Yes,Two year,Yes,Credit card (automatic),149.19,9079.87,No,2023-06-07
1387-IHXHE,Female,0,No,Yes,55,Yes,Yes,No,No internet service,No internet service,No internet service,No internet service,No internet service,No internet service,One year,Yes,Electronic check,53.71,2899.47,No,2023-06-07
2090-WFEQM,Female,0,Yes,No,63,Yes,Yes,Fiber optic,Yes,Yes,Yes,No,Yes,Yes,One year,Yes,Bank transfer (automatic),189.82,11982.95,No,2023-06-07
3001-YIRUP,Male,0,No,No,53,Yes,Yes,Fiber optic,No,Yes,Yes,No,Yes,Yes,Month-to-month,No,Bank transfer (automatic),193.42,10458.28,No,2023-06-07
4039-KKGIE,Male,0,Yes,No,11,No,No phone service,DSL,No,Yes,Yes,Yes,Yes,Yes,One year,Yes,Bank transfer (automatic),117.92,1309.84,No,2023-06-07
9898-GHQUD,Female,0,Yes,No,54,Yes,No,Fiber optic,No,No,Yes,No,Yes,Yes,Month-to-month,No,Electronic check,169.85,9403.08,No,2023-06-07
2974-HQCGP,Female,0,Yes,Yes,38,Yes,Yes,DSL,No,Yes,Yes,Yes,Yes,Yes,Two year,Yes,Mailed check,141.71,5363.46,Yes,2023-06-07
3942-DFQSK,Female,0,Yes,Yes,25,No,No phone service,Fiber optic,Yes,Yes,Yes,Yes,Yes,No,Two year,Yes,Mailed check,132.89,3268.44,Yes,2023-06-07
2961-WCQNB,Female,1,Yes,No,47,Yes,No,Fiber optic,Yes,No,No,No,Yes,Yes,One year,Yes,Bank transfer (automatic),155.89,7303.05,Yes,2023-06-07
4384-JNEVK,Female,0,Yes,No,32,Yes,Yes,Fiber optic,Yes,Yes,No,Yes,Yes,Yes,One year,No,Electronic check,199.24,6493.86,No,2023-06-07
4921-FROEI,Male,0,Yes,Yes,52,Yes,No,Fiber optic,No,No,No,Yes,Yes,Yes,One year,Yes,Bank transfer (automatic),162.6,8689.79,No,2023-06-07
3296-KOGYH,Male,0,Yes,No,31,Yes,Yes,Fiber optic,Yes,No,Yes,Yes,Yes,Yes,Two year,No,Credit card (automatic),166.34,5025.53,No,2023-06-07
1505-YTKBI,Male,0,Yes,No,48,Yes,No,DSL,No,No,No,No,Yes,No,Two year,Yes,Electronic check,95.94,4478.05,No,2023-06-07
2513-KREMD,Male,0,No,Yes,39,Yes,No,No,No internet service,No internet service,No internet service,No internet service,No internet service,No internet service,Month-to-month,Yes,Credit card (automatic),54.86,2168.29,Yes,2023-06-07
2082-FXERC,Female,0,Yes,Yes,30,Yes,No,DSL,Yes,Yes,No,No,Yes,Yes,Month-to-month,No,Mailed check,146.79,4281.49,No,2023-06-07
2896-UWBAI,Male,0,No,No,60,Yes,No,DSL,No,No,Yes,No,Yes,Yes,Month-to-month,No,Electronic check,126.51,7762.47,No,2023-06-07
9444-KGPQG,Female,0,No,No,44,Yes,No,Fiber optic,No,No,Yes,Yes,Yes,Yes,One year,Yes,Credit card (automatic),156.5,6946.34,Yes,2023-06-07
8999-UATYE,Female,0,No,No,42,Yes,Yes,No,No internet service,No internet service,No internet service,No internet service,No internet service,No internet service,Two year,Yes,Credit card (automatic),53.43,2236.13,Yes,2023-06-07
2808-QHBJN,Female,0,No,No,34,Yes,Yes,Fiber optic,Yes,Yes,No,No,Yes,Yes,One year,Yes,Bank transfer (automatic),184.27,6198.63,No,2023-06-07
6594-HNIIY,Female,0,No,Yes,59,Yes,Yes,Fiber optic,No,Yes,Yes,Yes,Yes,No,One year,Yes,Bank transfer (automatic),180.24,10611.51,No,2023-06-07
1619-PVWMC,Female,0,Yes,No,41,Yes,No,Fiber optic,No,No,Yes,No,Yes,Yes,Two year,Yes,Electronic check,146.71,6016.17,No,2023-06-07
4764-WUUKO,Female,0,Yes,No,36,Yes,Yes,DSL,No,Yes,Yes,No,Yes,Yes,Two year,Yes,Bank transfer (automatic),145.25,5317.15,No,2023-06-07
4275-TFFUZ,Male,0,Yes,No,56,Yes,No,Fiber optic,Yes,Yes,Yes,No,Yes,Yes,Two year,No,Credit card (automatic),161.88,9237.35,No,2023-06-07
4311-MJJAZ,Male,1,Yes,No,47,Yes,Yes,Fiber optic,Yes,No,Yes,No,No,Yes,One year,Yes,Mailed check,175.62,8416.4,Yes,2023-06-07
3460-ZALEF,Female,0,Yes,No,41,Yes,Yes,Fiber optic,Yes,Yes,No,No,Yes,Yes,One year,Yes,Mailed check,185.08,7765.76,No,2023-06-08
9476-TZHSL,Male,0,Yes,No,49,Yes,Yes,Fiber optic,No,Yes,Yes,No,Yes,Yes,Month-to-month,No,Credit card (automatic),199.19,9817.94,Yes,2023-06-08
7293-BXNNZ,Female,0,No,Yes,34,Yes,No,No,No internet service,No internet service,No internet service,No internet service,No internet service,No internet service,Month-to-month,Yes,Bank transfer (automatic),37.02,1266.26,No,2023-06-08
6324-UMWSE,Female,0,Yes,No,30,Yes,No,Fiber optic,Yes,No,No,Yes,No,Yes,Month-to-month,Yes,Bank transfer (automatic),185.26,5625.42,No,2023-06-08
7992-QUFKX,Female,1,No,No,52,Yes,No,Fiber optic,No,No,No,Yes,Yes,No,Month-to-month,Yes,Electronic check,156.36,7950.94,Yes,2023-06-08
9195-VAHJZ,Female,0,No,No,55,Yes,No,DSL,Yes,No,Yes,No,No,Yes,Month-to-month,Yes,Bank transfer (automatic),128.99,7194.46,No,2023-06-08
5948-VEDOR,Male,0,No,No,34,No,No phone service,DSL,Yes,No,Yes,Yes,Yes,Yes,One year,Yes,Credit card (automatic),117.81,4024.38,No,2023-06-08
9335-MRYBW,Male,0,No,Yes,32,Yes,No,Fiber optic,No,Yes,No,No,Yes,Yes,Two year,Yes,Credit card (automatic),136.1,4449.81,No,2023-06-08
1837-HESXD,Male,0,Yes,No,23,Yes,No,No,No internet service,No internet service,No internet service,No internet service,No internet service,No internet service,One year,Yes,Mailed check,36.92,848.29,No,2023-06-08
8305-RBZRN,Female,0,Yes,No,41,No,No phone service,DSL,Yes,Yes,No,Yes,Yes,Yes,Two year,Yes,Credit card (automatic),104.45,4271.14,Yes,2023-06-08
1771-GEKFJ,Female,0,Yes,No,40,Yes,Yes,No,No internet service,No internet service,No internet service,No internet service,No internet service,No internet service,Month-to-month,No,Bank transfer (automatic),64.88,2530.34,No,2023-06-08
6688-TLJWY,Female,0,Yes,No,30,Yes,Yes,Fiber optic,No,Yes,No,No,Yes,Yes,Month-to-month,Yes,Bank transfer (automatic),197.09,5905.16,Yes,2023-06-08
7783-BAAPA,Female,0,No,Yes,31,Yes,Yes,Fiber optic,Yes,Yes,No,No,Yes,No,Two year,Yes,Credit card (automatic),149.2,4575.32,Yes,2023-06-08
4677-EMMAJ,Male,0,Yes,No,44,Yes,No,Fiber optic,No,No,No,No,Yes,No,Two year,No,Bank transfer (automatic),123.57,5531.3,Yes,2023-06-08
1512-FMCOV,Female,0,Yes,No,36,Yes,No,Fiber optic,Yes,Yes,Yes,No,Yes,Yes,Month-to-month,Yes,Electronic check,195.6,7183.22,Yes,2023-06-08
9877-CMLNZ,Male,0,Yes,No,63,Yes,No,No,No internet service,No internet service,No internet service,No internet service,No internet service,No internet service,One year,No,Credit card (automatic),47.98,2941.59,No,2023-06-08
8939-XVNML,Female,0,No,Yes,43,No,No phone service,Fiber optic,No,Yes,No,Yes,Yes,Yes,Two year,Yes,Credit card (automatic),132.27,5793.0,No,2023-06-08
2949-RYWRL,Female,0,Yes,No,45,Yes,Yes,No,No internet service,No internet service,No internet service,No internet service,No internet service,No internet service,One year,Yes,Credit card (automatic),53.98,2432.81,No,2023-06-08
7084-MUIVY,Female,0,No,Yes,26,Yes,Yes,DSL,No,Yes,Yes,Yes,Yes,Yes,Month-to-month,Yes,Mailed check,169.43,4355.38,No,2023-06-08
4197-JBOFL,Male,0,No,Yes,38,Yes,Yes,Fiber optic,No,Yes,Yes,Yes,Yes,Yes,One year,Yes,Credit card (automatic),197.15,7582.7,No,2023-06-08
8142-OEHEH,Male,0,Yes,No,16,Yes,No,No,No internet service,No internet service,No internet service,No internet service,No internet service,No internet service,One year,Yes,Bank transfer (automatic),45.01,723.33,No,2023-06-09
4195-WWMKK,Female,0,Yes,No,37,No,No phone service,No,No internet service,No internet service,No internet service,No internet service,No internet service,No internet service,One year,Yes,Mailed check,18.5,696.15,No,2023-06-09
2153-VLOUZ,Male,0,Yes,Yes,58,Yes,No,No,No internet service,No internet service,No internet service,No internet service,No internet service,No internet service,One year,No,Electronic check,52.53,3015.06,Yes,2023-06-09
7633-MFYBG,Male,0,Yes,No,44,Yes,No,Fiber optic,Yes,No,Yes,No,Yes,Yes,Month-to-month,Yes,Credit card (automatic),184.95,8339.56,No,2023-06-09
4665-XEYMO,Female,0,Yes,No,61,No,No phone service,Fiber optic,No,Yes,No,Yes,No,Yes,Month-to-month,Yes,Credit card (automatic),152.2,9156.71,Yes,2023-06-09
3847-YTICB,Female,0,Yes,No,44,Yes,Yes,No,No internet service,No internet service,No internet service,No internet service,No internet service,No internet service,Month-to-month,Yes,Credit card (automatic),59.34,2566.09,Yes,2023-06-09
9025-DZVSI,Female,1,Yes,Yes,24,Yes,Yes,DSL,Yes,Yes,No,Yes,Yes,Yes,Two year,Yes,Credit card (automatic),141.58,3367.61,Yes,2023-06-09
3018-NQAWY,Female,0,Yes,No,56,Yes,No,Fiber optic,No,Yes,No,No,Yes,Yes,One year,Yes,Mailed check,162.14,9336.02,No,2023-06-09
7114-CMHDH,Female,0,Yes,No,21,No,No phone service,DSL,Yes,No,Yes,No,Yes,Yes,One year,Yes,Credit card (automatic),106.05,2214.61,Yes,2023-06-09
8327-SEONY,Female,0,No,No,41,Yes,No,DSL,Yes,Yes,No,Yes,Yes,Yes,One year,No,Bank transfer (automatic),130.83,5325.51,Yes,2023-06-09
8609-ZWNDP,Female,1,Yes,Yes,40,Yes,Yes,Fiber optic,Yes,Yes,Yes,No,Yes,Yes,One year,Yes,Bank transfer (automatic),191.45,7458.74,No,2023-06-09
5965-UXZTW,Male,1,Yes,No,29,Yes,Yes,Fiber optic,Yes,Yes,Yes,No,Yes,Yes,Two year,Yes,Bank transfer (automatic),172.78,4880.38,No,2023-06-09
1835-UHBWJ,Male,1,Yes,No,11,Yes,No,Fiber optic,No,Yes,Yes,Yes,Yes,Yes,Month-to-month,Yes,Credit card (automatic),199.56,2225.01,No,2023-06-09
9433-HMAYQ,Female,0,No,No,58,Yes,Yes,DSL,Yes,Yes,No,No,Yes,Yes,Month-to-month,No,Credit card (automatic),166.31,9849.33,Yes,2023-06-09
5057-KJZNS,Female,0,Yes,No,51,Yes,Yes,Fiber optic,No,Yes,No,No,Yes,Yes,One year,No,Bank transfer (automatic),175.16,8765.14,No,2023-06-09
3215-ZFEZK,Female,0,No,Yes,30,Yes,Yes,Fiber optic,No,Yes,Yes,No,Yes,Yes,One year,No,Mailed check,190.99,5864.69,No,2023-06-09
7277-BDDDY,Male,0,No,No,29,Yes,No,Fiber optic,No,No,Yes,Yes,Yes,Yes,Two year,Yes,Mailed check,150.92,4255.09,No,2023-06-09
7845-KYPHI,Female,0,Yes,No,41,Yes,No,Fiber optic,No,Yes,Yes,No,No,Yes,One year,No,Credit card (automatic),159.77,6719.67,Yes,2023-06-09
5440-HEVNH,Male,0,Yes,No,48,Yes,No,DSL,No,Yes,No,No,Yes,Yes,One year,No,Credit card (automatic),130.46,6106.19,No,2023-06-09
2616-STZBW,Female,0,No,No,45,Yes,No,DSL,No,Yes,No,No,Yes,Yes,One year,No,Electronic check,111.27,5122.38,Yes,2023-06-09
9748-QQDMW,Female,0,Yes,No,46,Yes,No,Fiber optic,Yes,Yes,No,Yes,No,No,Two year,Yes,Bank transfer (automatic),141.33,6603.73,Yes,2023-06-09
7932-GWXFC,Male,0,No,No,61,Yes,Yes,No,No internet service,No internet service,No internet service,No internet service,No internet service,No internet service,Month-to-month,No,Electronic check,60.81,3634.01,Yes,2023-06-09
3441-KKCKI,Male,0,Yes,No,55,Yes,No,DSL,No,Yes,No,No,Yes,Yes,Two year,No,Mailed check,118.93,6724.12,No,2023-06-10
4434-JOBVI,Female,0,Yes,Yes,58,Yes,No,Fiber optic,Yes,Yes,No,Yes,No,Yes,Month-to-month,Yes,Bank transfer (automatic),182.89,10602.76,Yes,2023-06-10
8074-ZWTPO,Male,0,No,Yes,36,Yes,Yes,DSL,No,No,Yes,No,Yes,Yes,Month-to-month,No,Bank transfer (automatic),142.98,5095.97,Yes,2023-06-10
4769-YGMCY,Male,0,Yes,No,57,Yes,Yes,Fiber optic,Yes,No,No,Yes,Yes,Yes,Month-to-month,Yes,Mailed check,188.55,10618.32,Yes,2023-06-10
6385-SESOU,Male,0,No,No,37,Yes,No,DSL,Yes,No,No,No,Yes,Yes,Month-to-month,Yes,Credit card (automatic),122.69,4430.89,Yes,2023-06-10
5473-YWRWO,Male,0,Yes,No,30,Yes,Yes,Fiber optic,Yes,No,Yes,No,Yes,Yes,Month-to-month,Yes,Credit card (automatic),198.36,5842.98,Yes,2023-06-10
6643-WMDLO,Male,0,Yes,Yes,55,Yes,Yes,DSL,Yes,No,Yes,No,Yes,Yes,Month-to-month,Yes,Credit card (automatic),155.47,8393.23,Yes,2023-06-10
3130-MLJNP,Male,0,Yes,No,50,Yes,Yes,Fiber optic,No,Yes,Yes,Yes,Yes,Yes,Month-to-month,Yes,Credit card (automatic),220.17,10732.37,Yes,2023-06-10
9686-VLHDU,Male,0,No,No,50,Yes,No,Fiber optic,Yes,No,Yes,Yes,No,Yes,One year,Yes,Mailed check,166.02,8373.74,Yes,2023-06-10
3320-YOQTT,Female,1,No,No,51,Yes,No,No,No internet service,No internet service,No internet service,No internet service,No internet service,No internet service,One year,Yes,Credit card (automatic),50.1,2592.63,No,2023-06-10
8656-JSMQK,Male,0,Yes,No,39,Yes,Yes,Fiber optic,No,Yes,No,No,Yes,Yes,Two year,Yes,Bank transfer (automatic),144.62,5784.93,No,2023-06-10
7613-ETFYV,Male,0,Yes,Yes,53,Yes,No,Fiber optic,No,Yes,Yes,No,Yes,Yes,Month-to-month,No,Bank transfer (automatic),165.87,8707.44,Yes,2023-06-10
6954-XOTKQ,Female,0,Yes,No,12,Yes,Yes,Fiber optic,No,Yes,Yes,No,Yes,Yes,One year,Yes,Credit card (automatic),188.61,2294.46,No,2023-06-10
2884-JAAXT,Male,0,Yes,Yes,49,Yes,Yes,DSL,Yes,Yes,Yes,No,Yes,Yes,Month-to-month,Yes,Bank transfer (automatic),174.46,8352.82,Yes,2023-06-10
8686-NQSRS,Female,0,Yes,No,34,Yes,Yes,DSL,Yes,Yes,No,No,Yes,Yes,One year,Yes,Credit card (automatic),145.7,5062.56,Yes,2023-06-10
2298-UTDWH,Female,0,No,Yes,50,Yes,Yes,No,No internet service,No internet service,No internet service,No internet service,No internet service,No internet service,Two year,Yes,Credit card (automatic),49.52,2530.99,No,2023-06-10
9589-UJFET,Female,0,Yes,No,6,Yes,Yes,DSL,Yes,No,No,No,Yes,Yes,Month-to-month,No,Mailed check,138.63,819.06,Yes,2023-06-10
4357-AZQBB,Male,0,Yes,No,21,Yes,No,Fiber optic,No,Yes,Yes,No,Yes,Yes,Two year,No,Mailed check,146.58,3097.1,Yes,2023-06-10
6486-VVAYJ,Male,0,No,Yes,22,Yes,Yes,DSL,No,Yes,No,No,Yes,No,Two year,Yes,Mailed check,118.24,2535.92,Yes,2023-06-10
2346-YWOMG,Male,0,Yes,No,55,No,No phone service,Fiber optic,No,Yes,No,No,Yes,Yes,One year,Yes,Credit card (automatic),142.09,7721.27,No,2023-06-10
1881-HWMLG,Male,0,Yes,No,30,Yes,Yes,Fiber optic,Yes,No,No,No,Yes,Yes,Two year,No,Credit card (automatic),157.58,4793.05,No,2023-06-10
2161-EVBTA,Female,0,No,No,36,Yes,Yes,Fiber optic,No,No,Yes,Yes,Yes,No,Two year,Yes,Credit card (automatic),161.13,5735.74,Yes,2023-06-10
9193-KIBGV,Male,1,Yes,Yes,54,Yes,Yes,Fiber optic,Yes,No,No,Yes,No,Yes,Two year,Yes,Credit card (automatic),157.42,8612.33,No,2023-06-10
7692-NTBQI,Male,0,Yes,No,26,Yes,No,Fiber optic,No,Yes,Yes,No,Yes,Yes,Month-to-month,Yes,Mailed check,181.43,4674.0,Yes,2023-06-10
5698-HUKIB,Male,0,No,No,47,Yes,Yes,Fiber optic,No,Yes,Yes,No,No,Yes,One year,Yes,Electronic check,187.32,9039.24,Yes,2023-06-10
2037-WEPIW,Female,0,Yes,No,48,No,No phone service,DSL,No,Yes,Yes,No,Yes,Yes,Two year,No,Credit card (automatic),93.07,4468.49,No,2023-06-10
6169-KVHFZ,Male,0,No,No,20,Yes,No,DSL,No,Yes,No,No,No,Yes,Month-to-month,Yes,Credit card (automatic),116.46,2284.2,Yes,2023-06-10
3933-MWYZW,Male,0,Yes,No,53,Yes,Yes,Fiber optic,No,No,No,No,Yes,No,Month-to-month,Yes,Credit card (automatic),175.32,9569.54,No,2023-06-10
1216-LMDEH,Female,0,No,No,29,Yes,Yes,No,No internet service,No internet service,No internet service,No internet service,No internet service,No internet service,Month-to-month,No,Bank transfer (automatic),73.59,2137.39,Yes,2023-06-10
6486-MIVJY,Male,0,Yes,No,28,Yes,No,Fiber optic,Yes,No,No,No,Yes,Yes,Month-to-month,Yes,Credit card (automatic),168.5,4785.86,Yes,2023-06-11
4315-ZROVT,Male,0,No,Yes,55,Yes,No,No,No internet service,No internet service,No internet service,No internet service,No internet service,No internet service,Month-to-month,No,Mailed check,48.84,2755.06,Yes,2023-06-11
6322-WHAAR,Female,0,No,No,54,No,No phone service,Fiber optic,No,No,No,Yes,Yes,Yes,One year,Yes,Bank transfer (automatic),135.24,7459.61,No,2023-06-11
6111-QDOWF,Female,0,No,No,10,Yes,Yes,Fiber optic,No,Yes,Yes,Yes,Yes,Yes,Month-to-month,Yes,Electronic check,207.01,2041.33,Yes,2023-06-11
6378-KZAAB,Male,0,No,Yes,37,Yes,Yes,No,No internet service,No internet service,No internet service,No internet service,No internet service,No internet service,One year,No,Bank transfer (automatic),66.62,2525.79,Yes,2023-06-11
5664-XOANT,Male,0,No,Yes,40,No,No phone service,Fiber optic,Yes,Yes,Yes,No,Yes,Yes,Month-to-month,Yes,Mailed check,169.94,6937.56,Yes,2023-06-11
4664-QFPRV,Female,0,Yes,No,25,Yes,No,Fiber optic,Yes,Yes,No,Yes,Yes,Yes,One year,No,Credit card (automatic),183.87,4604.8,No,2023-06-11
7408-FPIIN,Male,1,No,No,24,Yes,No,Fiber optic,No,No,No,Yes,Yes,Yes,Month-to-month,No,Bank transfer (automatic),166.07,4085.87,Yes,2023-06-11
2522-KNBFZ,Female,0,Yes,No,20,Yes,No,No,No internet service,No internet service,No internet service,No internet service,No internet service,No internet service,One year,Yes,Credit card (automatic),41.85,828.39,No,2023-06-11
9169-DJRKP,Male,0,Yes,No,26,Yes,Yes,Fiber optic,Yes,Yes,Yes,Yes,Yes,Yes,One year,Yes,Mailed check,205.74,5390.18,Yes,2023-06-11
9814-WIDYE,Female,0,No,No,46,No,No phone service,Fiber optic,Yes,No,Yes,No,Yes,No,Two year,Yes,Mailed check,126.45,5704.99,Yes,2023-06-11
2936-FRNYW,Female,0,Yes,Yes,45,Yes,Yes,Fiber optic,Yes,Yes,Yes,Yes,Yes,Yes,Two year,Yes,Electronic check,190.42,8716.86,Yes,2023-06-11
8971-PMLWM,Male,0,Yes,No,47,Yes,Yes,DSL,No,Yes,Yes,Yes,Yes,Yes,One year,Yes,Credit card (automatic),170.99,8060.32,Yes,2023-06-11
6257-KBHFW,Male,0,Yes,Yes,55,Yes,Yes,DSL,No,Yes,Yes,Yes,Yes,Yes,Month-to-month,No,Credit card (automatic),160.67,8675.75,Yes,2023-06-11
4173-KIMPV,Male,0,Yes,No,46,Yes,Yes,Fiber optic,Yes,No,No,No,Yes,Yes,Month-to-month,Yes,Bank transfer (automatic),194.1,8678.77,Yes,2023-06-11
7543-TEKSJ,Female,0,Yes,No,55,Yes,Yes,Fiber optic,Yes,Yes,Yes,Yes,Yes,Yes,Two year,Yes,Credit card (automatic),188.05,10589.72,No,2023-06-11
8275-QUOIR,Male,0,Yes,No,36,Yes,Yes,DSL,No,Yes,No,Yes,Yes,No,Two year,Yes,Bank transfer (automatic),125.52,4453.02,No,2023-06-11
9746-PQHUE,Female,0,Yes,No,28,Yes,Yes,DSL,No,Yes,Yes,Yes,Yes,Yes,Two year,Yes,Credit card (automatic),140.75,3831.33,Yes,2023-06-11
1127-DXFIT,Male,0,Yes,Yes,11,Yes,Yes,Fiber optic,Yes,No,No,No,Yes,Yes,One year,Yes,Bank transfer (automatic),179.42,2028.1,No,2023-06-11
1877-RUFZO,Male,0,No,No,56,Yes,Yes,DSL,No,No,No,No,No,Yes,Two year,Yes,Mailed check,106.81,6051.55,No,2023-06-11
8020-EPUMH,Female,0,Yes,No,44,Yes,No,Fiber optic,Yes,Yes,Yes,No,Yes,Yes,Month-to-month,Yes,Mailed check,184.32,8271.83,Yes,2023-06-12
5384-VRQUP,Male,0,Yes,No,43,Yes,Yes,Fiber optic,Yes,Yes,No,No,No,Yes,One year,Yes,Mailed check,180.71,7896.58,Yes,2023-06-12
7311-AKUSO,Male,0,Yes,Yes,51,Yes,Yes,Fiber optic,Yes,Yes,Yes,Yes,Yes,Yes,Month-to-month,Yes,Electronic check,226.21,11604.58,Yes,2023-06-12
5884-RAYLZ,Female,0,Yes,No,42,Yes,No,No,No internet service,No internet service,No internet service,No internet service,No internet service,No internet service,Two year,Yes,Electronic check,38.59,1631.89,Yes,2023-06-12
1084-ZKHHA,Female,0,No,No,39,Yes,No,Fiber optic,Yes,No,No,No,Yes,Yes,Month-to-month,Yes,Bank transfer (automatic),173.51,6899.75,Yes,2023-06-12
9753-QDWTU,Female,0,Yes,Yes,36,Yes,No,Fiber optic,No,Yes,No,No,Yes,No,Two year,No,Bank transfer (automatic),131.41,4679.79,No,2023-06-12
7321-GDOLA,Female,0,Yes,No,53,No,No phone service,Fiber optic,No,Yes,Yes,Yes,Yes,Yes,One year,No,Mailed check,148.96,7809.54,No,2023-06-12
1108-UTYVK,Male,0,No,No,58,Yes,Yes,Fiber optic,No,No,Yes,No,Yes,Yes,One year,No,Credit card (automatic),166.07,9410.02,No,2023-06-12
2293-UZIIY,Male,0,No,No,57,No,No phone service,Fiber optic,No,No,No,No,No,Yes,Month-to-month,Yes,Bank transfer (automatic),108.68,6116.31,No,2023-06-12
3221-GRGVQ,Male,0,Yes,No,49,Yes,Yes,Fiber optic,No,Yes,Yes,No,Yes,No,Month-to-month,Yes,Electronic check,185.13,8891.1,Yes,2023-06-12
7549-LGTBF,Male,1,Yes,No,30,Yes,No,Fiber optic,No,Yes,No,Yes,Yes,Yes,Month-to-month,Yes,Electronic check,184.26,5600.47,Yes,2023-06-12
9797-URARP,Female,0,Yes,No,59,Yes,Yes,Fiber optic,No,Yes,Yes,No,Yes,No,One year,Yes,Credit card (automatic),169.72,10077.77,No,2023-06-12
9599-KUOCF,Male,0,Yes,No,57,Yes,No,No,No internet service,No internet service,No internet service,No internet service,No internet service,No internet service,One year,Yes,Electronic check,45.75,2681.99,Yes,2023-06-12
8916-PVERT,Female,0,Yes,No,35,Yes,Yes,DSL,No,No,Yes,No,Yes,Yes,Month-to-month,No,Electronic check,141.88,5083.95,Yes,2023-06-12
5299-UUKUH,Male,0,Yes,No,26,Yes,Yes,DSL,No,Yes,Yes,No,Yes,Yes,Month-to-month,Yes,Credit card (automatic),149.56,3949.45,No,2023-06-12
6826-EYWRI,Male,0,Yes,No,47,Yes,Yes,Fiber optic,No,No,No,No,No,Yes,Month-to-month,Yes,Credit card (automatic),172.32,7914.73,No,2023-06-12
7451-NFTDR,Male,0,Yes,No,50,Yes,No,Fiber optic,No,No,No,Yes,Yes,Yes,One year,Yes,Bank transfer (automatic),151.5,7682.13,No,2023-06-12
7925-LZVWQ,Female,0,Yes,Yes,39,Yes,Yes,DSL,Yes,Yes,Yes,Yes,Yes,No,One year,Yes,Electronic check,154.23,6131.66,No,2023-06-12
8975-VVGFO,Male,0,Yes,No,11,Yes,Yes,Fiber optic,Yes,Yes,No,No,Yes,Yes,Two year,Yes,Electronic check,167.65,1862.15,Yes,2023-06-12
9593-QOOIK,Female,0,No,No,58,Yes,Yes,Fiber optic,No,No,Yes,Yes,Yes,Yes,Month-to-month,Yes,Credit card (automatic),200.92,11900.41,Yes,2023-06-12
5777-HENPG,Female,0,No,No,44,Yes,No,Fiber optic,No,Yes,No,Yes,Yes,Yes,Two year,No,Electronic check,137.54,6086.78,Yes,2023-06-12
5846-JMOPJ,Female,0,Yes,No,42,No,No phone service,No,No internet service,No internet service,No internet service,No internet service,No internet service,No internet service,One year,Yes,Bank transfer (automatic),18.5,775.26,No,2023-06-12
3563-LIDTD,Male,0,Yes,No,53,Yes,No,Fiber optic,No,Yes,Yes,No,Yes,Yes,Month-to-month,Yes,Credit card (automatic),189.02,9892.51,Yes,2023-06-12
8198-ULJMT,Male,1,No,Yes,26,Yes,Yes,Fiber optic,No,Yes,Yes,No,No,Yes,Month-to-month,Yes,Bank transfer (automatic),181.47,4816.63,No,2023-06-12
5173-IOBYY,Male,0,Yes,No,55,Yes,No,No,No internet service,No internet service,No internet service,No internet service,No internet service,No internet service,Month-to-month,Yes,Bank transfer (automatic),51.79,2860.35,No,2023-06-12
8816-HTUPU,Female,0,No,No,49,Yes,No,Fiber optic,No,Yes,Yes,Yes,Yes,Yes,Two year,Yes,Bank transfer (automatic),163.71,7785.14,No,2023-06-12
8814-MZEAR,Male,0,No,No,40,Yes,Yes,Fiber optic,Yes,Yes,Yes,Yes,No,No,One year,Yes,Bank transfer (automatic),185.18,7570.37,No,2023-06-12
9753-LPKGZ,Male,0,No,No,31,Yes,Yes,Fiber optic,Yes,Yes,Yes,Yes,No,Yes,One year,No,Bank transfer (automatic),198.92,6265.92,No,2023-06-12
5474-YGUKY,Male,0,No,No,60,Yes,No,Fiber optic,No,No,Yes,Yes,Yes,Yes,Month-to-month,No,Electronic check,173.01,10502.7,Yes,2023-06-12
2269-WCQDO,Male,1,Yes,No,41,Yes,Yes,Fiber optic,Yes,Yes,Yes,No,Yes,Yes,One year,Yes,Credit card (automatic),191.0,7920.8,Yes,2023-06-13
3794-VPEDT,Female,0,No,No,16,Yes,No,DSL,Yes,No,Yes,No,Yes,Yes,Month-to-month,No,Electronic check,126.24,2058.67,No,2023-06-13
5230-WKOWQ,Male,1,Yes,No,40,Yes,Yes,Fiber optic,No,No,No,Yes,Yes,Yes,Two year,Yes,Mailed check,155.78,6268.12,No,2023-06-13
2553-SHPGG,Male,0,Yes,No,36,Yes,Yes,Fiber optic,Yes,Yes,No,No,Yes,Yes,Month-to-month,Yes,Credit card (automatic),187.81,6649.82,Yes,2023-06-13
5859-XFBJA,Male,0,Yes,Yes,9,Yes,No,Fiber optic,Yes,No,Yes,No,Yes,No,Month-to-month,No,Credit card (automatic),159.99,1438.08,Yes,2023-06-13
2844-IJMDB,Female,0,No,No,53,Yes,No,DSL,No,No,Yes,Yes,Yes,Yes,Two year,Yes,Bank transfer (automatic),115.93,6309.99,Yes,2023-06-13
8393-INVNN,Male,1,Yes,Yes,55,No,No phone service,No,No internet service,No internet service,No internet service,No internet service,No internet service,No internet service,Month-to-month,No,Credit card (automatic),20.11,1090.79,Yes,2023-06-13
7494-FKXLK,Female,0,Yes,No,62,Yes,No,No,No internet service,No internet service,No internet service,No internet service,No internet service,No internet service,Month-to-month,No,Electronic check,43.64,2722.91,No,2023-06-13
5658-EGFZH,Female,0,No,No,59,Yes,Yes,DSL,Yes,Yes,Yes,Yes,Yes,Yes,Month-to-month,Yes,Mailed check,170.36,9934.03,Yes,2023-06-13
4621-LKUPN,Male,0,Yes,No,52,Yes,Yes,Fiber optic,No,No,No,No,Yes,Yes,Month-to-month,Yes,Credit card (automatic),172.63,9008.0,Yes,2023-06-13
5771-HYBEU,Male,0,No,No,63,Yes,No,Fiber optic,Yes,No,Yes,No,No,Yes,Two year,Yes,Credit card (automatic),130.2,8255.42,No,2023-06-13
1800-SMRWM,Female,0,Yes,No,22,Yes,Yes,Fiber optic,Yes,Yes,No,Yes,Yes,Yes,Month-to-month,No,Electronic check,222.39,4776.17,Yes,2023-06-13
9138-JTWBD,Female,0,Yes,Yes,50,Yes,Yes,Fiber optic,No,Yes,No,Yes,No,Yes,Two year,No,Credit card (automatic),159.21,8171.78,No,2023-06-13
8868-GJCRH,Male,0,Yes,No,48,Yes,Yes,Fiber optic,Yes,Yes,No,Yes,Yes,Yes,Two year,Yes,Credit card (automatic),178.68,8685.58,Yes,2023-06-13
4224-ZDVZF,Female,1,Yes,Yes,31,Yes,No,Fiber optic,Yes,No,Yes,No,No,Yes,One year,Yes,Mailed check,164.06,4979.7,Yes,2023-06-13
1921-KYUVJ,Male,0,Yes,No,24,Yes,Yes,Fiber optic,No,No,No,Yes,Yes,Yes,Two year,No,Electronic check,152.78,3752.28,Yes,2023-06-13
6910-YUKVM,Female,1,Yes,Yes,34,No,No phone service,Fiber optic,No,Yes,No,No,Yes,Yes,Two year,Yes,Credit card (automatic),127.49,4261.25,No,2023-06-13
6339-XFWPG,Female,0,Yes,No,30,Yes,Yes,Fiber optic,Yes,Yes,Yes,Yes,Yes,No,One year,Yes,Bank transfer (automatic),191.32,5692.92,No,2023-06-13
7271-QPXIT,Male,0,Yes,No,15,Yes,No,Fiber optic,Yes,No,Yes,Yes,Yes,Yes,Month-to-month,Yes,Electronic check,180.51,2683.65,Yes,2023-06-13
6281-VTPDS,Male,1,Yes,No,50,Yes,No,Fiber optic,No,No,Yes,Yes,Yes,Yes,Two year,No,Mailed check,154.94,7725.95,Yes,2023-06-13
2747-HUVOG,Female,0,Yes,Yes,16,Yes,Yes,Fiber optic,No,No,Yes,Yes,Yes,Yes,Two year,Yes,Credit card (automatic),174.54,2771.73,No,2023-06-13
8845-WBWMO,Male,0,Yes,Yes,21,Yes,Yes,DSL,Yes,Yes,Yes,No,Yes,Yes,Two year,No,Bank transfer (automatic),145.13,3004.34,No,2023-06-13
9555-QECPU,Female,1,Yes,Yes,53,Yes,Yes,Fiber optic,No,No,Yes,Yes,Yes,Yes,Month-to-month,No,Credit card (automatic),195.31,10577.89,Yes,2023-06-13
9143-MFNXW,Female,0,No,No,53,Yes,Yes,Fiber optic,No,Yes,No,No,Yes,Yes,Two year,Yes,Bank transfer (automatic),159.78,8309.47,Yes,2023-06-13
3019-LQGOX,Female,0,No,No,62,Yes,Yes,Fiber optic,Yes,Yes,Yes,No,Yes,Yes,Month-to-month,Yes,Bank transfer (automatic),202.14,12886.81,Yes,2023-06-13
1106-TEKHF,Male,1,Yes,No,45,Yes,Yes,Fiber optic,No,Yes,Yes,Yes,Yes,Yes,Month-to-month,Yes,Bank transfer (automatic),206.23,9124.69,Yes,2023-06-13
8324-DSUWI,Male,0,Yes,No,62,Yes,Yes,Fiber optic,Yes,Yes,Yes,No,Yes,Yes,Month-to-month,Yes,Credit card (automatic),204.24,12597.05,Yes,2023-06-14
1475-VBSPR,Female,0,Yes,No,46,Yes,Yes,Fiber optic,Yes,No,No,No,No,Yes,One year,Yes,Credit card (automatic),172.44,7750.13,No,2023-06-14
1853-BGNKB,Female,0,No,Yes,48,Yes,No,DSL,Yes,No,Yes,Yes,Yes,Yes,One year,Yes,Credit card (automatic),136.85,6714.97,Yes,2023-06-14
5778-SEFUO,Male,0,Yes,No,34,Yes,No,Fiber optic,Yes,Yes,No,Yes,Yes,Yes,One year,Yes,Credit card (automatic),176.12,5845.83,Yes,2023-06-14
8140-JPQNN,Female,0,Yes,No,10,Yes,Yes,Fiber optic,No,Yes,Yes,No,Yes,Yes,One year,Yes,Mailed check,186.67,1920.12,Yes,2023-06-14
8074-RAOAY,Male,0,Yes,No,19,Yes,No,Fiber optic,No,Yes,Yes,No,Yes,Yes,One year,Yes,Credit card (automatic),175.18,3390.96,No,2023-06-14
9046-TGLIW,Male,1,Yes,No,49,Yes,Yes,DSL,No,Yes,Yes,Yes,Yes,No,Two year,No,Mailed check,133.2,6715.78,No,2023-06-14
2633-QLCBC,Male,0,No,No,46,Yes,Yes,No,No internet service,No internet service,No internet service,No internet service,No internet service,No internet service,Month-to-month,Yes,Mailed check,55.42,2574.35,Yes,2023-06-14
9934-RZXLS,Male,0,No,No,31,Yes,No,DSL,No,Yes,No,Yes,Yes,Yes,Two year,Yes,Mailed check,118.16,3576.73,No,2023-06-14
6199-WLWLT,Male,0,Yes,No,39,Yes,No,Fiber optic,Yes,Yes,No,Yes,Yes,Yes,Two year,Yes,Mailed check,163.74,6567.37,No,2023-06-14
4741-MBRQC,Female,0,No,No,51,Yes,Yes,Fiber optic,Yes,Yes,Yes,No,Yes,Yes,One year,Yes,Bank transfer (automatic),193.75,9684.06,Yes,2023-06-14
8305-XGKID,Male,0,Yes,No,52,Yes,No,Fiber optic,Yes,Yes,Yes,No,Yes,Yes,Two year,Yes,Credit card (automatic),150.36,7879.99,No,2023-06-14
3934-JRDQC,Female,0,No,No,65,No,No phone service,Fiber optic,Yes,Yes,Yes,No,Yes,No,Month-to-month,No,Credit card (automatic),151.92,9873.69,Yes,2023-06-14
5531-ZNKNR,Male,0,Yes,No,43,Yes,Yes,Fiber optic,No,No,Yes,Yes,Yes,Yes,One year,Yes,Bank transfer (automatic),182.77,7870.7,No,2023-06-14
1429-OVVUB,Male,0,No,Yes,31,Yes,No,DSL,No,No,Yes,No,Yes,Yes,One year,No,Bank transfer (automatic),120.98,3673.14,No,2023-06-14
6940-UXAND,Female,0,Yes,No,43,Yes,No,No,No internet service,No internet service,No internet service,No internet service,No internet service,No internet service,Month-to-month,Yes,Mailed check,33.22,1447.12,No,2023-06-14
7041-GYSVF,Female,0,Yes,Yes,56,Yes,Yes,Fiber optic,Yes,No,Yes,Yes,Yes,Yes,Two year,Yes,Credit card (automatic),173.81,10007.56,No,2023-06-14
4446-MIHUU,Female,0,Yes,No,43,Yes,No,Fiber optic,Yes,Yes,Yes,Yes,Yes,Yes,Month-to-month,Yes,Mailed check,196.83,8678.92,Yes,2023-06-14
6438-PCEFL,Female,0,Yes,No,23,Yes,Yes,DSL,Yes,Yes,Yes,No,No,Yes,Month-to-month,Yes,Credit card (automatic),146.69,3323.18,No,2023-06-14
5478-MFKIM,Male,0,Yes,Yes,9,Yes,Yes,No,No internet service,No internet service,No internet service,No internet service,No internet service,No internet service,One year,Yes,Bank transfer (automatic),66.99,594.24,No,2023-06-14
1864-EBYLI,Male,0,Yes,No,62,Yes,No,No,No internet service,No internet service,No internet service,No internet service,No internet service,No internet service,One year,Yes,Credit card (automatic),46.08,2804.88,No,2023-06-14
7236-VSWMK,Female,0,Yes,No,19,Yes,Yes,Fiber optic,Yes,No,Yes,Yes,Yes,Yes,Month-to-month,Yes,Mailed check,201.46,3791.29,Yes,2023-06-14
1959-VMJPG,Male,0,No,No,36,No,No phone service,Fiber optic,Yes,Yes,Yes,No,Yes,Yes,Month-to-month,Yes,Mailed check,162.87,6002.55,No,2023-06-14
6152-MSVCV,Female,0,Yes,Yes,61,Yes,No,Fiber optic,No,No,No,No,Yes,Yes,One year,Yes,Credit card (automatic),144.55,8918.39,Yes,2023-06-14
3899-FYZBB,Male,0,Yes,No,32,Yes,Yes,No,No internet service,No internet service,No internet service,No internet service,No internet service,No internet service,One year,Yes,Credit card (automatic),58.24,1835.9,Yes,2023-06-14
8515-MDLMC,Male,0,No,No,45,Yes,Yes,No,No internet service,No internet service,No internet service,No internet service,No internet service,No internet service,Month-to-month,Yes,Credit card (automatic),71.41,3118.63,Yes,2023-06-14
1999-CMHWA,Female,0,No,Yes,38,Yes,Yes,Fiber optic,Yes,Yes,No,Yes,Yes,Yes,One year,Yes,Bank transfer (automatic),196.76,7256.53,No,2023-06-14
6413-MAPXL,Male,0,No,No,63,Yes,Yes,Fiber optic,No,Yes,Yes,Yes,Yes,Yes,Month-to-month,Yes,Bank transfer (automatic),213.65,13617.97,Yes,2023-06-14
3848-GFADF,Female,0,No,Yes,35,Yes,Yes,Fiber optic,No,Yes,No,No,Yes,No,Two year,Yes,Mailed check,141.08,4962.01,No,2023-06-14
9856-IFYXG,Female,0,Yes,No,29,Yes,No,Fiber optic,No,No,No,Yes,Yes,No,Month-to-month,Yes,Electronic check,139.94,4057.95,Yes,2023-06-14
4877-XIKCX,Male,0,Yes,No,37,Yes,Yes,Fiber optic,Yes,No,No,Yes,Yes,Yes,Month-to-month,No,Bank transfer (automatic),201.57,7642.95,Yes,2023-06-14
3835-GKBWE,Male,0,Yes,No,41,No,No phone service,DSL,Yes,Yes,No,Yes,Yes,Yes,One year,No,Bank transfer (automatic),110.77,4449.62,No,2023-06-14
4117-UVEUN,Female,0,Yes,Yes,40,Yes,Yes,DSL,Yes,Yes,No,Yes,Yes,Yes,Month-to-month,Yes,Mailed check,161.91,6363.63,Yes,2023-06-14
2144-VPPBL,Male,0,Yes,No,39,Yes,Yes,Fiber optic,Yes,Yes,No,No,Yes,No,Two year,No,Bank transfer (automatic),158.61,6080.09,No,2023-06-14
7737-VIXKZ,Female,0,No,No,12,Yes,No,Fiber optic,Yes,Yes,Yes,Yes,No,Yes,Month-to-month,Yes,Credit card (automatic),195.77,2415.45,Yes,2023-06-15
8039-YCKKL,Female,1,No,No,23,Yes,No,DSL,No,No,No,Yes,Yes,Yes,One year,Yes,Mailed check,117.85,2764.0,No,2023-06-15
6903-ZIKTM,Female,0,Yes,No,49,Yes,Yes,Fiber optic,No,Yes,No,Yes,Yes,Yes,Month-to-month,Yes,Bank transfer (automatic),195.37,9825.93,Yes,2023-06-15
4869-HYENE,Female,0,No,Yes,48,Yes,Yes,DSL,Yes,Yes,Yes,No,Yes,Yes,Two year,Yes,Bank transfer (automatic),150.7,7077.66,No,2023-06-15
8752-OAKTC,Female,0,Yes,No,33,Yes,No,Fiber optic,No,Yes,Yes,Yes,Yes,Yes,One year,Yes,Mailed check,175.42,5650.97,Yes,2023-06-15
1962-YYSAT,Female,0,No,No,50,No,No phone service,Fiber optic,Yes,Yes,Yes,No,Yes,Yes,One year,Yes,Mailed check,150.68,7476.61,Yes,2023-06-15
7016-PBCLP,Male,0,No,No,41,Yes,Yes,Fiber optic,Yes,Yes,No,No,Yes,Yes,Two year,Yes,Bank transfer (automatic),180.68,7220.79,No,2023-06-15
6072-RVXAZ,Female,0,Yes,No,40,Yes,No,Fiber optic,No,Yes,Yes,No,Yes,Yes,Month-to-month,Yes,Credit card (automatic),171.36,6695.87,No,2023-06-15
4333-GLJXF,Male,1,No,No,51,Yes,No,No,No internet service,No internet service,No internet service,No internet service,No internet service,No internet service,One year,Yes,Bank transfer (automatic),32.12,1650.0,Yes,2023-06-15
3992-TAIFH,Male,0,Yes,No,59,Yes,No,Fiber optic,No,Yes,Yes,No,Yes,Yes,Month-to-month,No,Credit card (automatic),174.86,10149.67,Yes,2023-06-15
3962-HSMMH,Male,0,Yes,Yes,45,Yes,Yes,Fiber optic,No,No,Yes,No,No,Yes,Month-to-month,Yes,Credit card (automatic),180.19,8008.66,Yes,2023-06-15
1570-YVOWQ,Male,0,No,No,42,Yes,No,DSL,No,Yes,Yes,No,Yes,Yes,One year,Yes,Bank transfer (automatic),145.69,6102.12,Yes,2023-06-15
7351-SYSWM,Female,0,Yes,No,52,Yes,Yes,Fiber optic,Yes,Yes,No,No,Yes,Yes,One year,Yes,Credit card (automatic),179.06,9427.94,Yes,2023-06-15
3083-BBKXK,Male,0,No,No,25,Yes,Yes,Fiber optic,Yes,Yes,No,Yes,Yes,No,One year,Yes,Credit card (automatic),183.7,4670.23,Yes,2023-06-15
8061-CCLAM,Male,0,Yes,No,43,Yes,Yes,Fiber optic,Yes,Yes,Yes,No,Yes,Yes,One year,Yes,Mailed check,200.09,8695.53,Yes,2023-06-15
1747-FAQXK,Male,0,No,Yes,47,Yes,No,DSL,Yes,Yes,Yes,Yes,No,Yes,Month-to-month,Yes,Mailed check,148.02,6968.52,Yes,2023-06-15
1214-FKUTE,Female,0,Yes,No,29,Yes,Yes,Fiber optic,No,No,No,No,Yes,No,Month-to-month,Yes,Credit card (automatic),166.62,4759.47,Yes,2023-06-15
4299-YGFTZ,Male,0,Yes,No,38,Yes,No,Fiber optic,No,Yes,Yes,No,No,Yes,Two year,Yes,Credit card (automatic),142.11,5449.61,No,2023-06-15
5179-IUSRL,Female,0,Yes,No,45,Yes,Yes,Fiber optic,Yes,No,Yes,Yes,Yes,No,One year,Yes,Bank transfer (automatic),175.89,7710.97,Yes,2023-06-15
4157-XCZQG,Female,0,Yes,Yes,55,Yes,No,Fiber optic,Yes,No,No,No,Yes,Yes,Two year,Yes,Bank transfer (automatic),139.8,7605.5,Yes,2023-06-15
7583-LGWND,Female,0,Yes,No,42,Yes,Yes,DSL,No,Yes,No,Yes,Yes,Yes,Month-to-month,No,Bank transfer (automatic),157.94,6442.07,No,2023-06-15
7684-QHFWS,Female,0,No,No,50,Yes,No,DSL,Yes,No,Yes,Yes,Yes,Yes,Month-to-month,Yes,Mailed check,147.02,7450.89,Yes,2023-06-15
3897-TEJED,Female,0,Yes,No,56,Yes,Yes,Fiber optic,No,Yes,Yes,Yes,Yes,Yes,Month-to-month,Yes,Credit card (automatic),207.76,11417.4,Yes,2023-06-15
5212-VYZCA,Male,0,No,No,49,Yes,No,Fiber optic,Yes,Yes,Yes,Yes,No,Yes,Two year,Yes,Credit card (automatic),163.49,7775.56,No,2023-06-15
7652-BVSWA,Male,1,Yes,No,42,Yes,No,No,No internet service,No internet service,No internet service,No internet service,No internet service,No internet service,Two year,No,Electronic check,33.5,1420.15,No,2023-06-15
8260-IWYQP,Female,0,No,No,51,Yes,No,Fiber optic,No,No,Yes,No,Yes,No,Two year,Yes,Credit card (automatic),130.46,6830.71,No,2023-06-15
3673-TPPOL,Male,0,No,No,54,Yes,No,Fiber optic,Yes,No,No,No,Yes,Yes,One year,Yes,Bank transfer (automatic),152.44,8444.64,No,2023-06-15
9551-QZEPO,Male,0,Yes,No,29,Yes,No,Fiber optic,No,Yes,No,Yes,Yes,Yes,Month-to-month,Yes,Credit card (automatic),170.4,5055.0,Yes,2023-06-15
3427-NVTTV,Male,0,No,No,50,Yes,Yes,DSL,No,Yes,No,Yes,Yes,No,Month-to-month,Yes,Credit card (automatic),140.91,6947.2,No,2023-06-15
9685-QDPSR,Male,0,No,No,52,Yes,Yes,Fiber optic,Yes,Yes,Yes,No,Yes,Yes,Month-to-month,Yes,Electronic check,203.02,10598.99,No,2023-06-15
1818-ODJUD,Female,0,Yes,No,25,Yes,Yes,DSL,Yes,Yes,No,No,Yes,Yes,Two year,Yes,Bank transfer (automatic),134.6,3429.98,Yes,2023-06-16
7658-TZGQA,Female,0,Yes,No,49,Yes,Yes,Fiber optic,No,Yes,Yes,No,Yes,Yes,One year,Yes,Credit card (automatic),183.85,8833.76,Yes,2023-06-16
1734-VVXKU,Male,0,No,No,17,Yes,No,Fiber optic,Yes,Yes,Yes,No,No,Yes,One year,No,Credit card (automatic),168.74,2908.49,No,2023-06-16
7924-JIEFR,Male,1,Yes,No,63,Yes,Yes,DSL,No,No,No,Yes,Yes,Yes,Month-to-month,Yes,Mailed check,143.32,9290.93,No,2023-06-16
4603-MSIJN,Male,0,No,No,33,Yes,No,Fiber optic,Yes,Yes,Yes,Yes,Yes,Yes,Month-to-month,No,Credit card (automatic),197.66,6584.32,Yes,2023-06-16
3320-GHLNY,Female,0,No,No,21,Yes,Yes,DSL,Yes,No,Yes,No,Yes,Yes,Two year,No,Credit card (automatic),137.07,2961.57,No,2023-06-16
4646-DQGAO,Female,0,Yes,No,31,Yes,Yes,DSL,No,Yes,Yes,Yes,Yes,Yes,One year,Yes,Bank transfer (automatic),157.97,4918.67,No,2023-06-16
2079-BJOSY,Male,0,Yes,No,25,Yes,Yes,No,No internet service,No internet service,No internet service,No internet service,No internet service,No internet service,Two year,Yes,Credit card (automatic),57.14,1451.85,Yes,2023-06-16
7930-YRSWK,Female,0,No,No,34,No,No phone service,Fiber optic,Yes,Yes,Yes,No,Yes,Yes,One year,Yes,Mailed check,155.55,5153.92,No,2023-06-16
7414-MKFRR,Male,0,Yes,No,11,No,No phone service,Fiber optic,No,No,Yes,Yes,Yes,Yes,Two year,Yes,Mailed check,134.04,1505.92,No,2023-06-16
4052-OKJUZ,Female,0,Yes,No,42,Yes,Yes,Fiber optic,Yes,No,Yes,No,Yes,Yes,Two year,Yes,Credit card (automatic),167.17,7178.42,No,2023-06-16
8920-BASFE,Male,0,No,No,62,No,No phone service,No,No internet service,No internet service,No internet service,No internet service,No internet service,No internet service,Month-to-month,Yes,Credit card (automatic),25.96,1601.32,Yes,2023-06-16
9939-ETASY,Male,0,Yes,No,39,Yes,Yes,DSL,Yes,Yes,No,No,No,Yes,Month-to-month,No,Bank transfer (automatic),144.85,5795.6,Yes,2023-06-16
1415-ZFRYX,Male,0,Yes,No,57,Yes,No,DSL,Yes,Yes,Yes,Yes,Yes,Yes,One year,Yes,Bank transfer (automatic),153.04,8636.77,No,2023-06-16
3048-DTBUR,Female,0,Yes,No,30,Yes,Yes,Fiber optic,No,No,No,Yes,Yes,Yes,Month-to-month,Yes,Mailed check,186.57,5709.98,Yes,2023-06-16
9117-KGVHR,Male,0,Yes,No,63,Yes,No,DSL,No,Yes,Yes,No,Yes,Yes,Month-to-month,Yes,Bank transfer (automatic),144.54,8941.04,Yes,2023-06-16
1927-FTEHG,Male,0,No,No,14,Yes,Yes,Fiber optic,Yes,Yes,No,Yes,Yes,Yes,Two year,No,Bank transfer (automatic),164.84,2242.03,Yes,2023-06-16
1549-YDMSO,Female,0,Yes,No,44,Yes,No,Fiber optic,Yes,Yes,Yes,No,No,Yes,Two year,Yes,Bank transfer (automatic),153.29,6751.85,No,2023-06-16
8748-GUNKV,Female,0,No,No,50,Yes,Yes,DSL,Yes,Yes,No,Yes,Yes,Yes,One year,Yes,Credit card (automatic),152.9,7568.25,No,2023-06-16
1671-ABAAD,Female,0,Yes,No,37,Yes,No,DSL,Yes,Yes,No,No,Yes,Yes,One year,Yes,Credit card (automatic),131.64,4954.39,No,2023-06-16
3643-KBYAI,Male,0,Yes,No,50,Yes,Yes,Fiber optic,No,No,Yes,Yes,Yes,Yes,One year,Yes,Mailed check,191.84,9687.49,No,2023-06-16
1957-ENUJB,Female,0,No,No,49,Yes,No,Fiber optic,No,Yes,No,Yes,Yes,Yes,Month-to-month,Yes,Credit card (automatic),184.25,8921.05,No,2023-06-16
2049-XRBVN,Female,0,Yes,No,13,Yes,Yes,Fiber optic,No,Yes,Yes,No,No,Yes,One year,Yes,Bank transfer (automatic),173.49,2275.37,No,2023-06-16
4092-TGHGH,Male,0,No,No,19,Yes,No,Fiber optic,Yes,No,No,Yes,Yes,Yes,One year,Yes,Electronic check,153.93,2880.98,Yes,2023-06-16
6812-LYRKI,Female,0,Yes,Yes,20,Yes,No,No,No internet service,No internet service,No internet service,No internet service,No internet service,No internet service,One year,Yes,Bank transfer (automatic),43.73,897.76,Yes,2023-06-16
6909-ACEUU,Female,0,No,No,32,Yes,No,Fiber optic,No,No,No,Yes,Yes,Yes,One year,Yes,Credit card (automatic),162.45,5231.01,Yes,2023-06-16
6884-ZSWCI,Female,0,Yes,No,60,Yes,Yes,Fiber optic,Yes,Yes,No,No,No,Yes,Month-to-month,Yes,Mailed check,188.1,11213.94,Yes,2023-06-16
6472-BTWDG,Male,0,Yes,No,56,Yes,Yes,Fiber optic,No,Yes,Yes,Yes,Yes,Yes,Two year,Yes,Electronic check,156.09,8706.01,Yes,2023-06-16
3235-VDSHG,Male,0,No,No,40,Yes,No,Fiber optic,Yes,Yes,No,No,No,Yes,One year,No,Credit card (automatic),163.13,6608.06,No,2023-06-16
6845-XHYBZ,Female,1,No,No,40,No,No phone service,Fiber optic,No,Yes,Yes,Yes,Yes,Yes,Two year,No,Credit card (automatic),131.39,5256.65,No,2023-06-16
7595-HYYZN,Male,0,Yes,No,15,Yes,Yes,No,No internet service,No internet service,No internet service,No internet service,No internet service,No internet service,Two year,Yes,Credit card (automatic),58.07,872.07,Yes,2023-06-17
8087-IAIOU,Male,0,Yes,No,54,Yes,Yes,Fiber optic,No,Yes,Yes,No,Yes,Yes,Two year,Yes,Bank transfer (automatic),167.29,9019.89,Yes,2023-06-17
6703-PVBAT,Female,0,No,Yes,31,Yes,Yes,Fiber optic,No,Yes,No,No,No,Yes,One year,Yes,Bank transfer (automatic),166.74,5094.27,No,2023-06-17
1966-RZUCD,Female,0,Yes,No,32,Yes,Yes,Fiber optic,No,No,Yes,No,Yes,Yes,Month-to-month,No,Credit card (automatic),184.8,5882.32,Yes,2023-06-17
3057-FHPVP,Female,0,No,No,46,Yes,No,Fiber optic,No,Yes,No,No,Yes,Yes,One year,Yes,Credit card (automatic),164.72,7685.93,Yes,2023-06-17
5919-JNXBQ,Female,0,No,No,22,Yes,Yes,DSL,Yes,No,Yes,No,Yes,Yes,Two year,Yes,Bank transfer (automatic),128.11,2784.48,No,2023-06-17
3226-HXBXH,Male,1,Yes,No,46,Yes,Yes,DSL,Yes,Yes,Yes,No,Yes,Yes,Two year,No,Credit card (automatic),143.66,6599.33,Yes,2023-06-17
7180-HKOKY,Female,0,Yes,No,23,Yes,No,Fiber optic,Yes,No,Yes,Yes,Yes,Yes,One year,Yes,Bank transfer (automatic),186.41,4267.95,No,2023-06-17
2216-UGJBO,Female,0,No,No,40,Yes,No,DSL,Yes,Yes,No,Yes,Yes,Yes,One year,Yes,Credit card (automatic),139.51,5448.86,No,2023-06-17
6405-SVOXD,Female,0,Yes,No,56,Yes,Yes,Fiber optic,Yes,No,Yes,No,Yes,Yes,Month-to-month,No,Credit card (automatic),192.86,10677.53,Yes,2023-06-17
2133-XYTJG,Male,0,Yes,No,40,Yes,No,No,No internet service,No internet service,No internet service,No internet service,No internet service,No internet service,Two year,No,Credit card (automatic),47.97,1874.3,Yes,2023-06-17
6499-EMZII,Female,0,Yes,No,28,No,No phone service,Fiber optic,Yes,Yes,Yes,No,Yes,Yes,Two year,Yes,Bank transfer (automatic),146.44,4053.79,No,2023-06-17
6209-HEAJR,Female,1,No,No,37,Yes,Yes,Fiber optic,Yes,No,Yes,Yes,Yes,Yes,Two year,Yes,Bank transfer (automatic),174.98,6640.12,Yes,2023-06-17
1119-DNQFS,Female,0,Yes,No,22,Yes,No,DSL,Yes,Yes,No,No,Yes,Yes,Month-to-month,No,Credit card (automatic),137.33,3053.37,Yes,2023-06-17
2386-ROJFO,Female,0,Yes,No,36,Yes,No,Fiber optic,No,Yes,Yes,No,No,Yes,Two year,Yes,Mailed check,136.85,4870.77,No,2023-06-17
9343-CLRCB,Male,0,Yes,No,32,Yes,Yes,DSL,Yes,Yes,No,No,No,Yes,Two year,Yes,Electronic check,124.15,3961.34,No,2023-06-17
4833-MDYGP,Male,0,No,No,61,Yes,No,Fiber optic,Yes,Yes,No,Yes,Yes,Yes,Month-to-month,Yes,Electronic check,192.93,11933.48,No,2023-06-17
1920-JBMAJ,Male,0,No,No,15,Yes,No,Fiber optic,Yes,No,Yes,No,Yes,Yes,Month-to-month,Yes,Bank transfer (automatic),181.32,2687.62,Yes,2023-06-17
6738-FZTRM,Female,0,Yes,No,42,Yes,Yes,Fiber optic,Yes,No,Yes,No,Yes,Yes,One year,Yes,Credit card (automatic),195.37,8417.53,Yes,2023-06-17
1050-ISGZZ,Female,1,No,No,58,Yes,Yes,Fiber optic,No,Yes,Yes,Yes,Yes,Yes,One year,Yes,Credit card (automatic),186.81,10626.21,Yes,2023-06-17
7677-ZYUIA,Female,0,Yes,No,29,Yes,No,DSL,No,No,Yes,No,Yes,Yes,One year,No,Mailed check,127.65,3761.55,No,2023-06-17
3683-RTXHB,Male,0,Yes,No,59,No,No phone service,Fiber optic,Yes,Yes,Yes,No,No,Yes,Month-to-month,Yes,Bank transfer (automatic),157.17,9059.06,Yes,2023-06-17
4934-WSOTL,Female,0,Yes,No,37,Yes,Yes,Fiber optic,No,Yes,No,No,No,Yes,One year,No,Credit card (automatic),169.29,6440.72,No,2023-06-17
8764-YXBJW,Male,0,Yes,No,50,Yes,Yes,Fiber optic,Yes,Yes,No,No,Yes,Yes,Month-to-month,Yes,Mailed check,198.84,10151.14,Yes,2023-06-17
9757-RZXAC,Female,0,Yes,No,47,Yes,No,Fiber optic,Yes,Yes,No,Yes,Yes,Yes,Two year,No,Mailed check,169.33,8072.05,No,2023-06-17
4384-MKDUQ,Male,0,No,No,55,No,No phone service,No,No internet service,No internet service,No internet service,No internet service,No internet service,No internet service,Two year,Yes,Bank transfer (automatic),19.28,1089.91,Yes,2023-06-17
7976-RTEDZ,Female,0,No,Yes,48,Yes,No,Fiber optic,Yes,Yes,Yes,No,Yes,Yes,Two year,Yes,Credit card (automatic),161.83,7910.48,No,2023-06-17
5480-XHMWE,Male,1,Yes,No,38,Yes,No,DSL,No,No,Yes,No,Yes,Yes,One year,Yes,Bank transfer (automatic),115.34,4505.51,No,2023-06-17
8839-APCTM,Female,0,Yes,No,12,Yes,No,DSL,No,No,Yes,Yes,No,No,Two year,Yes,Mailed check,86.68,1028.53,No,2023-06-18
7778-FTJYQ,Female,0,Yes,Yes,16,Yes,Yes,Fiber optic,Yes,Yes,Yes,Yes,Yes,Yes,Month-to-month,Yes,Credit card (automatic),214.99,3389.76,No,2023-06-18
7911-GFHBW,Female,0,No,No,47,Yes,No,DSL,Yes,Yes,No,No,Yes,Yes,Two year,No,Credit card (automatic),129.8,6185.54,No,2023-06-18
2974-FQNBS,Male,0,Yes,No,31,Yes,Yes,DSL,No,Yes,No,Yes,Yes,Yes,One year,No,Credit card (automatic),152.89,4853.36,No,2023-06-18
8235-MPQGP,Female,0,Yes,Yes,66,Yes,No,DSL,Yes,Yes,Yes,Yes,Yes,Yes,Month-to-month,Yes,Mailed check,155.73,10380.67,Yes,2023-06-18
1655-EEEAH,Male,0,Yes,No,26,Yes,Yes,DSL,Yes,No,Yes,No,Yes,Yes,Two year,Yes,Bank transfer (automatic),135.76,3474.26,No,2023-06-18
5713-DTLMR,Male,0,No,Yes,57,Yes,Yes,DSL,Yes,Yes,No,No,Yes,Yes,Month-to-month,Yes,Electronic check,158.11,8930.6,No,2023-06-18
5360-BYLVX,Female,1,Yes,No,34,Yes,Yes,No,No internet service,No internet service,No internet service,No internet service,No internet service,No internet service,Two year,Yes,Credit card (automatic),51.68,1785.8,No,2023-06-18
5568-XTJVU,Male,0,No,No,47,Yes,Yes,Fiber optic,Yes,Yes,No,Yes,Yes,Yes,One year,Yes,Bank transfer (automatic),195.72,9212.4,No,2023-06-18
2063-MMXDG,Female,0,No,No,39,Yes,Yes,Fiber optic,Yes,Yes,No,No,Yes,Yes,One year,Yes,Credit card (automatic),176.14,6801.52,Yes,2023-06-18
4885-VTNXD,Male,0,Yes,No,50,Yes,Yes,No,No internet service,No internet service,No internet service,No internet service,No internet service,No internet service,Two year,No,Credit card (automatic),54.76,2713.46,No,2023-06-18
3002-QLTKT,Female,0,No,No,38,Yes,Yes,Fiber optic,No,Yes,Yes,Yes,Yes,Yes,Month-to-month,Yes,Credit card (automatic),206.06,8005.85,Yes,2023-06-18
6952-ZFQZB,Female,0,No,No,36,Yes,No,Fiber optic,No,Yes,Yes,No,Yes,Yes,One year,Yes,Credit card (automatic),170.58,6081.76,No,2023-06-18
4687-ZPWZN,Female,0,Yes,No,24,Yes,Yes,No,No internet service,No internet service,No internet service,No internet service,No internet service,No internet service,Month-to-month,Yes,Electronic check,68.24,1613.21,No,2023-06-18
7153-RIRZT,Male,0,Yes,Yes,65,Yes,Yes,No,No internet service,No internet service,No internet service,No internet service,No internet service,No internet service,One year,Yes,Credit card (automatic),60.02,3811.19,No,2023-06-18
7856-YFNJZ,Male,0,Yes,Yes,58,Yes,No,Fiber optic,No,Yes,Yes,No,Yes,Yes,One year,No,Bank transfer (automatic),174.57,10110.86,No,2023-06-18
2991-DGPAY,Female,0,Yes,Yes,58,Yes,Yes,No,No internet service,No internet service,No internet service,No internet service,No internet service,No internet service,Two year,Yes,Electronic check,55.34,3189.41,No,2023-06-18
2787-BJYCI,Male,0,Yes,No,22,Yes,No,DSL,No,No,No,No,Yes,Yes,One year,Yes,Bank transfer (automatic),115.11,2515.02,Yes,2023-06-18
9304-LYSSV,Female,0,Yes,No,26,Yes,Yes,Fiber optic,No,Yes,No,Yes,Yes,Yes,One year,Yes,Credit card (automatic),188.89,4791.23,No,2023-06-18
1955-VGBBH,Female,0,No,No,35,Yes,No,Fiber optic,Yes,No,Yes,No,No,Yes,Month-to-month,Yes,Credit card (automatic),174.78,6086.45,Yes,2023-06-18
7684-CZXLD,Female,0,Yes,No,35,Yes,Yes,Fiber optic,No,Yes,Yes,No,Yes,Yes,Two year,Yes,Mailed check,175.6,6020.02,No,2023-06-18
9337-GKSLG,Male,0,Yes,No,63,Yes,Yes,DSL,No,No,Yes,No,Yes,Yes,One year,Yes,Credit card (automatic),144.41,9318.56,Yes,2023-06-18
2129-IOFJT,Male,0,Yes,Yes,21,Yes,Yes,No,No internet service,No internet service,No internet service,No internet service,No internet service,No internet service,Month-to-month,No,Credit card (automatic),66.29,1431.03,No,2023-06-18
9741-YQVMX,Female,0,Yes,No,59,Yes,No,DSL,No,No,Yes,No,Yes,Yes,One year,Yes,Electronic check,116.18,6998.64,No,2023-06-18
3456-WOLMV,Male,1,No,No,52,Yes,Yes,No,No internet service,No internet service,No internet service,No internet service,No internet service,No internet service,One year,No,Bank transfer (automatic),57.92,3017.66,No,2023-06-18
5579-AVPKX,Male,0,Yes,No,32,Yes,No,No,No internet service,No internet service,No internet service,No internet service,No internet service,No internet service,One year,Yes,Credit card (automatic),50.16,1607.56,Yes,2023-06-18
4161-WTJRN,Female,0,Yes,No,39,Yes,No,Fiber optic,No,Yes,No,Yes,Yes,Yes,One year,Yes,Bank transfer (automatic),165.83,6275.08,Yes,2023-06-18
3984-AQVGK,Female,0,No,No,32,Yes,No,Fiber optic,No,No,Yes,Yes,Yes,Yes,Month-to-month,No,Bank transfer (automatic),187.45,5835.73,Yes,2023-06-18
8143-GNWHL,Male,0,No,No,49,Yes,Yes,No,No internet service,No internet service,No internet service,No internet service,No internet service,No internet service,One year,No,Bank transfer (automatic),58.64,2919.46,No,2023-06-18
3486-WPOOL,Female,0,No,No,59,Yes,Yes,Fiber optic,Yes,Yes,No,Yes,Yes,No,Month-to-month,No,Mailed check,202.23,12128.61,Yes,2023-06-18
9212-WGZZM,Male,0,No,Yes,60,Yes,No,Fiber optic,Yes,Yes,Yes,No,Yes,Yes,One year,Yes,Mailed check,185.3,11141.0,Yes,2023-06-18
3400-HCZVR,Female,0,Yes,No,54,Yes,Yes,Fiber optic,No,No,Yes,Yes,No,Yes,Two year,No,Bank transfer (automatic),156.56,8505.03,Yes,2023-06-18
2801-BTCBL,Male,0,Yes,No,31,Yes,Yes,Fiber optic,No,No,Yes,No,Yes,No,Month-to-month,Yes,Credit card (automatic),174.87,5502.0,Yes,2023-06-18
1220-PRKVL,Female,0,No,No,58,Yes,Yes,Fiber optic,No,Yes,Yes,Yes,Yes,Yes,Two year,Yes,Bank transfer (automatic),179.38,10201.16,Yes,2023-06-19
8295-TYBVB,Male,0,Yes,No,30,Yes,No,Fiber optic,Yes,No,Yes,Yes,Yes,Yes,One year,Yes,Bank transfer (automatic),186.01,5569.31,No,2023-06-19
5309-HLYLZ,Male,0,Yes,No,40,Yes,Yes,No,No internet service,No internet service,No internet service,No internet service,No internet service,No internet service,One year,No,Credit card (automatic),63.49,2592.91,No,2023-06-19
3660-AFKJV,Female,0,Yes,Yes,35,Yes,No,No,No internet service,No internet service,No internet service,No internet service,No internet service,No internet service,Two year,No,Mailed check,38.3,1370.99,Yes,2023-06-19
1693-SBAJC,Male,0,Yes,No,45,Yes,Yes,Fiber optic,No,Yes,Yes,Yes,Yes,Yes,One year,Yes,Credit card (automatic),196.5,9107.08,No,2023-06-19
1725-YXMME,Male,0,Yes,No,55,Yes,No,DSL,Yes,Yes,No,Yes,Yes,Yes,Two year,Yes,Mailed check,124.9,6913.76,No,2023-06-19
4328-OAEOP,Male,1,Yes,No,46,Yes,Yes,Fiber optic,Yes,Yes,Yes,Yes,Yes,Yes,One year,Yes,Mailed check,203.11,9514.44,No,2023-06-19
3340-KKKQA,Male,0,Yes,Yes,50,Yes,No,Fiber optic,No,No,No,Yes,Yes,Yes,Two year,Yes,Bank transfer (automatic),136.44,6884.77,No,2023-06-19
1627-NLSEA,Male,0,Yes,No,23,Yes,No,DSL,No,Yes,Yes,No,Yes,Yes,One year,Yes,Credit card (automatic),127.57,2885.65,Yes,2023-06-19
3037-LPTBN,Male,0,Yes,No,61,Yes,Yes,No,No internet service,No internet service,No internet service,No internet service,No internet service,No internet service,Month-to-month,Yes,Credit card (automatic),60.44,3708.93,Yes,2023-06-19
7082-UDPYL,Female,1,Yes,Yes,53,Yes,No,Fiber optic,No,Yes,Yes,Yes,Yes,Yes,One year,No,Mailed check,187.33,9939.12,No,2023-06-19
5229-KKQEL,Male,0,Yes,No,28,Yes,No,Fiber optic,Yes,No,No,No,Yes,Yes,One year,Yes,Bank transfer (automatic),157.93,4472.63,Yes,2023-06-19
4957-PGYUW,Male,0,No,No,43,Yes,Yes,Fiber optic,Yes,Yes,Yes,Yes,Yes,Yes,Month-to-month,Yes,Credit card (automatic),217.52,9150.45,No,2023-06-19
8947-PVBDX,Male,0,No,No,53,Yes,Yes,Fiber optic,Yes,Yes,Yes,Yes,Yes,Yes,One year,Yes,Credit card (automatic),205.74,10804.26,Yes,2023-06-19
2599-RQTCZ,Female,0,No,No,25,Yes,No,Fiber optic,Yes,Yes,Yes,Yes,Yes,Yes,Two year,Yes,Electronic check,179.52,4436.29,Yes,2023-06-19
9017-NJBEC,Male,0,No,No,60,Yes,No,Fiber optic,No,No,Yes,No,Yes,Yes,Two year,Yes,Credit card (automatic),147.11,8617.15,Yes,2023-06-19
7456-YFXMN,Female,1,Yes,No,49,Yes,Yes,DSL,Yes,No,No,No,Yes,Yes,Two year,Yes,Mailed check,130.87,6252.22,No,2023-06-19
3742-UPKGZ,Male,0,No,No,57,Yes,No,Fiber optic,Yes,No,Yes,Yes,Yes,Yes,Two year,Yes,Electronic check,166.51,9566.76,Yes,2023-06-20
6625-LIRTI,Male,0,Yes,No,30,Yes,Yes,Fiber optic,No,Yes,No,Yes,Yes,Yes,One year,Yes,Credit card (automatic),189.51,5834.16,No,2023-06-20
5842-MHYZO,Female,0,Yes,No,41,No,No phone service,Fiber optic,Yes,Yes,No,No,No,No,Month-to-month,No,Bank transfer (automatic),132.99,5455.01,Yes,2023-06-20
8159-VFDCC,Female,0,No,No,48,No,No phone service,Fiber optic,Yes,No,Yes,Yes,Yes,No,Month-to-month,Yes,Credit card (automatic),150.9,7348.79,No,2023-06-20
5843-HZDPB,Female,0,Yes,No,41,Yes,Yes,Fiber optic,Yes,Yes,Yes,Yes,Yes,Yes,Two year,Yes,Credit card (automatic),188.02,7534.39,Yes,2023-06-20
9274-BIWKO,Female,0,No,No,18,Yes,No,Fiber optic,Yes,Yes,Yes,Yes,Yes,Yes,One year,Yes,Bank transfer (automatic),200.19,3557.28,No,2023-06-20
8308-KLUVB,Female,0,Yes,No,29,Yes,No,DSL,No,No,Yes,Yes,Yes,Yes,One year,Yes,Bank transfer (automatic),126.32,3648.12,No,2023-06-20
5330-ARXIG,Male,0,No,No,41,Yes,Yes,No,No internet service,No internet service,No internet service,No internet service,No internet service,No internet service,One year,Yes,Credit card (automatic),68.6,2770.39,No,2023-06-20
7208-VTVBM,Female,0,Yes,Yes,5,No,No phone service,DSL,Yes,No,No,No,Yes,No,Two year,Yes,Electronic check,71.51,363.31,Yes,2023-06-20
8146-MGQIV,Female,1,No,No,12,Yes,No,Fiber optic,No,Yes,Yes,No,Yes,Yes,One year,Yes,Credit card (automatic),154.93,1867.77,Yes,2023-06-20
3083-VGXSV,Male,0,No,No,46,No,No phone service,Fiber optic,Yes,Yes,No,No,Yes,Yes,Month-to-month,No,Mailed check,157.49,7075.03,No,2023-06-20
1460-CPJXN,Male,0,No,No,59,Yes,Yes,DSL,No,No,Yes,No,Yes,Yes,One year,Yes,Bank transfer (automatic),130.67,7925.4,No,2023-06-20
9677-HSUWJ,Male,0,Yes,No,45,Yes,No,Fiber optic,Yes,Yes,Yes,Yes,Yes,No,One year,Yes,Bank transfer (automatic),175.62,7955.83,No,2023-06-20
9728-LPGGE,Female,0,No,No,37,Yes,Yes,Fiber optic,Yes,Yes,Yes,No,Yes,Yes,Two year,No,Mailed check,180.8,6749.59,No,2023-06-20
7893-TOJUH,Female,0,No,No,24,Yes,No,Fiber optic,No,No,No,Yes,Yes,Yes,Two year,Yes,Mailed check,148.57,3620.5,No,2023-06-20
7993-GHZRJ,Male,0,Yes,No,45,Yes,Yes,Fiber optic,No,No,Yes,No,Yes,No,One year,No,Bank transfer (automatic),161.92,7150.36,No,2023-06-20
2358-GWINQ,Female,0,Yes,No,45,Yes,No,DSL,Yes,Yes,Yes,Yes,Yes,Yes,One year,Yes,Electronic check,163.88,7247.12,Yes,2023-06-20
4954-DQDZI,Female,0,No,No,36,Yes,Yes,Fiber optic,Yes,No,No,Yes,Yes,Yes,One year,Yes,Mailed check,183.8,6652.43,No,2023-06-20
4042-GVFAL,Male,0,No,Yes,39,Yes,No,No,No internet service,No internet service,No internet service,No internet service,No internet service,No internet service,One year,Yes,Electronic check,54.85,2139.6,No,2023-06-20
1640-CMBRT,Female,0,Yes,No,38,Yes,Yes,No,No internet service,No internet service,No internet service,No internet service,No internet service,No internet service,One year,Yes,Bank transfer (automatic),62.81,2360.01,No,2023-06-20
1451-CUGPT,Male,0,Yes,No,48,Yes,Yes,Fiber optic,Yes,Yes,No,Yes,Yes,Yes,Month-to-month,Yes,Electronic check,210.7,10046.63,Yes,2023-06-20
1496-DGQCN,Female,0,Yes,No,16,Yes,Yes,DSL,Yes,Yes,No,No,Yes,Yes,Two year,No,Credit card (automatic),133.35,2086.25,No,2023-06-20
7609-EVKGK,Female,0,No,No,23,Yes,Yes,No,No internet service,No internet service,No internet service,No internet service,No internet service,No internet service,One year,Yes,Credit card (automatic),52.9,1214.56,No,2023-06-20
2389-HRQCY,Female,0,No,No,52,Yes,Yes,Fiber optic,Yes,Yes,Yes,No,Yes,Yes,Month-to-month,Yes,Credit card (automatic),213.07,11276.43,Yes,2023-06-20
6487-WHVVN,Male,1,No,No,25,Yes,Yes,Fiber optic,No,Yes,No,Yes,Yes,Yes,Month-to-month,Yes,Credit card (automatic),203.84,5145.75,Yes,2023-06-20
1388-QKRVI,Female,1,Yes,No,15,Yes,Yes,Fiber optic,Yes,Yes,No,Yes,Yes,Yes,One year,Yes,Credit card (automatic),190.79,2872.0,No,2023-06-20
1486-NKOWL,Male,0,Yes,Yes,18,Yes,Yes,Fiber optic,Yes,Yes,No,No,Yes,Yes,One year,No,Credit card (automatic),183.68,3400.43,Yes,2023-06-20
8928-JGKGD,Female,0,No,Yes,49,Yes,No,Fiber optic,Yes,Yes,No,Yes,Yes,Yes,One year,No,Credit card (automatic),170.85,8285.91,Yes,2023-06-20
1598-BIIJP,Male,0,Yes,No,13,Yes,No,Fiber optic,No,No,Yes,Yes,No,Yes,Month-to-month,No,Credit card (automatic),165.63,2153.15,No,2023-06-20
5634-YRNED,Female,0,Yes,No,54,Yes,Yes,Fiber optic,No,Yes,No,Yes,Yes,Yes,Month-to-month,No,Electronic check,207.01,10893.74,No,2023-06-20
9967-CQLYV,Male,0,Yes,No,29,Yes,No,DSL,No,Yes,Yes,Yes,No,Yes,Month-to-month,No,Credit card (automatic),151.57,4380.75,No,2023-06-20
2822-DFWHE,Female,0,No,No,39,Yes,No,Fiber optic,No,No,No,No,Yes,Yes,Month-to-month,No,Credit card (automatic),163.22,6175.16,Yes,2023-06-20
3090-QVWSX,Male,0,Yes,No,20,Yes,Yes,No,No internet service,No internet service,No internet service,No internet service,No internet service,No internet service,Two year,Yes,Bank transfer (automatic),49.05,1009.19,No,2023-06-21
5018-FAMIN,Female,0,Yes,No,57,Yes,Yes,Fiber optic,No,Yes,Yes,No,Yes,Yes,Month-to-month,Yes,Credit card (automatic),216.27,12342.22,Yes,2023-06-21
9463-OXXLN,Female,0,No,No,38,Yes,Yes,DSL,No,No,Yes,No,Yes,Yes,One year,No,Mailed check,143.27,5281.73,No,2023-06-21
5613-ATXQG,Male,0,No,Yes,40,Yes,Yes,Fiber optic,Yes,Yes,No,No,Yes,Yes,Two year,Yes,Bank transfer (automatic),174.78,6915.92,Yes,2023-06-21
1594-CZVLY,Male,0,Yes,No,42,Yes,Yes,Fiber optic,Yes,Yes,Yes,No,Yes,Yes,Month-to-month,Yes,Bank transfer (automatic),214.21,8922.04,Yes,2023-06-21
3239-YBKUH,Male,0,Yes,No,57,Yes,Yes,Fiber optic,Yes,Yes,Yes,Yes,Yes,Yes,One year,Yes,Mailed check,212.34,12088.06,Yes,2023-06-21
2701-NAOFT,Male,0,No,No,34,Yes,No,Fiber optic,No,Yes,Yes,No,Yes,Yes,Two year,Yes,Credit card (automatic),144.29,4781.17,Yes,2023-06-21
1383-AXPHT,Male,0,No,No,16,Yes,No,Fiber optic,No,Yes,Yes,No,Yes,Yes,One year,Yes,Electronic check,152.21,2397.56,No,2023-06-21
7625-MQNBJ,Female,0,Yes,No,57,Yes,Yes,Fiber optic,Yes,No,No,Yes,Yes,Yes,Two year,No,Bank transfer (automatic),164.69,9626.35,No,2023-06-21
8429-TZJUW,Male,0,No,No,58,Yes,No,Fiber optic,No,No,No,Yes,Yes,Yes,Month-to-month,Yes,Credit card (automatic),170.3,10141.46,Yes,2023-06-21
9781-QYYHA,Female,0,Yes,No,41,Yes,No,No,No internet service,No internet service,No internet service,No internet service,No internet service,No internet service,Month-to-month,Yes,Bank transfer (automatic),50.0,2049.69,Yes,2023-06-21
6053-ISEEN,Female,0,Yes,No,40,Yes,No,Fiber optic,Yes,No,Yes,Yes,No,Yes,One year,No,Credit card (automatic),179.97,7032.42,No,2023-06-21
1783-EUELM,Male,0,Yes,No,42,Yes,Yes,No,No internet service,No internet service,No internet service,No internet service,No internet service,No internet service,One year,Yes,Credit card (automatic),54.19,2317.31,No,2023-06-21
1826-EFIVD,Male,0,No,Yes,25,Yes,Yes,Fiber optic,Yes,Yes,No,No,Yes,Yes,One year,Yes,Mailed check,185.97,4760.31,No,2023-06-21
1105-BMDVC,Male,1,No,No,41,Yes,Yes,Fiber optic,Yes,Yes,Yes,No,Yes,Yes,One year,Yes,Bank transfer (automatic),191.88,7977.1,No,2023-06-21
3690-DQZQA,Male,0,No,No,35,Yes,Yes,DSL,Yes,No,No,Yes,No,Yes,Month-to-month,Yes,Mailed check,157.23,5387.75,Yes,2023-06-21
4567-CKWTX,Female,0,No,No,37,Yes,No,Fiber optic,No,Yes,No,Yes,Yes,Yes,Month-to-month,Yes,Mailed check,184.31,6826.58,No,2023-06-21
2882-PLMGL,Female,0,Yes,Yes,40,Yes,No,Fiber optic,No,Yes,Yes,Yes,Yes,Yes,One year,Yes,Bank transfer (automatic),177.41,7030.03,No,2023-06-21
1538-KCIBO,Male,0,Yes,No,51,Yes,No,Fiber optic,No,No,Yes,Yes,No,No,Two year,No,Bank transfer (automatic),113.88,5713.22,Yes,2023-06-21
5878-JXVBZ,Female,0,No,Yes,51,Yes,Yes,Fiber optic,Yes,No,Yes,Yes,Yes,No,Two year,Yes,Bank transfer (automatic),178.95,8978.47,Yes,2023-06-21
9625-CXYAZ,Female,1,No,No,44,Yes,No,Fiber optic,Yes,Yes,No,No,Yes,Yes,Two year,Yes,Credit card (automatic),155.36,6828.21,No,2023-06-21
2417-TSOAZ,Female,0,Yes,No,56,Yes,No,Fiber optic,Yes,No,No,No,Yes,Yes,Month-to-month,Yes,Mailed check,173.38,9612.77,Yes,2023-06-21
3967-JZSHD,Male,0,No,No,43,Yes,Yes,Fiber optic,Yes,Yes,Yes,No,Yes,Yes,One year,Yes,Mailed check,201.34,8785.07,No,2023-06-21
2945-LOFST,Female,0,No,No,17,Yes,Yes,No,No internet service,No internet service,No internet service,No internet service,No internet service,No internet service,One year,Yes,Bank transfer (automatic),63.53,1106.04,No,2023-06-21
8786-LHKMW,Female,1,Yes,No,39,Yes,No,Fiber optic,No,Yes,Yes,No,Yes,Yes,One year,Yes,Credit card (automatic),170.62,6680.3,No,2023-06-21
7850-YDFCH,Female,0,No,No,47,Yes,No,Fiber optic,Yes,Yes,No,Yes,No,Yes,Month-to-month,Yes,Mailed check,174.49,8341.74,Yes,2023-06-21
3499-ZHJIR,Male,0,Yes,No,48,Yes,Yes,Fiber optic,Yes,Yes,Yes,No,Yes,Yes,Two year,No,Credit card (automatic),186.27,8687.83,No,2023-06-21
2556-WXADQ,Female,0,Yes,No,21,Yes,Yes,DSL,Yes,Yes,No,Yes,Yes,Yes,Month-to-month,Yes,Credit card (automatic),174.73,3628.1,No,2023-06-21
6606-KHHVW,Male,0,Yes,No,56,Yes,Yes,DSL,No,No,No,No,Yes,Yes,Two year,Yes,Mailed check,122.53,6909.04,Yes,2023-06-21
4563-OOHMW,Female,0,Yes,No,58,Yes,No,Fiber optic,Yes,No,No,No,No,Yes,One year,No,Bank transfer (automatic),140.66,7986.25,No,2023-06-21
7737-TBHGT,Female,0,No,No,61,Yes,Yes,DSL,Yes,No,No,No,Yes,No,One year,Yes,Bank transfer (automatic),115.45,6956.24,Yes,2023-06-21
8663-PIGXU,Female,0,Yes,No,54,Yes,Yes,No,No internet service,No internet service,No internet service,No internet service,No internet service,No internet service,One year,Yes,Bank transfer (automatic),72.53,3844.1,Yes,2023-06-21
2372-CDVYZ,Male,0,Yes,No,60,Yes,No,Fiber optic,Yes,Yes,No,No,Yes,Yes,Two year,Yes,Credit card (automatic),152.51,8933.89,No,2023-06-21
5763-KSWCC,Female,0,Yes,No,60,Yes,No,Fiber optic,Yes,Yes,Yes,Yes,Yes,Yes,One year,Yes,Mailed check,192.86,11431.27,Yes,2023-06-21
9585-KRAQF,Male,0,Yes,No,53,Yes,Yes,DSL,Yes,No,No,Yes,Yes,Yes,One year,Yes,Mailed check,137.96,7266.31,No,2023-06-22
5633-BLKMM,Female,0,No,Yes,42,Yes,No,No,No internet service,No internet service,No internet service,No internet service,No internet service,No internet service,Two year,Yes,Credit card (automatic),29.5,1275.67,No,2023-06-22
8398-IIUGU,Male,0,Yes,Yes,45,Yes,Yes,DSL,No,Yes,No,Yes,Yes,Yes,Month-to-month,Yes,Credit card (automatic),150.44,6923.67,Yes,2023-06-22
1112-PBXZM,Female,1,Yes,No,55,Yes,No,DSL,No,No,No,Yes,No,Yes,Month-to-month,No,Credit card (automatic),103.36,5569.83,No,2023-06-22
5877-FUIZO,Male,0,No,No,42,Yes,Yes,DSL,Yes,No,No,No,No,Yes,One year,No,Mailed check,132.26,5476.11,No,2023-06-22
6991-WXTYT,Male,0,No,No,26,Yes,No,DSL,Yes,No,No,Yes,Yes,Yes,Month-to-month,No,Mailed check,149.02,3920.4,Yes,2023-06-22
2912-FOUDM,Male,0,Yes,No,32,Yes,Yes,Fiber optic,Yes,Yes,No,Yes,Yes,Yes,Two year,Yes,Credit card (automatic),181.74,5652.05,No,2023-06-22
6011-LVFJW,Female,0,Yes,No,30,Yes,Yes,Fiber optic,No,Yes,Yes,Yes,Yes,Yes,Month-to-month,Yes,Credit card (automatic),224.17,6868.66,No,2023-06-22
9910-RRRTK,Female,0,No,No,50,Yes,Yes,DSL,No,Yes,Yes,No,No,Yes,Two year,Yes,Mailed check,121.02,6003.79,Yes,2023-06-22
4074-KOEJJ,Female,0,No,No,34,No,No phone service,No,No internet service,No internet service,No internet service,No internet service,No internet service,No internet service,One year,Yes,Bank transfer (automatic),18.5,611.51,No,2023-06-22
5194-FYIYM,Female,0,No,No,42,Yes,Yes,Fiber optic,No,Yes,No,Yes,Yes,No,Month-to-month,Yes,Credit card (automatic),183.22,7493.91,Yes,2023-06-22
7328-ZJEWO,Female,0,No,No,27,Yes,No,Fiber optic,Yes,No,Yes,No,Yes,Yes,One year,Yes,Credit card (automatic),167.31,4469.68,Yes,2023-06-22
5613-GQXTU,Male,0,Yes,No,50,Yes,No,No,No internet service,No internet service,No internet service,No internet service,No internet service,No internet service,One year,Yes,Bank transfer (automatic),43.73,2126.54,No,2023-06-22
8705-XBXQW,Female,0,Yes,No,65,Yes,No,Fiber optic,Yes,No,No,No,Yes,Yes,Month-to-month,Yes,Bank transfer (automatic),174.39,11402.86,Yes,2023-06-22
9839-VQATA,Male,0,No,No,18,Yes,No,Fiber optic,No,No,No,Yes,No,Yes,One year,No,Credit card (automatic),146.7,2608.45,No,2023-06-22
4138-LKKKD,Female,1,No,No,56,Yes,No,No,No internet service,No internet service,No internet service,No internet service,No internet service,No internet service,Month-to-month,Yes,Credit card (automatic),51.32,2920.59,No,2023-06-22
9789-KTKXF,Male,1,No,No,21,Yes,Yes,DSL,No,Yes,Yes,No,Yes,Yes,Month-to-month,No,Bank transfer (automatic),152.57,3138.04,Yes,2023-06-22
9297-YHAVU,Male,0,Yes,No,43,Yes,Yes,Fiber optic,Yes,Yes,Yes,No,Yes,Yes,Month-to-month,Yes,Electronic check,199.15,8442.89,Yes,2023-06-22
4021-EGTMN,Female,1,Yes,No,28,Yes,No,DSL,No,Yes,Yes,Yes,Yes,Yes,One year,Yes,Mailed check,143.15,4116.44,No,2023-06-22
8888-XKKXR,Male,0,Yes,No,12,Yes,Yes,Fiber optic,Yes,Yes,No,Yes,Yes,Yes,Two year,Yes,Bank transfer (automatic),185.47,2245.64,Yes,2023-06-22
9117-LFWVR,Female,0,No,Yes,35,Yes,Yes,Fiber optic,Yes,Yes,Yes,No,No,Yes,One year,No,Credit card (automatic),179.32,6435.54,No,2023-06-22
6449-WUXGH,Female,0,No,Yes,38,Yes,Yes,Fiber optic,Yes,Yes,Yes,No,Yes,Yes,Month-to-month,Yes,Mailed check,211.69,8062.84,No,2023-06-22
2444-AKORY,Female,0,No,No,31,Yes,No,Fiber optic,Yes,Yes,Yes,Yes,Yes,Yes,Two year,Yes,Bank transfer (automatic),170.18,5214.69,Yes,2023-06-22
8388-QHFCE,Female,1,No,No,58,Yes,No,Fiber optic,No,No,No,Yes,Yes,No,Month-to-month,No,Bank transfer (automatic),169.44,9868.4,No,2023-06-22
1772-JPGLH,Female,0,Yes,No,52,Yes,Yes,Fiber optic,Yes,No,Yes,Yes,No,Yes,Month-to-month,Yes,Mailed check,198.17,10027.99,No,2023-06-22
4699-DSQGN,Female,0,Yes,No,56,Yes,No,Fiber optic,No,Yes,No,Yes,Yes,No,Two year,Yes,Bank transfer (automatic),141.19,8073.42,No,2023-06-22
7274-YXPNP,Female,0,Yes,No,61,Yes,No,Fiber optic,Yes,No,Yes,No,Yes,Yes,Month-to-month,Yes,Credit card (automatic),170.48,10549.59,Yes,2023-06-22
1259-GCEZN,Female,1,Yes,Yes,34,Yes,No,Fiber optic,Yes,Yes,No,No,Yes,No,Month-to-month,Yes,Mailed check,168.71,5847.71,Yes,2023-06-22
5725-YCJAN,Female,0,No,No,50,Yes,Yes,Fiber optic,Yes,Yes,No,No,Yes,Yes,One year,Yes,Electronic check,203.14,10382.42,Yes,2023-06-22
9029-HDQUT,Male,0,Yes,No,51,Yes,No,Fiber optic,No,No,Yes,No,Yes,Yes,Month-to-month,Yes,Credit card (automatic),159.83,7916.49,Yes,2023-06-22
9899-EPQZL,Male,0,Yes,No,4,Yes,No,Fiber optic,Yes,Yes,Yes,Yes,Yes,Yes,Two year,Yes,Credit card (automatic),167.34,650.34,No,2023-06-23
5798-GIOUW,Female,0,No,No,45,Yes,Yes,DSL,No,No,No,Yes,Yes,Yes,Two year,Yes,Credit card (automatic),113.86,5154.98,No,2023-06-23
3809-ODSMS,Male,0,Yes,No,52,No,No phone service,Fiber optic,No,Yes,Yes,No,Yes,Yes,One year,Yes,Mailed check,155.02,8235.53,No,2023-06-23
9042-CCKPE,Female,0,Yes,No,54,Yes,Yes,Fiber optic,No,No,Yes,Yes,Yes,Yes,One year,No,Bank transfer (automatic),181.73,9859.31,Yes,2023-06-23
3661-VTUMW,Female,1,Yes,No,18,Yes,No,Fiber optic,No,Yes,Yes,No,Yes,Yes,One year,No,Bank transfer (automatic),168.23,3024.93,No,2023-06-23
4969-KJWDE,Female,0,No,Yes,25,Yes,Yes,Fiber optic,Yes,Yes,No,No,Yes,Yes,Two year,Yes,Mailed check,167.46,4099.15,Yes,2023-06-23
7917-JKIUV,Female,0,Yes,No,42,Yes,No,DSL,Yes,Yes,Yes,Yes,Yes,Yes,One year,Yes,Credit card (automatic),143.62,6090.35,Yes,2023-06-23
2903-TBYLK,Female,0,Yes,Yes,51,Yes,Yes,Fiber optic,Yes,No,Yes,Yes,Yes,Yes,Two year,Yes,Electronic check,176.62,8893.9,Yes,2023-06-23
1115-RKPTO,Male,0,No,No,32,Yes,Yes,Fiber optic,No,Yes,Yes,Yes,Yes,Yes,Month-to-month,Yes,Mailed check,198.84,6515.35,Yes,2023-06-23
5691-LEDKR,Male,1,Yes,Yes,41,Yes,No,Fiber optic,No,Yes,Yes,Yes,Yes,Yes,Month-to-month,Yes,Mailed check,184.24,7721.55,Yes,2023-06-23
4961-XJIDL,Male,0,No,Yes,17,Yes,Yes,Fiber optic,Yes,Yes,No,Yes,Yes,Yes,Month-to-month,Yes,Bank transfer (automatic),209.21,3600.65,No,2023-06-23
1956-PZVYI,Female,0,Yes,No,28,Yes,Yes,Fiber optic,Yes,Yes,Yes,Yes,Yes,Yes,Month-to-month,Yes,Credit card (automatic),217.07,6176.59,No,2023-06-23
9772-MCPUD,Female,0,Yes,No,21,Yes,Yes,Fiber optic,No,Yes,No,No,Yes,Yes,Two year,No,Electronic check,157.2,3282.54,Yes,2023-06-23
6694-TWUCP,Male,1,Yes,No,64,No,No phone service,Fiber optic,Yes,No,Yes,No,Yes,Yes,Month-to-month,Yes,Credit card (automatic),157.32,10332.76,Yes,2023-06-23
2627-UAHOP,Male,0,Yes,No,41,Yes,No,DSL,No,Yes,No,Yes,Yes,Yes,One year,No,Credit card (automatic),136.84,5464.58,No,2023-06-23
5129-AUHQP,Female,0,Yes,No,61,Yes,Yes,Fiber optic,Yes,No,Yes,Yes,Yes,Yes,One year,No,Credit card (automatic),191.86,11595.28,Yes,2023-06-23
7473-SOYOV,Male,0,Yes,No,52,Yes,No,DSL,No,Yes,No,Yes,Yes,Yes,Two year,No,Credit card (automatic),116.32,6185.48,Yes,2023-06-23
7210-NNACL,Male,0,Yes,No,44,Yes,Yes,Fiber optic,No,No,Yes,No,No,Yes,Month-to-month,No,Credit card (automatic),174.98,7682.71,Yes,2023-06-23
2094-AGKSS,Male,1,No,No,55,Yes,No,Fiber optic,Yes,No,No,Yes,Yes,Yes,Month-to-month,Yes,Credit card (automatic),173.42,9561.16,No,2023-06-23
7352-TDKVF,Male,0,No,No,28,Yes,Yes,No,No internet service,No internet service,No internet service,No internet service,No internet service,No internet service,Month-to-month,No,Electronic check,73.35,2062.06,Yes,2023-06-23
9144-BWPQY,Male,0,Yes,Yes,38,Yes,No,Fiber optic,Yes,Yes,Yes,Yes,Yes,Yes,Month-to-month,No,Credit card (automatic),194.74,7366.66,No,2023-06-23
8423-ITTYO,Male,0,Yes,No,40,Yes,No,Fiber optic,No,No,No,Yes,Yes,Yes,One year,No,Bank transfer (automatic),161.95,6285.92,No,2023-06-23
8360-TZFHC,Male,0,No,No,27,Yes,No,No,No internet service,No internet service,No internet service,No internet service,No internet service,No internet service,One year,Yes,Electronic check,42.51,1126.97,Yes,2023-06-23
4048-MKOGG,Female,1,Yes,No,22,Yes,No,Fiber optic,No,Yes,No,No,Yes,Yes,One year,Yes,Bank transfer (automatic),148.38,3215.32,Yes,2023-06-23
9563-JPXRR,Female,0,Yes,No,48,Yes,No,Fiber optic,Yes,Yes,Yes,No,Yes,Yes,One year,Yes,Bank transfer (automatic),195.78,9200.0,Yes,2023-06-23
3936-RLIOQ,Female,0,No,No,59,Yes,No,DSL,No,No,No,Yes,Yes,No,Two year,Yes,Bank transfer (automatic),101.45,5909.84,No,2023-06-23
4896-YAURV,Female,0,Yes,No,45,Yes,No,Fiber optic,No,Yes,Yes,Yes,Yes,Yes,One year,No,Credit card (automatic),168.4,7613.45,No,2023-06-23
4156-VAIKZ,Male,0,No,No,22,Yes,No,Fiber optic,Yes,Yes,Yes,Yes,Yes,Yes,One year,Yes,Credit card (automatic),185.64,4053.99,No,2023-06-23
7932-WSDGC,Male,0,Yes,No,42,Yes,No,Fiber optic,Yes,Yes,Yes,No,Yes,Yes,Month-to-month,Yes,Bank transfer (automatic),193.32,8285.44,No,2023-06-23
3341-IXOQM,Female,0,No,No,52,Yes,Yes,Fiber optic,No,Yes,No,Yes,No,Yes,Month-to-month,No,Bank transfer (automatic),193.61,10164.56,Yes,2023-06-23
4107-EJJPZ,Male,0,No,Yes,37,No,No phone service,Fiber optic,Yes,No,No,No,No,No,Two year,No,Electronic check,99.55,3604.77,No,2023-06-23
6039-NKFLQ,Female,0,Yes,Yes,58,Yes,No,DSL,Yes,No,Yes,Yes,Yes,No,Month-to-month,Yes,Credit card (automatic),139.81,7928.07,Yes,2023-06-23
6669-QTVLC,Female,0,Yes,No,44,Yes,Yes,Fiber optic,Yes,No,Yes,No,Yes,Yes,Month-to-month,Yes,Electronic check,199.12,8626.65,Yes,2023-06-24
5281-MJGRK,Male,0,Yes,No,32,No,No phone service,DSL,Yes,No,No,Yes,Yes,Yes,Month-to-month,No,Mailed check,108.97,3476.27,Yes,2023-06-24
6398-SOWGK,Female,0,No,Yes,59,Yes,Yes,No,No internet service,No internet service,No internet service,No internet service,No internet service,No internet service,One year,Yes,Bank transfer (automatic),53.42,3226.59,No,2023-06-24
7013-LPPAR,Female,0,No,No,15,Yes,Yes,Fiber optic,Yes,No,Yes,Yes,Yes,Yes,Month-to-month,Yes,Credit card (automatic),211.84,3229.67,Yes,2023-06-24
4939-OZBWB,Male,1,No,Yes,50,Yes,No,No,No internet service,No internet service,No internet service,No internet service,No internet service,No internet service,One year,Yes,Bank transfer (automatic),40.72,2094.44,No,2023-06-24
4666-XOZAI,Female,0,No,No,40,Yes,No,No,No internet service,No internet service,No internet service,No internet service,No internet service,No internet service,Month-to-month,Yes,Credit card (automatic),53.73,2129.3,No,2023-06-24
7482-JOVEK,Female,0,No,No,56,Yes,Yes,Fiber optic,Yes,Yes,Yes,Yes,Yes,Yes,Two year,Yes,Electronic check,176.92,10006.51,Yes,2023-06-24
9212-ISLGC,Female,0,Yes,No,24,Yes,No,Fiber optic,Yes,Yes,No,No,Yes,Yes,Two year,Yes,Electronic check,149.38,3673.25,No,2023-06-24
4709-PEGOC,Male,0,Yes,No,35,Yes,Yes,No,No internet service,No internet service,No internet service,No internet service,No internet service,No internet service,Two year,Yes,Mailed check,62.12,2126.22,Yes,2023-06-24
4617-KLLZW,Female,0,Yes,Yes,29,Yes,Yes,No,No internet service,No internet service,No internet service,No internet service,No internet service,No internet service,One year,Yes,Bank transfer (automatic),51.83,1475.79,Yes,2023-06-24
5466-RGCGH,Male,0,No,No,43,Yes,Yes,Fiber optic,No,No,Yes,Yes,No,Yes,Two year,Yes,Credit card (automatic),170.19,7529.45,No,2023-06-24
2205-SVKLA,Female,0,Yes,No,26,Yes,No,Fiber optic,No,No,No,No,Yes,Yes,One year,Yes,Bank transfer (automatic),147.27,3858.14,Yes,2023-06-24
8556-NENTE,Male,0,No,No,40,Yes,Yes,DSL,Yes,Yes,No,No,No,Yes,Two year,Yes,Bank transfer (automatic),131.05,5133.92,No,2023-06-24
8841-OXHWR,Male,0,No,No,49,Yes,No,Fiber optic,Yes,No,Yes,Yes,Yes,Yes,One year,No,Credit card (automatic),179.08,8570.98,Yes,2023-06-24
9814-NQFQF,Female,0,No,Yes,27,Yes,Yes,Fiber optic,Yes,Yes,No,No,Yes,Yes,One year,Yes,Electronic check,195.79,5158.18,No,2023-06-24
1908-VSJLZ,Male,0,Yes,No,37,Yes,No,Fiber optic,No,Yes,No,Yes,Yes,Yes,Two year,Yes,Electronic check,161.61,5848.64,No,2023-06-24
4879-QSFNI,Male,0,No,No,39,Yes,No,DSL,No,Yes,Yes,Yes,Yes,Yes,One year,No,Bank transfer (automatic),140.81,5411.95,No,2023-06-24
5195-DMKHZ,Female,0,Yes,No,54,Yes,No,Fiber optic,No,Yes,Yes,Yes,Yes,Yes,One year,Yes,Bank transfer (automatic),185.66,10194.63,No,2023-06-24
8356-WFHXK,Female,0,Yes,No,48,Yes,Yes,Fiber optic,No,No,Yes,No,Yes,Yes,Two year,Yes,Mailed check,153.19,7284.58,No,2023-06-24
6864-WMPNX,Female,0,Yes,No,57,Yes,No,Fiber optic,Yes,Yes,Yes,No,Yes,No,Month-to-month,Yes,Mailed check,176.05,9927.4,Yes,2023-06-24
3540-YNQCM,Male,0,Yes,No,47,Yes,Yes,Fiber optic,Yes,Yes,No,Yes,Yes,Yes,One year,Yes,Bank transfer (automatic),195.63,9455.7,No,2023-06-25
2789-MWRWU,Male,0,No,No,65,Yes,No,Fiber optic,No,Yes,No,No,Yes,Yes,Two year,Yes,Credit card (automatic),138.66,8836.23,No,2023-06-25
9399-JJYBQ,Female,0,No,No,61,No,No phone service,DSL,No,Yes,Yes,No,Yes,Yes,Month-to-month,Yes,Mailed check,109.28,6813.05,No,2023-06-25
9709-BKUHV,Male,0,No,No,24,Yes,No,Fiber optic,No,No,Yes,No,No,Yes,Two year,Yes,Credit card (automatic),141.37,3304.67,No,2023-06-25
3434-FUWYI,Female,0,Yes,No,16,Yes,Yes,DSL,No,Yes,No,No,Yes,Yes,Month-to-month,No,Credit card (automatic),158.42,2577.94,Yes,2023-06-25
5237-KLKIK,Female,0,Yes,No,32,Yes,Yes,Fiber optic,Yes,No,Yes,No,Yes,Yes,Month-to-month,Yes,Mailed check,201.49,6281.5,No,2023-06-25
6343-OQHGE,Female,0,No,No,64,Yes,No,DSL,No,Yes,No,Yes,Yes,Yes,One year,Yes,Bank transfer (automatic),128.51,8432.4,Yes,2023-06-25
6900-QZLET,Male,0,No,No,34,Yes,No,Fiber optic,No,Yes,Yes,Yes,Yes,Yes,Month-to-month,Yes,Credit card (automatic),177.86,6194.66,No,2023-06-25
4204-OWMHZ,Male,0,No,No,45,Yes,No,Fiber optic,Yes,Yes,Yes,No,Yes,Yes,One year,No,Bank transfer (automatic),185.63,8350.55,No,2023-06-25
6870-PQNKN,Female,0,No,No,25,Yes,No,Fiber optic,No,Yes,No,No,Yes,Yes,One year,Yes,Credit card (automatic),164.51,4054.18,No,2023-06-25
8345-RKNII,Male,0,Yes,No,54,No,No phone service,No,No internet service,No internet service,No internet service,No internet service,No internet service,No internet service,Month-to-month,No,Mailed check,18.5,999.08,No,2023-06-25
1518-HCWJV,Female,0,No,No,25,No,No phone service,Fiber optic,Yes,No,No,No,Yes,Yes,One year,No,Credit card (automatic),139.54,3531.46,Yes,2023-06-25
1474-DPRHG,Male,0,Yes,Yes,18,Yes,No,Fiber optic,Yes,Yes,No,Yes,No,Yes,Two year,Yes,Bank transfer (automatic),161.98,2877.81,No,2023-06-25
1059-LHTXF,Female,0,Yes,No,26,Yes,No,Fiber optic,No,No,No,No,No,Yes,One year,Yes,Electronic check,137.9,3492.59,No,2023-06-25
6889-FYERQ,Female,0,No,No,47,Yes,No,DSL,Yes,Yes,No,No,Yes,Yes,One year,Yes,Credit card (automatic),132.23,6367.03,No,2023-06-25
7925-HJHPV,Male,0,Yes,No,53,Yes,No,Fiber optic,Yes,Yes,No,No,Yes,Yes,Month-to-month,Yes,Electronic check,162.99,8746.46,Yes,2023-06-25
9164-GGFZV,Male,0,Yes,No,44,Yes,Yes,Fiber optic,No,Yes,Yes,No,Yes,Yes,One year,Yes,Credit card (automatic),177.33,7867.46,No,2023-06-25
6435-JTURC,Female,0,Yes,Yes,55,No,No phone service,Fiber optic,No,Yes,No,No,Yes,Yes,Month-to-month,Yes,Credit card (automatic),142.42,7781.01,No,2023-06-25
1760-UNPKN,Female,0,Yes,No,30,Yes,No,No,No internet service,No internet service,No internet service,No internet service,No internet service,No internet service,One year,Yes,Electronic check,45.56,1391.05,Yes,2023-06-25
6800-HILZO,Female,0,Yes,No,22,Yes,No,DSL,Yes,Yes,No,No,Yes,Yes,One year,Yes,Mailed check,140.41,3033.46,No,2023-06-25
1616-KFJQL,Male,0,Yes,No,28,Yes,No,Fiber optic,Yes,No,Yes,Yes,Yes,Yes,One year,No,Bank transfer (automatic),171.29,4669.73,No,2023-06-25
8715-DOBXV,Female,0,Yes,No,39,Yes,Yes,DSL,Yes,Yes,Yes,No,Yes,Yes,Two year,No,Bank transfer (automatic),137.45,5456.25,Yes,2023-06-25
4309-AZGKC,Female,0,Yes,No,48,Yes,Yes,Fiber optic,No,No,Yes,No,Yes,Yes,Month-to-month,No,Credit card (automatic),176.02,8701.18,No,2023-06-25
8605-WICZD,Female,0,Yes,Yes,45,Yes,Yes,Fiber optic,No,No,Yes,Yes,Yes,Yes,Month-to-month,Yes,Mailed check,208.14,9513.08,No,2023-06-25
4326-YKABK,Male,0,Yes,No,55,Yes,No,DSL,No,Yes,Yes,No,Yes,Yes,Two year,Yes,Bank transfer (automatic),125.43,6758.83,No,2023-06-25
2310-BSJST,Female,0,No,No,41,Yes,Yes,Fiber optic,No,No,Yes,Yes,Yes,Yes,One year,Yes,Bank transfer (automatic),183.68,7361.14,No,2023-06-25
5811-KRIBA,Female,0,No,No,36,Yes,No,Fiber optic,Yes,No,Yes,Yes,Yes,Yes,One year,Yes,Bank transfer (automatic),180.87,6492.96,Yes,2023-06-25
1975-AWTSB,Male,0,Yes,No,61,Yes,Yes,Fiber optic,No,No,No,Yes,Yes,Yes,Month-to-month,Yes,Mailed check,188.51,11701.88,Yes,2023-06-25
1147-QHSDW,Male,0,No,Yes,41,Yes,No,Fiber optic,Yes,No,Yes,Yes,Yes,Yes,One year,Yes,Electronic check,182.78,7691.45,Yes,2023-06-25
2155-GCBWJ,Male,0,Yes,Yes,44,Yes,No,Fiber optic,No,No,Yes,No,Yes,Yes,One year,Yes,Credit card (automatic),144.72,6417.7,Yes,2023-06-25
8727-LCAEV,Male,1,No,No,22,Yes,No,Fiber optic,Yes,Yes,No,Yes,Yes,Yes,Two year,Yes,Credit card (automatic),162.12,3614.2,Yes,2023-06-25
8576-QGYYO,Male,0,Yes,No,37,No,No phone service,No,No internet service,No internet service,No internet service,No internet service,No internet service,No internet service,Two year,No,Mailed check,18.5,690.69,Yes,2023-06-26
1359-EPJNL,Female,0,No,Yes,30,Yes,No,DSL,Yes,Yes,No,No,No,Yes,Month-to-month,Yes,Electronic check,131.91,3911.77,Yes,2023-06-26
9375-TYIMI,Male,0,Yes,Yes,61,Yes,No,Fiber optic,Yes,No,Yes,No,Yes,Yes,Month-to-month,No,Credit card (automatic),177.95,10877.81,No,2023-06-26
4888-FSGOM,Female,0,Yes,No,62,Yes,Yes,Fiber optic,Yes,Yes,No,Yes,Yes,Yes,One year,Yes,Credit card (automatic),197.12,12405.3,No,2023-06-26
3532-YGEUE,Male,0,No,No,25,Yes,Yes,DSL,Yes,No,No,No,No,Yes,Month-to-month,No,Credit card (automatic),129.48,3218.82,No,2023-06-26
1918-XPEWS,Male,0,No,No,29,Yes,No,Fiber optic,Yes,No,Yes,No,Yes,Yes,One year,No,Credit card (automatic),169.84,4901.31,No,2023-06-26
1400-SQQBL,Male,1,Yes,No,35,Yes,Yes,Fiber optic,Yes,Yes,Yes,No,Yes,Yes,Two year,No,Credit card (automatic),188.46,6521.05,No,2023-06-26
6786-CWBVE,Male,1,No,No,48,No,No phone service,Fiber optic,Yes,Yes,Yes,No,Yes,No,Two year,Yes,Mailed check,139.41,6653.74,No,2023-06-26
1008-NVMRX,Male,0,Yes,Yes,36,Yes,No,Fiber optic,Yes,Yes,Yes,Yes,Yes,Yes,Two year,Yes,Bank transfer (automatic),168.31,6129.81,Yes,2023-06-26
1669-JEOBS,Female,0,Yes,No,26,Yes,Yes,Fiber optic,No,Yes,No,No,Yes,No,Two year,Yes,Electronic check,153.85,3972.01,Yes,2023-06-26
3404-PFNPR,Male,1,Yes,No,55,Yes,Yes,Fiber optic,Yes,Yes,Yes,Yes,Yes,Yes,One year,No,Mailed check,217.33,11874.37,No,2023-06-26
6737-OKYDQ,Female,1,Yes,No,66,Yes,Yes,Fiber optic,Yes,No,No,Yes,Yes,Yes,One year,Yes,Bank transfer (automatic),194.2,13143.33,Yes,2023-06-26
6276-MPXMS,Male,0,No,No,27,Yes,Yes,No,No internet service,No internet service,No internet service,No internet service,No internet service,No internet service,Two year,Yes,Credit card (automatic),56.13,1503.78,No,2023-06-26
9665-ZWYJI,Male,0,No,No,23,Yes,No,Fiber optic,No,Yes,No,No,Yes,Yes,Month-to-month,Yes,Credit card (automatic),159.69,3708.48,No,2023-06-26
1520-PNYGP,Female,0,No,No,28,Yes,Yes,No,No internet service,No internet service,No internet service,No internet service,No internet service,No internet service,Month-to-month,No,Bank transfer (automatic),54.06,1500.69,Yes,2023-06-26
6248-EASCT,Female,0,Yes,No,35,Yes,Yes,Fiber optic,Yes,No,Yes,Yes,Yes,Yes,Two year,No,Electronic check,175.97,6226.38,No,2023-06-26
2949-NTJWG,Male,0,Yes,No,37,Yes,No,Fiber optic,Yes,No,No,No,Yes,Yes,Month-to-month,Yes,Bank transfer (automatic),167.65,6126.3,Yes,2023-06-26
5089-RAUXV,Female,0,Yes,Yes,34,Yes,No,Fiber optic,No,Yes,No,No,Yes,Yes,One year,No,Credit card (automatic),148.85,5107.57,Yes,2023-06-26
1102-RCBQD,Female,1,Yes,Yes,30,Yes,No,Fiber optic,Yes,Yes,Yes,Yes,Yes,No,Two year,Yes,Electronic check,160.53,4949.15,Yes,2023-06-26
9435-ABPPD,Female,0,Yes,No,47,Yes,No,Fiber optic,No,Yes,No,No,No,Yes,Two year,No,Bank transfer (automatic),143.23,6548.86,No,2023-06-26
8749-DPUVY,Male,0,No,No,30,Yes,No,Fiber optic,Yes,Yes,Yes,No,Yes,Yes,Month-to-month,Yes,Mailed check,186.01,5687.47,No,2023-06-26
2520-NUDTJ,Female,0,Yes,No,57,Yes,No,Fiber optic,No,Yes,Yes,No,Yes,Yes,Two year,Yes,Electronic check,162.91,9191.04,Yes,2023-06-26
8362-LPXOG,Male,0,No,No,31,Yes,Yes,Fiber optic,No,Yes,Yes,No,Yes,Yes,Two year,Yes,Bank transfer (automatic),169.83,5359.13,Yes,2023-06-26
1081-KZVTZ,Male,0,Yes,No,65,Yes,Yes,DSL,Yes,Yes,Yes,No,Yes,No,Month-to-month,Yes,Bank transfer (automatic),152.33,9963.31,Yes,2023-06-26
3109-YBWGN,Female,1,No,No,44,Yes,Yes,Fiber optic,Yes,Yes,No,No,Yes,Yes,One year,Yes,Bank transfer (automatic),187.04,8142.38,Yes,2023-06-26
5073-SYLGN,Male,0,Yes,Yes,36,No,No phone service,Fiber optic,No,No,No,Yes,Yes,Yes,Two year,Yes,Mailed check,128.39,4652.5,No,2023-06-26
7338-HAWIV,Male,0,Yes,Yes,32,No,No phone service,Fiber optic,Yes,Yes,Yes,No,Yes,Yes,Month-to-month,Yes,Mailed check,168.94,5485.53,Yes,2023-06-26
9824-PQEKM,Female,0,No,No,54,Yes,Yes,Fiber optic,No,No,No,Yes,Yes,Yes,Two year,Yes,Bank transfer (automatic),162.79,8972.75,No,2023-06-26
9395-WBGZQ,Female,0,No,No,52,Yes,Yes,DSL,Yes,Yes,Yes,Yes,Yes,Yes,One year,No,Mailed check,161.59,8424.96,No,2023-06-26
9736-UMYBL,Female,0,Yes,No,33,Yes,Yes,Fiber optic,No,Yes,Yes,No,Yes,Yes,Month-to-month,Yes,Credit card (automatic),202.13,6484.37,Yes,2023-06-26
5124-ODRYW,Female,0,No,Yes,20,Yes,No,No,No internet service,No internet service,No internet service,No internet service,No internet service,No internet service,One year,Yes,Electronic check,41.28,828.49,No,2023-06-26
9835-YKDBE,Male,0,No,Yes,57,Yes,No,Fiber optic,Yes,Yes,Yes,Yes,Yes,Yes,One year,Yes,Electronic check,191.72,10712.79,No,2023-06-26
8186-MCJDT,Male,0,No,No,22,Yes,Yes,Fiber optic,No,No,No,Yes,Yes,Yes,Two year,Yes,Bank transfer (automatic),168.74,3812.01,No,2023-06-26
4117-WEHGE,Male,0,Yes,No,39,Yes,No,Fiber optic,Yes,No,No,No,Yes,Yes,Two year,Yes,Bank transfer (automatic),147.77,5862.83,Yes,2023-06-26
5814-DBCXG,Male,0,No,No,62,Yes,No,DSL,No,Yes,No,No,No,Yes,One year,Yes,Credit card (automatic),113.51,6852.86,No,2023-06-26
3905-XKURC,Male,0,Yes,No,56,Yes,No,Fiber optic,No,No,No,No,Yes,Yes,One year,No,Bank transfer (automatic),153.07,8451.14,No,2023-06-26
7872-OTWSV,Female,0,Yes,No,69,Yes,No,Fiber optic,No,Yes,Yes,No,Yes,Yes,Two year,No,Bank transfer (automatic),160.73,10928.28,Yes,2023-06-26
7917-SMATR,Female,0,Yes,Yes,42,Yes,Yes,Fiber optic,No,No,No,Yes,Yes,Yes,One year,Yes,Credit card (automatic),175.23,7358.98,No,2023-06-26
3263-ETZJY,Male,0,No,No,29,Yes,Yes,DSL,No,Yes,Yes,No,Yes,Yes,One year,No,Bank transfer (automatic),138.98,4111.07,No,2023-06-26
8660-IKJHR,Female,0,Yes,No,30,Yes,No,DSL,Yes,No,Yes,No,Yes,Yes,One year,Yes,Bank transfer (automatic),136.94,4102.59,No,2023-06-27
4599-PVTCX,Female,0,No,No,53,Yes,Yes,Fiber optic,Yes,No,Yes,No,Yes,Yes,Two year,Yes,Bank transfer (automatic),161.75,8707.67,No,2023-06-27
7141-ZUELN,Female,0,Yes,Yes,13,Yes,Yes,Fiber optic,Yes,Yes,Yes,No,Yes,Yes,Month-to-month,Yes,Mailed check,206.33,2602.47,Yes,2023-06-27
8262-AYPFV,Female,0,No,No,11,Yes,Yes,Fiber optic,Yes,No,Yes,Yes,Yes,No,Month-to-month,Yes,Mailed check,192.63,2067.46,Yes,2023-06-27
6837-UXUKG,Female,0,No,No,60,No,No phone service,DSL,Yes,Yes,Yes,No,Yes,Yes,One year,Yes,Credit card (automatic),107.69,6502.41,No,2023-06-27
7620-ZNUXG,Female,0,No,No,45,Yes,No,No,No internet service,No internet service,No internet service,No internet service,No internet service,No internet service,Month-to-month,No,Electronic check,44.65,2012.86,Yes,2023-06-27
8536-OXXTO,Male,0,Yes,No,25,Yes,Yes,Fiber optic,Yes,Yes,No,No,Yes,Yes,One year,Yes,Bank transfer (automatic),185.53,4507.79,No,2023-06-27
1695-UMDKQ,Male,1,Yes,No,33,Yes,Yes,Fiber optic,Yes,Yes,Yes,Yes,Yes,Yes,Month-to-month,Yes,Credit card (automatic),221.9,7450.2,Yes,2023-06-27
6639-CUIYV,Female,0,No,No,37,Yes,Yes,DSL,No,Yes,No,Yes,Yes,Yes,Two year,Yes,Bank transfer (automatic),140.03,5162.83,No,2023-06-27
5810-KPCVY,Female,0,No,No,37,Yes,No,No,No internet service,No internet service,No internet service,No internet service,No internet service,No internet service,Month-to-month,Yes,Electronic check,45.47,1681.16,Yes,2023-06-27
1227-QCLRA,Female,1,Yes,No,43,Yes,Yes,Fiber optic,Yes,Yes,No,No,Yes,Yes,Month-to-month,Yes,Credit card (automatic),209.96,8820.09,No,2023-06-27
4808-NSAAT,Male,0,No,No,46,Yes,Yes,No,No internet service,No internet service,No internet service,No internet service,No internet service,No internet service,One year,Yes,Bank transfer (automatic),63.89,2918.2,No,2023-06-27
6310-JQGMA,Female,0,Yes,No,33,Yes,Yes,No,No internet service,No internet service,No internet service,No internet service,No internet service,No internet service,Month-to-month,No,Credit card (automatic),63.66,2155.48,No,2023-06-27
1849-RIFFB,Female,0,Yes,No,14,Yes,Yes,Fiber optic,No,No,No,No,Yes,Yes,One year,Yes,Bank transfer (automatic),169.5,2305.51,No,2023-06-27
4143-RTKBM,Female,0,No,No,14,Yes,No,DSL,Yes,No,No,Yes,Yes,Yes,One year,No,Bank transfer (automatic),138.22,1906.91,Yes,2023-06-27
8233-YHWWL,Male,0,Yes,No,62,Yes,Yes,No,No internet service,No internet service,No internet service,No internet service,No internet service,No internet service,Month-to-month,Yes,Electronic check,70.67,4490.77,No,2023-06-27
2601-SYKMH,Male,0,Yes,Yes,12,Yes,No,Fiber optic,No,Yes,No,Yes,Yes,Yes,Month-to-month,Yes,Electronic check,183.18,2257.89,Yes,2023-06-27
1118-NLEKS,Male,0,No,No,17,Yes,Yes,DSL,Yes,Yes,Yes,Yes,Yes,Yes,Two year,No,Credit card (automatic),145.84,2525.12,No,2023-06-27
4386-LVFKA,Male,0,No,No,18,Yes,No,Fiber optic,Yes,Yes,Yes,No,Yes,Yes,Month-to-month,Yes,Electronic check,188.9,3322.06,Yes,2023-06-27
1752-YOHYD,Male,0,No,No,57,Yes,No,Fiber optic,Yes,Yes,No,No,Yes,Yes,Two year,Yes,Mailed check,164.06,9463.89,No,2023-06-27
6682-TGPKX,Female,0,Yes,No,27,Yes,Yes,Fiber optic,Yes,Yes,Yes,No,Yes,Yes,One year,Yes,Mailed check,200.68,5550.93,No,2023-06-27
7501-KADIH,Male,0,No,No,22,Yes,No,Fiber optic,Yes,Yes,Yes,Yes,Yes,Yes,Month-to-month,Yes,Mailed check,203.03,4377.76,Yes,2023-06-27
1063-GDKQW,Female,0,Yes,Yes,31,No,No phone service,Fiber optic,Yes,Yes,Yes,No,Yes,Yes,One year,Yes,Mailed check,156.98,4895.66,Yes,2023-06-27
4175-TECTO,Male,0,No,Yes,18,Yes,No,Fiber optic,Yes,Yes,No,Yes,Yes,Yes,Two year,Yes,Mailed check,166.24,3017.27,Yes,2023-06-27
9334-WPVTN,Male,0,Yes,No,45,Yes,Yes,Fiber optic,Yes,Yes,Yes,Yes,Yes,Yes,One year,Yes,Bank transfer (automatic),202.92,9194.08,No,2023-06-27
6212-CFSFP,Male,0,Yes,No,60,Yes,Yes,Fiber optic,No,Yes,No,No,No,Yes,One year,Yes,Bank transfer (automatic),175.03,10268.51,Yes,2023-06-27
8907-FLTKP,Female,0,No,No,44,No,No phone service,Fiber optic,Yes,Yes,Yes,No,Yes,Yes,Month-to-month,Yes,Credit card (automatic),161.15,7226.03,Yes,2023-06-27
4986-RBRZY,Male,0,Yes,No,64,Yes,No,Fiber optic,No,No,No,No,Yes,No,One year,No,Mailed check,129.14,8202.52,No,2023-06-27
2006-KQIIZ,Female,1,Yes,No,26,Yes,Yes,Fiber optic,No,Yes,Yes,No,Yes,Yes,One year,Yes,Credit card (automatic),183.85,4733.24,No,2023-06-27
5126-UDUTT,Female,0,Yes,No,40,Yes,No,Fiber optic,No,Yes,No,Yes,Yes,No,Two year,Yes,Credit card (automatic),152.07,6089.11,No,2023-06-27
5397-DKVOB,Female,0,Yes,Yes,38,Yes,Yes,Fiber optic,No,No,Yes,Yes,Yes,Yes,Two year,No,Credit card (automatic),175.62,6801.76,Yes,2023-06-28
5671-UAZVS,Female,0,No,No,22,Yes,No,Fiber optic,Yes,No,No,No,No,Yes,One year,No,Mailed check,149.05,3211.05,No,2023-06-28
4841-ZCSAD,Female,0,Yes,No,44,Yes,No,Fiber optic,No,No,No,No,Yes,Yes,One year,No,Credit card (automatic),151.55,6577.33,Yes,2023-06-28
5203-JRSHP,Male,0,Yes,No,51,Yes,Yes,Fiber optic,Yes,Yes,Yes,No,No,Yes,One year,No,Electronic check,182.47,9487.58,Yes,2023-06-28
6508-QWZXT,Female,0,Yes,No,36,Yes,No,Fiber optic,No,No,Yes,No,Yes,Yes,Two year,Yes,Bank transfer (automatic),145.34,5357.85,Yes,2023-06-28
9765-QERAA,Male,0,No,No,8,Yes,No,DSL,No,No,Yes,Yes,Yes,Yes,One year,Yes,Credit card (automatic),127.37,992.48,No,2023-06-28
1622-FLXMX,Male,0,No,No,40,Yes,Yes,Fiber optic,Yes,No,Yes,No,No,Yes,One year,Yes,Credit card (automatic),173.63,6956.11,No,2023-06-28
6381-ARQAM,Male,0,No,No,54,Yes,No,Fiber optic,Yes,No,No,No,Yes,No,Month-to-month,Yes,Mailed check,160.98,8541.99,No,2023-06-28
5634-ZGCVJ,Male,0,No,No,38,Yes,No,Fiber optic,No,Yes,Yes,Yes,Yes,No,Two year,Yes,Mailed check,138.35,5323.93,No,2023-06-28
7015-KTCJM,Male,1,No,No,23,Yes,Yes,Fiber optic,No,Yes,Yes,Yes,Yes,Yes,Month-to-month,Yes,Credit card (automatic),220.33,5072.04,Yes,2023-06-28
2971-NRRHP,Female,0,No,Yes,35,No,No phone service,Fiber optic,Yes,No,Yes,Yes,No,Yes,Month-to-month,Yes,Bank transfer (automatic),142.37,5071.4,Yes,2023-06-28
3201-WOEWR,Male,0,No,Yes,42,Yes,Yes,No,No internet service,No internet service,No internet service,No internet service,No internet service,No internet service,Month-to-month,Yes,Credit card (automatic),64.75,2717.24,Yes,2023-06-28
2234-PVVTX,Male,0,Yes,No,47,Yes,Yes,Fiber optic,Yes,Yes,Yes,No,Yes,Yes,One year,Yes,Credit card (automatic),194.15,9366.71,No,2023-06-28
4493-EAYWM,Male,0,Yes,No,47,No,No phone service,Fiber optic,Yes,Yes,Yes,Yes,Yes,Yes,Month-to-month,Yes,Bank transfer (automatic),179.1,8546.7,Yes,2023-06-28
6338-KUHOE,Male,0,Yes,No,13,Yes,Yes,No,No internet service,No internet service,No internet service,No internet service,No internet service,No internet service,Two year,Yes,Credit card (automatic),51.06,682.65,No,2023-06-28
6873-CSXET,Female,0,Yes,Yes,25,Yes,Yes,Fiber optic,No,Yes,Yes,Yes,Yes,Yes,Two year,Yes,Electronic check,180.87,4551.51,Yes,2023-06-28
9574-GOICY,Male,0,Yes,No,38,Yes,No,Fiber optic,No,Yes,Yes,No,Yes,No,Two year,Yes,Bank transfer (automatic),141.9,5452.97,No,2023-06-28
2859-ADTGE,Female,0,No,No,41,Yes,No,Fiber optic,Yes,No,No,No,Yes,Yes,Two year,Yes,Credit card (automatic),147.67,5988.58,No,2023-06-28
2906-XGLLF,Male,0,No,No,56,Yes,No,Fiber optic,No,Yes,Yes,Yes,Yes,No,One year,Yes,Electronic check,174.0,9706.87,No,2023-06-28
6579-VGRSB,Male,0,Yes,No,59,Yes,No,No,No internet service,No internet service,No internet service,No internet service,No internet service,No internet service,Month-to-month,Yes,Mailed check,37.3,2185.25,Yes,2023-06-28
8288-DUUBK,Male,0,Yes,No,26,No,No phone service,DSL,No,Yes,No,Yes,Yes,Yes,Two year,Yes,Bank transfer (automatic),93.47,2409.76,Yes,2023-06-28
2753-YPNOE,Female,0,Yes,No,65,No,No phone service,DSL,No,Yes,No,No,Yes,Yes,One year,Yes,Bank transfer (automatic),98.94,6582.46,No,2023-06-29
2730-NOPFH,Male,0,No,No,38,Yes,Yes,Fiber optic,No,Yes,No,No,No,No,Month-to-month,Yes,Bank transfer (automatic),160.94,6238.03,Yes,2023-06-29
2870-LGJUU,Female,0,No,No,15,Yes,Yes,Fiber optic,No,No,Yes,Yes,Yes,Yes,One year,Yes,Electronic check,195.11,2922.06,Yes,2023-06-29
5484-QSCHN,Male,0,Yes,No,20,Yes,Yes,DSL,Yes,Yes,Yes,No,Yes,Yes,One year,Yes,Electronic check,146.54,2927.44,No,2023-06-29
3137-QHQCH,Male,0,Yes,No,35,Yes,Yes,Fiber optic,No,Yes,No,No,Yes,Yes,Month-to-month,Yes,Bank transfer (automatic),200.48,6914.5,No,2023-06-29
3719-QQGOT,Male,0,Yes,No,37,Yes,No,Fiber optic,Yes,No,No,Yes,Yes,Yes,Two year,No,Bank transfer (automatic),154.62,5800.43,No,2023-06-29
8578-CRHVO,Male,0,No,Yes,36,Yes,No,Fiber optic,Yes,Yes,Yes,Yes,Yes,Yes,One year,Yes,Bank transfer (automatic),183.05,6523.56,No,2023-06-29
4001-EJOCG,Female,0,Yes,No,30,Yes,Yes,Fiber optic,No,No,No,Yes,Yes,Yes,One year,Yes,Credit card (automatic),176.58,5262.02,No,2023-06-29
1457-GYMMU,Male,0,Yes,No,24,Yes,No,DSL,No,Yes,Yes,No,Yes,Yes,One year,No,Mailed check,134.69,3182.26,No,2023-06-29
2314-RROQJ,Male,0,Yes,No,55,No,No phone service,Fiber optic,Yes,Yes,Yes,No,Yes,No,One year,No,Bank transfer (automatic),135.05,7613.64,No,2023-06-29
5601-VXKEY,Female,0,Yes,No,35,Yes,Yes,DSL,No,No,Yes,No,Yes,Yes,Two year,No,Bank transfer (automatic),134.08,4691.03,Yes,2023-06-29
4148-KHHHK,Male,1,Yes,No,35,Yes,No,Fiber optic,Yes,Yes,No,Yes,Yes,No,Two year,Yes,Bank transfer (automatic),144.51,5102.5,No,2023-06-29
9534-ZYCTF,Male,0,Yes,No,20,Yes,No,No,No internet service,No internet service,No internet service,No internet service,No internet service,No internet service,One year,Yes,Bank transfer (automatic),45.07,888.07,No,2023-06-29
5553-IELYU,Female,0,No,No,51,Yes,No,DSL,Yes,Yes,No,No,Yes,Yes,One year,Yes,Credit card (automatic),136.26,6979.58,Yes,2023-06-29
1903-NBYHP,Female,0,No,No,41,Yes,Yes,Fiber optic,Yes,Yes,Yes,Yes,Yes,Yes,One year,Yes,Bank transfer (automatic),206.8,8624.48,Yes,2023-06-29
8872-KNUSU,Female,0,No,No,29,Yes,Yes,DSL,Yes,Yes,Yes,No,Yes,Yes,One year,Yes,Credit card (automatic),157.73,4447.85,No,2023-06-29
4749-CAYRJ,Female,0,No,No,44,Yes,Yes,DSL,Yes,Yes,Yes,No,No,Yes,One year,Yes,Electronic check,147.15,6374.3,No,2023-06-29
7802-MZEED,Male,0,No,No,51,Yes,No,DSL,Yes,Yes,No,No,Yes,Yes,Two year,Yes,Mailed check,126.32,6251.85,Yes,2023-06-29
7208-TNFHW,Female,0,Yes,No,31,Yes,Yes,Fiber optic,No,No,No,Yes,Yes,Yes,Month-to-month,No,Mailed check,190.73,5789.76,No,2023-06-29
8921-FOSQM,Female,0,No,No,50,Yes,No,Fiber optic,No,Yes,Yes,Yes,Yes,Yes,One year,Yes,Mailed check,174.8,8755.83,No,2023-06-29
7237-NWBWH,Female,0,No,No,39,Yes,Yes,No,No internet service,No internet service,No internet service,No internet service,No internet service,No internet service,Month-to-month,No,Credit card (automatic),56.98,2172.61,Yes,2023-06-29
4865-OYBST,Female,1,Yes,No,50,Yes,Yes,DSL,No,Yes,Yes,Yes,Yes,Yes,One year,No,Electronic check,161.5,8195.65,Yes,2023-06-29
9771-RTPPP,Female,0,Yes,Yes,44,Yes,Yes,No,No internet service,No internet service,No internet service,No internet service,No internet service,No internet service,Month-to-month,No,Electronic check,57.76,2488.37,No,2023-06-29
1228-DXCKF,Male,0,Yes,No,52,Yes,Yes,DSL,No,Yes,No,No,Yes,Yes,One year,No,Bank transfer (automatic),144.41,7470.57,No,2023-06-29
7406-GFWUC,Female,0,No,No,20,Yes,Yes,DSL,No,Yes,Yes,Yes,Yes,No,Month-to-month,No,Bank transfer (automatic),160.8,3283.75,Yes,2023-06-29
9432-UJFHM,Female,0,Yes,Yes,53,Yes,Yes,DSL,No,Yes,Yes,Yes,Yes,Yes,Two year,No,Electronic check,140.44,7638.69,No,2023-06-29
4115-MFTWF,Male,0,Yes,No,46,Yes,Yes,Fiber optic,Yes,Yes,Yes,No,Yes,Yes,One year,Yes,Bank transfer (automatic),204.61,9232.92,No,2023-06-29
3203-XJTGM,Male,0,No,No,29,Yes,Yes,Fiber optic,No,No,Yes,No,Yes,No,Month-to-month,Yes,Credit card (automatic),172.35,5060.78,Yes,2023-06-29
7545-NTWGD,Female,0,Yes,No,52,Yes,Yes,Fiber optic,No,Yes,No,Yes,Yes,Yes,Two year,Yes,Credit card (automatic),178.63,9219.42,No,2023-06-29
5839-UILEL,Female,0,Yes,No,29,Yes,Yes,Fiber optic,No,Yes,Yes,Yes,Yes,No,One year,No,Mailed check,180.94,5213.09,No,2023-06-29
6769-ZPMGC,Female,0,No,No,21,Yes,Yes,Fiber optic,Yes,Yes,Yes,No,Yes,Yes,Two year,No,Mailed check,182.6,3894.48,Yes,2023-06-29
8284-YDXSJ,Male,0,No,No,62,Yes,Yes,DSL,No,No,No,Yes,Yes,No,Two year,No,Mailed check,113.89,6881.15,Yes,2023-06-29
8672-UVYBX,Female,0,No,No,18,No,No phone service,Fiber optic,Yes,No,No,Yes,No,Yes,Two year,No,Bank transfer (automatic),121.71,2218.96,No,2023-06-29
5426-QOAPU,Female,0,Yes,No,11,Yes,Yes,Fiber optic,Yes,Yes,No,Yes,Yes,Yes,Month-to-month,Yes,Bank transfer (automatic),220.89,2370.67,No,2023-06-29
9626-FEBHB,Female,0,No,No,45,Yes,Yes,Fiber optic,Yes,No,Yes,Yes,Yes,Yes,Two year,Yes,Bank transfer (automatic),186.78,8344.47,No,2023-06-29
6488-KUKSW,Male,0,No,Yes,38,Yes,Yes,Fiber optic,Yes,Yes,No,Yes,Yes,Yes,One year,No,Mailed check,197.45,7646.42,No,2023-06-30
3521-DTBNV,Female,0,Yes,No,6,Yes,Yes,Fiber optic,No,No,Yes,Yes,Yes,Yes,One year,Yes,Bank transfer (automatic),189.08,1149.87,Yes,2023-06-30
9063-SYGRI,Male,0,No,No,15,Yes,Yes,DSL,No,Yes,Yes,No,Yes,Yes,One year,Yes,Credit card (automatic),150.39,2253.62,No,2023-06-30
7427-IRZTK,Female,1,No,Yes,48,Yes,No,Fiber optic,No,Yes,No,No,Yes,Yes,Month-to-month,No,Credit card (automatic),164.16,7718.55,Yes,2023-06-30
4037-YQDXY,Male,0,Yes,No,21,Yes,No,DSL,No,Yes,Yes,Yes,Yes,Yes,Two year,Yes,Mailed check,124.63,2659.62,No,2023-06-30
5785-PPYFG,Male,0,Yes,No,29,Yes,Yes,No,No internet service,No internet service,No internet service,No internet service,No internet service,No internet service,Month-to-month,Yes,Bank transfer (automatic),64.0,1821.02,Yes,2023-06-30
4331-LHVOF,Male,0,No,No,57,Yes,No,Fiber optic,No,Yes,No,No,Yes,Yes,One year,Yes,Bank transfer (automatic),166.31,9522.72,No,2023-06-30
3902-UGKKY,Male,0,No,No,55,Yes,Yes,Fiber optic,No,No,No,No,Yes,Yes,Two year,No,Credit card (automatic),148.0,7956.37,No,2023-06-30
5274-FXBFV,Female,1,No,No,57,Yes,Yes,Fiber optic,No,No,Yes,Yes,Yes,Yes,One year,No,Mailed check,184.6,10225.46,No,2023-06-30
7081-WVIAX,Female,0,Yes,No,38,Yes,No,Fiber optic,No,Yes,Yes,No,Yes,Yes,Two year,Yes,Credit card (automatic),149.0,5494.66,No,2023-06-30
3246-JVWQR,Male,1,Yes,Yes,47,Yes,Yes,Fiber optic,Yes,No,No,No,Yes,Yes,One year,Yes,Electronic check,171.47,7968.84,No,2023-06-30
1515-WDLKG,Female,0,No,No,34,Yes,No,Fiber optic,Yes,Yes,Yes,Yes,Yes,No,One year,Yes,Credit card (automatic),186.57,6187.23,No,2023-06-30
3534-YDOWF,Male,0,No,No,12,Yes,No,Fiber optic,No,Yes,No,No,Yes,Yes,Month-to-month,Yes,Electronic check,172.15,2081.45,No,2023-06-30
3733-MDILB,Female,0,Yes,No,46,Yes,Yes,Fiber optic,Yes,Yes,Yes,Yes,Yes,Yes,One year,Yes,Credit card (automatic),211.22,9967.2,Yes,2023-06-30
4057-DKRNN,Male,0,Yes,No,39,Yes,No,Fiber optic,Yes,No,Yes,No,No,Yes,Month-to-month,Yes,Mailed check,176.19,6972.26,Yes,2023-06-30
6415-SVSDQ,Male,0,No,No,31,Yes,No,Fiber optic,No,Yes,Yes,Yes,Yes,Yes,Two year,No,Bank transfer (automatic),161.83,5155.08,No,2023-06-30
3921-HFYKW,Male,0,Yes,No,42,Yes,Yes,Fiber optic,Yes,Yes,Yes,Yes,Yes,Yes,Month-to-month,Yes,Credit card (automatic),225.38,9579.19,No,2023-06-30
9029-ZYVVB,Female,0,Yes,No,16,Yes,No,DSL,No,Yes,No,Yes,No,Yes,Two year,Yes,Credit card (automatic),95.0,1556.27,Yes,2023-06-30
3440-ZBPDN,Female,0,Yes,No,39,Yes,Yes,Fiber optic,Yes,Yes,Yes,No,Yes,Yes,One year,Yes,Bank transfer (automatic),197.55,7486.75,No,2023-06-30
4733-ECVPD,Male,0,Yes,No,54,Yes,No,Fiber optic,No,Yes,No,No,Yes,Yes,Month-to-month,Yes,Credit card (automatic),177.32,9787.65,Yes,2023-06-30
6229-IVFHR,Male,0,No,No,53,Yes,Yes,Fiber optic,No,Yes,No,No,Yes,Yes,Month-to-month,Yes,Credit card (automatic),185.15,9957.32,No,2023-06-30
9222-WLFNH,Female,0,Yes,No,65,Yes,Yes,Fiber optic,Yes,No,No,No,Yes,No,One year,No,Bank transfer (automatic),173.24,11248.51,No,2023-06-30
1543-PMKID,Male,0,Yes,No,52,Yes,Yes,Fiber optic,No,No,Yes,Yes,Yes,Yes,Month-to-month,Yes,Mailed check,199.72,10523.91,No,2023-06-30
6541-VZUKO,Female,0,No,Yes,38,Yes,Yes,Fiber optic,Yes,Yes,Yes,No,Yes,Yes,Two year,Yes,Bank transfer (automatic),180.87,6702.06,No,2023-06-30
9438-CZVPC,Female,0,Yes,Yes,35,Yes,No,Fiber optic,Yes,Yes,No,Yes,Yes,Yes,Month-to-month,No,Electronic check,201.65,7045.61,Yes,2023-06-30
7102-SHDZU,Female,0,No,No,44,Yes,Yes,Fiber optic,No,Yes,Yes,Yes,Yes,Yes,One year,No,Mailed check,199.8,9029.44,Yes,2023-06-30
6698-LUQFC,Female,0,Yes,No,51,Yes,No,DSL,Yes,Yes,Yes,Yes,Yes,Yes,Two year,Yes,Credit card (automatic),146.26,7650.69,Yes,2023-06-30
4388-JCKED,Male,0,Yes,No,54,Yes,Yes,Fiber optic,Yes,No,Yes,No,Yes,Yes,Two year,Yes,Credit card (automatic),168.06,9284.89,Yes,2023-06-30
3955-PECFE,Male,0,No,No,37,Yes,No,No,No internet service,No internet service,No internet service,No internet service,No internet service,No internet service,Two year,Yes,Credit card (automatic),41.68,1582.41,Yes,2023-06-30
9883-OYKUP,Male,0,Yes,No,29,Yes,No,Fiber optic,Yes,No,Yes,Yes,Yes,Yes,Month-to-month,Yes,Bank transfer (automatic),196.02,5792.9,No,2023-06-30
